# IK reachable fitted solid mesh
v 0.057776213 -0.421130745 0.811298522
v 0.076134869 -0.420843415 0.813881446
v 0.076198115 -0.402522361 0.814841879
v 0.057581687 -0.402871577 0.814209328
v 0.357570381 -0.628097608 0.782858616
v 0.370103935 -0.625445369 0.778515110
v 0.370168142 -0.625296577 0.795924100
v 0.357593098 -0.628202454 0.792043806
v 0.497396862 -0.328947245 0.602523452
v 0.497397340 -0.310525166 0.602522988
v 0.501354211 -0.310525094 0.616544645
v 0.501353686 -0.328947234 0.616544999
v 0.482932529 -0.328947235 0.598687752
v 0.482932891 -0.310525094 0.598687234
v 0.113204666 -0.564542749 0.764040014
v 0.131540711 -0.565458097 0.761029953
v 0.130651463 -0.568987355 0.778368579
v 0.113027811 -0.564957184 0.775069019
v 0.112514474 -0.555313555 0.756214095
v 0.126335949 -0.556254790 0.754910488
v 0.126242054 -0.555321375 0.783393446
v 0.113455745 -0.554132794 0.782166379
v 0.242105268 -0.402631550 0.599999905
v 0.242105253 -0.384210508 0.600000034
v 0.260526315 -0.384210526 0.600000020
v 0.260526311 -0.402631545 0.600000055
v 0.407888169 -0.513196251 0.599966819
v 0.407890624 -0.494718588 0.600045677
v 0.426280112 -0.494700176 0.600071252
v 0.426288573 -0.513228623 0.599853633
v 0.501743397 -0.550804656 0.887557476
v 0.501818382 -0.531205153 0.887234956
v 0.497408639 -0.531859416 0.902210790
v 0.497160335 -0.550429558 0.901808035
v 0.482695635 -0.550490049 0.902404295
v 0.482724831 -0.531871503 0.905276517
v 0.094734854 -0.200040395 0.742842035
v 0.094745356 -0.200074622 0.760649733
v 0.113153395 -0.200064392 0.760651466
v 0.113157859 -0.200035237 0.742841775
v 0.501332043 -0.273721176 0.616551543
v 0.501372319 -0.255284870 0.616568995
v 0.500557803 -0.255288023 0.635195367
v 0.500516600 -0.273717949 0.635183238
v 0.339746390 -0.250131185 0.747925389
v 0.352240424 -0.255227067 0.744829109
v 0.352291077 -0.236742730 0.742485143
v 0.337982281 -0.236132477 0.746248176
v 0.499986001 -0.347368457 0.653584825
v 0.499986241 -0.328947312 0.653584792
v 0.499968813 -0.328947230 0.671460610
v 0.499967695 -0.347368533 0.671460177
v 0.303093904 -0.618671085 0.676625915
v 0.297558969 -0.621352035 0.689170944
v 0.292555306 -0.611859822 0.683465876
v 0.297859690 -0.605406368 0.671187551
v 0.311107443 -0.619168077 0.676281739
v 0.315920875 -0.608709876 0.671603488
v 0.319733979 -0.609233892 0.689131628
v 0.311473874 -0.619793290 0.689400401
v 0.152808250 -0.511056746 0.616758763
v 0.153268383 -0.509704701 0.634822427
v 0.147022314 -0.494692169 0.635795639
v 0.144733957 -0.499834847 0.616661238
v 0.167395776 -0.517443430 0.616751665
v 0.163391521 -0.518138182 0.635188762
v 0.334447859 -0.325310184 0.832248234
v 0.338855049 -0.323117113 0.850764619
v 0.353290828 -0.331451379 0.850332939
v 0.352470099 -0.332607064 0.832092566
v 0.095011871 -0.439272614 0.814198838
v 0.113599370 -0.439181576 0.816609126
v 0.109609010 -0.421421796 0.817594762
v 0.094879387 -0.420606047 0.813997082
v 0.500327564 -0.494722143 0.671460404
v 0.499989678 -0.476323744 0.671458498
v 0.499970634 -0.476323362 0.689290234
v 0.500134210 -0.494751934 0.689289462
v -0.121701820 -0.342613269 0.603656443
v -0.122888816 -0.343640098 0.616644295
v -0.127021985 -0.329624668 0.616391802
v -0.123711369 -0.329833328 0.602300758
v -0.109164196 -0.348116027 0.601525674
v -0.113031642 -0.352087815 0.616683400
v -0.108835458 -0.329721116 0.598597425
v -0.052619758 -0.200064922 0.671460263
v -0.052617110 -0.200090584 0.689265383
v -0.034213270 -0.200029147 0.689275025
v -0.034210211 -0.200032194 0.671461478
v 0.463671564 -0.620850974 0.724394672
v 0.463853531 -0.609920587 0.724780010
v 0.463027340 -0.608302532 0.743431059
v 0.457713781 -0.618597140 0.737318863
v 0.444749779 -0.619903467 0.729143898
v 0.444240742 -0.620252962 0.742888763
v 0.444284700 -0.609288356 0.721711484
v 0.450129207 -0.610686532 0.747510063
v 0.021352846 -0.476121936 0.793900842
v 0.039387107 -0.476800019 0.796725234
v 0.039481038 -0.458084933 0.796616901
v 0.021004048 -0.458364866 0.796402638
v 0.076073666 -0.476175953 0.811626685
v 0.094563938 -0.476586172 0.814080943
v 0.094694010 -0.458019248 0.814479819
v 0.075695930 -0.458420751 0.814846541
v 0.278947368 -0.402631577 0.600000053
v 0.278947368 -0.384210528 0.599999999
v 0.297368421 -0.384210526 0.599999996
v 0.297368420 -0.402631581 0.600000001
v 0.444713709 -0.513296769 0.599678125
v 0.444721590 -0.494707608 0.600005840
v 0.463700079 -0.494761345 0.599421537
v 0.463685715 -0.513489622 0.599010333
v 0.223243630 -0.346617994 0.922222876
v 0.242318313 -0.346364919 0.922342280
v 0.242054558 -0.327709875 0.919463366
v 0.223594424 -0.327816151 0.919600390
v 0.310489513 -0.635982758 0.730314628
v 0.315686048 -0.626188866 0.725039799
v 0.321101846 -0.628988320 0.737130348
v 0.316069201 -0.642258191 0.742514768
v 0.297194226 -0.637758693 0.728686189
v 0.298103647 -0.645584730 0.742010754
v 0.297465081 -0.628348831 0.720788343
v 0.352631553 -0.365789477 0.600000028
v 0.352631553 -0.347368447 0.600000049
v 0.371052745 -0.347368447 0.599999915
v 0.371052745 -0.365789477 0.599999893
v 0.205714677 -0.306965583 0.868857465
v 0.204997444 -0.306108009 0.885946692
v 0.209745163 -0.296141252 0.881893873
v 0.211283017 -0.296627757 0.873308869
v 0.223770457 -0.306197184 0.868426838
v 0.223565632 -0.295167222 0.868170289
v 0.218731647 -0.296130506 0.880951272
v 0.223153499 -0.306118638 0.886335943
v 0.426526056 -0.343659640 0.799544878
v 0.445007955 -0.343555129 0.800673625
v 0.444638885 -0.327964509 0.797050505
v 0.426534266 -0.328133279 0.794034988
v -0.034211464 -0.202601406 0.602523722
v -0.034211110 -0.198646394 0.616545122
v -0.015789845 -0.198645810 0.616545015
v -0.015789518 -0.202602877 0.602523506
v -0.034210602 -0.217066480 0.598687874
v -0.015789384 -0.217067540 0.598687869
v 0.426364163 -0.439419275 0.906441643
v 0.444323473 -0.439360945 0.903092181
v 0.444330180 -0.420611768 0.903427966
v 0.426086633 -0.420971562 0.903471963
v 0.449863801 -0.609886152 0.756328931
v 0.443812836 -0.619658471 0.760006696
v 0.426099809 -0.623736879 0.742911315
v 0.426606647 -0.624131642 0.760074564
v 0.039473685 -0.198646413 0.616544992
v 0.039473686 -0.199452054 0.635183087
v 0.057894737 -0.199452044 0.635183096
v 0.057894737 -0.198646411 0.616544992
v 0.334210523 -0.421052634 0.600000002
v 0.334210523 -0.402631579 0.600000001
v 0.352631553 -0.402631580 0.600000024
v 0.352631554 -0.421052633 0.600000030
v 0.113077914 -0.495329700 0.814646138
v 0.131017456 -0.495193449 0.817852673
v 0.127709243 -0.476372284 0.818101602
v 0.113183947 -0.476357367 0.814345752
v 0.501328930 -0.217077196 0.671462027
v 0.497381309 -0.202630323 0.671456983
v 0.497385481 -0.202630688 0.689239179
v 0.501332303 -0.217093924 0.689245153
v 0.482926635 -0.198685209 0.671452278
v 0.482929851 -0.198648468 0.689249683
v -0.140491538 -0.306007322 0.603132752
v -0.140308413 -0.305461026 0.611309106
v -0.142262740 -0.292652163 0.616680495
v -0.142050972 -0.293050375 0.602711108
v -0.127721102 -0.311311403 0.601791631
v -0.130379493 -0.311152390 0.616483732
v -0.127503048 -0.293089093 0.598838360
v -0.132518921 -0.298292039 0.622046515
v 0.172866030 -0.527121566 0.653342127
v 0.173138603 -0.526725727 0.671898861
v 0.166134001 -0.512906126 0.671644227
v 0.165298162 -0.513406387 0.654161201
v 0.186484147 -0.534792355 0.653048353
v 0.183527037 -0.535019395 0.671538562
v 0.021093668 -0.421043014 0.600022367
v 0.021066520 -0.402589686 0.600084473
v 0.039472370 -0.402597001 0.600050219
v 0.039478652 -0.421043891 0.600062275
v -0.052634063 -0.255278402 0.600010227
v -0.052633387 -0.236292852 0.599465835
v -0.034210330 -0.236294140 0.599468436
v -0.034210746 -0.255277162 0.600012234
v 0.500001484 -0.439473634 0.724999894
v 0.500002290 -0.421052369 0.725000418
v 0.499996566 -0.421052726 0.742857837
v 0.500002103 -0.439473181 0.742857534
v 0.501168916 -0.384405901 0.814060284
v 0.497050203 -0.369880025 0.813618554
v 0.497627557 -0.364376792 0.832650478
v 0.501675099 -0.383273682 0.832199307
v 0.482056369 -0.366015503 0.813417000
v 0.482696230 -0.361620567 0.832272250
v 0.408003884 -0.274590947 0.741820886
v 0.426858685 -0.274094153 0.744620892
v 0.426951101 -0.255923831 0.741667001
v 0.408025288 -0.255890294 0.741699974
v 0.182419760 -0.324589672 0.853868436
v 0.180857972 -0.324404352 0.862745840
v 0.186144847 -0.313922787 0.867256703
v 0.187113029 -0.312064726 0.849483330
v 0.205118369 -0.306642772 0.853550769
v 0.499891616 -0.531563534 0.832108926
v 0.499986181 -0.513163886 0.832124147
v 0.500270443 -0.513136222 0.849942831
v 0.500127489 -0.531530873 0.849961756
v -0.053058352 -0.472926020 0.657446370
v -0.034082607 -0.473226318 0.653801685
v -0.034797533 -0.481088880 0.667694628
v -0.053382040 -0.480328701 0.671507117
v -0.053534777 -0.462556764 0.649202865
v -0.039779323 -0.464090610 0.648192726
v 0.117528708 -0.287094843 0.819169678
v 0.125840967 -0.286678288 0.819000044
v 0.130950592 -0.274063421 0.816205526
v 0.117085108 -0.274075424 0.817505253
v 0.265690903 -0.323949362 0.872156148
v 0.259822290 -0.314439646 0.867761710
v 0.260750006 -0.313557145 0.885934342
v 0.266280184 -0.322967643 0.881508901
v 0.242376350 -0.307393929 0.867450120
v 0.242466810 -0.309387259 0.886715546
v 0.444712046 -0.236306765 0.599459420
v 0.444715133 -0.217092243 0.598669669
v 0.463755170 -0.217024985 0.598245641
v 0.463687094 -0.236312906 0.598901241
v 0.463594932 -0.347713548 0.799427242
v 0.482576557 -0.347387682 0.796875224
v 0.483035369 -0.328448523 0.797231225
v 0.463572409 -0.328627437 0.797426142
v 0.131578947 -0.236294141 0.599468811
v 0.131578947 -0.217067465 0.598687848
v 0.150000000 -0.217067465 0.598687848
v 0.150000000 -0.236294141 0.599468811
v 0.076315789 -0.198646411 0.616544991
v 0.076315789 -0.199452035 0.635183099
v 0.094736842 -0.199452033 0.635183097
v 0.094736842 -0.198646412 0.616544991
v 0.223195207 -0.659713612 0.796779521
v 0.229235623 -0.657041902 0.809830553
v 0.223560481 -0.643668848 0.815707787
v 0.217292973 -0.649376634 0.802714253
v 0.241514643 -0.662403025 0.797464862
v 0.242536970 -0.658245440 0.811535639
v 0.242074955 -0.643362656 0.818583289
v 0.371052746 -0.421052625 0.599999904
v 0.371052745 -0.402631579 0.599999889
v 0.389474790 -0.402631579 0.599998930
v 0.389474789 -0.421052619 0.599998970
v 0.426283103 -0.292107317 0.600033500
v 0.426283466 -0.273716534 0.600063868
v 0.444724113 -0.273715925 0.600047069
v 0.444723196 -0.292107033 0.600015849
v 0.057876988 -0.421051899 0.600006948
v 0.057890419 -0.402599997 0.600052109
v 0.076310459 -0.402609531 0.600031091
v 0.076309428 -0.421057081 0.599839370
v -0.103234968 -0.379720520 0.635364127
v -0.103198302 -0.379372174 0.653961642
v -0.110597777 -0.366129035 0.653345707
v -0.107884598 -0.365817124 0.635659793
v -0.094388984 -0.388867899 0.635154387
v -0.092878942 -0.387844324 0.653888250
v 0.303279811 -0.305262899 0.801230060
v 0.297405273 -0.292153801 0.799129258
v 0.293732705 -0.296212030 0.814102067
v 0.301145628 -0.306560847 0.814604193
v 0.279543321 -0.288489391 0.800260122
v 0.278825842 -0.292599332 0.813924170
v 0.431681978 -0.518976571 0.890506189
v 0.444977377 -0.516462596 0.888399627
v 0.444363974 -0.509467808 0.899715782
v 0.426221373 -0.513517055 0.900548182
v 0.444447718 -0.494572609 0.907252274
v 0.426954132 -0.495344993 0.907277569
v 0.039490435 -0.473105879 0.602819621
v 0.058194486 -0.473581158 0.602490905
v 0.058074156 -0.477257260 0.617093557
v 0.039411372 -0.476927226 0.616804268
v 0.039490013 -0.459199024 0.598653545
v 0.058092922 -0.459281237 0.598442086
v 0.500548066 -0.328947264 0.635183110
v 0.500548844 -0.310525115 0.635182982
v 0.499987639 -0.310525231 0.653584926
v 0.279623025 -0.530772717 0.852351512
v 0.285274397 -0.524806613 0.860765654
v 0.279421886 -0.512002355 0.863675300
v 0.274272827 -0.517988309 0.854303403
v 0.292069778 -0.536121860 0.855161329
v 0.298179220 -0.530769849 0.864061748
v 0.297392514 -0.512407256 0.869736318
v 0.035571884 -0.402295578 0.799653389
v 0.043569207 -0.402149432 0.810169932
v 0.043488627 -0.383711503 0.809793268
v 0.035248079 -0.383717136 0.799929987
v 0.058118401 -0.384187342 0.814402595
v 0.501151813 -0.549858914 0.688840326
v 0.500809072 -0.531277275 0.688938007
v 0.500357149 -0.531524520 0.707022015
v 0.500566566 -0.550002458 0.706761519
v 0.039193261 -0.528023210 0.747225493
v 0.057974033 -0.528517166 0.743558174
v 0.057279738 -0.534593957 0.760826141
v 0.039367461 -0.529372206 0.760894654
v 0.039403701 -0.517556492 0.739707409
v 0.052404813 -0.518807752 0.737974105
v 0.407892726 -0.439473781 0.600001554
v 0.407892719 -0.421052599 0.600001987
v 0.426283158 -0.421052611 0.600031607
v 0.426283160 -0.439474102 0.600031000
v 0.463706713 -0.292106834 0.599472025
v 0.463705746 -0.273717944 0.599499268
v 0.482925766 -0.273721180 0.598708716
v 0.482933265 -0.292107596 0.598690204
v -0.108892970 -0.421191112 0.761625579
v -0.103022716 -0.415806924 0.773836245
v -0.104576682 -0.402377744 0.775572746
v -0.112149203 -0.403129840 0.761649250
v -0.096714844 -0.426837736 0.767785166
v -0.090236078 -0.421258977 0.776621065
v -0.090337481 -0.402872188 0.782756201
v -0.052288737 -0.288064008 0.783192770
v -0.033627147 -0.288580687 0.782198246
v -0.033458455 -0.274801905 0.778280417
v -0.051881080 -0.274509841 0.777864648
v 0.094824403 -0.439631032 0.599551896
v 0.094739034 -0.421007053 0.599738103
v 0.113150565 -0.421009151 0.599727461
v 0.113084514 -0.439434583 0.599591101
v 0.094755009 -0.199528995 0.778674392
v 0.094730585 -0.198421149 0.797312778
v 0.113159616 -0.198409559 0.797312064
v 0.113153433 -0.199526046 0.778675315
v 0.499952179 -0.273715970 0.653584284
v 0.499975575 -0.255278197 0.653586545
v 0.499948161 -0.255274539 0.671458685
v 0.499933211 -0.273716521 0.671459990
v 0.186842014 -0.200001292 0.689288120
v 0.186842161 -0.200000050 0.707140417
v 0.205264301 -0.199998374 0.707139404
v 0.205263121 -0.199999450 0.689288444
v 0.444849070 -0.569255821 0.617023320
v 0.463360538 -0.565446284 0.621326940
v 0.463470772 -0.569380187 0.636332787
v 0.448933182 -0.573686462 0.634606589
v 0.450139977 -0.556706711 0.611156850
v 0.463979493 -0.555010910 0.612610872
v 0.500000939 -0.347368266 0.689288722
v 0.500000760 -0.328946109 0.689290358
v 0.499978797 -0.328945874 0.707136395
v 0.499996557 -0.347366583 0.707142011
v 0.297408653 -0.624281166 0.706627508
v 0.315673229 -0.620289128 0.707717358
v 0.389475110 -0.476315511 0.599999249
v 0.389474791 -0.457895197 0.599997759
v 0.407892797 -0.457895609 0.600000373
v 0.407892733 -0.476313550 0.600009127
v 0.357235240 -0.342904238 0.869065663
v 0.349177381 -0.331793728 0.868647235
v 0.347345862 -0.334447160 0.880792883
v 0.352259047 -0.347438241 0.882854715
v 0.334855922 -0.324302909 0.868560933
v 0.334477154 -0.332320258 0.883019764
v 0.334994981 -0.347127178 0.889064869
v 0.266520094 -0.555306017 0.836744436
v 0.274957225 -0.554817503 0.835697586
v 0.279591607 -0.549450293 0.846071145
v 0.261044015 -0.549311534 0.849818013
v 0.260716211 -0.531561777 0.853600424
v 0.499966992 -0.494750558 0.707154231
v 0.499973279 -0.476317584 0.707143503
v 0.499996293 -0.476315099 0.724998994
v 0.499973346 -0.494739671 0.725003147
v -0.127083410 -0.198023638 0.689126888
v -0.127217944 -0.197557175 0.707402672
v -0.108101371 -0.198417240 0.707615850
v -0.108402605 -0.198499251 0.689326820
v -0.090438527 -0.366556301 0.598440966
v -0.090398815 -0.347689559 0.598678104
v -0.071200301 -0.347356377 0.599465257
v -0.071559394 -0.366072151 0.598753769
v 0.089753989 -0.471424688 0.604661117
v 0.095046974 -0.458774940 0.602136033
v 0.099699615 -0.464229909 0.611540962
v 0.095103042 -0.473459136 0.617113088
v 0.076115528 -0.473486120 0.602626402
v 0.076638560 -0.476623507 0.617108961
v 0.076687148 -0.459113776 0.598799032
v 0.021320227 -0.402039115 0.795444809
v 0.021796675 -0.383860417 0.798815890
v -0.122259501 -0.343530901 0.635150887
v -0.126897513 -0.346843737 0.653965802
v -0.130043190 -0.329206166 0.653890952
v -0.126178274 -0.328534116 0.634862494
v -0.112114978 -0.352095058 0.634982938
v -0.113893441 -0.353476052 0.648510963
v 0.094736842 -0.236294141 0.599468811
v 0.094736842 -0.217067465 0.598687848
v 0.113157895 -0.217067465 0.598687848
v 0.113157895 -0.236294141 0.599468811
v -0.131687391 -0.292708047 0.729059364
v -0.127512034 -0.292110527 0.743622554
v -0.122689668 -0.277706645 0.742463708
v -0.126510956 -0.274036115 0.728219881
v -0.111668019 -0.269995082 0.742216876
v -0.113133587 -0.268443238 0.729765747
v -0.052601366 -0.199999534 0.707140184
v -0.052631375 -0.199318489 0.725318922
v -0.034169232 -0.199708092 0.725100358
v -0.034200174 -0.200041689 0.707099763
v 0.315702152 -0.549645530 0.867645245
v 0.334131205 -0.549551409 0.867516765
v 0.333531196 -0.535214651 0.871378105
v 0.315718511 -0.531392593 0.870066275
v 0.297368421 -0.328947255 0.599999890
v 0.297368421 -0.310525210 0.599998928
v 0.315789474 -0.310525210 0.599998928
v 0.315789474 -0.328947255 0.599999890
v 0.094905210 -0.402782370 0.816763771
v 0.089208560 -0.389813300 0.819403378
v 0.075636987 -0.384387149 0.817560304
v -0.015792446 -0.328949631 0.599995352
v -0.015790650 -0.310525443 0.599995248
v 0.002631688 -0.310525013 0.599998670
v 0.002631205 -0.328947302 0.599996864
v -0.145685013 -0.255224566 0.689726559
v -0.146565135 -0.255819079 0.707865484
v -0.149902065 -0.237033924 0.707794524
v -0.145849344 -0.236843280 0.689383177
v -0.168780809 -0.236615027 0.617538446
v -0.159908125 -0.237106698 0.632239583
v -0.158829250 -0.222994334 0.630773748
v -0.165774956 -0.217441734 0.617553717
v -0.144874181 -0.217646641 0.633490434
v -0.151980235 -0.210598603 0.623407806
v -0.144487186 -0.237208100 0.639092118
v 0.298133025 -0.645225619 0.760074088
v 0.311895041 -0.646517309 0.759518189
v 0.309242391 -0.648014293 0.773633132
v 0.296723312 -0.644984305 0.779096258
v 0.279549916 -0.620278789 0.693302530
v 0.278366067 -0.624201403 0.706914746
v 0.278250907 -0.610265625 0.685541185
v 0.131043038 -0.292137442 0.832025434
v 0.135545934 -0.279619080 0.826060899
v 0.155324760 -0.287055522 0.818760607
v 0.149550414 -0.273940241 0.816678465
v 0.144947442 -0.279759129 0.825561658
v 0.149697824 -0.292843252 0.828106494
v 0.260526316 -0.273716843 0.600031634
v 0.260526316 -0.255277024 0.600013442
v 0.278947368 -0.255277024 0.600013442
v 0.278947368 -0.273716843 0.600031634
v -0.034208712 -0.199454152 0.635183054
v -0.034209147 -0.200015153 0.653585417
v -0.015789443 -0.200012818 0.653585173
v -0.015789641 -0.199451538 0.635183076
v 0.425982111 -0.568754817 0.886176386
v 0.444737953 -0.568600725 0.885935956
v 0.444767792 -0.549545649 0.884962416
v 0.426241476 -0.549665627 0.885851884
v 0.501353575 -0.384210523 0.616544991
v 0.501353587 -0.365789478 0.616544991
v 0.500547961 -0.365789476 0.635183097
v 0.500547952 -0.384210526 0.635183095
v 0.186891026 -0.457902189 0.600003909
v 0.186853125 -0.439452806 0.600083399
v 0.205258528 -0.439465256 0.600024546
v 0.205270282 -0.457882467 0.600022450
v -0.029203641 -0.508076510 0.730285587
v -0.030763542 -0.510229079 0.742505158
v -0.039099682 -0.500503961 0.743111776
v -0.034804864 -0.498709203 0.724812725
v -0.015954349 -0.509786229 0.728444387
v -0.017258326 -0.514614011 0.743136351
v -0.016499216 -0.498993817 0.720648590
v 0.169299199 -0.528008705 0.689878035
v 0.183072993 -0.535423647 0.689240824
v 0.181644691 -0.536912717 0.702636657
v 0.169398602 -0.533598853 0.707783322
v 0.054013863 -0.457926236 0.800489474
v 0.053849123 -0.439852167 0.800223253
v 0.040044462 -0.439244789 0.796192368
v 0.496209065 -0.601912445 0.674625818
v 0.497688578 -0.588524708 0.673516593
v 0.502166530 -0.588408970 0.687599421
v 0.497874108 -0.603009171 0.687547580
v 0.483408762 -0.603022905 0.673818504
v 0.482940131 -0.607094651 0.687736304
v 0.482514927 -0.588338526 0.670188221
v -0.130109372 -0.329216541 0.671114235
v -0.125057152 -0.309550955 0.671780327
v -0.125554784 -0.310093963 0.653385927
v 0.499997844 -0.439473606 0.760714379
v 0.499973139 -0.421057789 0.760711879
v 0.499969735 -0.421063151 0.778569768
v 0.499988287 -0.439478365 0.778570509
v 0.170890218 -0.621214034 0.796828999
v 0.172109111 -0.619901581 0.809713044
v 0.170922366 -0.606148247 0.810900699
v 0.164017972 -0.606485798 0.796648080
v 0.185473147 -0.627974645 0.797128486
v 0.185427064 -0.624765854 0.815485551
v 0.185034436 -0.606397384 0.818606498
v 0.501725944 -0.382949244 0.850781785
v 0.497833622 -0.363870018 0.850056703
v 0.496101443 -0.370212194 0.863280619
v 0.498194048 -0.383779748 0.868124583
v 0.482862363 -0.361078665 0.849911943
v 0.482273309 -0.368798034 0.864810896
v 0.483309730 -0.379356655 0.872723555
v 0.179722780 -0.321790794 0.892870851
v 0.185977109 -0.327772590 0.905054012
v 0.191434989 -0.315338074 0.898926080
v 0.186332099 -0.312370431 0.886500610
v 0.205384436 -0.313135658 0.900760330
v 0.203851407 -0.323654425 0.908944613
v 0.260526314 -0.198646454 0.616544978
v 0.260526303 -0.199452031 0.635183032
v 0.278947371 -0.199451712 0.635183135
v 0.278947366 -0.198646447 0.616544957
v 0.501297529 -0.531419340 0.868319903
v 0.500916643 -0.512928223 0.868025723
v 0.498315458 -0.512461329 0.886536984
v 0.187112492 -0.457498477 0.846027799
v 0.201623347 -0.457441480 0.853439676
v 0.199616926 -0.445026791 0.855106679
v 0.187008174 -0.443166019 0.853490935
v -0.053163048 -0.480170816 0.688708812
v -0.040175682 -0.482215578 0.694101973
v -0.039688242 -0.481686731 0.702358604
v -0.053152951 -0.480567586 0.702816282
v -0.052737465 -0.296117726 0.792843953
v -0.033538292 -0.296452047 0.791861514
v -0.052580195 -0.309686936 0.796667935
v -0.033636222 -0.310512568 0.795788814
v 0.002631509 -0.199451984 0.635183065
v 0.002631557 -0.200013483 0.653584936
v 0.021052640 -0.200013831 0.653584875
v 0.021052632 -0.199452084 0.635183083
v 0.260516425 -0.605200075 0.831921516
v 0.279160843 -0.605405847 0.832005887
v 0.278722241 -0.587011897 0.834413054
v 0.260945295 -0.586619082 0.831871517
v 0.464056801 -0.623988163 0.778480402
v 0.468701907 -0.610434614 0.772495962
v 0.483259927 -0.609637767 0.774214790
v 0.482657486 -0.624799818 0.781262857
v 0.076315790 -0.200013907 0.653584867
v 0.076315815 -0.200032732 0.671460117
v 0.094736846 -0.200032748 0.671460180
v 0.094736840 -0.200013868 0.653584875
v 0.463580160 -0.568859485 0.886667327
v 0.482676213 -0.569828667 0.890267251
v 0.476556989 -0.556482791 0.892746139
v 0.462608708 -0.550116872 0.888894033
v 0.223679252 -0.457883009 0.600022364
v 0.223682409 -0.439472004 0.600008543
v 0.242105317 -0.439474756 0.600001828
v 0.242104877 -0.457893513 0.600022912
v 0.352631556 -0.476316191 0.599998412
v 0.352631559 -0.457894660 0.599999835
v 0.371052703 -0.457894924 0.599999402
v 0.371052710 -0.476316569 0.599999402
v 0.278947368 -0.310525210 0.599998928
v 0.278947368 -0.292107280 0.600001955
v 0.297368421 -0.292107280 0.600001955
v 0.223516234 -0.236571677 0.796106193
v 0.242519086 -0.236033418 0.797253219
v 0.242956715 -0.216857773 0.797735419
v 0.223819222 -0.217027398 0.797318613
v -0.114748267 -0.398418397 0.749115319
v -0.112006458 -0.384352727 0.761227837
v -0.114482334 -0.388956220 0.749062694
v -0.068293569 -0.472833382 0.671042334
v -0.067806392 -0.472953222 0.688781620
v -0.075807998 -0.462136748 0.688862854
v -0.075582327 -0.459231788 0.670448381
v 0.223833566 -0.312474926 0.905019354
v 0.242286136 -0.312423504 0.904836287
v 0.039472168 -0.384208939 0.599997512
v 0.057895193 -0.384207621 0.600005214
v 0.499970432 -0.310524809 0.671461448
v 0.499994577 -0.310524053 0.689289453
v 0.279282640 -0.661721143 0.760225442
v 0.285323657 -0.647077875 0.765493404
v 0.279149704 -0.644604142 0.779398655
v 0.274463002 -0.661388462 0.773921566
v 0.260538869 -0.662234433 0.778444384
v 0.265986524 -0.647403511 0.784249502
v 0.499998620 -0.550014113 0.724974511
v 0.499969026 -0.531553908 0.725018673
v 0.499947797 -0.531552238 0.742869183
v 0.499963564 -0.550035481 0.742868852
v 0.113157887 -0.365789861 0.600001954
v 0.113157883 -0.347368402 0.599999815
v 0.131578928 -0.347368412 0.599999596
v 0.131578788 -0.365789461 0.600000798
v 0.334210523 -0.310525210 0.599998931
v 0.334210523 -0.328947255 0.599999893
v 0.246185189 -0.619406064 0.726297879
v 0.241646469 -0.623883036 0.739928600
v 0.236734779 -0.610242624 0.738442049
v 0.238482574 -0.608770751 0.725741936
v 0.260253073 -0.626675802 0.725045292
v 0.254784162 -0.629628282 0.737112502
v 0.091258893 -0.217033735 0.819523884
v 0.099642311 -0.216851949 0.829949829
v 0.100234174 -0.203285603 0.828752273
v 0.094960753 -0.201480930 0.815715856
v 0.116868209 -0.216697859 0.819786540
v 0.112940852 -0.201404533 0.815767478
v 0.107731205 -0.203235756 0.828775311
v 0.108744873 -0.216676682 0.830031591
v 0.094654683 -0.509367838 0.674820546
v 0.113185960 -0.508950132 0.675554835
v 0.113374657 -0.513914464 0.688449779
v 0.094834112 -0.513515500 0.688859400
v 0.094680003 -0.494904839 0.668506288
v 0.113100363 -0.494323369 0.671800105
v -0.141428080 -0.237042305 0.671338045
v -0.145923378 -0.217143177 0.688617163
v -0.141176236 -0.217700818 0.675234275
v -0.130451855 -0.217636736 0.667156599
v -0.131582682 -0.231576803 0.665376452
v 0.499944487 -0.273717921 0.689273572
v 0.499952742 -0.255275757 0.689272176
v 0.499996886 -0.255294099 0.707137542
v 0.499956488 -0.273721624 0.707103378
v 0.186843490 -0.200024825 0.724984154
v 0.186843066 -0.199999828 0.742868291
v 0.205254428 -0.200037763 0.742871746
v 0.205265138 -0.200042690 0.724972841
v 0.462051147 -0.568328156 0.653862753
v 0.465751680 -0.548845502 0.658380414
v 0.466006349 -0.548242809 0.667731967
v 0.466363301 -0.568172482 0.667454672
v 0.499941086 -0.347369444 0.724980215
v 0.499917358 -0.328963870 0.724944151
v 0.500142075 -0.328991631 0.742848303
v 0.499982830 -0.347392894 0.742859679
v 0.020502679 -0.477194835 0.616927871
v 0.039497694 -0.480625443 0.631581236
v 0.021322723 -0.480972154 0.631124373
v -0.089489549 -0.198476616 0.616542373
v -0.089660951 -0.199033843 0.635193766
v -0.071063092 -0.199443141 0.635182007
v -0.071027026 -0.198684468 0.616538490
v 0.256280081 -0.421898344 0.925835084
v 0.264176503 -0.421825907 0.937428780
v 0.260051262 -0.402764073 0.936865175
v 0.260259447 -0.403059837 0.925674717
v 0.279140438 -0.406981293 0.936950876
v 0.279025712 -0.398630757 0.925345046
v 0.279350025 -0.422195839 0.940924072
v 0.328596606 -0.315264732 0.838026427
v 0.330653895 -0.313399328 0.850992771
v 0.315463259 -0.313687405 0.832306683
v 0.316432375 -0.313570177 0.849847193
v 0.321066432 -0.323427601 0.826771567
v 0.205261334 -0.421053026 0.599997555
v 0.205263232 -0.402631944 0.599997402
v 0.223684377 -0.402631719 0.599999645
v 0.223684368 -0.421053363 0.599998569
v 0.499998928 -0.494736922 0.742855877
v 0.500002283 -0.476315644 0.742856633
v 0.500001058 -0.476315847 0.760714332
v 0.500002167 -0.494737269 0.760713778
v 0.371053343 -0.531567477 0.599837268
v 0.371054860 -0.513146106 0.600028439
v 0.389472931 -0.513147599 0.600008139
v 0.389449089 -0.531683680 0.599693513
v 0.076219615 -0.476715329 0.635532444
v 0.094787570 -0.475544772 0.636279838
v 0.094543166 -0.478274151 0.654706672
v 0.076859460 -0.479790494 0.650425959
v -0.130663771 -0.347516670 0.670942459
v -0.127189849 -0.347956074 0.689422598
v -0.125602186 -0.328765808 0.689655742
v -0.086507136 -0.439803857 0.671749018
v -0.088957959 -0.440141948 0.689115556
v -0.088944953 -0.420810578 0.690182610
v -0.088500994 -0.420873264 0.671886784
v -0.123385242 -0.421612920 0.711033804
v -0.125066576 -0.421590112 0.724154499
v -0.128003799 -0.403018585 0.724780160
v -0.123743011 -0.402746754 0.710789090
v -0.107825418 -0.402297638 0.704796872
v -0.108424188 -0.421725936 0.707186831
v 0.002868548 -0.457665335 0.793691005
v 0.021389261 -0.439668574 0.796392491
v 0.002052434 -0.439896248 0.796745309
v 0.075925677 -0.532130900 0.797690783
v 0.094373703 -0.532026368 0.800421951
v 0.090480287 -0.513870080 0.800918481
v 0.076056682 -0.512743567 0.796846183
v 0.061883475 -0.457623703 0.810603205
v 0.061621708 -0.439508542 0.810499033
v 0.076189627 -0.439599202 0.814560937
v 0.205263158 -0.202603191 0.602523502
v 0.205263158 -0.198646408 0.616544992
v 0.223684211 -0.198646408 0.616544994
v 0.223684211 -0.202603190 0.602523502
v 0.205263158 -0.217067465 0.598687848
v 0.223684211 -0.217067465 0.598687848
v 0.426283730 -0.200099955 0.671425508
v 0.426283182 -0.200048957 0.689285563
v 0.444721552 -0.200017140 0.689316574
v 0.444724070 -0.200082132 0.671433317
v 0.296830100 -0.644469798 0.796218488
v 0.314813223 -0.646968225 0.800399607
v 0.315873161 -0.642800667 0.815066769
v 0.297064317 -0.637558125 0.810356878
v 0.310617455 -0.629012665 0.819329682
v 0.297058760 -0.627231552 0.818283031
v -0.107957377 -0.202312575 0.602534497
v -0.108155569 -0.197758260 0.616659109
v -0.089437307 -0.202645477 0.602513095
v -0.107806893 -0.217080554 0.598664962
v -0.089442835 -0.217124008 0.598705421
v 0.132284761 -0.508792607 0.676206595
v 0.151427714 -0.508633624 0.675518324
v 0.150431637 -0.517617437 0.685589216
v 0.131881370 -0.516911309 0.688729401
v 0.132556299 -0.493491806 0.672260233
v 0.151707739 -0.493359727 0.668995179
v 0.298069144 -0.398279132 0.925843731
v 0.297423931 -0.383743593 0.921170784
v 0.279487773 -0.383727093 0.921413691
v 0.370577630 -0.236539278 0.742330350
v 0.370866483 -0.217089219 0.743657747
v 0.352192529 -0.217382555 0.743281802
v -0.108670481 -0.366588015 0.616647785
v 0.210497923 -0.581512591 0.675644299
v 0.208922920 -0.583090876 0.689258427
v 0.201513493 -0.569313146 0.688810880
v 0.207164056 -0.569151671 0.671070809
v 0.222877915 -0.585065496 0.670701990
v 0.222310575 -0.590912577 0.688475215
v 0.217374828 -0.574574877 0.665385720
v 0.057882944 -0.479629762 0.635388610
v 0.407926066 -0.550083852 0.599272975
v 0.407912434 -0.531939911 0.599402580
v 0.426389056 -0.532185794 0.599088251
v 0.426585416 -0.550575170 0.599163473
v 0.057694979 -0.255030370 0.814701233
v 0.077046694 -0.255114236 0.817291774
v 0.076671071 -0.236575540 0.814549160
v 0.057714934 -0.236373207 0.814576804
v -0.015791053 -0.200013443 0.689281608
v -0.015789842 -0.200029844 0.671461681
v 0.297329558 -0.274318378 0.793056514
v 0.278970237 -0.274140726 0.795747162
v 0.501351144 -0.292107597 0.616544273
v 0.500544667 -0.292106832 0.635182240
v 0.109599645 -0.347102867 0.850633412
v 0.117048003 -0.346994230 0.865184844
v 0.117450072 -0.334209558 0.864012436
v 0.112995432 -0.328541201 0.850847829
v 0.136868549 -0.341810165 0.855531127
v 0.131333352 -0.328576961 0.853454070
v 0.126391292 -0.334706055 0.863706822
v 0.131123436 -0.347740938 0.865600765
v 0.425790773 -0.623828428 0.814939957
v 0.445080782 -0.627392598 0.815221317
v 0.444756805 -0.624269724 0.832856987
v 0.425934313 -0.623970405 0.832944764
v -0.015083369 -0.292536233 0.792596184
v -0.020570176 -0.287289950 0.783276915
v -0.015444421 -0.310652231 0.796308005
v 0.499986120 -0.384210527 0.653584864
v 0.499986080 -0.365789472 0.653584863
v 0.499967310 -0.365789505 0.671460190
v 0.499967327 -0.384210520 0.671460183
v 0.315789474 -0.402631580 0.599999995
v 0.315789474 -0.384210526 0.599999999
v 0.334210523 -0.384210526 0.600000003
v 0.497581112 -0.513637953 0.602258640
v 0.497358621 -0.494771791 0.602513671
v 0.501354209 -0.494691823 0.616548078
v 0.501922931 -0.513393730 0.616484150
v 0.482965148 -0.513730172 0.598264331
v 0.482910924 -0.494795146 0.598645575
v 0.242105263 -0.236294141 0.599468811
v 0.242105263 -0.217067464 0.598687848
v 0.260526316 -0.217067464 0.598687849
v 0.260526316 -0.236294141 0.599468811
v 0.407892720 -0.347368446 0.600001979
v 0.407892722 -0.328947253 0.600001848
v 0.426283158 -0.328947255 0.600031525
v 0.426283158 -0.347368446 0.600031660
v 0.002676423 -0.402573235 0.600058051
v 0.002645173 -0.384194510 0.600069681
v 0.021049960 -0.384208963 0.600015753
v 0.497832535 -0.602837260 0.706292137
v 0.501903163 -0.587967444 0.706460225
v 0.501460190 -0.587868269 0.725057458
v 0.497740882 -0.602247642 0.725046990
v 0.482747467 -0.610498271 0.706661279
v 0.482917831 -0.609612674 0.724409821
v -0.125952843 -0.329088391 0.707467036
v -0.129520297 -0.311260240 0.707546143
v -0.124927048 -0.309979038 0.689654086
v -0.071058239 -0.236292660 0.599474720
v -0.071054566 -0.217077604 0.598688804
v -0.052633664 -0.217064287 0.598687247
v 0.094736854 -0.347368474 0.599999789
v 0.094736842 -0.328947240 0.599999828
v 0.113157894 -0.328947241 0.599999822
v 0.260526361 -0.200012683 0.653585186
v 0.260526793 -0.200031076 0.671462015
v 0.278947534 -0.200037629 0.671460429
v 0.278947476 -0.200012268 0.653585832
v -0.052048906 -0.347649495 0.796182586
v -0.034164662 -0.347652512 0.795909305
v -0.033507234 -0.328646853 0.795729086
v -0.052132162 -0.328214539 0.796690914
v 0.403148343 -0.638078052 0.748142463
v 0.408437431 -0.627782018 0.742580898
v 0.412273423 -0.628685448 0.760680764
v 0.404368815 -0.638964081 0.760689267
v 0.390002861 -0.638802654 0.746597789
v 0.390191116 -0.639454402 0.760247419
v 0.390164516 -0.628902568 0.738587403
v 0.297368456 -0.439473640 0.600000080
v 0.297368420 -0.421052623 0.600000081
v 0.315789472 -0.421052631 0.600000007
v 0.315789474 -0.439473656 0.600000106
v 0.168428967 -0.421042259 0.600062458
v 0.168419220 -0.402633444 0.600009626
v 0.186840828 -0.402632892 0.599995416
v 0.186839158 -0.421052324 0.600016659
v -0.068732179 -0.458488767 0.653262039
v -0.078388676 -0.445803026 0.665417265
v -0.075115533 -0.440173558 0.653084092
v 0.296598480 -0.590880049 0.616943333
v 0.311208316 -0.591874471 0.616858700
v 0.310804680 -0.592860316 0.630383965
v 0.302294864 -0.593211882 0.629850379
v 0.241620406 -0.460921407 0.885808241
v 0.255153966 -0.463321765 0.891003348
v 0.260613093 -0.457195939 0.900467982
v 0.242620677 -0.453803571 0.899215509
v 0.259774956 -0.444125658 0.908057294
v 0.241664708 -0.443622598 0.907630064
v -0.016379420 -0.440089216 0.598998164
v -0.016055231 -0.421280199 0.599018669
v 0.002632540 -0.421080359 0.599700288
v 0.002393518 -0.440083767 0.598841958
v 0.444721400 -0.307081907 0.779399459
v 0.445131166 -0.314491531 0.792691539
v 0.463454936 -0.314122210 0.793793968
v 0.463420586 -0.305867881 0.783697340
v 0.002631505 -0.200030793 0.671461179
v 0.002631289 -0.200007354 0.689286489
v 0.021052356 -0.200002133 0.689287831
v 0.021052619 -0.200031468 0.671460716
v 0.297180106 -0.461837512 0.907907735
v 0.315348342 -0.462059602 0.907652253
v 0.315777191 -0.453955524 0.916744515
v 0.297808067 -0.453544180 0.917261133
v 0.315784094 -0.439576394 0.921526169
v 0.297278166 -0.440501873 0.925091522
v 0.375981008 -0.287387810 0.747384451
v 0.389853998 -0.289132728 0.745727541
v 0.389128561 -0.274654297 0.741810181
v 0.370971749 -0.274131928 0.745018367
v 0.144740900 -0.342071835 0.855400763
v 0.146397796 -0.347455930 0.868357968
v 0.152611272 -0.329220616 0.867548643
v 0.145475075 -0.328773785 0.853897097
v 0.463379649 -0.628120525 0.815425681
v 0.483492922 -0.625330541 0.815138428
v 0.483026225 -0.621571700 0.832778497
v 0.463947778 -0.624291912 0.833240387
v 0.150569388 -0.530826270 0.707883924
v 0.164134350 -0.536911532 0.720247828
v 0.150002539 -0.535373004 0.721255673
v 0.296683894 -0.587377435 0.850395761
v 0.302142192 -0.582649149 0.863405914
v 0.300967041 -0.568413884 0.864986198
v 0.293281030 -0.568780683 0.854156494
v 0.309116064 -0.593216583 0.856287329
v 0.314918347 -0.587997908 0.866632570
v 0.315006568 -0.569099347 0.868598161
v 0.352631553 -0.384210526 0.600000024
v 0.371052745 -0.384210526 0.599999889
v 0.076073187 -0.306990783 0.817607077
v 0.089927186 -0.305137028 0.818827253
v 0.091842948 -0.292734643 0.817255652
v 0.076082203 -0.292006681 0.817089072
v 0.278947368 -0.236294141 0.599468811
v 0.278947368 -0.217067464 0.598687849
v 0.297368421 -0.217067465 0.598687849
v 0.297368421 -0.236294141 0.599468811
v 0.444722977 -0.347368447 0.600013468
v 0.444722963 -0.328947267 0.600013308
v 0.463705828 -0.328947261 0.599468666
v 0.463705855 -0.347368450 0.599468828
v -0.067951236 -0.476319738 0.706949961
v -0.071613094 -0.476743920 0.725130586
v -0.075566971 -0.462486533 0.724615681
v -0.075481798 -0.462478828 0.707012853
v 0.058034226 -0.513028783 0.793780912
v 0.076313601 -0.494866116 0.799643326
v 0.058038305 -0.494687046 0.796776684
v 0.131578950 -0.328947255 0.599999833
v 0.150000005 -0.328947255 0.599999912
v 0.150000012 -0.347368438 0.599999682
v 0.283888326 -0.581692703 0.603783022
v 0.278696120 -0.587807882 0.616554751
v 0.272874246 -0.575555142 0.610814504
v 0.278652944 -0.569027717 0.601281139
v 0.297583954 -0.583379417 0.602514981
v 0.297107908 -0.568673797 0.598822982
v 0.334210530 -0.457894650 0.600000014
v 0.334210522 -0.439473670 0.600000075
v 0.352631555 -0.439473662 0.600000067
v 0.223494967 -0.461713050 0.871486419
v 0.236279134 -0.463535158 0.873846590
v 0.223714907 -0.455082717 0.885828449
v 0.149622759 -0.255225164 0.814054835
v 0.130893991 -0.255422155 0.813434789
v -0.052627979 -0.292108489 0.600021844
v -0.052633599 -0.273719062 0.600034223
v -0.034211750 -0.273717164 0.600029017
v -0.034212833 -0.292108217 0.599998790
v 0.285182000 -0.581687305 0.843699061
v 0.283161241 -0.567345960 0.844792826
v 0.275285778 -0.568140037 0.834824652
v 0.291654897 -0.593039782 0.837765436
v 0.500004781 -0.550020435 0.760716461
v 0.499972724 -0.531559918 0.760714842
v 0.499984272 -0.531563863 0.778572007
v 0.499985968 -0.549963051 0.778574875
v 0.113157895 -0.199452035 0.635183097
v 0.113157895 -0.198646412 0.616544991
v 0.242385813 -0.565581332 0.617078979
v 0.246722564 -0.563604222 0.636003712
v 0.239147229 -0.552830248 0.636793463
v 0.236496470 -0.555945698 0.622870345
v 0.259965764 -0.572026928 0.616952555
v 0.257444414 -0.571978479 0.635398597
v 0.334210523 -0.255277024 0.600013446
v 0.334210523 -0.236294140 0.599468814
v 0.352631550 -0.236294145 0.599468828
v 0.352631553 -0.255277023 0.600013468
v -0.034494475 -0.402917750 0.598920797
v -0.034195792 -0.384212471 0.599681670
v -0.015739750 -0.384164711 0.600049407
v -0.015790930 -0.402628548 0.599682335
v 0.021052629 -0.255277025 0.600013438
v 0.021052629 -0.236294139 0.599468808
v 0.039473684 -0.236294141 0.599468810
v 0.039473684 -0.255277025 0.600013441
v -0.145839332 -0.236977183 0.722493388
v -0.126034082 -0.236945569 0.724979844
v -0.126722225 -0.217162877 0.726079033
v -0.146536829 -0.217394501 0.725974900
v 0.500344911 -0.273670658 0.725137121
v 0.500554701 -0.255308918 0.725306140
v 0.501174535 -0.255162046 0.743595130
v 0.500974187 -0.273374667 0.743719766
v 0.284027589 -0.324632811 0.854578063
v 0.278595074 -0.314528000 0.849101636
v 0.272502832 -0.317737202 0.861880600
v 0.278644475 -0.326527569 0.867674458
v 0.260119917 -0.311383489 0.849641039
v 0.186831904 -0.199493265 0.761066321
v 0.186793098 -0.198839426 0.779165974
v 0.205267017 -0.198629742 0.779707340
v 0.205241090 -0.199443319 0.761268403
v 0.488173150 -0.350068786 0.845220551
v 0.488092149 -0.350458342 0.837434898
v 0.495701024 -0.350538756 0.837571433
v 0.495836062 -0.350239377 0.845342438
v 0.371052743 -0.439473663 0.599999905
v 0.389474779 -0.439473698 0.599998876
v 0.500001404 -0.494737399 0.778571482
v 0.500001270 -0.476315599 0.778571500
v 0.499999036 -0.476315737 0.796428619
v 0.500000097 -0.494736798 0.796429079
v 0.186162881 -0.384134742 0.904301402
v 0.191717734 -0.379184823 0.916505865
v 0.189786344 -0.365277989 0.918983444
v 0.181421041 -0.366140403 0.908981469
v 0.198694672 -0.390065591 0.909150005
v 0.204455499 -0.384704636 0.919466257
v 0.204354229 -0.365820209 0.922119010
v -0.126650096 -0.347543752 0.707391365
v -0.126489696 -0.347390480 0.724540054
v -0.126353381 -0.329162121 0.724967702
v 0.057907518 -0.440053263 0.599294550
v 0.076412816 -0.439957301 0.599070386
v 0.227836860 -0.564655625 0.602825401
v 0.228660079 -0.564418430 0.611271401
v 0.222901286 -0.554201346 0.616821703
v 0.222851385 -0.551703361 0.601633598
v 0.241462754 -0.565308704 0.602736049
v 0.240861248 -0.551612060 0.598476064
v 0.236161878 -0.378346360 0.928360428
v 0.241762197 -0.383803653 0.937118039
v 0.247171215 -0.370898102 0.934840240
v 0.242420592 -0.364922404 0.925453520
v 0.264378512 -0.383726207 0.925573194
v 0.260946321 -0.365109601 0.925381194
v 0.255805694 -0.370477031 0.934824800
v 0.256255899 -0.383867332 0.936234831
v -0.071381153 -0.421263858 0.778762933
v -0.052341157 -0.420523753 0.778343768
v -0.052515495 -0.406474847 0.782298213
v -0.071716035 -0.406603466 0.783465541
v 0.223855188 -0.623370823 0.742875534
v 0.223671955 -0.604845162 0.740260668
v 0.224210348 -0.571921921 0.832605174
v 0.242819141 -0.572644294 0.835820545
v 0.241632236 -0.565108369 0.846691739
v 0.224251241 -0.565207386 0.846657452
v 0.242493531 -0.550097145 0.854415741
v 0.222741413 -0.551108007 0.851574011
v 0.426276998 -0.199472356 0.707725674
v 0.426266024 -0.198658112 0.726331643
v 0.444752310 -0.198682871 0.725958757
v 0.444718586 -0.199431314 0.707692083
v -0.015998261 -0.421112527 0.796459050
v 0.002340215 -0.420994572 0.796679637
v 0.002932555 -0.402652361 0.795961457
v -0.016156647 -0.402825951 0.796572646
v 0.057894737 -0.255277024 0.600013442
v 0.057894737 -0.236294141 0.599468811
v 0.076315789 -0.236294141 0.599468811
v 0.076315789 -0.255277024 0.600013442
v 0.426282736 -0.476307512 0.600047817
v 0.426283169 -0.457895927 0.600031412
v 0.444723128 -0.457894789 0.600015273
v 0.444723817 -0.476301600 0.600031387
v 0.209083632 -0.583098784 0.707259254
v 0.209861515 -0.582068397 0.725883068
v 0.201530718 -0.572105885 0.725340818
v 0.201176976 -0.572588878 0.707173102
v 0.219381642 -0.591267423 0.707288055
v 0.220076891 -0.590092518 0.725926510
v 0.118187518 -0.470856425 0.604742568
v 0.112610005 -0.473376373 0.617154159
v 0.108543768 -0.463859203 0.611599126
v 0.112989477 -0.458118476 0.602285382
v 0.131262422 -0.476879898 0.601946775
v 0.127314273 -0.480703372 0.616985605
v 0.131110142 -0.458324462 0.599185903
v -0.015781545 -0.199875601 0.725024764
v -0.015788822 -0.200050974 0.707100355
v 0.431740914 -0.489963592 0.917803233
v 0.427170032 -0.476558139 0.918799649
v 0.426842070 -0.476722324 0.907895442
v 0.444596354 -0.477397721 0.907463394
v 0.439295393 -0.482252561 0.917590640
v 0.440230162 -0.490860263 0.917651085
v 0.499984273 -0.292106957 0.653584981
v 0.499965947 -0.292107034 0.671461679
v 0.032735979 -0.231157430 0.803128540
v 0.039167853 -0.236696515 0.812068993
v 0.042687650 -0.217337162 0.812181263
v 0.034934199 -0.216617170 0.801612167
v 0.057753442 -0.216984107 0.815212198
v 0.407722206 -0.550189919 0.885615028
v 0.426445603 -0.531610694 0.888390424
v 0.408154899 -0.535847712 0.890480566
v 0.497397985 -0.439474323 0.602522989
v 0.497396816 -0.421052747 0.602523410
v 0.501353983 -0.421052735 0.616544982
v 0.501355358 -0.439474581 0.616544789
v 0.482932784 -0.439474086 0.598687352
v 0.482932472 -0.421052822 0.598687713
v 0.499998384 -0.384210567 0.689287846
v 0.499999187 -0.365789598 0.689288028
v 0.500002204 -0.365789004 0.707142110
v 0.500002124 -0.384210687 0.707142718
v 0.174853350 -0.561525683 0.731059973
v 0.169066152 -0.564976462 0.743310833
v 0.163441676 -0.555429784 0.737167599
v 0.168965375 -0.549436284 0.725750689
v 0.187748973 -0.565333716 0.725552168
v 0.187224439 -0.570889729 0.743148286
v 0.181653387 -0.554894377 0.720055689
v 0.407892683 -0.273716897 0.600033500
v 0.407892967 -0.255276804 0.600015849
v 0.426284075 -0.255275887 0.600047069
v 0.407893350 -0.200019237 0.689269159
v 0.407892076 -0.199454592 0.707679484
v 0.501602250 -0.513223441 0.635295058
v 0.500718202 -0.494717734 0.635190925
v 0.500355498 -0.494751930 0.653599937
v 0.500823988 -0.512965083 0.653712634
v 0.500125557 -0.513169552 0.707151869
v 0.499963823 -0.513163082 0.725019033
v 0.499999445 -0.457896697 0.796429009
v 0.499985573 -0.457895638 0.814287876
v 0.499974610 -0.476314865 0.814284869
v 0.039644758 -0.420955169 0.799068046
v 0.021567605 -0.420877088 0.795884850
v 0.497459640 -0.601337307 0.743195988
v 0.501315269 -0.587819941 0.742926296
v 0.501136220 -0.587467451 0.760749031
v 0.497192391 -0.601399871 0.760983917
v 0.482836102 -0.605381744 0.743557395
v 0.482258022 -0.604712020 0.760932011
v 0.223684211 -0.292107280 0.600001955
v 0.223684211 -0.273716843 0.600031634
v 0.242105263 -0.273716843 0.600031634
v 0.242105263 -0.292107280 0.600001955
v 0.094736842 -0.273716843 0.600031634
v 0.094736842 -0.255277024 0.600013442
v 0.113157895 -0.255277024 0.600013442
v 0.113157895 -0.273716843 0.600031634
v -0.122793630 -0.328806442 0.742206679
v -0.127711916 -0.310449942 0.742831674
v -0.130669626 -0.310931141 0.725093818
v 0.260525976 -0.200022572 0.689284295
v 0.260515263 -0.200058655 0.707109540
v 0.278936648 -0.200000891 0.707112980
v 0.278944549 -0.200043846 0.689269977
v 0.297368421 -0.365789477 0.600000003
v 0.297368421 -0.347368447 0.600000025
v 0.315789474 -0.347368447 0.600000024
v 0.315789474 -0.365789477 0.600000003
v 0.371214409 -0.624241650 0.706886879
v 0.389577625 -0.624280994 0.706594089
v 0.389812520 -0.624243301 0.724559587
v 0.371087427 -0.624293605 0.724969370
v 0.463706937 -0.476299296 0.599488246
v 0.463706462 -0.457892508 0.599472832
v 0.482933920 -0.457889329 0.598691370
v 0.482928550 -0.476291626 0.598706689
v -0.053436390 -0.477166304 0.764760053
v -0.047070313 -0.470989177 0.773467657
v -0.052622255 -0.457614507 0.775529855
v -0.058318802 -0.464456345 0.767582874
v -0.040027392 -0.482509741 0.767311556
v -0.033660451 -0.476060397 0.775793507
v -0.034073175 -0.457898759 0.778599675
v 0.265418623 -0.287129274 0.801124411
v 0.260599311 -0.289845332 0.813381062
v 0.389474792 -0.310525208 0.599997859
v 0.389474790 -0.292107278 0.600000884
v 0.407892691 -0.292107309 0.600003853
v 0.407892722 -0.310525210 0.600000884
v -0.015774405 -0.365775683 0.600071800
v -0.015791558 -0.347371531 0.600015228
v 0.002629080 -0.347370713 0.599994400
v 0.002628526 -0.365792590 0.600013666
v 0.407709938 -0.495421604 0.903829666
v 0.407714983 -0.475893531 0.906543558
v 0.149090323 -0.477525562 0.598546500
v 0.149741442 -0.458139900 0.598883210
v 0.168441132 -0.457925315 0.599642007
v 0.168080814 -0.477049647 0.598581656
v 0.076315790 -0.310525208 0.599998936
v 0.076315790 -0.292107280 0.600001957
v 0.094736842 -0.292107280 0.600001956
v 0.094736842 -0.310525209 0.599998932
v 0.015661296 -0.230946723 0.784107112
v 0.020803429 -0.236935862 0.796584527
v 0.024860001 -0.218080476 0.792861858
v 0.017431555 -0.217449789 0.782120572
v 0.002632985 -0.200047268 0.707120002
v 0.002642578 -0.199994836 0.725007146
v 0.021058917 -0.200023187 0.724974157
v 0.021052802 -0.200024551 0.707128367
v 0.170883380 -0.421312757 0.867946697
v 0.174208677 -0.416342281 0.879810141
v 0.172821378 -0.402209671 0.881530675
v 0.165771113 -0.402686784 0.867445297
v 0.181100033 -0.426945863 0.873205425
v 0.186448257 -0.421207766 0.883164340
v 0.186775238 -0.403136258 0.888431661
v -0.086655047 -0.420424533 0.653518589
v -0.088746102 -0.401664856 0.672215529
v -0.089193671 -0.402210904 0.653627143
v 0.091129588 -0.236031121 0.819042923
v 0.076068728 -0.217204563 0.815012074
v 0.458895388 -0.531001075 0.888831185
v 0.444012505 -0.531234084 0.884912557
v 0.376346131 -0.360348118 0.873379085
v 0.370948092 -0.362775682 0.886091346
v 0.389410260 -0.365449780 0.885845511
v 0.389564134 -0.362569330 0.868204912
v 0.321413725 -0.656698723 0.820277510
v 0.320419953 -0.657178329 0.828342050
v 0.319927923 -0.642961922 0.828151743
v 0.334118778 -0.659066757 0.814908148
v 0.334292138 -0.647357122 0.815322197
v 0.333942038 -0.643205476 0.833167563
v 0.328604513 -0.657622174 0.828248215
v 0.204920309 -0.331954377 0.919087183
v 0.218214817 -0.321792146 0.910895289
v 0.204321845 -0.347121446 0.922585046
v 0.205229354 -0.475967165 0.852478219
v 0.211075538 -0.470556540 0.862067514
v 0.208908521 -0.457178301 0.866904130
v 0.217939818 -0.481613757 0.855410359
v 0.223711734 -0.475785050 0.864333880
v 0.357994278 -0.617955781 0.694820569
v 0.352471454 -0.620211579 0.707760029
v 0.346634234 -0.610425837 0.702056696
v 0.352240141 -0.607758405 0.689406258
v 0.371849954 -0.620164605 0.692731513
v 0.370903944 -0.609404839 0.685065291
v -0.071572304 -0.477281356 0.758355954
v -0.072933703 -0.463323108 0.765896299
v 0.426186221 -0.606591403 0.868801813
v 0.430684254 -0.600550379 0.881306368
v 0.426659040 -0.587297093 0.883794189
v 0.420768219 -0.593287593 0.874545541
v 0.444496976 -0.602693002 0.868553201
v 0.449116971 -0.592900789 0.873993013
v 0.444611316 -0.587583132 0.883474134
v 0.439860221 -0.599520114 0.880773701
v -0.015632555 -0.476488947 0.779236453
v 0.002252953 -0.476651392 0.782370198
v -0.002761004 -0.463281034 0.784621996
v -0.016206096 -0.458399306 0.782226351
v 0.186780838 -0.494884008 0.599022366
v 0.186873825 -0.476630290 0.599354664
v 0.205325755 -0.476400943 0.599736359
v 0.205456861 -0.494859111 0.599643046
v 0.463803224 -0.494984409 0.901008190
v 0.463641537 -0.476510340 0.904574197
v 0.426706631 -0.236443669 0.742607419
v 0.444986971 -0.236688386 0.742355953
v 0.445059941 -0.217265645 0.743443660
v 0.426473345 -0.217063415 0.743796869
v 0.364835690 -0.280026117 0.753841095
v 0.370324663 -0.293305045 0.756986646
v 0.357475663 -0.268637364 0.747386816
v 0.351924570 -0.274547485 0.757116658
v 0.352433184 -0.292332644 0.763438354
v 0.113157890 -0.200032694 0.671460187
v 0.113157895 -0.200013863 0.653584872
v 0.187192440 -0.494555810 0.834814067
v 0.193319035 -0.489044381 0.843452188
v 0.191498174 -0.475065341 0.845029001
v 0.183351924 -0.476164473 0.835486261
v 0.200079796 -0.500263052 0.837014748
v 0.205940301 -0.494659933 0.846436028
v 0.131104500 -0.310084452 0.847679476
v 0.112908408 -0.310204833 0.848223915
v 0.260525672 -0.457896252 0.600003378
v 0.260526252 -0.439474108 0.599997943
v 0.278947409 -0.439473667 0.599999164
v 0.278947024 -0.457895430 0.599997005
v 0.413714754 -0.470585273 0.916720232
v 0.407934740 -0.457292351 0.918486392
v 0.403317127 -0.463142824 0.909159439
v 0.429974911 -0.457701061 0.907580089
v 0.422494943 -0.458447460 0.918151664
v 0.186842105 -0.292107280 0.600001955
v 0.186842105 -0.273716843 0.600031634
v 0.205263158 -0.273716843 0.600031634
v 0.205263158 -0.292107280 0.600001955
v 0.463324458 -0.363935995 0.813249278
v 0.463164661 -0.366143379 0.831469505
v 0.408196092 -0.606210770 0.865890678
v 0.407636501 -0.587751135 0.871867957
v 0.393799512 -0.343087918 0.782131495
v 0.403534906 -0.343007708 0.782207621
v 0.407341693 -0.329108005 0.781007299
v 0.389904840 -0.329416197 0.780705314
v -0.127404799 -0.274252502 0.598842922
v -0.108046977 -0.273722118 0.599518282
v -0.108423325 -0.292305468 0.598941793
v 0.463378288 -0.602799768 0.868789943
v 0.468010964 -0.600105850 0.880695040
v 0.463439551 -0.587841266 0.883232209
v 0.458609561 -0.593073621 0.873964596
v 0.482497835 -0.603596794 0.868763686
v 0.488623767 -0.594072412 0.874556157
v 0.482462262 -0.588254471 0.884079880
v 0.477880254 -0.600787369 0.881249791
v 0.315777459 -0.623493070 0.828997418
v 0.298020162 -0.619176298 0.827605558
v 0.315821561 -0.608818319 0.835767466
v 0.297814787 -0.605462778 0.834361228
v 0.407897163 -0.620391388 0.725133397
v 0.499983879 -0.494735915 0.814285394
v 0.499959573 -0.476311033 0.832133919
v 0.499987417 -0.494742143 0.832126487
v 0.201231601 -0.443527982 0.867683411
v 0.186940044 -0.436735911 0.867509636
v 0.352629643 -0.513157359 0.600036759
v 0.352631333 -0.494739157 0.600002704
v 0.371053430 -0.494734874 0.600012605
v 0.278947368 -0.347368446 0.600000025
v 0.278947368 -0.328947255 0.599999890
v 0.352631553 -0.310525210 0.599998952
v 0.352631554 -0.292107280 0.600001979
v 0.371052747 -0.292107278 0.600001848
v 0.371052745 -0.310525210 0.599998818
v 0.445152532 -0.610357695 0.854218915
v 0.463546325 -0.610401012 0.854009952
v 0.426283157 -0.402631566 0.600031649
v 0.426283157 -0.384210526 0.600031634
v 0.444722976 -0.384210525 0.600013444
v 0.444722977 -0.402631564 0.600013455
v -0.107811316 -0.236517589 0.742787342
v -0.104642525 -0.236869718 0.757283049
v -0.103472190 -0.222366616 0.755811819
v -0.105638700 -0.217216200 0.743517625
v -0.090783191 -0.216774939 0.759194926
v -0.096270902 -0.211008196 0.749380754
v -0.090249705 -0.236308517 0.764930704
v -0.090120837 -0.384470178 0.782557747
v -0.077307935 -0.379890061 0.784607089
v -0.076742071 -0.370524306 0.783784576
v -0.089958247 -0.366324425 0.781643443
v 0.113159764 -0.402627243 0.599976092
v 0.113158377 -0.384212541 0.600010238
v 0.131579271 -0.384211191 0.600013141
v 0.131584693 -0.402631209 0.600018447
v 0.199605193 -0.526236743 0.837923291
v 0.205116655 -0.532032829 0.846907935
v 0.209393417 -0.513081548 0.845069699
v 0.201598423 -0.513174464 0.835744535
v 0.222938352 -0.531864032 0.850646748
v 0.224171754 -0.512740244 0.849436941
v -0.112535479 -0.440976483 0.724164666
v -0.109246761 -0.440682812 0.742756517
v -0.113423237 -0.425656841 0.744135696
v -0.115695478 -0.428136196 0.729545023
v 0.168421053 -0.255277024 0.600013442
v 0.168421053 -0.236294141 0.599468811
v 0.186842105 -0.236294141 0.599468811
v 0.186842105 -0.255277024 0.600013442
v 0.039473684 -0.217067464 0.598687848
v 0.057894737 -0.217067465 0.598687848
v 0.210352715 -0.656003770 0.783240216
v 0.209893806 -0.656369033 0.792393752
v 0.204290623 -0.643291262 0.796638219
v 0.207398777 -0.643259102 0.778428196
v 0.222774796 -0.658884431 0.779136626
v 0.217343359 -0.649232329 0.772875929
v -0.034216518 -0.199123850 0.743552632
v -0.034514759 -0.201385331 0.761902971
v -0.016077344 -0.198638584 0.761864338
v -0.015845565 -0.199012207 0.743477375
v 0.499979776 -0.292108977 0.689282838
v 0.499951193 -0.292121637 0.707104930
v 0.499955513 -0.310531776 0.707120756
v 0.500547908 -0.439473888 0.635183172
v 0.500548587 -0.421052627 0.635183154
v 0.499986483 -0.421052528 0.653584907
v 0.499984139 -0.439473303 0.653584961
v 0.499989117 -0.384210465 0.724997716
v 0.499977177 -0.365786978 0.724989807
v 0.499976657 -0.365790510 0.742837033
v 0.499963210 -0.384209288 0.742840023
v 0.358041038 -0.377798138 0.909949057
v 0.352447737 -0.368693237 0.904090302
v 0.347272341 -0.371438955 0.916532708
v 0.352805627 -0.383267011 0.919164040
v 0.333996030 -0.363139966 0.903834473
v 0.333776139 -0.369687789 0.917913342
v 0.334640422 -0.383402383 0.921795249
v 0.407882563 -0.198646607 0.726354579
v 0.407874468 -0.202590978 0.740404223
v 0.426307993 -0.202616317 0.740150709
v 0.407904961 -0.217007205 0.744253834
v 0.015414341 -0.286413046 0.802156060
v 0.020960236 -0.292288884 0.811252640
v 0.026741411 -0.278999863 0.808196825
v 0.020994366 -0.273084513 0.799683222
v 0.039598690 -0.273487779 0.810851969
v 0.034124230 -0.269099251 0.801491329
v 0.038778475 -0.292011078 0.814134179
v 0.499984101 -0.513154446 0.742859823
v 0.499997502 -0.513155548 0.760713170
v 0.499980730 -0.457892485 0.832126999
v 0.500225566 -0.457873037 0.849934082
v 0.500328929 -0.476316444 0.850017298
v 0.498216225 -0.605693204 0.778408698
v 0.501001113 -0.587581380 0.778464574
v 0.501237119 -0.587474480 0.796315885
v 0.501849800 -0.606360843 0.796149085
v -0.123199548 -0.324418557 0.760905189
v -0.124185482 -0.324092923 0.780101524
v -0.125083344 -0.310673337 0.780110677
v -0.127750513 -0.309601506 0.761585054
v -0.112213415 -0.333046482 0.760678400
v -0.113070877 -0.332808616 0.779454272
v 0.463705860 -0.402631565 0.599468815
v 0.463705859 -0.384210523 0.599468814
v 0.482932538 -0.384210522 0.598687852
v 0.482932525 -0.402631579 0.598687857
v 0.260509513 -0.199850288 0.724975028
v 0.260643446 -0.199092707 0.743062281
v 0.279163088 -0.198831714 0.743400113
v 0.278976170 -0.199456662 0.725167429
v 0.113448422 -0.475020525 0.636264847
v 0.150002667 -0.402630852 0.600035546
v 0.149999286 -0.384211078 0.600004628
v 0.168420446 -0.384211110 0.599997094
v 0.315791294 -0.513140388 0.600041567
v 0.315789140 -0.494736849 0.600001557
v 0.334210338 -0.494738882 0.599997715
v 0.334210441 -0.513152464 0.600038086
v 0.205263158 -0.255277024 0.600013442
v 0.205263158 -0.236294141 0.599468811
v 0.223684211 -0.236294141 0.599468811
v 0.223684211 -0.255277024 0.600013442
v 0.002625547 -0.199327885 0.743252467
v 0.002503936 -0.198655035 0.761365794
v 0.020941523 -0.198989887 0.761333824
v 0.021050007 -0.199612691 0.743017892
v 0.150783336 -0.564240015 0.746742519
v 0.168525548 -0.571817103 0.756989821
v 0.149828808 -0.571636456 0.760404514
v 0.149629742 -0.554025472 0.739161390
v 0.002276561 -0.292193160 0.799550608
v 0.002961766 -0.273549815 0.796446773
v -0.093274962 -0.421709181 0.703350830
v -0.093941180 -0.406825865 0.702564085
v -0.090777544 -0.401441761 0.690608040
v 0.370377041 -0.255879941 0.742113468
v 0.439340476 -0.599352426 0.677300723
v 0.445232869 -0.590325069 0.671588418
v 0.449230906 -0.592821640 0.684250359
v 0.444639884 -0.601350627 0.689916492
v 0.425954322 -0.601896317 0.672004014
v 0.426353070 -0.604606187 0.689642037
v 0.431839785 -0.593028987 0.666282999
v 0.444903486 -0.202740496 0.739480652
v 0.463673955 -0.202534177 0.739935774
v 0.463739653 -0.198425754 0.725383209
v 0.462755851 -0.217193171 0.746912224
v 0.297378512 -0.325460318 0.853442414
v 0.297219082 -0.329096304 0.867728481
v 0.316495893 -0.325022890 0.868539807
v 0.310822325 -0.322793130 0.855567301
v 0.352416995 -0.623000378 0.725520196
v 0.371172939 -0.628057113 0.738697422
v 0.352254780 -0.627047237 0.739179551
v 0.131579651 -0.200004780 0.725000057
v 0.131574947 -0.200055408 0.742836877
v 0.149992482 -0.200052127 0.742811116
v 0.149999226 -0.200015563 0.724992730
v 0.039912947 -0.346945583 0.813767800
v 0.058208499 -0.346841270 0.814160830
v 0.057719013 -0.328391154 0.817306531
v 0.039252177 -0.328711168 0.814675665
v 0.496691977 -0.545816001 0.603876055
v 0.497959167 -0.532262437 0.602115688
v 0.502471622 -0.532744419 0.616457922
v 0.498964511 -0.551837938 0.616858251
v 0.482925721 -0.546823159 0.602233675
v 0.483192318 -0.555662260 0.612733690
v 0.483130641 -0.532361181 0.598297662
v 0.407892720 -0.384210527 0.600001954
v 0.407892720 -0.365789477 0.600001957
v 0.426283157 -0.365789477 0.600031637
v 0.353126496 -0.361552782 0.889980501
v 0.370993833 -0.369437180 0.900210545
v 0.371759652 -0.379490465 0.908512268
v 0.420714513 -0.599686995 0.658930262
v 0.426567090 -0.590358720 0.653076904
v 0.407698542 -0.602329221 0.653481859
v 0.408360669 -0.605254061 0.671383235
v 0.413809239 -0.593204148 0.648135768
v 0.094736906 -0.200002074 0.689287567
v 0.094736841 -0.199996294 0.707142531
v 0.113157975 -0.199997176 0.707142483
v 0.113157877 -0.200002098 0.689287618
v 0.297367937 -0.476316882 0.599997636
v 0.297368509 -0.457894957 0.599998875
v 0.315789511 -0.457894773 0.599999872
v 0.315789477 -0.476316636 0.599997903
v 0.168467332 -0.439414873 0.600062647
v 0.346475777 -0.261124091 0.754364990
v 0.334329914 -0.255223732 0.760539405
v 0.338398233 -0.272926611 0.764668940
v 0.186842105 -0.202603192 0.602523502
v 0.186842105 -0.198646412 0.616544991
v 0.186842105 -0.217067465 0.598687848
v 0.174198067 -0.231122651 0.802359671
v 0.186676816 -0.236404087 0.799294640
v 0.186629279 -0.217680824 0.796950180
v 0.172559088 -0.216808882 0.801307516
v 0.497396797 -0.347368448 0.602523514
v 0.501353578 -0.347368448 0.616545003
v 0.482932525 -0.347368448 0.598687861
v 0.338686790 -0.324353774 0.783300074
v 0.333303389 -0.327467925 0.795497163
v 0.351761182 -0.330037239 0.795620604
v 0.352593130 -0.325013589 0.781655358
v 0.463289996 -0.365743728 0.850511563
v 0.463514393 -0.368701413 0.868357952
v 0.469262570 -0.377138628 0.874482193
v 0.501307407 -0.476291176 0.616549728
v 0.500503891 -0.476310181 0.635177419
v -0.126838423 -0.201671241 0.602594117
v -0.126910047 -0.197800717 0.617005027
v -0.126509955 -0.216751447 0.598262777
v 0.167978704 -0.461694476 0.835957035
v 0.181679573 -0.463010529 0.836665899
v 0.168895114 -0.453647045 0.845368130
v 0.168795201 -0.439271512 0.852302916
v 0.389870222 -0.344536404 0.795939738
v 0.389140379 -0.344486777 0.814150195
v 0.393512926 -0.334015296 0.809234832
v 0.389728209 -0.332895011 0.795684164
v 0.407248588 -0.344729047 0.795970671
v 0.407549782 -0.332319131 0.795697981
v 0.403101965 -0.334544868 0.809304299
v 0.407259629 -0.348149880 0.814206262
v -0.052625124 -0.198662405 0.616544213
v -0.052621830 -0.199471703 0.635182613
v -0.123834781 -0.384403714 0.743066705
v -0.121246648 -0.379757059 0.755695477
v -0.121137002 -0.370534167 0.755640903
v -0.123446465 -0.365959110 0.742735353
v -0.111138152 -0.365545537 0.760713800
v -0.113873121 -0.360014980 0.748557546
v 0.500323655 -0.494784119 0.849967881
v 0.501459910 -0.476371929 0.868235046
v 0.501003981 -0.494859023 0.868059247
v 0.297368421 -0.255277024 0.600013442
v 0.297368421 -0.273716843 0.600031634
v -0.066418623 -0.415864529 0.604192704
v -0.071693587 -0.418423993 0.617275751
v -0.077418177 -0.408731232 0.611002537
v -0.071652900 -0.403157096 0.601248426
v -0.052539039 -0.420991156 0.602194563
v -0.057005831 -0.425355374 0.616853123
v -0.053231144 -0.403288605 0.598899652
v -0.145920624 -0.256304052 0.598656866
v -0.146116659 -0.236615327 0.597985255
v -0.126402921 -0.236332712 0.598691396
v -0.126779618 -0.255503422 0.598881206
v 0.208703083 -0.638886470 0.759826706
v 0.200139034 -0.628443101 0.777632213
v 0.201542111 -0.624520351 0.759772911
v 0.222330561 -0.646479667 0.759305584
v 0.444686828 -0.366714620 0.831995235
v 0.445034382 -0.365825351 0.850320036
v 0.278994213 -0.325240188 0.886120076
v 0.297613948 -0.329496130 0.885724784
v 0.352631552 -0.217067479 0.598687858
v 0.371052765 -0.217067474 0.598687748
v 0.371052739 -0.236294171 0.599468666
v 0.223527947 -0.623955436 0.830725012
v 0.241760186 -0.623913448 0.829999119
v 0.241933580 -0.605461405 0.833147293
v 0.223522421 -0.605281625 0.833228729
v 0.204654460 -0.237011669 0.795855700
v 0.204765602 -0.217403595 0.796455063
v 0.370559872 -0.325811232 0.781415879
v 0.370348538 -0.332728838 0.795746003
v 0.375570888 -0.343064773 0.800691957
v 0.278769709 -0.492167535 0.886187874
v 0.284076050 -0.488931676 0.898331833
v 0.279020285 -0.476423948 0.901013850
v 0.272966601 -0.482123544 0.891905197
v 0.297209679 -0.497376112 0.885909500
v 0.297780899 -0.490779480 0.899739536
v 0.297003977 -0.476603190 0.903854633
v 0.334210523 -0.292107280 0.600001958
v 0.334210523 -0.273716843 0.600031637
v 0.352631554 -0.273716842 0.600031660
v -0.034649872 -0.439641516 0.601525495
v -0.034850907 -0.421579565 0.598923386
v 0.021052638 -0.292107289 0.600002011
v 0.021052630 -0.273716846 0.600031636
v 0.039473683 -0.273716843 0.600031630
v 0.039473681 -0.292107282 0.600001941
v 0.499979462 -0.310562289 0.724928473
v 0.500168028 -0.292116264 0.725004549
v 0.501063336 -0.291888905 0.743354250
v 0.500541441 -0.310528211 0.742978223
v 0.499965201 -0.439473464 0.671460274
v 0.499967635 -0.421052610 0.671460217
v 0.499998406 -0.421052607 0.689287618
v 0.499997525 -0.439473470 0.689287651
v 0.500109552 -0.384198902 0.760710269
v 0.500354736 -0.365810746 0.760821489
v 0.500843658 -0.365883497 0.778862858
v 0.500640340 -0.384148346 0.778641849
v 0.500717820 -0.402453705 0.832082411
v 0.501300804 -0.402308666 0.850324462
v 0.500000504 -0.513157966 0.778571089
v 0.500002518 -0.513160308 0.796429512
v 0.499983178 -0.531573929 0.796431478
v 0.334052529 -0.513952003 0.901843642
v 0.352047165 -0.513963846 0.904490796
v 0.352336763 -0.495341604 0.904236077
v 0.333881395 -0.494826008 0.903925465
v 0.500599551 -0.457812885 0.867963961
v 0.498020675 -0.457826495 0.886619752
v 0.501373514 -0.476549533 0.886757910
v 0.075840578 -0.510377125 0.674522036
v 0.075789455 -0.513732655 0.688702108
v 0.076302552 -0.499380770 0.666995436
v 0.501686539 -0.606514084 0.814423152
v 0.501148747 -0.587463265 0.814344135
v 0.501050122 -0.587547847 0.832321074
v 0.498744698 -0.606548462 0.832544023
v 0.112989010 -0.513867341 0.814289364
v 0.131766035 -0.513187053 0.814470557
v 0.444722938 -0.439474268 0.600012862
v 0.463705831 -0.439474248 0.599468402
v -0.071405783 -0.454439997 0.775697767
v -0.052452511 -0.439261286 0.778409870
v -0.071207199 -0.439389962 0.778677851
v 0.371052745 -0.273716842 0.600031525
v 0.389474767 -0.273716867 0.600030516
v 0.279102086 -0.365333340 0.921190205
v 0.169334109 -0.513214338 0.828183750
v 0.187494768 -0.513272371 0.832047235
v 0.168697834 -0.494651186 0.831480087
v 0.131480222 -0.439515691 0.599252228
v 0.150014507 -0.439436115 0.599695538
v 0.021043604 -0.440065684 0.599297790
v 0.145339000 -0.440353152 0.836405864
v 0.153721273 -0.439359310 0.845911717
v 0.150117502 -0.421097474 0.846720753
v 0.143742036 -0.426515257 0.838062561
v 0.164004760 -0.422019013 0.854211821
v -0.010605011 -0.452576168 0.791258610
v -0.015984538 -0.439393596 0.793800187
v -0.021510007 -0.445140647 0.784544863
v 0.057894737 -0.292107279 0.600001952
v 0.057894737 -0.273716843 0.600031634
v 0.076315789 -0.273716843 0.600031634
v 0.501384508 -0.420821466 0.886931901
v 0.499029126 -0.402199997 0.886942126
v 0.496329331 -0.407231417 0.900035578
v 0.497518353 -0.420796319 0.901184783
v 0.488850854 -0.396117200 0.892585122
v 0.482992611 -0.401690736 0.902734679
v 0.482873231 -0.420616936 0.905007749
v 0.072356203 -0.365753140 0.818018924
v 0.080382537 -0.365371983 0.827769820
v 0.080252355 -0.347107301 0.827735832
v 0.072163711 -0.347632739 0.817887436
v 0.093994915 -0.366085703 0.835164547
v 0.094784859 -0.347378869 0.835164194
v 0.426006322 -0.604893570 0.707666408
v 0.444272360 -0.604831876 0.707287172
v 0.425870708 -0.608786992 0.721524322
v 0.370854084 -0.513736624 0.904357095
v 0.389647898 -0.513788775 0.903958281
v 0.389519629 -0.494846742 0.903084374
v 0.371103597 -0.495249097 0.903563409
v -0.011237024 -0.471951576 0.603578746
v -0.016316849 -0.477912190 0.616523544
v -0.022472464 -0.464891618 0.610658730
v -0.016105084 -0.458613881 0.601128312
v 0.002519261 -0.473246873 0.602474964
v 0.001524341 -0.480679070 0.616601068
v 0.002122527 -0.458946405 0.598503843
v -0.052599219 -0.398337514 0.792430349
v -0.071410875 -0.398283249 0.792826824
v -0.052920463 -0.384254219 0.796747772
v -0.071409229 -0.384642518 0.793450399
v 0.039473856 -0.347368447 0.599999972
v 0.039473713 -0.328947209 0.600000193
v 0.057894721 -0.328947246 0.599999941
v 0.057894749 -0.347368571 0.599999804
v 0.321593104 -0.341717748 0.891793031
v 0.316428015 -0.331262707 0.886510021
v 0.310666037 -0.334526865 0.898066795
v 0.315180682 -0.347171025 0.900997489
v 0.297203132 -0.332825811 0.900347334
v 0.298040592 -0.346851137 0.907480321
v -0.019990225 -0.255226259 0.782878827
v -0.011931934 -0.255121133 0.792300366
v -0.010721087 -0.242082771 0.790948657
v -0.016124617 -0.236190247 0.782447312
v 0.002635321 -0.240777513 0.792283020
v 0.002331678 -0.232373350 0.782433237
v 0.002179249 -0.255142312 0.796181926
v 0.131556739 -0.200031714 0.760702968
v 0.131580161 -0.199345378 0.778900296
v 0.150140297 -0.198905126 0.779231491
v 0.149994839 -0.199852198 0.760737797
v 0.352786078 -0.568268515 0.867650152
v 0.371544400 -0.568570910 0.867698482
v 0.370689565 -0.553201898 0.870972989
v 0.352858563 -0.549241964 0.869772955
v 0.132551117 -0.474192079 0.654848873
v 0.147258509 -0.478281020 0.655167100
v 0.146198494 -0.479473419 0.667057100
v 0.132120013 -0.478261068 0.668707866
v 0.426283133 -0.310525233 0.600030516
v 0.499211845 -0.551572842 0.635194654
v 0.501969556 -0.532159092 0.635488360
v 0.497485547 -0.530687077 0.653787114
v 0.495526180 -0.544825642 0.648199574
v 0.488713699 -0.556985364 0.641095249
v 0.481550171 -0.549697947 0.651372720
v 0.480964712 -0.534468143 0.657971802
v 0.143410421 -0.575548849 0.772952196
v 0.192122554 -0.580509761 0.799082457
v 0.200283238 -0.580460771 0.799147422
v 0.200486325 -0.573206972 0.798904202
v 0.192294371 -0.573268511 0.799423684
v 0.408216809 -0.609033424 0.689177717
v 0.411821950 -0.609175855 0.707099427
v 0.407617170 -0.365541059 0.868318099
v 0.407771430 -0.368726990 0.886037022
v 0.426343116 -0.369474335 0.882572082
v 0.426520142 -0.365554193 0.867795149
v 0.413121831 -0.377660183 0.891828646
v 0.426738007 -0.379060544 0.890662417
v 0.497381656 -0.273719174 0.602538188
v 0.497385782 -0.255268844 0.602534186
v 0.482907761 -0.255284866 0.598669672
v 0.186842105 -0.199452033 0.635183095
v 0.186842109 -0.200013884 0.653584863
v 0.205263157 -0.200013982 0.653584852
v 0.205263160 -0.199452038 0.635183097
v -0.019639614 -0.274115235 0.782043693
v -0.034286951 -0.255853676 0.778379657
v 0.421037637 -0.525946300 0.897766453
v 0.407660109 -0.527813068 0.899924225
v 0.408039840 -0.513990586 0.903389199
v 0.154242140 -0.508789283 0.603604282
v 0.148909624 -0.496352424 0.601420343
v 0.167868717 -0.509942095 0.602556738
v 0.167491037 -0.495873610 0.598401719
v 0.357725123 -0.342525441 0.818653442
v 0.351524504 -0.333665204 0.813883678
v 0.358235020 -0.341969733 0.827611631
v 0.333256932 -0.329665443 0.813854110
v 0.500001472 -0.476331354 0.653580615
v 0.033759971 -0.259955829 0.802049006
v 0.020956378 -0.255253676 0.799943168
v -0.129777919 -0.217741102 0.639799992
v -0.125774020 -0.218474621 0.653324225
v -0.122126763 -0.203296716 0.653474787
v -0.125765373 -0.201996301 0.635259831
v -0.107829717 -0.199049834 0.653572611
v -0.108252162 -0.198501182 0.635252380
v -0.128724503 -0.291666715 0.671867453
v -0.128949847 -0.291787641 0.688966173
v -0.131576006 -0.278751748 0.684956702
v -0.131651986 -0.279019599 0.676242663
v 0.371109136 -0.306575726 0.764490655
v 0.370462042 -0.314875491 0.773545508
v 0.389337090 -0.315432961 0.773301508
v 0.389204448 -0.306973779 0.764172294
v 0.388968495 -0.622467989 0.796753640
v 0.407440149 -0.622527542 0.796888235
v 0.407824136 -0.623105323 0.814759436
v 0.390077359 -0.626638684 0.814593440
v -0.084155155 -0.360692949 0.790931025
v -0.089460716 -0.346820740 0.797781958
v -0.095352624 -0.353030677 0.784764474
v -0.070534708 -0.366464886 0.793097683
v -0.071398610 -0.347226862 0.800377306
v -0.148706466 -0.255741262 0.636182140
v -0.145453430 -0.256351383 0.653523308
v -0.140007522 -0.241524284 0.653778824
v -0.129144937 -0.233295229 0.653177373
v -0.131221566 -0.231655301 0.641814227
v 0.328466354 -0.260321953 0.772619860
v 0.330093756 -0.274112677 0.774872678
v 0.322108959 -0.249184798 0.766720856
v 0.315899455 -0.255194069 0.776234981
v 0.316411814 -0.273134995 0.782009543
v 0.164710098 -0.217334718 0.811571691
v 0.168174408 -0.236555737 0.811362753
v 0.149897456 -0.236226154 0.814388441
v 0.150072410 -0.216928691 0.815215649
v 0.457973741 -0.370714321 0.880783153
v 0.463687673 -0.379910428 0.886923922
v 0.445131618 -0.365952808 0.868332216
v 0.444312012 -0.369229127 0.882316392
v 0.444893249 -0.378878245 0.890613807
v -0.016156724 -0.511789610 0.761697913
v -0.011666762 -0.508477747 0.774414944
v -0.015383470 -0.495409156 0.776535608
v -0.021936156 -0.501700358 0.767665053
v 0.002008143 -0.514592843 0.761093902
v 0.007328299 -0.500753255 0.766110406
v 0.002803344 -0.494743497 0.776059168
v -0.002291101 -0.508276373 0.773706592
v -0.090675389 -0.384669493 0.601499817
v -0.072002100 -0.384912953 0.598778634
v 0.445026881 -0.269827277 0.745902292
v 0.445438555 -0.255635135 0.741538998
v 0.002488502 -0.347572623 0.815714525
v 0.020847036 -0.347246365 0.815421702
v 0.020388473 -0.328696802 0.815128976
v 0.002468711 -0.328775895 0.811835450
v 0.210862238 -0.452242809 0.880417153
v 0.205104275 -0.439571578 0.885375529
v 0.217165858 -0.445629830 0.891972390
v -0.103638481 -0.365535208 0.774641627
v -0.105102303 -0.347456604 0.778599984
v -0.107776046 -0.347060702 0.760437158
v 0.425756044 -0.619372788 0.729417493
v 0.260545901 -0.494713566 0.600063927
v 0.260527815 -0.476314625 0.600031539
v 0.278945557 -0.476316736 0.600003038
v 0.278948010 -0.494724942 0.600037306
v 0.186842103 -0.328947256 0.599999893
v 0.186842105 -0.310525210 0.599998925
v 0.205263158 -0.310525210 0.599998928
v 0.205263158 -0.328947255 0.599999883
v 0.499953571 -0.457895613 0.671459975
v 0.499984444 -0.457895142 0.689288029
v 0.407892720 -0.402631576 0.600001967
v 0.501339697 -0.310174319 0.761745837
v 0.501201234 -0.291357430 0.761754372
v 0.497218580 -0.291771390 0.775819132
v 0.498422386 -0.309781781 0.780359873
v 0.482849590 -0.305889086 0.784229707
v 0.482418953 -0.291739167 0.776470546
v -0.108867666 -0.311013469 0.598796536
v 0.192762793 -0.543469239 0.658578941
v 0.190973419 -0.545539886 0.672040633
v 0.205535183 -0.548975396 0.653542366
v 0.200973672 -0.554034931 0.670415694
v 0.199121386 -0.537370173 0.648780237
v 0.501346657 -0.401950286 0.868643206
v 0.495887789 -0.389149444 0.881444185
v 0.482579508 -0.386008902 0.886819330
v 0.094733834 -0.402615079 0.599981191
v -0.052905670 -0.384490393 0.598958417
v 0.499956643 -0.531576144 0.814285481
v 0.499991300 -0.513162057 0.814287479
v 0.260526316 -0.292107280 0.600001955
v 0.076230485 -0.513425676 0.706862173
v 0.094947243 -0.515745811 0.707098234
v 0.089320428 -0.518666548 0.719354711
v 0.075758209 -0.516544977 0.721441920
v 0.497217016 -0.602431703 0.849859014
v 0.501219394 -0.587373445 0.850485349
v 0.498773773 -0.588021352 0.868606421
v 0.495718425 -0.600447068 0.863518987
v 0.482761502 -0.609895516 0.851037706
v 0.245968103 -0.306822718 0.849806991
v 0.168609884 -0.288975282 0.817062873
v 0.181545058 -0.287213794 0.819258326
v 0.187129143 -0.273955683 0.816335947
v 0.168550993 -0.274103579 0.814367182
v 0.316260058 -0.402212702 0.925103419
v 0.316185639 -0.384146897 0.922021762
v 0.241396952 -0.662318249 0.778665467
v 0.223684211 -0.328947255 0.599999889
v 0.223684211 -0.310525210 0.599998928
v 0.242105263 -0.310525210 0.599998928
v 0.242105263 -0.328947255 0.599999890
v 0.352631553 -0.328947255 0.599999915
v 0.371052745 -0.328947255 0.599999780
v 0.153272834 -0.564713157 0.815231076
v 0.154087208 -0.563211727 0.828366019
v 0.153160652 -0.551279217 0.829372242
v 0.149650058 -0.549551203 0.814786863
v 0.167763924 -0.571828810 0.814684580
v 0.167055124 -0.564675441 0.829311067
v 0.167072661 -0.550723072 0.833632467
v -0.101422141 -0.396062791 0.695725325
v -0.113573452 -0.389570303 0.701905391
v -0.107711643 -0.386548192 0.689594258
v -0.093991349 -0.389217094 0.685187181
v 0.208342220 -0.624048202 0.746321887
v 0.199000637 -0.611307409 0.754825379
v 0.205204654 -0.605119244 0.745475374
v 0.205621644 -0.565690283 0.832330872
v 0.210473826 -0.563045717 0.845541830
v 0.204645451 -0.550841429 0.848211589
v 0.199046221 -0.556031012 0.839248736
v 0.057119220 -0.513788554 0.688518846
v 0.057868283 -0.513128199 0.707319182
v 0.247666658 -0.321403632 0.910790060
v 0.260295665 -0.331909197 0.918659205
v 0.261842666 -0.323268047 0.908659072
v 0.261069248 -0.346716355 0.922174606
v 0.284298206 -0.231176924 0.766113984
v 0.297094520 -0.232782178 0.764427526
v 0.297555726 -0.217450258 0.760802488
v 0.282746557 -0.217522627 0.764841771
v 0.279011170 -0.531687915 0.599719535
v 0.278970453 -0.513121935 0.600049296
v 0.297369532 -0.513133612 0.600045506
v 0.297381985 -0.531608402 0.599882653
v 0.131770909 -0.198416854 0.797101771
v 0.131847314 -0.202180882 0.811543540
v 0.150287508 -0.202294735 0.811709112
v 0.150570349 -0.198478333 0.797715903
v 0.131854667 -0.216993488 0.815255540
v 0.426282056 -0.236294254 0.599499268
v 0.426278820 -0.217074238 0.598708712
v 0.209746466 -0.268688347 0.800747556
v 0.205400146 -0.270914283 0.813791156
v 0.223877538 -0.270309256 0.813824302
v 0.219044478 -0.268249091 0.801037838
v 0.496544758 -0.549260418 0.675249438
v 0.497264221 -0.530857806 0.671406655
v 0.480914969 -0.548643642 0.671186551
v 0.480637384 -0.533956926 0.667713747
v 0.347163314 -0.537479073 0.872886214
v 0.334211101 -0.200057596 0.671444933
v 0.334212475 -0.199989260 0.689299135
v 0.352634263 -0.200001663 0.689314523
v 0.352631476 -0.200065574 0.671434070
v -0.034498499 -0.439389749 0.781909552
v -0.037820058 -0.420782932 0.782103190
v 0.186842100 -0.200032643 0.671460257
v 0.205263095 -0.200032607 0.671460253
v 0.462943252 -0.607263389 0.760741587
v 0.315757859 -0.550164479 0.599512423
v 0.315798767 -0.531547963 0.600037440
v 0.334214484 -0.531540242 0.600095880
v 0.334219363 -0.550023014 0.599691546
v 0.321472244 -0.610263417 0.702551427
v 0.500688564 -0.347386126 0.761083568
v 0.156606905 -0.507081988 0.648953756
v 0.154479581 -0.493473066 0.654413441
v 0.164229687 -0.499896704 0.659268981
v 0.359155108 -0.340473630 0.855643227
v 0.333710859 -0.311714039 0.780114404
v 0.327176242 -0.317812443 0.789748265
v 0.321083356 -0.306247537 0.783792127
v 0.314768204 -0.311712384 0.795623136
v 0.320110278 -0.324782930 0.800713849
v -0.126847878 -0.202106640 0.671265797
v -0.108599175 -0.199021131 0.671346530
v 0.483214937 -0.216785065 0.597923209
v 0.482975018 -0.236244829 0.598245643
v 0.500127431 -0.568422975 0.796415499
v 0.500105347 -0.568405899 0.814272807
v -0.056166470 -0.235998571 0.765024421
v -0.048275570 -0.237417248 0.774285348
v -0.046859409 -0.222905640 0.773477348
v -0.053020165 -0.217281229 0.764434514
v -0.034490796 -0.217149624 0.776471736
v -0.040226085 -0.211397296 0.767402111
v -0.034156559 -0.236252593 0.778769098
v 0.389665119 -0.476239742 0.906240640
v 0.223684216 -0.384210505 0.600000145
v 0.168421053 -0.217067465 0.598687848
v 0.389675542 -0.623772562 0.831650938
v 0.395347451 -0.618512726 0.844990428
v 0.389166020 -0.608319583 0.850301334
v 0.385200809 -0.610609237 0.837303029
v 0.407898805 -0.623914118 0.832670727
v 0.408404530 -0.621269335 0.850778478
v 0.402455832 -0.611720679 0.856057123
v -0.145045923 -0.255373805 0.671568409
v -0.165991508 -0.236562538 0.602589116
v -0.165447562 -0.217420375 0.602505553
v -0.146146624 -0.216504674 0.598119102
v 0.021052826 -0.328947047 0.599999960
v 0.021052538 -0.347368657 0.599997258
v 0.426278820 -0.198667815 0.616551711
v 0.426282050 -0.199482277 0.635184318
v 0.444712046 -0.199441281 0.635196006
v 0.444715134 -0.198627510 0.616569150
v 0.131727446 -0.439358817 0.828832510
v 0.131590428 -0.420954299 0.834905497
v -0.085121270 -0.471821328 0.748550232
v -0.085005475 -0.471695083 0.757021388
v -0.090444869 -0.458655764 0.761674817
v -0.090174424 -0.461715433 0.743900560
v -0.074869594 -0.477012004 0.743595008
v -0.077551623 -0.464335421 0.738465930
v 0.002627192 -0.217369765 0.778985698
v -0.016217164 -0.217167589 0.779281574
v 0.057338876 -0.476612321 0.800153336
v 0.063219484 -0.471331096 0.809232719
v 0.070722586 -0.481979673 0.802338017
v 0.443472507 -0.627136061 0.778199881
v 0.426041187 -0.627463512 0.778532456
v 0.497396807 -0.384210523 0.602523504
v 0.497396808 -0.365789477 0.602523503
v 0.482932535 -0.365789477 0.598687851
v 0.407892315 -0.202604023 0.602524254
v 0.407892405 -0.198648733 0.616544391
v 0.426280826 -0.202618370 0.602538165
v 0.407892404 -0.217066738 0.598690200
v 0.499998367 -0.457894113 0.707141481
v 0.500002201 -0.457894420 0.724999549
v -0.126000341 -0.310395348 0.634927872
v 0.463755168 -0.198190116 0.616503869
v 0.463687070 -0.198865818 0.635201757
v 0.482975004 -0.198189661 0.635135785
v 0.483214927 -0.197857560 0.616271257
v 0.190385191 -0.549447728 0.689474503
v 0.184825929 -0.549597851 0.707021824
v 0.173102670 -0.619190840 0.784188783
v 0.167743616 -0.606436616 0.782038214
v 0.186721340 -0.621045671 0.778989246
v 0.182699148 -0.606096630 0.774235902
v 0.020922079 -0.513136181 0.725049514
v 0.039487268 -0.509358845 0.725707977
v 0.026068279 -0.520066609 0.737761763
v 0.026539327 -0.499522731 0.719873908
v 0.035034592 -0.498546073 0.720776995
v 0.260526316 -0.202603193 0.602523504
v 0.278947368 -0.202603202 0.602523500
v 0.407634742 -0.564513308 0.603255462
v 0.425977771 -0.564693510 0.602749940
v 0.426605222 -0.572906829 0.612863067
v 0.408084368 -0.573173953 0.612948922
v 0.315789474 -0.292107280 0.600001954
v 0.168421053 -0.292107280 0.600001954
v 0.168421053 -0.273716843 0.600031634
v 0.389924466 -0.601289715 0.863788661
v 0.390047716 -0.586476139 0.868255245
v 0.260663221 -0.313332030 0.900297352
v 0.482974543 -0.565885156 0.621725574
v 0.482735136 -0.566857650 0.635630897
v -0.149328053 -0.275023276 0.616814596
v -0.146384595 -0.274633659 0.601871165
v -0.015583107 -0.329037463 0.799182563
v 0.002631569 -0.198646384 0.616544987
v 0.021052643 -0.198646429 0.616544991
v 0.095106100 -0.494962012 0.811201985
v 0.389176902 -0.297182867 0.755740006
v 0.408371762 -0.297171903 0.755478977
v 0.407469577 -0.289079546 0.745685434
v 0.408534357 -0.307091577 0.763812623
v 0.038661916 -0.310399778 0.814851717
v 0.020625763 -0.310096633 0.814535697
v 0.371052733 -0.255277037 0.600013308
v 0.223514447 -0.256001950 0.798478977
v 0.205585181 -0.256074200 0.798310399
v 0.149928968 -0.494527816 0.828946723
v 0.168095871 -0.476354995 0.832582326
v 0.149637263 -0.476539595 0.832165614
v -0.071050776 -0.255276569 0.600033957
v 0.007482022 -0.507107944 0.712186822
v 0.002270875 -0.513951965 0.724610555
v -0.002644163 -0.500852224 0.718477410
v 0.003355745 -0.497188797 0.706990616
v 0.016830549 -0.506562120 0.712683866
v 0.021519871 -0.496691729 0.707502788
v 0.333831943 -0.440164414 0.921158440
v 0.334103604 -0.420879993 0.921528159
v 0.316593759 -0.420875571 0.924963797
v 0.223054804 -0.495066774 0.852632541
v -0.066396993 -0.471058500 0.658413898
v 0.371254163 -0.480596620 0.907371902
v 0.352525743 -0.480615934 0.907816456
v 0.463092571 -0.439477749 0.903684752
v 0.463625173 -0.420470687 0.905141098
v 0.199737251 -0.286078218 0.837842402
v 0.206185099 -0.291544783 0.847345140
v 0.209998541 -0.278283739 0.845108542
v 0.205823026 -0.275956849 0.832763543
v 0.229508747 -0.286038995 0.837999861
v 0.223324555 -0.275795768 0.832633568
v 0.219405285 -0.278189201 0.845492745
v 0.223551748 -0.291306777 0.850769861
v -0.015789381 -0.255276985 0.600013547
v -0.015789430 -0.273716766 0.600031446
v 0.334201863 -0.199501554 0.707456213
v 0.334143703 -0.198974608 0.725461345
v 0.352612906 -0.198690418 0.725980931
v 0.352640710 -0.199423259 0.707690474
v 0.334210534 -0.476316150 0.599997921
v 0.247415976 -0.617789035 0.712473176
v 0.241189816 -0.608631689 0.707000115
v 0.260094340 -0.620874409 0.707323515
v 0.253924070 -0.612212753 0.701191572
v 0.039480654 -0.200045432 0.724965610
v 0.039473830 -0.200012541 0.707138465
v 0.389474790 -0.328947255 0.599998818
v 0.020673792 -0.472850758 0.602828940
v 0.020846148 -0.459076950 0.598542120
v 0.501418267 -0.347239953 0.779120955
v 0.497313003 -0.347305962 0.792927272
v 0.497670014 -0.366252948 0.796187681
v 0.482961907 -0.362544769 0.799808138
v 0.164175406 -0.518549959 0.683862042
v 0.164402716 -0.499487512 0.667845225
v -0.126831675 -0.201750084 0.721941135
v -0.107881603 -0.201853670 0.725058568
v -0.111706357 -0.217228035 0.729467168
v 0.500438868 -0.568517812 0.832115092
v 0.501157872 -0.568869958 0.850212317
v 0.315789474 -0.273716843 0.600031633
v 0.315789474 -0.255277024 0.600013442
v 0.315787717 -0.200014492 0.689255745
v 0.315777314 -0.199692299 0.707273627
v 0.319928889 -0.291666187 0.782194315
v 0.310252449 -0.279029788 0.790488304
v 0.311408153 -0.293365536 0.791885186
v 0.303422308 -0.267661437 0.785074358
v -0.071219994 -0.287956988 0.782862274
v -0.070716037 -0.274227309 0.775334284
v 0.131578947 -0.292107280 0.600001956
v 0.131578947 -0.273716843 0.600031634
v 0.150000000 -0.273716843 0.600031634
v 0.150000000 -0.292107280 0.600001955
v 0.002631622 -0.273716837 0.600031740
v 0.002631587 -0.255277018 0.600013484
v -0.141368678 -0.255986269 0.721250474
v -0.125304118 -0.255970255 0.724659451
v 0.100291951 -0.556857226 0.783988453
v 0.113468313 -0.546126583 0.792198898
v 0.094331019 -0.550809920 0.794194695
v 0.113126630 -0.535129996 0.800520000
v -0.011481621 -0.273829400 0.791634607
v 0.426284090 -0.200050707 0.653580721
v 0.444721802 -0.200028374 0.653582368
v 0.205263162 -0.365789465 0.600000168
v 0.205263154 -0.347368448 0.600000033
v 0.223684210 -0.347368447 0.600000016
v 0.223684203 -0.365789473 0.600000022
v 0.278433057 -0.628601523 0.720799131
v -0.105203269 -0.366320059 0.602159271
v -0.015789728 -0.292107184 0.600000763
v 0.002631672 -0.292107238 0.600002138
v -0.102892421 -0.453703472 0.711983482
v -0.104481663 -0.454686798 0.725083464
v -0.108978306 -0.440695091 0.709952651
v -0.089376398 -0.455336424 0.706858343
v -0.089594843 -0.458534605 0.725012029
v -0.093808947 -0.440498508 0.703190314
v 0.116852499 -0.255732509 0.817786005
v 0.358010809 -0.543586488 0.879491899
v 0.352187701 -0.534900131 0.886020423
v 0.371594617 -0.545467659 0.881247301
v 0.370655835 -0.536050152 0.890150670
v 0.497396002 -0.292107686 0.602524283
v 0.500002444 -0.402631545 0.707142230
v 0.499998692 -0.402631767 0.725001000
v -0.034504146 -0.384508088 0.800333941
v -0.029440537 -0.379946160 0.809856498
v -0.029146508 -0.371512457 0.809632911
v -0.034569871 -0.366486474 0.799872699
v -0.016396207 -0.388665327 0.801479682
v -0.016222285 -0.380463938 0.811233019
v -0.016286333 -0.366409773 0.812246137
v -0.022219953 -0.360941679 0.802595284
v 0.407893161 -0.199454232 0.635183447
v 0.407892949 -0.200018247 0.653582899
v 0.500672849 -0.512889558 0.671465347
v 0.500001316 -0.457894678 0.742857197
v 0.500001266 -0.457894226 0.760714443
v 0.348995999 -0.658315717 0.778921437
v 0.355351588 -0.642253161 0.778179232
v 0.355680796 -0.642389781 0.796686720
v 0.349351235 -0.657741606 0.795966224
v 0.334783011 -0.662464174 0.778109557
v 0.334555198 -0.659491997 0.796551428
v 0.463693227 -0.199445375 0.653594082
v 0.463706090 -0.199509287 0.671447319
v 0.482908028 -0.198628964 0.653592816
v 0.315789474 -0.217067466 0.598687847
v 0.315789474 -0.236294141 0.599468810
v 0.020390174 -0.513990562 0.763417227
v 0.027060521 -0.507276737 0.773132268
v 0.020755357 -0.494560166 0.778740807
v 0.016710622 -0.500258294 0.766480180
v 0.034073076 -0.519304767 0.766448510
v 0.039681040 -0.513480685 0.779077073
v 0.033819346 -0.500378507 0.784243312
v 0.496020805 -0.518164585 0.899679346
v 0.482327971 -0.508755073 0.890042387
v 0.482214464 -0.516311382 0.901161413
v 0.089022278 -0.499926333 0.801975374
v -0.065185058 -0.452596983 0.641230676
v -0.067397214 -0.438952952 0.639916601
v -0.052765801 -0.454776437 0.635846425
v -0.056339887 -0.439318885 0.631679467
v 0.168421053 -0.328947255 0.599999932
v 0.168421075 -0.347368430 0.600000068
v -0.140521864 -0.288347012 0.635287715
v -0.140424749 -0.287807226 0.653168369
v -0.145057898 -0.273858272 0.653740299
v -0.145965736 -0.273882744 0.635380588
v -0.130018886 -0.296316492 0.635964619
v -0.129591436 -0.295694827 0.653703848
v 0.315459101 -0.587667243 0.601613659
v 0.315540584 -0.569122439 0.598670576
v 0.333607011 -0.292645228 0.775219425
v 0.168692688 -0.255477098 0.813380107
v 0.499962463 -0.402636764 0.760703400
v 0.500119346 -0.402607420 0.778579056
v 0.464013947 -0.628703485 0.796579941
v 0.483211434 -0.628434507 0.795629349
v 0.198851850 -0.556174517 0.683770343
v 0.395504411 -0.396068303 0.910248198
v 0.408191599 -0.402123454 0.906958685
v 0.407715300 -0.383514507 0.901179020
v 0.389711790 -0.382913525 0.907483354
v 0.320129036 -0.657734873 0.760248892
v 0.315899442 -0.658605712 0.778392001
v 0.334399396 -0.659637129 0.759598197
v 0.026891148 -0.370877540 0.801340044
v 0.021570971 -0.365585389 0.811558490
v 0.016336663 -0.378209523 0.808566363
v 0.003124460 -0.388460619 0.800446544
v 0.001951233 -0.380389404 0.811179701
v 0.002312099 -0.366137063 0.815493906
v 0.316090558 -0.602635125 0.850290986
v 0.320421502 -0.600021249 0.863415732
v 0.334190515 -0.608825981 0.851102512
v 0.334309530 -0.601738428 0.864963355
v 0.333432215 -0.587914932 0.869075396
v -0.104195415 -0.384324910 0.774949280
v 0.131578948 -0.199452036 0.635183097
v 0.131578947 -0.200013879 0.653584869
v 0.149999999 -0.200013881 0.653584857
v 0.150000000 -0.199452037 0.635183096
v 0.203176834 -0.628594808 0.819812100
v 0.217994677 -0.631017127 0.821696591
v 0.204599540 -0.619953898 0.830116777
v 0.204871988 -0.605787743 0.830645589
v 0.228429442 -0.315202298 0.917260536
v 0.237466066 -0.315031023 0.917149956
v 0.223907348 -0.198399021 0.779996187
v 0.223969046 -0.202394726 0.794006460
v 0.242222725 -0.202425446 0.794107520
v 0.242726855 -0.198425108 0.780040329
v 0.421361667 -0.323699482 0.783355302
v 0.431834418 -0.316408713 0.790850632
v 0.426870432 -0.313514859 0.778293578
v 0.094736842 -0.202603192 0.602523502
v 0.113157895 -0.202603191 0.602523502
v 0.260084534 -0.565774319 0.602807729
v 0.260271666 -0.550700266 0.598756299
v 0.260526316 -0.328947255 0.599999890
v 0.260526316 -0.310525210 0.599998928
v 0.352573120 -0.609838314 0.854643204
v 0.371185852 -0.607789902 0.850280890
v 0.371219139 -0.600955835 0.864183262
v 0.352382704 -0.601813825 0.865620774
v 0.371381503 -0.587039717 0.867871788
v 0.352435265 -0.587607498 0.868747495
v 0.389474772 -0.255277074 0.600012304
v 0.389474898 -0.236294068 0.599467915
v 0.407893166 -0.236293287 0.599472025
v 0.039346022 -0.199076903 0.760973918
v 0.039483865 -0.199858970 0.742823487
v -0.034293721 -0.491449117 0.689677110
v -0.034412321 -0.491370686 0.706961858
v -0.015420217 -0.494231244 0.689572007
v -0.015124518 -0.494543047 0.706902424
v -0.151249017 -0.217413036 0.703573224
v 0.285191323 -0.340797663 0.910294746
v 0.279439784 -0.327611664 0.904401176
v 0.274189952 -0.333936651 0.916664063
v 0.278892324 -0.347018187 0.919034955
v 0.044918244 -0.507822775 0.791255016
v 0.039761954 -0.494512567 0.793959475
v 0.051460011 -0.518868054 0.784546903
v 0.035135487 -0.497830131 0.707577784
v 0.408441252 -0.315250463 0.773851041
v 0.426584962 -0.306572711 0.764434889
v 0.260664311 -0.274418246 0.798693133
v 0.254433652 -0.279798216 0.808277397
v 0.247450305 -0.268376379 0.801807412
v 0.241512137 -0.273768253 0.813506226
v 0.247305097 -0.286508151 0.819236173
v 0.501225839 -0.569490129 0.868805961
v 0.498161465 -0.568939109 0.887139202
v 0.495818764 -0.583129997 0.881745682
v 0.080714341 -0.564555959 0.766345867
v 0.074885115 -0.567830052 0.779305909
v 0.069156801 -0.557411712 0.773266190
v 0.075890312 -0.550838858 0.760390004
v 0.094940035 -0.565699877 0.764950787
v 0.094227156 -0.566934314 0.778576405
v 0.094283698 -0.554897698 0.756430514
v 0.482889931 -0.314029465 0.794226046
v 0.315797538 -0.199132121 0.725697488
v 0.316048396 -0.201427805 0.743826667
v 0.334105555 -0.202928420 0.739934137
v 0.321734497 -0.211517388 0.749304533
v 0.334544729 -0.217452673 0.746364044
v 0.241880178 -0.513083300 0.852718832
v 0.247082883 -0.507044189 0.861563157
v 0.242031441 -0.494662921 0.867554604
v 0.236125778 -0.500335388 0.855559224
v 0.260221601 -0.516477192 0.853518496
v 0.261051566 -0.509055033 0.862850269
v 0.259965708 -0.498780280 0.871397423
v 0.278978902 -0.550582053 0.599134309
v 0.297331296 -0.550350052 0.599122220
v 0.173463368 -0.324471249 0.855073284
v 0.168155066 -0.325119951 0.868049822
v 0.303530902 -0.507190448 0.880201340
v 0.292544656 -0.500186418 0.873399666
v 0.310350541 -0.518039359 0.873437872
v 0.315782779 -0.513178335 0.885930568
v 0.310294465 -0.500765518 0.891212468
v 0.444721787 -0.255278213 0.600024579
v -0.089444572 -0.255023407 0.764513532
v -0.084311178 -0.250163779 0.774415025
v -0.085620732 -0.241074059 0.774605042
v -0.071499987 -0.254902968 0.764594712
v -0.071885938 -0.236690402 0.764626420
v -0.076187548 -0.242453371 0.774000656
v -0.071083408 -0.255444675 0.774934784
v 0.057921365 -0.200066076 0.742794684
v 0.057904876 -0.199688349 0.760743091
v 0.076361554 -0.200039781 0.760693682
v 0.076325139 -0.200081121 0.742832796
v 0.292987142 -0.550204955 0.853981544
v 0.003069620 -0.494553569 0.689387184
v 0.021041826 -0.494135843 0.689277804
v 0.076315620 -0.384208746 0.600013982
v 0.131578947 -0.255277024 0.600013442
v -0.085209303 -0.398236809 0.792225395
v -0.084596722 -0.389731591 0.791818050
v 0.063413493 -0.481618407 0.648103927
v 0.219076788 -0.304901512 0.855393313
v 0.237981525 -0.296349365 0.849205638
v 0.236580072 -0.297503449 0.862968175
v -0.104595956 -0.454781190 0.742857032
v -0.103372758 -0.453402534 0.756103127
v -0.105097460 -0.439765586 0.757954960
v -0.094651088 -0.441108713 0.766129506
v -0.034154969 -0.365740020 0.600061882
v 0.039483370 -0.440062520 0.599458070
v 0.297129571 -0.366298337 0.918217747
v 0.334039681 -0.604455606 0.671806780
v 0.352459758 -0.604299830 0.671976478
v 0.334197007 -0.604627196 0.689971473
v 0.352452661 -0.202766892 0.739503403
v 0.371044953 -0.202587798 0.740152150
v 0.371075160 -0.198624402 0.726337684
v 0.278517117 -0.499070449 0.872012655
v 0.499973414 -0.402633937 0.742853644
v 0.407892799 -0.200067279 0.671427003
v 0.261110409 -0.568324266 0.834397202
v 0.500664184 -0.513088605 0.689222684
v 0.500000524 -0.457894596 0.778571320
v -0.107829340 -0.255530845 0.742032605
v -0.104526735 -0.255680684 0.756721078
v 0.334301521 -0.529044929 0.885836382
v 0.463693235 -0.255287954 0.599459420
v 0.463707437 -0.199437792 0.689301169
v 0.463710799 -0.198928944 0.707437999
v 0.482912781 -0.198329542 0.707227693
v -0.052180314 -0.255548820 0.775072101
v 0.242105401 -0.421052973 0.599998927
v 0.150000000 -0.255277024 0.600013442
v 0.334210523 -0.365789477 0.600000006
v 0.021050427 -0.365792366 0.599994154
v 0.316042476 -0.605391858 0.653503322
v 0.334188009 -0.605476950 0.653574637
v 0.499998791 -0.421037784 0.796437040
v 0.500346851 -0.402503619 0.796439782
v 0.500498640 -0.402458205 0.814241885
v 0.499958233 -0.421014692 0.814284729
v 0.468521093 -0.500409249 0.890507269
v 0.483072641 -0.498225871 0.890088168
v 0.482465821 -0.490850745 0.900455503
v 0.482819026 -0.476221088 0.904540549
v 0.223685785 -0.476306749 0.599884157
v -0.085451471 -0.416736334 0.636104203
v -0.089933099 -0.402647370 0.635074821
v -0.071557520 -0.424268693 0.635228540
v -0.077264386 -0.426710224 0.648254310
v -0.001364793 -0.309925688 0.800764854
v 0.006379556 -0.310896741 0.810672112
v 0.008256412 -0.297348581 0.809121016
v -0.071513035 -0.328865725 0.801515352
v 0.131578940 -0.200032678 0.671460164
v 0.131578939 -0.200001654 0.689287694
v 0.150000038 -0.200001401 0.689288084
v 0.149999999 -0.200032610 0.671460177
v 0.431413234 -0.612248646 0.856141437
v -0.019750621 -0.346958248 0.800266448
v -0.011976525 -0.348385521 0.810967629
v -0.009794401 -0.334462668 0.808789271
v -0.003349750 -0.323494727 0.802163107
v 0.301155224 -0.549770275 0.863859520
v 0.242117965 -0.494690878 0.599892233
v 0.242110214 -0.476303399 0.600028009
v 0.426607795 -0.293089068 0.756679406
v 0.421340072 -0.287202422 0.747143732
v 0.242610002 -0.567560224 0.650826769
v 0.237920307 -0.554485724 0.648388352
v 0.255182120 -0.573866424 0.648479348
v 0.500547932 -0.347368448 0.635183101
v 0.469080862 -0.360922050 0.801342783
v 0.167860695 -0.307566177 0.834874039
v 0.168871086 -0.314392673 0.849638858
v 0.181914103 -0.305778988 0.836501513
v 0.026709518 -0.204216790 0.791339039
v 0.021019061 -0.202225863 0.778694646
v 0.039007592 -0.201605707 0.797671042
v 0.038902555 -0.198815115 0.779498292
v 0.099877248 -0.526647853 0.809500377
v 0.098404659 -0.513436998 0.810696185
v 0.113042442 -0.527814534 0.810641046
v 0.052177365 -0.426380223 0.801851871
v 0.264263551 -0.645586785 0.797569733
v 0.278499512 -0.641093768 0.796343386
v 0.278538430 -0.637045730 0.810291399
v 0.260230464 -0.642279816 0.811968322
v 0.278939721 -0.627457501 0.818644083
v 0.260939778 -0.628510793 0.819249699
v 0.497186652 -0.568980817 0.674547559
v 0.501797607 -0.569064624 0.688143614
v 0.482107206 -0.568548021 0.670569168
v 0.260079911 -0.476770675 0.889229878
v 0.265870856 -0.470859476 0.898095785
v 0.278791892 -0.458006569 0.906355603
v -0.122812868 -0.380420245 0.689808436
v -0.125015150 -0.384365884 0.706908022
v -0.127597794 -0.366084455 0.707188670
v -0.126969381 -0.366405986 0.689009483
v 0.193245470 -0.599495251 0.749025098
v 0.189929071 -0.604865502 0.760350940
v 0.184180513 -0.586252883 0.761156976
v 0.191793260 -0.585213114 0.747790294
v 0.205884822 -0.585918353 0.740466197
v 0.403945475 -0.619629515 0.707279374
v 0.413185388 -0.610292122 0.720083791
v -0.071008718 -0.292087342 0.600072593
v -0.071030764 -0.273711627 0.600079613
v 0.330445795 -0.623864276 0.836381943
v 0.297366292 -0.494733009 0.600012198
v 0.297826485 -0.254872459 0.782086972
v 0.292015893 -0.260739162 0.791091728
v 0.284632352 -0.249853538 0.784345594
v 0.278652780 -0.255515586 0.793379016
v 0.163339537 -0.346894414 0.890411261
v 0.171049153 -0.347535667 0.901142504
v 0.173096756 -0.333195826 0.899124830
v 0.167265441 -0.328211065 0.886814731
v 0.181276185 -0.346608792 0.909259351
v -0.160101804 -0.231631708 0.713277370
v -0.159827224 -0.231550330 0.721054923
v -0.161546045 -0.217405997 0.722089368
v -0.161688649 -0.217524816 0.712221474
v 0.463211378 -0.457786405 0.903514649
v 0.445256731 -0.457745432 0.903745867
v 0.057581233 -0.198635620 0.779286308
v 0.056980930 -0.198281213 0.797838590
v 0.076065862 -0.198393359 0.797116190
v 0.076319846 -0.199303304 0.778900504
v -0.111656120 -0.236845075 0.728761107
v 0.131970413 -0.535467613 0.799677952
v 0.145262857 -0.536488564 0.801525690
v 0.150219904 -0.531179552 0.814045121
v 0.131968145 -0.527449041 0.809933580
v 0.150347185 -0.513766242 0.817375132
v 0.200385162 -0.573496185 0.738332661
v 0.218587413 -0.591411299 0.738339596
v -0.034212687 -0.310527803 0.600000447
v 0.061691373 -0.565363908 0.784720978
v 0.061682488 -0.565533991 0.793489358
v 0.060725762 -0.551747952 0.793821391
v 0.059253115 -0.551362287 0.779829657
v 0.074167607 -0.566754881 0.793585897
v 0.075063532 -0.551801384 0.797512305
v 0.186842146 -0.384210588 0.599998099
v 0.266279876 -0.581531879 0.621922734
v 0.264096977 -0.582953055 0.636016624
v 0.274999125 -0.591295199 0.634570177
v 0.182023442 -0.573588242 0.755736395
v 0.500783605 -0.384112265 0.796373845
v 0.339518597 -0.359820993 0.892005673
v -0.052567648 -0.347315657 0.600033970
v -0.052589083 -0.328927273 0.600083926
v -0.034207248 -0.328950076 0.600026136
v -0.034185098 -0.347354435 0.600077710
v -0.112863730 -0.334303393 0.747237476
v 0.482818137 -0.200701124 0.744312756
v 0.482898142 -0.197978161 0.725674239
v 0.476619329 -0.210871500 0.750170139
v 0.444722926 -0.310525228 0.600012304
v 0.463705932 -0.310525102 0.599467914
v 0.100003269 -0.481385584 0.666646158
v 0.113859356 -0.479078637 0.668603499
v 0.260042450 -0.296704241 0.827510914
v 0.278875826 -0.296522864 0.827895134
v 0.260171321 -0.306859393 0.835926502
v 0.279061953 -0.306135563 0.836206900
v 0.260606916 -0.602301156 0.671981277
v 0.279593194 -0.602046742 0.671155191
v 0.259891224 -0.609169556 0.688649394
v -0.142419978 -0.292571111 0.708131909
v -0.142005042 -0.292853573 0.721093630
v -0.141649447 -0.274463269 0.721262777
v -0.145752640 -0.274161705 0.707701858
v 0.466855890 -0.535097618 0.660176185
v 0.466661018 -0.534749837 0.666449261
v 0.333598712 -0.608354771 0.704011780
v 0.499954883 -0.421103462 0.832085911
v 0.500480272 -0.421097882 0.850028354
v 0.389475803 -0.494725724 0.600021001
v 0.260667691 -0.255512193 0.796677511
v 0.242059768 -0.255076335 0.799224191
v -0.179202653 -0.231469757 0.604276304
v -0.179802414 -0.231523243 0.612105589
v -0.179149564 -0.223254265 0.612064717
v -0.179131565 -0.223142143 0.604214727
v 0.388968656 -0.369732411 0.899913411
v 0.131579185 -0.199996737 0.707142867
v 0.150000163 -0.199998276 0.707143374
v -0.095632106 -0.303841085 0.785027995
v -0.090205556 -0.309950009 0.794998094
v -0.084290005 -0.297410395 0.791047381
v -0.089619315 -0.292300151 0.778646429
v -0.070751040 -0.295691960 0.793213106
v -0.071246160 -0.309410695 0.797552844
v 0.463705859 -0.365789477 0.599468814
v 0.370723821 -0.528323945 0.900974503
v 0.352588365 -0.528309249 0.900494545
v 0.425917471 -0.387555115 0.899698963
v 0.425756947 -0.402604925 0.903359866
v 0.500581974 -0.236331078 0.707131542
v 0.501396157 -0.217089612 0.707115310
v 0.501819566 -0.216884719 0.725639906
v 0.501199548 -0.236335685 0.725513943
v 0.057760392 -0.292249987 0.817932189
v 0.057920803 -0.274224182 0.817593548
v 0.192153649 -0.250352249 0.801097879
v 0.497377370 -0.476295241 0.602539435
v 0.172417857 -0.314936841 0.881894039
v 0.168565964 -0.314126955 0.867140018
v 0.389216379 -0.568491810 0.602342030
v 0.394954590 -0.574288866 0.611112482
v 0.389347309 -0.550142686 0.599514634
v -0.035298730 -0.496186212 0.761784565
v -0.028964124 -0.490157808 0.773918689
v 0.501173855 -0.568933314 0.706573651
v 0.500567199 -0.568956202 0.724996546
v -0.132298250 -0.298044528 0.702150329
v 0.026283856 -0.489251230 0.791177322
v 0.015521277 -0.481567039 0.784449431
v 0.113157895 -0.310525210 0.599998930
v -0.128120017 -0.384283238 0.724869008
v -0.127833122 -0.365902301 0.725249377
v 0.081853805 -0.489112613 0.808778644
v 0.224022126 -0.568280136 0.656284701
v 0.224031557 -0.553283182 0.649893947
v 0.094483305 -0.328708587 0.835314115
v 0.100306223 -0.323809290 0.845520212
v 0.100160897 -0.314767554 0.844972000
v 0.094526601 -0.310694371 0.832441242
v 0.107230020 -0.333071344 0.838231246
v 0.107082327 -0.304892217 0.838582689
v 0.223084929 -0.365689621 0.922701685
v -0.089429549 -0.255249907 0.600092903
v -0.089447610 -0.236301022 0.599532017
v 0.444597639 -0.363372729 0.817370327
v 0.389182326 -0.255914662 0.741605684
v 0.154724150 -0.315605625 0.862726185
v 0.149448913 -0.313872754 0.849140257
v 0.090263912 -0.278981683 0.819216657
v 0.076358499 -0.274155206 0.818079525
v 0.202304355 -0.403033944 0.903746622
v 0.208514445 -0.402428558 0.917926793
v 0.222863510 -0.403382495 0.925560246
v 0.222459412 -0.384706720 0.925699266
v 0.131578948 -0.310525211 0.599998936
v 0.150000000 -0.310525210 0.599998940
v 0.501347616 -0.457893663 0.616545097
v 0.500531033 -0.457895037 0.635181714
v 0.136652802 -0.304335481 0.837755165
v 0.150280851 -0.306243556 0.835846509
v 0.426230906 -0.363200895 0.832027961
v 0.426409835 -0.362338077 0.849821090
v 0.185706449 -0.550456410 0.836990513
v 0.191809039 -0.546331556 0.845846042
v 0.192312354 -0.536704128 0.845043201
v 0.186841592 -0.531906875 0.835712517
v 0.112902899 -0.384469641 0.834517366
v 0.118916711 -0.378295333 0.844876512
v 0.112379879 -0.365406180 0.850677168
v 0.106851014 -0.371439908 0.838760665
v 0.125879700 -0.389270908 0.837977314
v 0.131657329 -0.384500139 0.850155855
v 0.125292702 -0.371751926 0.856189440
v -0.039450404 -0.407661830 0.783448786
v -0.034369107 -0.402307912 0.793258926
v 0.240598356 -0.422362150 0.922033325
v 0.241026395 -0.407088794 0.926444010
v 0.021052629 -0.217067464 0.598687848
v 0.247487419 -0.545002301 0.864696972
v 0.247470564 -0.536931412 0.863973983
v 0.242453554 -0.531901565 0.854225573
v 0.255254273 -0.536571182 0.863718386
v 0.255289687 -0.544479690 0.863619497
v 0.444569931 -0.639889881 0.796247456
v 0.449007488 -0.637821062 0.809799594
v 0.444252814 -0.628390112 0.796668128
v 0.463354862 -0.640397567 0.796007156
v 0.458830043 -0.638146846 0.809806568
v 0.501614455 -0.420894404 0.868389667
v -0.095308916 -0.286632905 0.766698040
v -0.083671143 -0.280374947 0.772563294
v -0.090125530 -0.274316785 0.763613034
v -0.075903662 -0.269509482 0.765448076
v 0.189631455 -0.347184038 0.919308253
v 0.223158940 -0.532574973 0.598908416
v 0.241493598 -0.532377906 0.598534092
v 0.352821795 -0.568512075 0.599130098
v 0.352665626 -0.549916810 0.599600834
v 0.371056777 -0.549957999 0.599257298
v 0.371120150 -0.568416244 0.599426047
v 0.094842642 -0.383786681 0.828651711
v 0.315625777 -0.494407174 0.901066928
v 0.315839153 -0.476270146 0.904054770
v 0.076315789 -0.217067465 0.598687848
v 0.137126544 -0.562479095 0.748500519
v 0.131665799 -0.553349667 0.742667202
v -0.109548228 -0.287832134 0.764594277
v -0.108315487 -0.273835336 0.757264282
v 0.334210522 -0.198646299 0.616545054
v 0.334210506 -0.199451326 0.635183613
v 0.352631544 -0.199451014 0.635183784
v 0.352631555 -0.198646275 0.616545142
v 0.389474903 -0.199449989 0.635184203
v 0.389474800 -0.200014598 0.653583161
v 0.501694372 -0.236203361 0.744254345
v 0.501845266 -0.216577865 0.744670431
v 0.497072576 -0.216615460 0.758855926
v 0.496824215 -0.235989332 0.758888608
v 0.482143600 -0.236055446 0.762235055
v 0.482505067 -0.216763513 0.759793305
v 0.463367163 -0.602999666 0.688770597
v 0.464323314 -0.609206429 0.707308797
v 0.499983790 -0.439480016 0.796430697
v 0.499953655 -0.439472301 0.814291090
v 0.352840516 -0.439700165 0.925920031
v 0.352970551 -0.421283292 0.925419109
v 0.500519117 -0.569021160 0.742874085
v 0.500505228 -0.568844174 0.760714968
v 0.242105263 -0.255277024 0.600013442
v 0.333656770 -0.568657577 0.868264277
v 0.315789474 -0.202603206 0.602523490
v 0.315789473 -0.198646355 0.616545025
v 0.334210523 -0.202603207 0.602523490
v 0.334210523 -0.217067468 0.598687849
v 0.076045783 -0.328724478 0.828688403
v 0.070222691 -0.333727187 0.819682189
v 0.389321697 -0.626101592 0.778630647
v 0.407917452 -0.626914647 0.778595267
v 0.389437709 -0.568390846 0.870739867
v 0.395069653 -0.562249879 0.879624208
v 0.389421752 -0.549283249 0.882306008
v 0.384275785 -0.555147952 0.872717266
v 0.402534158 -0.573744799 0.873651036
v 0.408214511 -0.567817077 0.882654440
v 0.247055435 -0.655639769 0.747634945
v 0.241917721 -0.659152826 0.759847667
v 0.235829334 -0.649015821 0.754537847
v 0.241633535 -0.642605017 0.744965038
v 0.261010499 -0.657954659 0.745791565
v 0.260859910 -0.665501319 0.760361443
v 0.260249044 -0.643066288 0.739216586
v -0.052372010 -0.366489024 0.796242853
v 0.371052766 -0.198646188 0.616545153
v 0.371052752 -0.199450713 0.635184234
v 0.389474906 -0.198645669 0.616544753
v -0.002286258 -0.519544707 0.742392426
v -0.092854270 -0.387634306 0.671481851
v -0.089462973 -0.292058523 0.599846951
v -0.089618338 -0.310535043 0.599501960
v 0.462834052 -0.512553093 0.888826018
v 0.137174639 -0.378876544 0.862261884
v 0.131439287 -0.365832015 0.866111203
v 0.144954958 -0.389648810 0.855289371
v 0.150779490 -0.383707152 0.864926144
v 0.149897006 -0.366271458 0.871082349
v 0.370954541 -0.439496312 0.926460623
v 0.390494315 -0.439453032 0.922451250
v 0.390130795 -0.420337623 0.922292197
v 0.371116682 -0.421047419 0.926254401
v 0.242553767 -0.586994861 0.832333595
v 0.224580924 -0.586572299 0.829422659
v 0.501353552 -0.402631560 0.616544997
v 0.500548012 -0.402631574 0.635183099
v 0.499971065 -0.457896654 0.653583851
v 0.495432503 -0.463631237 0.899232307
v 0.497655795 -0.476925807 0.901204018
v 0.488083642 -0.453195919 0.892059878
v 0.482476419 -0.457974317 0.901585410
v 0.426076656 -0.352533773 0.810328876
v 0.412963245 -0.360861640 0.818975418
v 0.426222834 -0.362973114 0.818258688
v 0.247220370 -0.305133341 0.836985367
v 0.117300515 -0.297645664 0.845699390
v 0.113483397 -0.291897611 0.832523056
v 0.126485476 -0.297564975 0.845118133
v 0.186824483 -0.509425885 0.602879664
v 0.185880584 -0.518151446 0.613051620
v 0.499967408 -0.402631584 0.671460182
v 0.499998195 -0.402631567 0.689287637
v 0.171014454 -0.384407923 0.885877734
v 0.174336265 -0.379103565 0.898259989
v 0.171584758 -0.365444725 0.900155238
v 0.164989710 -0.365818032 0.886427968
v 0.181428302 -0.389978307 0.891746997
v -0.107858124 -0.255226575 0.599871310
v 0.469121295 -0.619770008 0.712456831
v 0.478092760 -0.619968594 0.711335139
v 0.477268126 -0.619966148 0.719786464
v 0.242102300 -0.200043684 0.707131251
v 0.242080296 -0.200068787 0.724940322
v -0.071028019 -0.199748427 0.707197527
v -0.071277606 -0.198758520 0.725653337
v 0.149359549 -0.568872699 0.799679497
v 0.145762599 -0.549683034 0.799960608
v 0.161954040 -0.574336644 0.803159222
v 0.006685196 -0.528045243 0.729936850
v 0.006068471 -0.530220617 0.742446897
v 0.015234822 -0.527721825 0.730511617
v 0.020260160 -0.530234362 0.743075672
v 0.224184226 -0.549867033 0.635566406
v 0.444722969 -0.421052660 0.600013355
v 0.463705832 -0.421052732 0.599468666
v 0.205452822 -0.571783397 0.812998915
v 0.219357094 -0.572859444 0.819002894
v 0.057297095 -0.510329042 0.674537577
v 0.057477812 -0.499976289 0.666464901
v 0.099566121 -0.292400874 0.827999545
v 0.457917619 -0.354325554 0.807641834
v 0.444265037 -0.352883124 0.809426594
v 0.297911932 -0.314453968 0.845785327
v 0.297857033 -0.306800533 0.831891109
v 0.352628600 -0.531548430 0.600020382
v 0.052673988 -0.488616564 0.641514008
v 0.058076059 -0.491587556 0.653344436
v 0.039009048 -0.490486381 0.639822229
v 0.039638286 -0.495088035 0.653149717
v 0.223684870 -0.199997442 0.689289957
v 0.223686043 -0.200009751 0.707140369
v 0.242106418 -0.200003642 0.689290646
v 0.135642598 -0.568279209 0.791752090
v 0.131671033 -0.549332339 0.792737811
v 0.334210511 -0.200016594 0.653583471
v 0.352631443 -0.200016907 0.653581319
v 0.334210523 -0.347368447 0.600000028
v 0.389474679 -0.200064244 0.671426976
v 0.389474059 -0.200016195 0.689269037
v 0.039473679 -0.200032074 0.671460474
v 0.039473689 -0.200013895 0.653584836
v 0.112951523 -0.550554244 0.742577331
v 0.043293422 -0.509117510 0.689045969
v 0.043358723 -0.507911120 0.707838169
v 0.035215033 -0.498444689 0.689065550
v 0.260238689 -0.437054184 0.921918208
v 0.266021534 -0.434737705 0.935264526
v 0.278634422 -0.443013437 0.922059464
v 0.278465655 -0.436227274 0.936983284
v 0.499934962 -0.439498016 0.832114896
v 0.500212212 -0.439528204 0.849912525
v 0.500334202 -0.568575976 0.778556302
v -0.122751144 -0.297827591 0.773787344
v -0.124536954 -0.292013274 0.760858801
v -0.108744766 -0.295836559 0.775417095
v -0.110130989 -0.306558713 0.783837999
v 0.076497805 -0.274219426 0.829230385
v 0.082193227 -0.260582293 0.827799416
v 0.095036183 -0.273967615 0.829072419
v 0.095591819 -0.255107793 0.829631383
v 0.089708114 -0.249809012 0.820335985
v -0.122278454 -0.435481116 0.710784322
v -0.122838446 -0.435072901 0.718463550
v 0.315789472 -0.199451404 0.635183612
v 0.315789540 -0.200014739 0.653584819
v 0.256304201 -0.657950396 0.797341522
v 0.371052717 -0.200015927 0.653581860
v 0.371052348 -0.200066578 0.671425909
v 0.099621612 -0.544255390 0.730168953
v 0.094867367 -0.547268609 0.742554857
v 0.088895060 -0.537517411 0.737000745
v 0.094409597 -0.531720867 0.724628183
v 0.113268771 -0.546158545 0.728923590
v 0.112642166 -0.535919699 0.720922486
v 0.389474790 -0.347368447 0.599998952
v 0.444731153 -0.202614236 0.602534175
v 0.057894742 -0.200013916 0.653584831
v 0.057894749 -0.200032405 0.671460157
v -0.107771023 -0.236302910 0.599471827
v 0.328498870 -0.352660488 0.898131134
v 0.316260526 -0.361197614 0.907858687
v 0.076315785 -0.328947241 0.599999831
v 0.076315796 -0.347368526 0.599999556
v 0.439521626 -0.563301075 0.604718696
v 0.444767303 -0.550360219 0.602095015
v 0.357425669 -0.305456479 0.766211215
v 0.351831658 -0.311930687 0.774489124
v 0.168603267 -0.201900694 0.797483399
v 0.163206375 -0.203904423 0.810174441
v 0.499986202 -0.402631582 0.653584869
v 0.057715410 -0.310875985 0.817526822
v 0.131621175 -0.545796520 0.729391066
v 0.150646275 -0.545582339 0.729154443
v 0.131500717 -0.535819637 0.720581984
v 0.463803087 -0.202377837 0.602305021
v 0.483148070 -0.202034179 0.601971883
v 0.094736879 -0.365790125 0.600001721
v 0.420851606 -0.353254942 0.836943353
v 0.421341930 -0.352723701 0.845269424
v 0.408013149 -0.350944843 0.832178821
v 0.408037914 -0.351651099 0.846009798
v 0.413558543 -0.360937716 0.827261784
v 0.408788220 -0.361263702 0.853880347
v 0.357949465 -0.434196750 0.935208508
v 0.357972207 -0.426418844 0.935015385
v 0.365717257 -0.426342463 0.935295100
v 0.365657358 -0.434160622 0.935355068
v -0.053878047 -0.496161906 0.725056119
v -0.054325271 -0.496588993 0.743002771
v 0.282041971 -0.236383582 0.778748666
v 0.275179068 -0.237304516 0.792720899
v 0.260995415 -0.236194243 0.796906796
v 0.457973627 -0.268363138 0.747419741
v 0.463231484 -0.273666408 0.760934802
v 0.467671618 -0.255583160 0.756673186
v 0.459344194 -0.255519319 0.745571619
v 0.482365993 -0.273616852 0.764906089
v 0.482512590 -0.255119477 0.761810211
v 0.119703684 -0.433847854 0.825470163
v 0.117751602 -0.420275668 0.827477781
v 0.126245641 -0.444611500 0.818990160
v 0.389474790 -0.384210526 0.599998926
v 0.099725962 -0.361453033 0.844980674
v 0.099640277 -0.352051056 0.844717860
v 0.106534347 -0.342652846 0.838084069
v 0.002631616 -0.202603233 0.602523496
v 0.021052635 -0.202603202 0.602523502
v 0.002631586 -0.217067507 0.598687846
v 0.500001911 -0.421052603 0.707141763
v -0.089404173 -0.273670816 0.600058835
v 0.482487897 -0.439621333 0.901602350
v 0.242094207 -0.199711683 0.742859818
v 0.242335626 -0.198760390 0.761347119
v 0.261008511 -0.198958651 0.761391674
v -0.071634342 -0.198496828 0.743896919
v -0.070869772 -0.202529567 0.757228481
v -0.052750443 -0.202765406 0.757813036
v -0.052772237 -0.198764453 0.743330468
v -0.071375676 -0.216874497 0.761514141
v -0.015789398 -0.236294222 0.599468912
v 0.002631573 -0.236294145 0.599468822
v -0.015607436 -0.202643177 0.775475780
v 0.002590954 -0.202838510 0.775246061
v 0.057833309 -0.515642307 0.725526265
v -0.066251479 -0.489531729 0.712408571
v -0.067837394 -0.491822559 0.725371379
v -0.053089202 -0.490928317 0.710732995
v 0.054323417 -0.532442027 0.779191176
v 0.060636147 -0.532216710 0.793258230
v 0.223676458 -0.200081989 0.724957678
v 0.223648284 -0.200024671 0.742833153
v 0.279041215 -0.202261459 0.760653240
v 0.296990125 -0.202929346 0.757129967
v 0.297643685 -0.198803355 0.743494260
v 0.260489967 -0.531921725 0.599283648
v 0.389474732 -0.199451205 0.707679559
v 0.389483622 -0.198641754 0.726358541
v 0.039473489 -0.200000906 0.689289171
v 0.186842166 -0.365789425 0.600000068
v 0.205263274 -0.384210497 0.599999997
v 0.100180072 -0.525240742 0.713436182
v 0.113605603 -0.527090476 0.710989664
v 0.112596624 -0.517083332 0.703156773
v 0.020864777 -0.495365801 0.653360158
v 0.039221432 -0.498779324 0.670598473
v 0.021072096 -0.495047114 0.670970621
v 0.334200609 -0.476335176 0.906980127
v 0.500613388 -0.439542730 0.867967211
v 0.497993011 -0.439561265 0.886615704
v 0.488085023 -0.444251621 0.892043869
v 0.334497094 -0.401763982 0.921768826
v 0.242304531 -0.292286095 0.832283107
v 0.247180768 -0.599877433 0.676519217
v 0.241882386 -0.602611565 0.689366474
v 0.235758318 -0.593671440 0.683226269
v 0.241155249 -0.590788531 0.670624996
v 0.254748288 -0.593132534 0.665790688
v 0.501133660 -0.236312960 0.635201376
v 0.500558516 -0.236306081 0.653596396
v 0.315789727 -0.200050736 0.671446554
v 0.389498761 -0.536472347 0.890621868
v 0.371052304 -0.200015630 0.689285175
v 0.371059156 -0.199438304 0.707724690
v 0.131586851 -0.421041535 0.599831980
v 0.150022455 -0.421032712 0.600028709
v 0.057894550 -0.200000120 0.689288647
v 0.057893918 -0.200001005 0.707144469
v 0.076315078 -0.199994844 0.707143577
v 0.076315812 -0.200001042 0.689287685
v 0.001932368 -0.492604934 0.635249371
v 0.020642698 -0.491096829 0.639323026
v 0.002586179 -0.495566542 0.653126555
v 0.007141217 -0.483235925 0.629262680
v 0.242105263 -0.365789477 0.600000001
v 0.131461238 -0.528097873 0.707387700
v 0.075769728 -0.490250702 0.657733396
v 0.039473677 -0.310525217 0.599998959
v 0.057894735 -0.310525208 0.599998927
v 0.371794216 -0.401952593 0.921972588
v 0.352767889 -0.401529563 0.921917427
v 0.346232680 -0.298602079 0.772002114
v 0.339867471 -0.286890296 0.766680666
v 0.334277578 -0.606576003 0.616754848
v 0.352665378 -0.603561581 0.616900864
v 0.352656825 -0.606236733 0.635671400
v 0.333963480 -0.606408844 0.635532385
v 0.404119117 -0.602323351 0.635633798
v 0.412177480 -0.591707083 0.634922751
v 0.389797144 -0.606712622 0.634983157
v 0.389948534 -0.605711902 0.653728700
v 0.113157895 -0.292107280 0.600001956
v 0.347235623 -0.657469519 0.764919778
v 0.353085233 -0.646062650 0.760000315
v 0.339665977 -0.649549053 0.754288469
v 0.476086353 -0.563650108 0.648097222
v 0.389379792 -0.236332792 0.743034996
v 0.407970460 -0.236307060 0.743186465
v 0.389480825 -0.217004331 0.744214519
v 0.321365238 -0.601130745 0.603593135
v 0.319659917 -0.602373581 0.617254101
v 0.333629332 -0.602967817 0.602238832
v 0.333995081 -0.588108326 0.598568934
v 0.266932427 -0.211274534 0.785330403
v 0.261070970 -0.201166709 0.779799609
v 0.256351035 -0.203914283 0.792689473
v 0.261529990 -0.217029120 0.795267792
v 0.371677756 -0.603501653 0.616638712
v 0.389600163 -0.603377783 0.616737181
v 0.371499432 -0.606618428 0.635502792
v 0.328891505 -0.463599386 0.909092087
v 0.210818728 -0.562961028 0.658981931
v 0.320776769 -0.655675995 0.747151453
v 0.329055131 -0.656104337 0.747537705
v 0.333657900 -0.642470838 0.745082571
v 0.328747050 -0.610765528 0.838311833
v 0.394416485 -0.463393670 0.908939659
v 0.390166862 -0.457954822 0.918693558
v 0.384379964 -0.470445901 0.915562638
v 0.370593516 -0.472734386 0.917508894
v 0.371425219 -0.458821064 0.922339990
v 0.057893012 -0.365378438 0.813802944
v 0.131578947 -0.198646412 0.616544991
v 0.150000000 -0.198646412 0.616544992
v -0.068095982 -0.492137968 0.743154477
v -0.066423741 -0.490393171 0.755583972
v -0.052921998 -0.491656699 0.757740869
v 0.228380790 -0.637208371 0.827721325
v 0.247248592 -0.630420956 0.821560643
v 0.237379187 -0.637217314 0.828179457
v 0.223689432 -0.199261269 0.761287922
v 0.439169930 -0.304781211 0.766814380
v 0.136899182 -0.489786165 0.826760530
v 0.135684385 -0.475996851 0.827781763
v 0.144439659 -0.500664572 0.820062749
v 0.063007773 -0.323409234 0.826562019
v 0.062720925 -0.315455749 0.826408188
v 0.076230167 -0.314963106 0.827691721
v 0.501809745 -0.236244862 0.616503788
v 0.502142364 -0.216785091 0.616271186
v 0.501809869 -0.217024734 0.635135458
v 0.412495778 -0.619361218 0.863042029
v 0.425875917 -0.621462074 0.850486752
v 0.421425908 -0.619396297 0.863277836
v -0.034108555 -0.491167345 0.675625307
v -0.015735005 -0.492128906 0.671714291
v -0.021166772 -0.482810400 0.666283468
v 0.193123873 -0.298402279 0.843538862
v 0.186747441 -0.292676409 0.831357528
v 0.094736436 -0.384210902 0.600010274
v 0.241998402 -0.513166530 0.599509877
v 0.260567469 -0.513139224 0.599952898
v -0.038446501 -0.462036922 0.635176278
v 0.186842107 -0.347368443 0.600000124
v 0.276252450 -0.217859903 0.779144884
v 0.500511716 -0.236291903 0.671459274
v 0.500511821 -0.236298595 0.689257850
v 0.186474636 -0.256206936 0.810494585
v 0.302602055 -0.359856932 0.910115786
v 0.315867010 -0.369506099 0.918140162
v 0.389497835 -0.202582005 0.740411988
v 0.057898125 -0.200041792 0.724987303
v 0.076313901 -0.200010265 0.725000983
v 0.155360229 -0.537421813 0.826822287
v 0.168327629 -0.531842908 0.829659481
v 0.163130829 -0.526556298 0.819411227
v 0.002563474 -0.494918945 0.671380002
v -0.109596644 -0.314612585 0.794171832
v -0.109617190 -0.328647874 0.794911727
v -0.089856368 -0.329229463 0.801458122
v 0.228742900 -0.599640286 0.694053090
v 0.227759404 -0.601045832 0.707852675
v 0.371192597 -0.638943309 0.759658783
v 0.375196046 -0.628800745 0.765447879
v 0.365165737 -0.635656144 0.772228578
v 0.352628992 -0.605227568 0.653843342
v 0.389846519 -0.605571988 0.671237297
v 0.389895980 -0.609975390 0.684807782
v -0.111160668 -0.255606458 0.728201367
v 0.329709107 -0.649176593 0.802125419
v 0.353380705 -0.646568797 0.814458497
v 0.348013585 -0.657676563 0.809663306
v 0.496447054 -0.619245131 0.783519040
v 0.498260107 -0.620972119 0.796505632
v 0.131148753 -0.236326891 0.814187777
v 0.117037903 -0.236376657 0.818953452
v 0.187189025 -0.571816239 0.812618983
v 0.186025156 -0.564133938 0.828962158
v 0.126086527 -0.518985516 0.701213351
v -0.028458666 -0.470971619 0.622014188
v -0.030170802 -0.472326414 0.636388523
v -0.034859729 -0.458578292 0.617007299
v -0.019727291 -0.481297857 0.635008267
v -0.138721022 -0.286033476 0.666606179
v -0.141864452 -0.273573979 0.671760522
v 0.463458314 -0.546603233 0.602905145
v 0.444724821 -0.532136797 0.599359484
v 0.463641894 -0.531844807 0.598980803
v 0.144640653 -0.481052063 0.641729099
v 0.389474790 -0.365789477 0.599998931
v 0.315609320 -0.602575872 0.635429123
v -0.084281413 -0.415022512 0.622212773
v -0.087704547 -0.403470258 0.616595207
v 0.499920328 -0.549947298 0.796434531
v 0.499888755 -0.549942927 0.814274269
v 0.057895052 -0.365790326 0.599998136
v 0.076315954 -0.365790124 0.600000456
v 0.371223959 -0.605517178 0.653994373
v 0.370969758 -0.604833248 0.671478048
v 0.316069099 -0.657426108 0.792405596
v 0.448828283 -0.291968474 0.775375342
v 0.440787728 -0.292131414 0.764359591
v 0.463409493 -0.291940846 0.776276002
v 0.021052687 -0.310525181 0.599999188
v 0.134686533 -0.491771358 0.616302959
v 0.137150782 -0.489076467 0.629970984
v 0.131946150 -0.478641003 0.635910027
v -0.049924320 -0.439539798 0.617064407
v -0.058912388 -0.426942340 0.630054178
v 0.501372829 -0.217091012 0.653594178
v 0.500002374 -0.439473535 0.707141646
v -0.120949369 -0.378631688 0.676574069
v -0.124098100 -0.366738636 0.671695553
v -0.107559656 -0.381213054 0.671767998
v -0.113603180 -0.371698804 0.666131902
v 0.402493527 -0.618501302 0.694145744
v 0.389535586 -0.620400347 0.692480089
v 0.168421056 -0.200001492 0.689288245
v 0.168420980 -0.199999886 0.707142034
v 0.411851344 -0.420381567 0.907661596
v -0.146659821 -0.200981207 0.707476528
v -0.142017117 -0.201821674 0.689349794
v 0.088358878 -0.564970442 0.791348579
v 0.394760419 -0.360125815 0.855607211
v 0.227759780 -0.600722271 0.726013059
v 0.365587145 -0.636129183 0.802209771
v 0.376728668 -0.629255973 0.809171130
v 0.371498348 -0.639672709 0.814990303
v 0.463937001 -0.401529271 0.905060047
v 0.444701103 -0.401952767 0.904162832
v 0.338953455 -0.526537308 0.899066171
v 0.328030767 -0.519202756 0.891723994
v 0.497922165 -0.620665568 0.813942999
v 0.495970230 -0.619107562 0.827447581
v 0.488708221 -0.612515559 0.838247214
v 0.260526316 -0.365789478 0.600000002
v 0.278947368 -0.365789477 0.600000001
v -0.019923460 -0.480918753 0.653582813
v 0.265509717 -0.599825106 0.658744395
v 0.260480265 -0.586978233 0.653513483
v 0.279507911 -0.601723257 0.653908915
v 0.278709693 -0.590455642 0.653856352
v 0.284374721 -0.590929140 0.666431978
v 0.242105264 -0.198646425 0.616544993
v 0.242105254 -0.199452132 0.635183053
v -0.139108206 -0.286278101 0.695092434
v -0.141970050 -0.273185224 0.689656376
v 0.297368425 -0.199451486 0.635183415
v 0.297368473 -0.200013445 0.653586079
v 0.148970296 -0.587501703 0.793055568
v 0.162712741 -0.588222746 0.800453813
v 0.499929770 -0.549940475 0.832075798
v 0.500343663 -0.550048474 0.849993881
v 0.321219147 -0.525439988 0.880353035
v 0.099399114 -0.236382468 0.829272180
v 0.108992414 -0.236244169 0.829183312
v 0.108357688 -0.255376065 0.828529422
v -0.057568070 -0.250641357 0.765561706
v 0.242138449 -0.435918730 0.917945519
v 0.242105263 -0.202603189 0.602523503
v 0.113158392 -0.199997714 0.725001834
v 0.389221197 -0.347456924 0.832657030
v 0.389498599 -0.350662223 0.849615004
v 0.181110450 -0.592494630 0.772471766
v 0.168420554 -0.200018383 0.724985000
v 0.168419539 -0.200009765 0.742815937
v 0.223688830 -0.494718295 0.599508462
v 0.168421052 -0.310525210 0.599998929
v 0.496900615 -0.254887873 0.758409350
v 0.273453827 -0.445908675 0.909651994
v -0.085060610 -0.398253943 0.603806203
v -0.094886117 -0.389353052 0.616291916
v 0.469178433 -0.545035332 0.899040194
v 0.467080423 -0.530819884 0.900542817
v 0.208809341 -0.531757234 0.602796202
v 0.200284925 -0.532584217 0.612994863
v 0.199399582 -0.519117196 0.610958118
v 0.205419208 -0.513157066 0.602485867
v 0.223498359 -0.513174976 0.599429813
v 0.402470764 -0.370990337 0.898108009
v 0.370452777 -0.344318999 0.814650486
v 0.370738225 -0.343889996 0.832221680
v 0.057452654 -0.202235552 0.811730168
v 0.076048377 -0.202209963 0.811457504
v -0.160447509 -0.203800743 0.721211475
v -0.160145424 -0.203748269 0.713352043
v -0.146610282 -0.202042151 0.721989721
v 0.497397976 -0.457891839 0.602525468
v 0.200846444 -0.422010386 0.890065190
v 0.199142213 -0.407874079 0.891702145
v 0.168421080 -0.365789456 0.599999030
v 0.389474906 -0.217067112 0.598687231
v -0.030107673 -0.420191063 0.792196846
v 0.318866055 -0.326097553 0.813879982
v 0.242105231 -0.200013586 0.653584785
v 0.242105494 -0.200030005 0.671461151
v 0.242105264 -0.347368447 0.600000024
v 0.260526316 -0.347368447 0.600000024
v -0.121049803 -0.361143390 0.658926360
v 0.297368288 -0.200046817 0.671454935
v 0.297365871 -0.200044003 0.689256083
v -0.071094104 -0.199990978 0.653587608
v -0.071042363 -0.200075787 0.671450223
v -0.052628494 -0.200033125 0.653586318
v -0.071041700 -0.328887898 0.599863255
v 0.501478408 -0.550407245 0.868567555
v -0.011843745 -0.491986917 0.635161712
v -0.011707575 -0.491753722 0.653584297
v 0.223684211 -0.199452085 0.635183091
v 0.223684182 -0.200014022 0.653584772
v 0.352631553 -0.202603225 0.602523502
v 0.039473683 -0.202603190 0.602523502
v 0.334178881 -0.568980286 0.598446973
v 0.291807664 -0.352654685 0.916459025
v 0.469015870 -0.600521470 0.676061052
v 0.458223829 -0.592885256 0.683687563
v 0.462760679 -0.587407948 0.671520814
v 0.174902931 -0.543865072 0.713534665
v 0.191438656 -0.333716888 0.917030167
v 0.413920175 -0.433990692 0.909341927
v 0.404151865 -0.421403013 0.917670336
v 0.408005227 -0.439241693 0.918705576
v 0.187209988 -0.586375476 0.810433582
v 0.205215532 -0.585661556 0.813365751
v 0.198901472 -0.600167021 0.820987134
v 0.168432904 -0.199641077 0.760851387
v 0.168526179 -0.198990476 0.779389433
v 0.237767938 -0.476543222 0.871308998
v 0.246253819 -0.475992660 0.882144134
v 0.444722976 -0.365789477 0.600013446
v 0.371052755 -0.202603167 0.602523428
v 0.389474834 -0.202602687 0.602522959
v 0.149999840 -0.365789516 0.599998678
v 0.057894737 -0.202603191 0.602523502
v 0.076315790 -0.202603191 0.602523502
v 0.302706579 -0.599740968 0.844844667
v 0.383592251 -0.353921544 0.862412810
v 0.371285765 -0.344047942 0.850033050
v 0.370886917 -0.350715197 0.867747813
v 0.439209820 -0.581030258 0.622496476
v 0.440630502 -0.582782053 0.635638749
v 0.426170865 -0.583474084 0.621188179
v 0.426423666 -0.587172512 0.635494696
v 0.311474720 -0.315316563 0.813720755
v 0.497396764 -0.402631563 0.602523513
v 0.191434799 -0.545168801 0.621813236
v 0.191910082 -0.545073720 0.630491726
v 0.186179996 -0.535334058 0.635285778
v 0.186249998 -0.532195552 0.620460476
v 0.204613468 -0.547295827 0.617189411
v 0.205140720 -0.546359301 0.635366202
v 0.198922036 -0.537333232 0.639784501
v 0.338655993 -0.623822335 0.847147725
v 0.352175071 -0.624174239 0.848019633
v 0.193085655 -0.562650044 0.694429070
v 0.191140684 -0.564173415 0.707815294
v -0.048159450 -0.490395419 0.675927311
v -0.047624409 -0.489811628 0.684297808
v 0.330074638 -0.237390067 0.756614146
v 0.315760557 -0.235994812 0.763828187
v 0.164262734 -0.384937869 0.871757785
v 0.162317674 -0.371507730 0.874389014
v 0.297366676 -0.199852035 0.707170050
v 0.297439875 -0.199039913 0.725465557
v -0.071001078 -0.200113136 0.689243581
v 0.063621271 -0.524868274 0.731250136
v 0.077162080 -0.527075471 0.729140317
v 0.075813795 -0.534584359 0.742480828
v 0.222650054 -0.421743834 0.919419103
v 0.168584016 -0.296958719 0.826782448
v -0.070992043 -0.310491196 0.600035641
v 0.223684164 -0.200031582 0.671460337
v 0.298030006 -0.407118407 0.936178359
v 0.297792700 -0.421110185 0.937810459
v 0.260526325 -0.421052587 0.599999492
v 0.278947380 -0.421052587 0.600000090
v 0.044400262 -0.508212097 0.676006783
v -0.052612000 -0.310523190 0.600048710
v 0.108918770 -0.274024817 0.828275353
v 0.297636506 -0.602325328 0.635383561
v 0.297259941 -0.602068868 0.654179387
v 0.173962671 -0.434075183 0.863049796
v 0.456862731 -0.616707124 0.765743905
v 0.444012641 -0.583834679 0.653922601
v 0.283036210 -0.601051468 0.621891365
v 0.282211929 -0.602643019 0.634965758
v 0.292127810 -0.600990921 0.622620033
v -0.111514935 -0.346557324 0.746283050
v 0.365589860 -0.353099602 0.880450321
v 0.497388741 -0.202472166 0.707137789
v 0.497517505 -0.201975216 0.725688903
v 0.497847005 -0.273348302 0.761970909
v 0.039287002 -0.255179246 0.810995286
v 0.413382621 -0.581664834 0.881093287
v -0.121886670 -0.347149245 0.738597117
v 0.310829548 -0.204362669 0.755719765
v 0.315768664 -0.217525522 0.758145503
v 0.007508445 -0.528113381 0.755025182
v 0.020797862 -0.528744075 0.756457708
v 0.113730930 -0.402296776 0.828382556
v 0.107861923 -0.407698777 0.818935655
v 0.127614341 -0.402957560 0.835826253
v 0.425871687 -0.626586488 0.795903273
v 0.168421053 -0.202603191 0.602523502
v 0.168421053 -0.198646412 0.616544991
v 0.192117152 -0.396875401 0.898451503
v 0.089188961 -0.488409125 0.660005570
v -0.052644529 -0.365778376 0.599677337
v -0.145551971 -0.201630975 0.602723632
v -0.145617898 -0.200252391 0.617081755
v 0.459292784 -0.236743353 0.746735737
v 0.254747055 -0.655811739 0.809777443
v 0.026813950 -0.250802294 0.809249584
v 0.026685972 -0.241755521 0.809052530
v 0.219167541 -0.581021104 0.818795828
v 0.137059624 -0.525712605 0.695064978
v 0.151272600 -0.526909752 0.693630704
v -0.084396888 -0.342211091 0.810757124
v -0.084274778 -0.334477454 0.811440340
v -0.076419667 -0.334301242 0.811057408
v -0.076516067 -0.342151244 0.810990227
v 0.346954024 -0.600812275 0.604360941
v 0.352908326 -0.587812785 0.601694588
v 0.357537136 -0.593497874 0.611380374
v 0.402289273 -0.600659272 0.622588770
v 0.408191909 -0.587441793 0.620438763
v 0.393731180 -0.588135742 0.612816327
v 0.210677055 -0.434782949 0.898977008
v 0.207824026 -0.420944038 0.904117402
v 0.223024315 -0.440612265 0.904716132
v 0.217319567 -0.427737767 0.909828431
v -0.103372089 -0.341916523 0.792378463
v 0.191268122 -0.638091052 0.801716478
v 0.190910220 -0.636964027 0.810317654
v 0.204715171 -0.639301826 0.810995551
v 0.198375354 -0.631075052 0.791435671
v 0.127646473 -0.458271268 0.817624884
v 0.113666792 -0.457570257 0.813977833
v 0.488099201 -0.203403421 0.757331846
v 0.497560823 -0.202016521 0.744511383
v 0.496826937 -0.203274880 0.757564623
v 0.155324190 -0.360479845 0.881168983
v 0.153275938 -0.347316079 0.882354789
v 0.376569233 -0.600915135 0.604193290
v 0.366895271 -0.593657548 0.611186488
v 0.371078079 -0.587904251 0.601917869
v 0.385086221 -0.601434973 0.603934443
v 0.385282474 -0.587583000 0.602760358
v 0.467769659 -0.237152016 0.757224635
v 0.131578947 -0.202603191 0.602523502
v 0.150000000 -0.202603191 0.602523502
v 0.375981419 -0.610377879 0.837834807
v -0.085648510 -0.454541019 0.689596811
v 0.389939738 -0.402097334 0.918857953
v 0.497622171 -0.236196913 0.602305031
v 0.497965833 -0.216851939 0.601971889
v 0.039868120 -0.365473788 0.810482395
v 0.035125285 -0.370448700 0.801162305
v 0.265505703 -0.636703013 0.730331804
v 0.279572051 -0.638231656 0.728357068
v 0.279568979 -0.646944753 0.737966571
v 0.334318329 -0.627340710 0.738854402
v 0.168421052 -0.199452037 0.635183095
v 0.168421053 -0.200013874 0.653584858
v -0.047094160 -0.452316476 0.622641794
v -0.040142044 -0.445725619 0.611353053
v 0.389701898 -0.528120911 0.900560635
v 0.501186956 -0.328828092 0.761387495
v 0.501633496 -0.328292637 0.779996370
v -0.089703013 -0.199520313 0.653587449
v -0.089668741 -0.199683445 0.671423915
v -0.089932799 -0.329045534 0.598920418
v 0.462968303 -0.620031167 0.846069907
v 0.444503991 -0.620179272 0.846372681
v -0.123476564 -0.417053553 0.742622776
v -0.121438479 -0.416254689 0.756158711
v -0.122014412 -0.407964472 0.755885554
v -0.124294226 -0.402655971 0.742962090
v 0.352393307 -0.638457806 0.746891961
v 0.371468825 -0.637773136 0.746648325
v 0.228130429 -0.397980048 0.935419229
v 0.228639434 -0.389224769 0.935312865
v 0.241578443 -0.398498338 0.936595254
v 0.333837979 -0.618388091 0.711937521
v 0.333860435 -0.622726829 0.726315998
v 0.137842771 -0.415356182 0.843731826
v 0.136173975 -0.401597726 0.845860965
v 0.150448188 -0.402903915 0.852483773
v 0.467693457 -0.286807541 0.766281996
v 0.477569629 -0.286653156 0.767109349
v 0.181141634 -0.242546893 0.808416230
v -0.139880032 -0.305804910 0.712452298
v -0.140218283 -0.306002622 0.720596771
v 0.171509077 -0.587425442 0.810333925
v 0.498337885 -0.494709094 0.886494318
v 0.094735601 -0.199996752 0.725002379
v 0.136093495 -0.490594842 0.603772201
v 0.154580607 -0.601316021 0.783527121
v 0.153668832 -0.601498944 0.791506661
v 0.149435491 -0.587772474 0.779037385
v 0.167830828 -0.591483908 0.775171406
v -0.047330737 -0.434552768 0.604348124
v 0.353107855 -0.472826319 0.917667472
v 0.352354903 -0.458998418 0.922185887
v 0.039473633 -0.365790740 0.599995827
v 0.135600571 -0.457896134 0.827849463
v 0.149927977 -0.457959167 0.835464868
v 0.168421058 -0.200032582 0.671460236
v 0.273365186 -0.222877925 0.791903339
v 0.228533972 -0.580938689 0.659310949
v 0.243039730 -0.582572524 0.657707130
v -0.139845249 -0.203900494 0.676787570
v 0.273461458 -0.315317176 0.890898881
v 0.273944205 -0.315128154 0.899375985
v -0.089510950 -0.199693670 0.689274297
v -0.089511161 -0.199156466 0.707370882
v 0.210704608 -0.416204407 0.916224644
v 0.113463282 -0.474387853 0.654965116
v 0.297368420 -0.198646394 0.616544967
v -0.071039735 -0.202642819 0.602519795
v -0.052632428 -0.202606653 0.602523745
v 0.155163230 -0.581355921 0.766712179
v 0.169399729 -0.582199592 0.764861848
v 0.100716554 -0.396788472 0.825345998
v 0.303639843 -0.427020039 0.928432254
v 0.432256099 -0.279892845 0.754355630
v 0.445559682 -0.277109251 0.760447580
v 0.297368421 -0.202603205 0.602523491
v -0.084984576 -0.453007564 0.774062075
v -0.086457740 -0.439666887 0.775865471
v 0.370746988 -0.387324658 0.918062214
v 0.496352721 -0.315268624 0.792638548
v 0.497691840 -0.328488486 0.793676957
v 0.334023175 -0.458151233 0.917994630
v 0.190679391 -0.619522731 0.828431834
v 0.190866532 -0.610850094 0.829133003
v -0.152067337 -0.261897604 0.622831738
v -0.140765691 -0.342024344 0.658881336
v -0.141466612 -0.342150652 0.666151960
v -0.141071549 -0.334363169 0.666199795
v -0.141156577 -0.334386661 0.658852891
v -0.089862786 -0.198975232 0.725727464
v -0.090098844 -0.201175534 0.743994943
v 0.293056392 -0.655280222 0.746372331
v 0.293044094 -0.655065608 0.755081320
v 0.279410258 -0.657922897 0.745747658
v 0.296362831 -0.241407247 0.774358850
v -0.159033525 -0.269327942 0.603263652
v -0.159234004 -0.269131711 0.611819276
v -0.161635062 -0.256104698 0.617351177
v -0.160795781 -0.256287570 0.603015008
v 0.371506675 -0.638707444 0.828315676
v 0.352852990 -0.641092816 0.833516787
v 0.372019084 -0.623815700 0.835109154
v 0.358165200 -0.629834247 0.838721515
v 0.045184888 -0.415791919 0.808800962
v 0.497965823 -0.202034142 0.616336014
v 0.497622209 -0.202377359 0.635089205
v 0.044135550 -0.203730916 0.810500896
v 0.496718731 -0.564824692 0.621916719
v 0.496509436 -0.564892582 0.630888600
v 0.463248492 -0.512589702 0.899864129
v 0.339163862 -0.637534112 0.846039705
v 0.347552701 -0.637221915 0.846108615
v 0.273534233 -0.204405597 0.774082326
v 0.081576126 -0.544605781 0.747952462
v 0.070562140 -0.538333108 0.754957443
v -0.158539438 -0.250348541 0.630588030
v -0.011867422 -0.490549500 0.621863224
v -0.003446005 -0.490838744 0.622279048
v 0.364503622 -0.335944812 0.808427728
v 0.135827092 -0.582272113 0.783942392
v 0.136498521 -0.582430802 0.791638189
v 0.430338737 -0.637428230 0.783026143
v 0.431358653 -0.637648393 0.791566031
v 0.438925276 -0.638101086 0.784019726
v 0.291831568 -0.434566561 0.935947579
v 0.469032344 -0.638188200 0.783707085
v 0.478105610 -0.638335756 0.782815032
v 0.477139051 -0.639362999 0.790879699
v 0.444861905 -0.387525915 0.900650130
v 0.463123762 -0.387434359 0.900551159
v 0.496241413 -0.489208027 0.899262874
v 0.449332038 -0.279194904 0.773639435
v 0.457838219 -0.279352669 0.773414619
v 0.497386228 -0.202614158 0.653578804
v 0.171636409 -0.528162998 0.635495345
v 0.008005196 -0.470940922 0.791574809
v 0.487971010 -0.563829204 0.900297198
v 0.496776859 -0.563987643 0.900146534
v -0.104736395 -0.380518653 0.616506422
v 0.365073581 -0.334913524 0.836489939
v 0.365415935 -0.334400345 0.845469259
v 0.062709558 -0.545566014 0.766252968
v 0.186616283 -0.202821407 0.793196241
v 0.266312381 -0.676943500 0.765836643
v 0.266444218 -0.675794866 0.773635038
v 0.274340322 -0.676056734 0.766119086
v 0.273532123 -0.675556448 0.773093106
v 0.450307344 -0.574566015 0.648569382
v 0.311235797 -0.407157579 0.934473096
v 0.310999143 -0.415772733 0.934632394
v 0.205168908 -0.202647054 0.793332986
v 0.420382011 -0.444815908 0.916543090
v 0.260479876 -0.490846490 0.882614664
v 0.279087721 -0.619290547 0.827794729
v 0.260199978 -0.619879410 0.828421387
v 0.223167535 -0.638938794 0.746431227
v 0.292325202 -0.297373119 0.826946027
v 0.365439147 -0.618096117 0.844915550
v 0.044499549 -0.526325935 0.773637576
v 0.293297465 -0.591473919 0.667291636
v 0.291944914 -0.591320301 0.658854783
v -0.121349068 -0.279335768 0.755370459
v -0.084580303 -0.434140415 0.658712404
v -0.029051000 -0.508535830 0.756006912
v 0.487997459 -0.279399272 0.774182081
v 0.496727688 -0.278669824 0.774253887
v 0.402250380 -0.407593625 0.916181563
v 0.456815590 -0.581145031 0.659546984
v -0.084433928 -0.453156286 0.676169384
v -0.139750031 -0.203834796 0.629916626
v 0.255843737 -0.562768101 0.844033594
v 0.118042562 -0.360405421 0.864200247
v 0.328378444 -0.223057590 0.754955719
v 0.321798109 -0.314917224 0.862785528
v 0.330555134 -0.314232200 0.863338987
v 0.162241132 -0.407995693 0.855810519
v -0.159256660 -0.202952949 0.612484688
v -0.159333940 -0.202947731 0.603318323
v 0.395078034 -0.636819632 0.772709533
v 0.385173362 -0.629611170 0.765799897
v 0.403784181 -0.637067742 0.773226101
v 0.236338598 -0.279157835 0.827001943
v 0.155030700 -0.333786133 0.881251404
v 0.477382261 -0.619007340 0.844896068
v -0.029586496 -0.453203953 0.604268190
v 0.228467258 -0.451721016 0.898330778
v 0.284163264 -0.452593727 0.916002566
v 0.192165813 -0.618328774 0.765182945
v 0.192702841 -0.279459292 0.827234593
v 0.339601043 -0.470706640 0.915885082
v 0.209782020 -0.546044260 0.604225559
v 0.081720586 -0.379129770 0.826021422
v -0.028454456 -0.434271910 0.791108980
v 0.265489720 -0.618515261 0.694878829
v 0.384551232 -0.389235016 0.916661068
v 0.211318150 -0.592238050 0.826324316
v 0.199797007 -0.261182452 0.807777015
v 0.247532176 -0.489386371 0.879626057
v 0.192000850 -0.434036970 0.880130449
v 0.469083855 -0.222622457 0.756522572
v 0.228412449 -0.260957960 0.807885310
v 0.237557095 -0.261103920 0.808223127
v 0.210277781 -0.636841817 0.747241984
v 0.229024634 -0.489177835 0.861978941
v 0.496529077 -0.203470937 0.603364653
v -0.029412333 -0.204101800 0.774279893
v 0.163496670 -0.517608247 0.819616659
v -0.123072216 -0.323828317 0.793228957
v -0.123216218 -0.315950534 0.792989868
v 0.495378715 -0.434084198 0.899100526
v 0.228036779 -0.434611769 0.916185374
v 0.155763159 -0.396936062 0.862079197
v 0.310496224 -0.242789156 0.772741261
v 0.061985191 -0.287652771 0.827460233
v 0.062950788 -0.278693160 0.828115304
v 0.071075517 -0.286602101 0.827170912
v 0.384649727 -0.637707343 0.819403400
v 0.384615431 -0.637422718 0.827263473
v -0.085302431 -0.203880991 0.756311944
v 0.155958927 -0.507778340 0.826157689
v 0.155278491 -0.452317657 0.844249490
v -0.102707713 -0.204164093 0.738460403
v 0.172805407 -0.527011829 0.622470978
v 0.228092303 -0.656266200 0.765146609
v 0.477335916 -0.389269623 0.899292426
v 0.302416815 -0.655142512 0.783988535
v 0.302258226 -0.655281866 0.792045303
v -0.103451023 -0.379492931 0.603473752
v 0.321051605 -0.508251316 0.898606095
f 1 2 3 4
f 5 6 7 8
f 9 10 11 12
f 13 14 10 9
f 15 16 17 18
f 15 19 20 16
f 18 17 21 22
f 23 24 25 26
f 27 28 29 30
f 31 32 33 34
f 35 34 33 36
f 37 38 39 40
f 41 42 43 44
f 45 46 47 48
f 49 50 51 52
f 53 54 55 56
f 57 58 59 60
f 53 57 60 54
f 53 56 58 57
f 61 62 63 64
f 61 65 66 62
f 67 68 69 70
f 71 72 73 74
f 75 76 77 78
f 79 80 81 82
f 79 83 84 80
f 79 82 85 83
f 86 87 88 89
f 90 91 92 93
f 94 90 93 95
f 94 96 91 90
f 95 93 92 97
f 98 99 100 101
f 102 103 104 105
f 106 107 108 109
f 110 111 112 113
f 114 115 116 117
f 118 119 120 121
f 122 118 121 123
f 122 124 119 118
f 125 126 127 128
f 129 130 131 132
f 133 134 135 136
f 132 131 135 134
f 129 132 134 133
f 130 136 135 131
f 137 138 139 140
f 141 142 143 144
f 145 141 144 146
f 147 148 149 150
f 95 97 151 152
f 153 95 152 154
f 155 156 157 158
f 159 160 161 162
f 163 164 165 166
f 167 168 169 170
f 171 172 169 168
f 173 174 175 176
f 173 177 178 174
f 173 176 179 177
f 174 178 180 175
f 181 182 183 184
f 181 185 186 182
f 187 188 189 190
f 191 192 193 194
f 195 196 197 198
f 199 200 201 202
f 203 204 201 200
f 205 206 207 208
f 209 210 211 212
f 212 211 129 213
f 214 215 216 217
f 218 219 220 221
f 218 222 223 219
f 224 225 226 227
f 228 229 230 231
f 232 233 230 229
f 234 235 236 237
f 238 239 240 241
f 242 243 244 245
f 246 247 248 249
f 250 251 252 253
f 250 254 255 251
f 251 255 256 252
f 257 258 259 260
f 261 262 263 264
f 265 266 267 268
f 269 270 271 272
f 269 273 274 270
f 275 276 277 278
f 279 280 277 276
f 281 282 283 284
f 284 283 285 286
f 287 288 289 290
f 287 291 292 288
f 293 294 295 50
f 296 297 298 299
f 296 300 301 297
f 297 301 302 298
f 303 304 305 306
f 304 4 307 305
f 308 309 310 311
f 312 313 314 315
f 312 316 317 313
f 318 319 320 321
f 322 323 324 325
f 326 327 328 329
f 326 330 331 327
f 327 331 332 328
f 333 334 335 336
f 337 338 339 340
f 341 342 343 344
f 345 346 347 348
f 349 350 351 352
f 353 354 355 356
f 353 357 358 354
f 359 360 361 362
f 363 364 119 124
f 365 366 367 368
f 369 370 371 372
f 373 374 371 370
f 375 372 371 374
f 376 377 378 379
f 379 378 296 380
f 381 382 383 384
f 385 386 387 388
f 389 390 391 392
f 393 394 395 396
f 397 393 396 398
f 397 399 394 393
f 400 303 306 401
f 402 403 404 405
f 402 406 407 403
f 408 409 410 411
f 412 413 414 415
f 415 414 416 417
f 418 419 420 421
f 422 423 424 425
f 426 427 428 429
f 3 430 431 432
f 433 434 435 436
f 437 438 439 440
f 441 442 443 444
f 444 443 445 446
f 442 447 445 443
f 448 449 450 451
f 452 54 363 453
f 452 454 55 54
f 225 455 456 226
f 457 458 459 460
f 226 456 459 458
f 455 460 459 456
f 461 462 463 464
f 465 466 467 468
f 469 470 471 472
f 473 474 475 476
f 477 478 479 480
f 481 482 483 484
f 481 485 486 482
f 481 484 487 485
f 488 489 490 491
f 100 492 493 494
f 495 496 497 498
f 499 495 498 500
f 499 501 496 495
f 404 502 503 504
f 505 506 507 508
f 509 510 511 512
f 509 513 514 510
f 510 514 515 511
f 516 517 518 519
f 520 521 518 517
f 522 519 518 521
f 523 524 525 526
f 526 525 527 130
f 524 528 527 525
f 529 530 531 532
f 533 534 535 32
f 536 537 538 539
f 540 541 542 543
f 333 544 545 334
f 546 547 545 544
f 548 549 550 551
f 552 553 554 555
f 556 557 558 559
f 560 561 562 563
f 564 565 566 567
f 568 569 570 571
f 572 573 574 575
f 576 577 578 427
f 579 580 581 582
f 583 329 584 585
f 586 587 588 589
f 586 221 540 587
f 136 590 591 233
f 189 592 593 266
f 51 594 595 360
f 596 597 598 599
f 600 599 598 601
f 602 603 604 605
f 606 607 608 609
f 429 428 610 611
f 612 613 614 615
f 612 616 617 613
f 618 619 620 621
f 622 623 624 625
f 621 620 624 623
f 619 625 624 620
f 626 627 628 629
f 626 630 631 627
f 632 440 633 634
f 632 634 635 636
f 637 638 639 640
f 641 642 643 644
f 645 646 647 648
f 649 650 651 652
f 653 290 654 655
f 656 657 658 659
f 660 661 662 663
f 663 662 664 665
f 661 666 664 662
f 67 667 668 68
f 669 670 668 667
f 671 669 667 67
f 672 673 674 675
f 676 677 678 679
f 680 681 682 683
f 684 685 686 687
f 688 689 690 502
f 691 692 693 694
f 695 696 697 698
f 695 698 699 700
f 701 101 702 703
f 704 705 706 707
f 492 708 709 493
f 708 105 710 709
f 711 712 713 714
f 715 711 714 716
f 717 718 719 720
f 721 722 723 724
f 724 723 725 726
f 727 728 656 729
f 730 727 729 731
f 732 733 734 735
f 732 736 737 733
f 665 738 739 740
f 47 741 742 743
f 744 272 406 84
f 745 746 747 748
f 745 749 750 746
f 745 748 751 749
f 289 398 684 752
f 753 754 755 756
f 757 758 759 760
f 89 88 761 762
f 279 276 763 764
f 11 765 766 294
f 767 768 769 770
f 771 772 773 774
f 770 769 773 772
f 768 774 773 769
f 775 776 777 778
f 334 545 779 780
f 547 781 779 545
f 782 783 784 785
f 786 787 788 160
f 789 790 791 792
f 793 794 790 789
f 795 796 797 798
f 799 800 801 802
f 803 804 805 188
f 806 807 808 809
f 810 806 809 811
f 690 812 813 814
f 815 816 817 192
f 818 819 820 607
f 821 822 823 824
f 825 826 827 828
f 829 830 831 832
f 833 829 832 834
f 833 835 830 829
f 836 837 838 839
f 840 841 842 843
f 844 589 845 846
f 847 848 849 850
f 851 852 853 854
f 854 853 855 856
f 857 858 859 860
f 861 862 863 864
f 139 241 863 862
f 865 866 867 868
f 869 870 871 872
f 872 871 873 874
f 875 876 877 878
f 879 880 881 882
f 883 884 885 886
f 887 491 888 889
f 890 891 892 893
f 890 894 895 891
f 891 895 896 892
f 161 897 898 258
f 899 900 901 902
f 903 904 905 906
f 907 908 909 910
f 911 912 913 914
f 915 707 916 917
f 608 918 919 920
f 921 922 923 924
f 921 925 847 922
f 921 924 926 925
f 927 928 929 573
f 930 931 851 932
f 226 458 933 934
f 771 879 882 772
f 935 936 937 938
f 554 939 940 941
f 554 942 890 939
f 939 890 893 940
f 943 944 945 946
f 249 248 947 948
f 949 950 951 952
f 949 953 954 950
f 955 956 957 958
f 959 960 961 962
f 963 964 965 966
f 967 968 969 970
f 971 972 973 974
f 975 976 977 978
f 979 229 977 976
f 228 978 977 229
f 980 981 982 983
f 204 520 984 985
f 201 986 987 517
f 985 984 987 986
f 204 985 986 201
f 520 517 987 984
f 574 988 989 366
f 990 991 992 993
f 994 995 996 997
f 994 998 999 995
f 995 999 1000 996
f 1001 1002 1003 812
f 292 1004 1005 399
f 1006 1007 1008 1009
f 1006 1010 949 1007
f 1006 1009 1011 1010
f 1007 949 952 1008
f 1012 1013 1014 1015
f 1016 1017 1018 1019
f 1015 1014 1018 1017
f 1013 1019 1018 1014
f 1020 1021 1022 1023
f 1024 1025 614 613
f 1026 1027 1028 1029
f 1029 1028 1030 1031
f 1032 1033 1034 1035
f 1036 1037 1038 1039
f 1040 1041 1042 1043
f 1044 1045 1046 1047
f 1048 1049 1050 1051
f 1048 1052 1053 1049
f 1054 1055 1056 1057
f 1054 1058 1059 1055
f 1054 1057 1060 1058
f 421 420 1061 1062
f 286 1063 1064 1065
f 285 1066 1067 1068
f 286 285 1068 1063
f 1065 1064 1067 1066
f 1063 1068 1067 1064
f 295 1069 1070 594
f 1071 1072 1073 1074
f 1072 760 1075 1073
f 1076 472 1077 1078
f 1079 1080 1081 1082
f 1083 1084 1080 1079
f 1085 1086 1087 1088
f 1089 1090 1091 1092
f 1089 1093 1094 1090
f 1089 1092 1095 1093
f 1096 1097 1098 262
f 1099 1100 1032 718
f 1101 1102 1103 1104
f 310 1105 1106 603
f 992 1107 1108 1109
f 702 494 1110 1111
f 1112 1113 1114 1115
f 1116 1112 1115 1117
f 1118 1119 1120 1121
f 1122 1123 1124 1125
f 1003 1126 1127 1128
f 1129 1130 1131 1132
f 1133 1134 1135 1136
f 1137 1138 1139 1140
f 1141 1142 1143 1144
f 1145 1146 1147 1148
f 1145 1149 1150 1146
f 1146 1150 1151 1147
f 1152 1153 280 279
f 1154 1155 1156 1157
f 1158 1159 1160 1161
f 1162 286 1065 1163
f 1164 1165 1166 1167
f 1168 1169 1170 1171
f 1172 1173 1174 1175
f 1173 1071 1074 1174
f 1176 1177 1178 1179
f 1180 1181 1182 1183
f 1180 1184 1185 1181
f 1181 1185 1186 1182
f 1187 694 1188 1189
f 759 1190 618 1191
f 471 567 1192 1193
f 1194 1195 1196 1197
f 1198 1199 1200 723
f 1201 1202 1203 1204
f 1198 1201 1204 1199
f 1198 723 1202 1201
f 1199 1204 1203 1200
f 528 1205 117 1206
f 1207 114 117 1205
f 1208 1209 1210 537
f 1208 1211 1212 1209
f 1209 1212 930 1210
f 1213 1214 1215 1216
f 1213 1217 1137 1214
f 1213 1216 1218 1217
f 1219 1145 1148 1220
f 1221 1222 1223 1224
f 1225 1226 1227 1228
f 1221 1225 1228 1222
f 1222 1228 1227 1223
f 1229 1230 1231 1232
f 1233 1234 1235 1236
f 285 1237 1238 1066
f 1239 1240 1241 1242
f 875 878 1243 1244
f 1245 1246 1243 878
f 1247 1244 1243 1246
f 563 562 1248 1249
f 1250 1251 1252 1253
f 1250 1254 1255 1251
f 1251 1255 1208 1252
f 770 772 1256 1257
f 1258 1259 1260 1261
f 1163 1262 1263 1264
f 1065 1265 1266 1064
f 1163 1065 1064 1262
f 1262 1064 1266 1263
f 1267 1268 1269 1270
f 1271 1272 204 203
f 1273 1221 1224 1274
f 1275 1276 1277 1278
f 179 1279 1280 1281
f 1282 1283 1284 1285
f 1286 1287 1288 1289
f 1282 1286 1289 1283
f 1283 1289 1288 1284
f 726 725 1290 1291
f 1291 1290 1292 1293
f 1139 1294 830 835
f 1295 1109 1296 1297
f 539 538 1298 1299
f 1300 1301 1302 681
f 1303 1304 426 1134
f 1305 1306 1307 1308
f 1309 1310 1282 1225
f 1225 1282 1285 1226
f 1311 1312 1313 1314
f 1315 1316 1317 1318
f 1318 1317 1319 1320
f 1316 1321 1319 1317
f 1322 1323 1324 1325
f 1326 1327 1328 1329
f 1330 1331 1332 1333
f 1331 1334 1335 1332
f 1336 1337 1338 1339
f 1340 1341 1342 1343
f 965 1344 1345 1041
f 1346 1347 1348 1349
f 1346 1350 250 1347
f 1346 1349 1351 1350
f 1347 250 253 1348
f 1352 1353 1354 1355
f 595 1356 1357 1358
f 1359 1360 1361 1362
f 1363 1364 1365 1366
f 1367 1368 1369 1370
f 1371 1372 1369 1368
f 1373 1370 1369 1372
f 1374 1375 1376 1033
f 1377 1242 1376 1375
f 1378 1379 1380 1381
f 1381 1380 1382 1383
f 1379 1384 1382 1380
f 604 1385 1386 944
f 1296 1387 1388 1389
f 1390 1391 1392 1393
f 1394 1395 1396 1397
f 1394 1398 1399 1395
f 1400 1401 1402 1403
f 1404 1405 1406 1407
f 396 1055 1408 685
f 396 395 1056 1055
f 1409 1410 1411 841
f 1412 1413 1414 1415
f 1416 1417 1418 1419
f 1420 1421 1422 1423
f 1424 1090 1425 1426
f 1424 1427 1091 1090
f 1428 1378 1381 1429
f 693 1430 1431 1432
f 1245 878 1433 46
f 1434 1435 1436 1437
f 1438 1434 1437 1439
f 1438 1440 1435 1434
f 1034 1441 1442 1443
f 1241 1444 1442 1441
f 1445 1446 1447 1448
f 1449 1140 1450 1451
f 1452 1453 1454 1455
f 1456 1457 1458 1459
f 1460 1461 1462 1463
f 1464 1460 1463 1465
f 1464 1466 1461 1460
f 1467 1468 1469 1312
f 1470 1368 1471 1195
f 1367 1472 1471 1368
f 1473 1474 1440 1438
f 1475 1473 1438 1476
f 1475 1477 1474 1473
f 1478 1479 1480 1481
f 1482 1483 1484 1485
f 1166 1486 478 477
f 1245 46 1487 1246
f 45 1488 1487 46
f 1489 1246 1487 1488
f 1490 1491 712 711
f 1492 1490 711 715
f 1493 1494 1495 1496
f 1497 9 12 1498
f 1499 13 9 1497
f 784 52 359 1086
f 1500 1501 1502 1503
f 1504 1505 521 520
f 1506 522 521 1505
f 791 1507 1508 1102
f 1509 1510 728 727
f 1511 1509 727 730
f 1512 1513 536 1514
f 1514 536 539 1515
f 1516 1517 1518 1519
f 1520 1521 1522 1523
f 1519 1518 1522 1521
f 1516 1519 1521 1520
f 1517 1523 1522 1518
f 1524 1525 465 142
f 1526 1527 1528 1529
f 1526 585 584 1527
f 1529 1528 1530 1531
f 1527 584 1530 1528
f 1532 1389 1533 1534
f 464 463 1535 1536
f 1537 1538 1539 1540
f 1537 1541 1542 1538
f 1537 1540 1543 1541
f 1544 1545 1546 1547
f 1548 1349 1549 1550
f 1548 1551 1351 1349
f 1552 1553 1504 1272
f 978 1554 1555 1446
f 957 1556 1557 1558
f 1559 1560 1561 1562
f 1563 579 582 1564
f 1275 1278 1519 1516
f 1565 1566 1519 1278
f 1567 1516 1519 1566
f 1568 1569 1570 1571
f 1568 1572 1573 1569
f 1569 1573 1574 1570
f 1575 1576 1577 1306
f 1578 1579 858 857
f 1580 1581 1582 1583
f 1584 1585 1586 1587
f 1588 1589 1590 1591
f 1592 1593 1594 1595
f 1596 202 516 1597
f 945 1598 1599 1600
f 1601 1602 1603 1604
f 1533 1605 1606 1607
f 1608 626 629 1609
f 1608 1610 630 626
f 1611 1612 1613 1614
f 1615 1616 164 163
f 839 838 159 928
f 1046 1617 1618 1142
f 1220 1148 1147 1619
f 1619 1147 1620 1621
f 1307 1622 1623 1155
f 1016 740 1624 1017
f 1625 1626 1250 1627
f 1060 1628 1629 1165
f 860 859 187 1630
f 1631 1632 1633 1634
f 1632 1515 1635 1633
f 1232 1636 1637 1638
f 1232 1231 701 1636
f 1636 701 703 1637
f 1639 1640 1641 1169
f 1642 1643 1644 1645
f 1646 1647 1644 1643
f 1648 1645 1644 1647
f 30 29 111 110
f 1649 1650 1651 1652
f 1650 1653 1654 1651
f 1655 1656 96 1657
f 1658 1659 1660 1661
f 1662 1663 1664 1665
f 1662 1666 1667 1663
f 1662 1665 1668 1666
f 1023 1022 1669 1670
f 1670 1669 1671 1672
f 1673 1674 1675 1676
f 1677 1678 1679 1680
f 1555 1681 1679 1678
f 1682 1680 1679 1681
f 1683 1684 1685 1686
f 1686 1685 1687 1688
f 1684 1689 1687 1685
f 1690 1691 1692 1693
f 1694 1695 1696 1697
f 1698 1699 1700 1701
f 1157 1156 261 1702
f 1703 1704 1705 1706
f 1707 1703 1706 1708
f 1708 1706 1705 1709
f 16 1426 1710 17
f 700 699 1431 1430
f 1711 1712 1713 1714
f 1715 1439 1655 1716
f 113 112 794 793
f 1717 1718 1719 1720
f 1721 1722 1719 1718
f 1723 1724 42 41
f 324 1725 1724 1723
f 1726 1727 1728 1729
f 335 1730 1683 1731
f 1077 281 284 1732
f 1078 1077 1732 1733
f 1733 1732 284 1734
f 1087 362 649 1364
f 1735 61 64 1736
f 1735 1737 65 61
f 1735 1736 1738 1737
f 1739 1740 70 1741
f 1742 67 70 1740
f 1103 1743 76 75
f 1381 1383 1744 1745
f 1746 1747 1748 1749
f 1749 1748 1750 1751
f 1752 1753 1754 1755
f 1756 1757 1758 1759
f 1565 1278 1758 1757
f 1760 1761 1762 1763
f 1325 1764 1765 1766
f 1325 1324 1767 1764
f 1764 1767 1768 1765
f 1769 1770 1771 447
f 447 1771 1772 1773
f 1489 1488 1774 1775
f 1776 1777 1774 1488
f 1778 1775 1774 1777
f 1493 1496 1779 1780
f 1781 1780 1779 1782
f 1506 1505 1783 1784
f 1785 1786 1783 1505
f 1787 1784 1783 1786
f 1788 1789 1790 1791
f 1792 1793 1794 1795
f 1788 1792 1795 1789
f 1789 1795 1794 1790
f 1796 389 392 1797
f 206 1798 1799 207
f 1800 1801 1802 1803
f 1210 1804 1805 1298
f 1210 930 932 1804
f 1804 932 1806 1805
f 1530 1807 1808 1809
f 1807 1325 1766 1808
f 1810 94 95 153
f 1810 1657 96 94
f 1811 1812 1813 1814
f 1815 1816 1817 1818
f 76 1819 1820 77
f 260 259 1821 319
f 1822 1823 1824 1825
f 1826 1825 1824 1827
f 82 81 178 177
f 82 177 1828 85
f 1829 1830 186 185
f 1829 1831 1832 1830
f 1829 185 1833 1831
f 1834 519 1835 1643
f 522 1836 1835 519
f 1646 1643 1835 1836
f 268 267 1837 338
f 1543 1838 960 959
f 1839 1840 215 214
f 1841 461 464 577
f 1842 1843 1844 1845
f 1846 1847 1848 1849
f 1850 1846 1849 1286
f 1286 1849 1848 1287
f 1851 232 229 979
f 1852 1853 1854 1855
f 738 1856 1857 739
f 1350 1858 254 250
f 1859 1860 1861 1862
f 126 1863 1864 127
f 1865 1866 1867 1868
f 1865 1869 1870 1866
f 1866 1870 1871 1867
f 331 1020 1023 332
f 1872 699 1873 1874
f 1872 1432 1431 699
f 1872 1874 1875 1432
f 1876 1550 1877 1878
f 1876 1878 1025 1024
f 1879 1880 1881 1882
f 1879 1026 1029 1880
f 1880 1029 1031 1881
f 1883 1609 1842 1884
f 1885 116 1886 1887
f 115 1888 1886 116
f 1889 1890 1891 1892
f 1893 1894 1895 1896
f 1897 1898 1899 1900
f 1901 1782 1899 1898
f 1902 1903 235 234
f 1904 1905 1906 1907
f 411 410 243 242
f 1908 1909 309 308
f 1910 1911 1909 1908
f 423 1697 1912 424
f 1913 1914 1915 1916
f 1620 1917 1918 1021
f 447 1773 1746 445
f 44 43 346 345
f 1919 349 352 1920
f 92 1116 1117 1921
f 1922 1923 1924 1925
f 60 59 1926 364
f 54 60 364 363
f 1365 652 1927 1593
f 62 1928 1929 63
f 62 66 184 1928
f 1928 184 1930 1929
f 1931 69 370 369
f 68 373 370 69
f 1500 1932 1933 1501
f 1934 1935 1933 1932
f 1936 1501 1933 1935
f 78 77 382 381
f 1937 385 388 1938
f 80 402 405 81
f 80 84 406 402
f 237 236 1939 1940
f 1392 1941 1942 1612
f 1943 1944 1945 1946
f 1946 1945 1947 1948
f 1944 1949 1947 1945
f 1660 1162 1163 1950
f 674 1951 24 23
f 245 244 1952 1341
f 1953 1954 1955 1956
f 1953 1957 1958 1954
f 1954 1958 1959 1955
f 1960 437 440 632
f 1961 1962 1963 1545
f 1160 436 1964 1965
f 1966 1967 1968 1969
f 123 121 449 448
f 479 672 675 569
f 1970 1631 1634 1971
f 1972 1973 1974 1975
f 1972 1976 1219 1973
f 1972 1975 1977 1976
f 1973 1219 1220 1974
f 142 465 468 143
f 1686 1688 1978 1979
f 1980 1981 708 492
f 1980 1982 102 1981
f 1981 102 105 708
f 154 152 1983 1984
f 1985 1986 474 473
f 1402 1987 1986 1985
f 1988 1989 1966 1990
f 1991 1988 1990 1903
f 1462 792 1101 1704
f 382 1992 1993 383
f 405 404 504 1994
f 1995 1996 1997 1998
f 1999 2000 490 489
f 2001 509 512 2002
f 2001 2003 513 509
f 2001 2002 2004 2003
f 571 570 1259 1258
f 2005 2006 316 2007
f 2005 2008 2009 2006
f 211 526 130 129
f 2010 529 532 2011
f 797 2010 2011 904
f 2012 2013 2014 2015
f 2012 753 756 2013
f 427 578 2016 428
f 2017 2018 1268 1267
f 217 216 534 533
f 1955 1959 1273 2019
f 2019 1273 1274 2020
f 233 591 2021 230
f 1885 1887 2021 591
f 354 2022 2023 355
f 354 358 1465 2022
f 176 175 2024 2025
f 176 2025 1279 179
f 827 2026 781 547
f 2027 548 551 2028
f 2029 163 166 103
f 876 2030 2031 2032
f 1759 2033 2031 2030
f 1802 1459 2034 2035
f 1577 958 2036 1622
f 1904 1907 2037 2038
f 2039 1627 2040 2041
f 2042 815 192 191
f 2043 2044 2045 2046
f 2047 2048 2008 2005
f 2043 2047 2005 2044
f 2043 2046 2048 2047
f 873 2049 2050 2051
f 1255 2052 1211 1208
f 2053 586 589 844
f 2053 218 221 586
f 2053 844 222 218
f 1261 1260 836 1483
f 133 136 233 232
f 138 238 241 139
f 1603 1661 2054 2055
f 290 289 752 654
f 148 2056 2057 149
f 2058 2059 2060 2061
f 2062 2063 2064 2065
f 2061 2060 2064 2063
f 2059 2065 2064 2060
f 683 682 27 754
f 937 194 2066 2067
f 2068 2069 2070 2071
f 2072 927 573 572
f 2073 612 615 2074
f 2073 2075 616 612
f 2073 2074 2076 2075
f 1179 1178 2077 2078
f 228 231 1554 978
f 350 641 644 351
f 1864 1308 1154 2079
f 2080 287 290 653
f 2080 2081 291 287
f 1594 2082 2083 2084
f 2085 2084 2083 239
f 733 183 2086 734
f 733 737 2087 183
f 384 383 677 676
f 386 2088 2089 387
f 969 2090 2089 2088
f 398 396 685 684
f 1613 2091 2092 1847
f 2093 2094 955 1576
f 264 263 323 322
f 2095 2096 2068 1914
f 2097 1778 2098 2099
f 2100 763 2098 1778
f 276 2099 2098 763
f 2101 333 336 2102
f 2103 2104 2105 2106
f 2107 2108 963 1581
f 438 2109 967 439
f 2109 2110 968 967
f 2111 22 2112 2113
f 2113 2112 2114 705
f 780 779 2115 1730
f 779 1428 1429 2115
f 2116 717 720 2117
f 2118 2119 2120 2121
f 453 363 124 2122
f 802 801 908 907
f 2123 744 84 83
f 2123 83 390 389
f 288 397 398 289
f 288 292 399 397
f 607 820 918 608
f 434 2124 2125 435
f 2126 2127 1336 2128
f 2126 2129 2130 2127
f 2126 2128 2131 2129
f 4 3 432 307
f 227 226 934 2132
f 466 89 762 467
f 1697 2133 2134 1912
f 1697 1696 2135 2133
f 2133 2135 2136 2134
f 10 2137 765 11
f 14 325 2137 10
f 476 475 783 782
f 2138 1088 1363 2139
f 2140 2141 2142 2143
f 2140 2144 2145 2141
f 2143 2142 2146 2147
f 2141 2145 2146 2142
f 2148 2149 2116 1967
f 876 2032 205 877
f 1705 1104 2150 1909
f 1709 1705 1909 1911
f 677 2151 2152 678
f 498 497 807 806
f 500 498 806 810
f 2153 2154 2155 2156
f 2157 2153 2156 2158
f 502 690 814 503
f 2159 2160 171 2161
f 28 368 1044 29
f 906 905 2162 2163
f 2164 2165 2166 2167
f 2164 2168 2169 2165
f 2165 2169 2170 2166
f 910 909 13 1499
f 530 821 824 531
f 32 535 2171 33
f 2172 2173 2171 535
f 36 33 2171 2173
f 627 732 735 628
f 627 631 736 732
f 707 706 2174 916
f 2175 844 846 2176
f 2175 2177 222 844
f 2175 2176 2178 2177
f 920 919 2179 2180
f 2181 2182 2183 2184
f 2181 2185 2186 2182
f 925 2187 848 847
f 925 926 2188 2187
f 1934 1932 2189 2097
f 458 1855 2190 933
f 549 865 868 550
f 506 2191 2192 507
f 2193 2194 884 883
f 101 100 494 702
f 748 747 2195 1832
f 2196 2197 2198 2199
f 2200 2201 450 449
f 2200 2202 2157 2201
f 401 2203 2204 2205
f 2206 401 2205 2207
f 2207 2205 2204 2208
f 1968 2117 2159 1996
f 2209 2210 895 894
f 2209 2211 2212 2210
f 2210 2212 2213 895
f 1792 2164 2167 1793
f 105 104 71 710
f 329 328 2214 584
f 328 332 1322 2214
f 2215 2216 2217 2218
f 2219 2220 1559 2221
f 2221 1559 1562 2222
f 587 911 914 588
f 587 540 543 911
f 1206 117 2223 590
f 1885 591 2224 116
f 590 2223 2224 591
f 117 116 2224 2223
f 366 989 318 367
f 2225 2226 2227 2228
f 582 581 2227 2226
f 2229 140 2230 2231
f 2231 2230 862 861
f 140 139 862 2230
f 2232 249 948 2233
f 409 2232 2233 410
f 1010 2234 953 949
f 1010 1011 2235 2234
f 2236 2237 576 1304
f 2238 2239 2240 2241
f 2241 2240 2242 2243
f 160 788 897 161
f 2244 2245 2246 1097
f 1423 1422 2247 2248
f 2249 2250 542 541
f 2249 2251 2252 2250
f 440 439 2253 633
f 188 805 592 189
f 2254 2255 2256 2257
f 1887 1886 2256 2255
f 1888 2257 2256 1886
f 642 980 983 643
f 1043 1042 408 1123
f 192 817 145 193
f 2169 2258 2259 2170
f 2169 2260 915 2258
f 2258 915 917 2259
f 2048 2261 2009 2008
f 679 678 991 990
f 2033 2262 2231 2263
f 1277 2229 2231 2262
f 1152 2264 2265 1153
f 2266 2267 2265 2264
f 2268 1153 2265 2267
f 1848 2269 2270 2271
f 1287 1848 2271 1288
f 1288 2271 2270 565
f 2272 2273 2274 2275
f 2272 2276 2277 2273
f 2272 2275 2278 2276
f 864 863 2279 1826
f 241 240 2279 863
f 2280 2281 2282 2069
f 2283 2284 2282 2281
f 2285 2286 2287 2288
f 2285 2289 2290 2286
f 2286 2290 2291 2287
f 924 2292 2293 926
f 2294 2295 210 209
f 302 2296 1572 2297
f 302 2298 2299 2296
f 2296 2299 2300 1572
f 262 1098 2301 263
f 718 1032 1035 719
f 2302 2303 2304 1321
f 2305 2306 2307 2308
f 2302 2305 2308 2303
f 1321 2304 2307 2306
f 2303 2308 2307 2304
f 2309 2310 2311 2312
f 941 940 378 377
f 940 893 2313 378
f 2314 2315 2048 2046
f 266 593 2316 267
f 1125 1124 2317 2104
f 332 2318 2319 1322
f 332 1023 1670 2318
f 1322 2319 1672 1323
f 2318 1670 1672 2319
f 272 271 407 406
f 746 1048 1051 747
f 746 750 1052 1048
f 752 684 687 2320
f 2321 133 134 2065
f 1851 2322 2323 232
f 2065 134 2323 2322
f 133 232 2323 134
f 2324 2325 2326 1337
f 2324 1975 1974 2325
f 2325 1974 2327 2326
f 960 2328 1158 961
f 291 2329 1004 292
f 294 766 1069 295
f 740 739 2330 1624
f 2331 2332 1216 2333
f 2070 2334 2335 2336
f 743 742 2335 2334
f 298 302 2297 2337
f 2338 1366 1592 2191
f 2339 1099 718 717
f 555 554 941 2340
f 309 2341 1105 310
f 991 2342 1107 992
f 2343 2344 1316 1315
f 2344 2302 1321 1316
f 424 1912 2134 2345
f 809 808 1113 1112
f 811 809 1112 1116
f 323 2346 1725 324
f 812 1003 1128 813
f 2347 2348 2349 172
f 336 335 1731 2350
f 569 675 2351 570
f 2105 2352 1340 2018
f 787 1136 2353 788
f 1929 737 1700 1699
f 1929 1930 2087 737
f 804 1161 2354 805
f 2355 2356 2331 58
f 380 296 299 2289
f 866 1176 1179 867
f 2357 2358 2359 2360
f 2361 2362 2363 1237
f 1237 2363 2364 1238
f 1235 480 568 2365
f 399 1005 337 394
f 2366 1187 1189 2367
f 2366 2368 2369 1187
f 2370 2371 2372 1428
f 1428 2372 1379 1378
f 2371 2035 1379 2372
f 720 719 2347 2160
f 1768 825 828 2373
f 2374 2375 2376 2377
f 912 1976 1977 913
f 2378 1309 1225 1221
f 2379 2380 2381 2026
f 2026 2381 1803 2382
f 2380 1800 1803 2381
f 893 892 2383 2313
f 892 896 422 2383
f 2384 2385 1812 1811
f 2032 2031 2386 2387
f 2033 2263 2386 2031
f 950 2388 2389 951
f 950 954 2390 2388
f 472 471 1193 1077
f 474 1498 2391 475
f 2392 1271 203 2085
f 2143 2147 2379 826
f 2393 2394 212 2395
f 2294 209 212 2394
f 1175 1174 2396 2397
f 2397 2396 2398 2399
f 1174 1074 2398 2396
f 478 843 672 479
f 705 2400 2401 706
f 705 2114 2402 2400
f 2400 2402 1615 2401
f 494 493 2403 1110
f 1121 1120 461 1841
f 2404 2405 2406 2407
f 2407 2406 2408 2409
f 496 2410 2411 497
f 501 2412 2410 496
f 1310 1850 1286 1282
f 2413 2414 853 852
f 2413 1571 1570 2414
f 2414 1570 2415 853
f 2416 2417 2418 2419
f 2416 1874 1873 2417
f 2420 2421 2422 2423
f 2420 1878 1877 2421
f 2420 2423 2424 1878
f 2425 1716 2426 1294
f 1138 2425 1294 1139
f 2427 2428 936 935
f 723 1200 1290 725
f 1200 1203 2429 1290
f 1814 1813 1482 2430
f 2100 2431 2432 763
f 2433 2434 2432 2431
f 764 763 2432 2434
f 2435 2436 2437 2438
f 2438 2437 524 523
f 2436 2439 524 2437
f 2440 2441 2442 2443
f 2440 439 967 2441
f 2440 2443 2253 439
f 2441 967 970 2442
f 1066 1238 2444 2445
f 1033 1376 1441 1034
f 1242 1241 1441 1376
f 2446 2447 2448 2449
f 573 929 988 574
f 2450 1315 1318 2090
f 2451 2452 2453 2454
f 2454 2453 2455 1616
f 577 464 1536 578
f 1049 2424 2456 1050
f 1049 1053 2457 2424
f 2458 938 2124 434
f 2459 2460 2461 2462
f 2459 2273 2463 2460
f 2459 2462 2274 2273
f 2460 2463 2464 2461
f 841 1411 2465 842
f 2466 2467 954 953
f 2466 922 2468 2467
f 2466 953 923 922
f 1415 1414 1301 1300
f 594 1070 1356 595
f 1090 1094 2469 1425
f 2192 1595 2470 2358
f 2471 1371 1368 1470
f 1100 1374 1033 1032
f 2472 2473 2474 2475
f 603 1106 1385 604
f 1109 1108 1387 1296
f 1126 1394 1397 1127
f 1126 2476 1398 1394
f 1443 1442 2477 2478
f 1444 2479 2477 1442
f 908 2480 2481 909
f 630 2482 2483 631
f 1153 2484 2485 280
f 2486 2487 2485 2484
f 2488 2489 454 2490
f 2491 2492 2493 2494
f 2492 412 415 2493
f 646 2495 2496 647
f 59 2333 2497 1926
f 2498 1596 1597 2499
f 681 1302 2500 682
f 2266 2264 2501 2502
f 694 693 1432 1188
f 703 702 1111 1037
f 2503 2504 2505 2506
f 2503 1961 441 2504
f 2506 2505 444 1962
f 2503 2506 1962 1961
f 2504 441 444 2505
f 1195 1471 2507 1196
f 1472 2199 2507 1471
f 1035 1034 1443 2348
f 2508 1452 1455 2509
f 736 1701 1700 737
f 2510 2511 2512 2513
f 2513 2512 2514 2101
f 2511 2515 2514 2512
f 754 27 30 755
f 760 759 1191 1075
f 1401 2516 1987 1402
f 2134 2136 2517 2518
f 2518 2517 1658 1602
f 1721 2198 2519 1722
f 2197 2520 2519 2198
f 2521 2522 2523 2524
f 783 49 52 784
f 1272 1504 520 204
f 1384 2525 2526 1382
f 2527 2038 1563 1494
f 790 2528 1507 791
f 794 1144 2528 790
f 2295 2438 2529 2530
f 2530 2529 526 211
f 2295 2530 211 210
f 2438 523 526 2529
f 2531 2012 2015 2532
f 2531 2533 753 2012
f 2534 2535 1150 1149
f 2534 1791 1790 2535
f 2535 1790 1229 1150
f 800 1157 1702 801
f 807 2536 2537 808
f 814 813 2538 1753
f 2166 2539 98 2540
f 2166 2170 2259 2539
f 2539 2259 99 98
f 819 1171 2541 820
f 2542 1526 1529 2543
f 837 109 786 838
f 916 2544 102 1982
f 916 2174 2029 2544
f 2544 2029 103 102
f 2545 2546 2389 2388
f 2547 2548 2549 2550
f 2547 2551 770 2548
f 2550 2549 1257 2552
f 2548 770 1257 2549
f 858 962 803 859
f 2553 1015 115 114
f 2554 2555 815 2042
f 2556 1552 1272 1271
f 878 877 2557 1433
f 882 881 2558 2559
f 2294 2394 2530 2295
f 2559 2558 2530 2394
f 881 2295 2530 2558
f 2337 2297 1572 1568
f 902 901 2560 2561
f 1793 2167 2166 1794
f 1794 2166 2540 1230
f 2562 2563 999 998
f 2563 2564 2565 999
f 917 916 1982 1980
f 918 2566 2567 919
f 1155 1623 1096 1156
f 1507 2568 2569 1508
f 1630 187 190 2329
f 2570 1256 2559 2571
f 772 882 2559 1256
f 936 191 194 937
f 2359 199 202 1596
f 944 1386 1598 945
f 1389 1388 1605 1533
f 2572 2573 1553 1552
f 2574 2575 2576 2577
f 2574 1882 1881 2575
f 2577 2576 1331 1330
f 2575 1881 1331 2576
f 2578 2579 2580 2581
f 2578 2582 2583 2579
f 2579 2583 2584 2580
f 1022 2585 2586 1669
f 1669 2586 2140 1671
f 2392 2085 239 238
f 2587 660 663 2588
f 964 2589 1344 965
f 1030 2590 2591 2592
f 379 380 2593 2594
f 1030 379 2594 2590
f 2592 2591 2593 380
f 2590 2594 2593 2591
f 2595 2596 776 2597
f 2598 2193 883 2599
f 2595 2598 2599 2596
f 2595 2597 2193 2598
f 2596 2599 883 776
f 2600 1834 1643 1642
f 2601 2513 2602 2603
f 2603 2602 2102 2604
f 2513 2101 2102 2602
f 997 996 2605 2439
f 996 1000 1207 2605
f 1009 2606 2607 1011
f 2608 2609 2610 2611
f 1439 1437 1656 1655
f 2612 2578 2581 1653
f 1446 1555 1678 1447
f 1453 1690 1693 1454
f 1031 1030 2592 1334
f 1572 2300 2613 1573
f 1573 2613 2614 1574
f 1329 1328 1410 1409
f 1039 1038 2206 2144
f 1041 1345 2615 1042
f 1045 321 1617 1046
f 2616 16 20 2617
f 2616 1424 1426 16
f 2616 2617 1427 1424
f 2618 2601 2603 2619
f 2620 2621 2622 2623
f 1057 340 1628 1060
f 1583 1582 1640 1639
f 1476 1438 1439 1715
f 2624 2625 2149 2148
f 2028 551 156 155
f 838 786 160 159
f 1491 1726 1729 712
f 2626 2627 2628 2629
f 2630 2629 2628 2631
f 2632 500 810 2633
f 1086 359 362 1087
f 2471 1470 372 375
f 1102 1508 1743 1103
f 1510 1749 1751 728
f 1107 2634 2635 1108
f 2049 2636 2637 2050
f 1113 2638 2639 1114
f 39 344 1691 1690
f 1119 1419 2640 1120
f 1128 1127 413 412
f 2641 1694 1697 423
f 2642 2643 2620 2644
f 2162 2642 2644 2645
f 1652 1651 2646 2647
f 1651 1654 2547 2646
f 2648 2649 1761 1760
f 2650 2651 2652 2653
f 2650 2654 2655 2651
f 2651 2655 1076 2652
f 1147 1151 1917 1620
f 2656 2657 2658 2659
f 2656 2660 2661 2657
f 2656 2659 2662 2660
f 1323 1672 1767 1324
f 1672 1671 2663 1767
f 2664 2665 2624 2666
f 1165 1629 1486 1166
f 1817 1270 1118 1860
f 1169 1641 1122 1170
f 486 2667 1792 1788
f 1189 1188 2668 274
f 2570 2571 460 455
f 1828 1281 2669 2670
f 1193 1192 2671 282
f 2583 2672 2673 2584
f 2583 2674 2675 2672
f 2672 2675 2676 2673
f 2677 2678 2679 2680
f 537 1210 1298 538
f 1457 1652 2647 1458
f 1695 2650 2653 1696
f 1223 1227 470 469
f 1562 1561 2681 2682
f 2683 473 476 2684
f 1743 2685 1819 76
f 1413 1485 2072 1414
f 1862 1861 2237 2236
f 1597 516 519 1834
f 1600 1599 1840 1839
f 1607 1606 2686 2687
f 2688 2689 2686 1606
f 2364 2687 2686 2689
f 1720 1719 1786 1785
f 1722 1787 1786 1719
f 1520 1523 2690 137
f 2691 2692 2690 1523
f 1609 629 1843 1842
f 2693 1851 979 2486
f 2552 1257 2694 2695
f 2570 455 2696 1256
f 2695 2694 2696 455
f 1257 1256 2696 2694
f 1896 1895 1412 1923
f 1737 2697 2698 65
f 1737 1738 1233 2697
f 1589 2699 2700 1590
f 1759 1758 2262 2033
f 1278 1277 2262 1758
f 2701 2702 2703 2704
f 2701 2705 994 2702
f 2702 994 997 2703
f 1279 1547 2706 1280
f 2707 90 91 2633
f 2708 810 811 2709
f 2707 2708 2709 90
f 2707 2633 810 2708
f 90 2709 811 91
f 2710 2711 1404 1130
f 1284 1288 565 564
f 2712 2713 419 418
f 2714 1865 1868 2715
f 2714 2716 1869 1865
f 1301 572 575 1302
f 2717 2718 2667 2044
f 2719 2005 2007 2720
f 2717 2719 2720 2718
f 2717 2044 2005 2719
f 1304 576 427 426
f 2721 951 2389 2546
f 1617 2722 2723 1618
f 2724 2725 1026 1879
f 2726 1608 1609 1883
f 2726 2727 1610 1608
f 900 2550 2728 901
f 2550 2552 2695 2728
f 2392 238 2729 1271
f 138 2730 2729 238
f 2556 1271 2729 2730
f 2487 976 2731 2732
f 975 1445 2731 976
f 1925 1924 2733 2609
f 1691 1897 1900 1692
f 2734 752 2320 2735
f 2736 2734 2735 2737
f 2736 654 752 2734
f 1306 1577 1622 1307
f 2738 2739 2710 2740
f 17 2741 2742 21
f 2741 2714 2715 2742
f 1333 1332 1255 1254
f 1332 1335 2052 1255
f 2743 1913 1916 2744
f 1341 1952 1492 1342
f 2745 611 1863 126
f 1716 1655 1657 2426
f 2746 2747 1099 2339
f 550 868 2748 2749
f 2750 2617 20 19
f 1545 1963 1511 1546
f 1965 1964 1674 1673
f 1727 1919 1920 1728
f 91 811 1116 92
f 2751 2752 2261 2753
f 2751 1883 1884 2752
f 1364 649 652 1365
f 2754 2755 661 660
f 2754 2756 2757 2755
f 2755 2757 666 661
f 1747 635 1937 1748
f 1748 1937 1938 1750
f 1387 2758 2759 1388
f 2610 680 683 2533
f 1391 2760 1941 1392
f 343 623 1898 1897
f 622 1901 1898 623
f 1397 1396 2761 2762
f 2762 2761 2763 2618
f 1396 2764 2763 2761
f 2577 1330 1333 1626
f 2561 2765 2766 758
f 2561 2560 2767 2765
f 758 2766 2768 2769
f 2765 2767 2768 2766
f 2770 2771 696 695
f 2770 2128 1336 2771
f 2770 695 700 2128
f 2771 1336 1339 696
f 2772 2773 2743 2621
f 1763 1762 1957 1953
f 2101 2514 544 333
f 2515 546 544 2514
f 2592 380 2289 2285
f 600 601 2404 2774
f 1858 600 2774 254
f 1770 1960 632 1771
f 1771 632 636 1772
f 2775 2776 2746 2625
f 2777 2778 2779 2780
f 2777 2781 2750 2778
f 2777 2780 2782 2781
f 1417 715 716 1418
f 127 1864 2079 2783
f 1990 1966 1969 2784
f 1903 1990 2784 235
f 1656 2633 91 96
f 2785 2786 561 560
f 2787 730 731 2555
f 2471 375 2788 1371
f 1677 1680 2788 375
f 2789 1371 2788 1680
f 1676 1675 2790 2791
f 1429 1381 1745 1689
f 2792 2793 357 353
f 2013 2792 353 2014
f 2013 756 2793 2792
f 2794 2795 1757 1756
f 1503 1565 1757 2795
f 2526 2561 758 757
f 1496 2796 2797 1779
f 1900 1899 2797 2796
f 1782 1779 2797 1899
f 781 2370 1428 779
f 2622 2744 2775 2665
f 2798 782 785 2699
f 1459 1458 2799 2034
f 1461 789 792 1462
f 1466 793 789 1461
f 77 1820 1992 382
f 2800 2801 1427 2617
f 2800 2802 889 2801
f 1468 799 802 1469
f 81 405 1994 178
f 2803 1995 1998 2804
f 236 2803 2804 1939
f 1830 1999 489 186
f 1830 1832 2195 1999
f 1809 1808 1399 1398
f 2805 818 607 606
f 2572 2806 2807 2573
f 2808 2809 2807 2806
f 2810 2808 2806 2572
f 2811 2573 2807 2809
f 1483 836 839 1484
f 2636 2812 2813 2637
f 2677 2680 2814 2815
f 2636 2677 2815 2812
f 2637 2813 2814 2680
f 2812 2815 2814 2813
f 2816 484 483 2817
f 2433 2818 2819 2434
f 2501 2434 2819 2820
f 2821 2822 2823 2824
f 2822 2825 2826 2823
f 72 2827 2828 73
f 72 2829 1970 2827
f 2827 1970 1971 2828
f 259 2830 1467 1821
f 1653 2831 2832 1654
f 1653 2581 2580 2831
f 1654 2832 767 2833
f 2831 2580 767 2832
f 1665 857 860 1668
f 2834 2027 2028 2835
f 2836 2834 2835 2589
f 2837 2138 2139 196
f 2669 2838 2428 2427
f 2056 2839 1648 2057
f 2840 2841 2842 1405
f 1535 906 2163 2094
f 2843 2844 2845 2846
f 2847 1946 2845 2844
f 1540 1797 1838 1543
f 2066 2848 2849 2108
f 1354 2850 2851 1421
f 1979 1978 2851 2850
f 1884 1842 1845 2852
f 2853 2854 912 911
f 2853 2855 2816 2854
f 2853 911 543 2855
f 2856 2857 915 2260
f 2857 704 707 915
f 1798 2821 2824 1799
f 457 1852 1855 458
f 2858 2859 2840 2711
f 1905 2061 2063 1906
f 1406 2860 2861 2862
f 1892 1891 2861 2860
f 1576 955 958 1577
f 1914 2068 2071 1915
f 2235 2863 1893 2292
f 1581 963 966 1582
f 1762 775 778 1957
f 2864 2865 1374 1100
f 867 1179 2078 2866
f 22 21 2742 2112
f 2112 2742 2451 2114
f 2465 2867 2118 2868
f 2869 2780 1844 1843
f 2869 2870 2782 2780
f 2869 1843 2871 2870
f 1921 1117 558 557
f 2006 2852 317 316
f 1593 1927 2082 1594
f 2872 2737 2873 2874
f 1604 1603 2055 2875
f 1605 2876 2877 1606
f 2688 1606 2877 2878
f 2051 2050 2879 1856
f 1612 1942 2091 1613
f 2268 2880 2484 1153
f 2693 2486 2484 2880
f 2881 2882 2883 2884
f 2881 2488 2490 2882
f 2881 2884 2885 2488
f 43 2886 2887 346
f 2888 2095 1914 1913
f 1696 2653 2652 2135
f 2135 2652 2889 2136
f 1621 1620 1021 1020
f 1622 2036 2244 1623
f 2890 2891 2864 2747
f 1017 1624 2257 1888
f 1627 1250 1253 2040
f 1628 2892 2893 1629
f 1967 2116 2117 1968
f 97 92 1921 151
f 1640 1040 1043 1641
f 2894 2895 2896 2897
f 2898 2899 2872 2900
f 2898 2901 655 2899
f 1951 2121 2902 24
f 2903 887 889 2802
f 29 1044 1047 111
f 2735 2904 1610 2727
f 2735 2320 687 2904
f 1661 1660 1950 2054
f 1674 2905 2906 1675
f 2637 2680 2907 2908
f 2794 1247 2909 2795
f 2910 2189 2909 1247
f 1932 2795 2909 2189
f 2911 2912 2913 2914
f 1916 1915 2890 2776
f 2700 1085 1088 2138
f 1989 2148 1967 1966
f 1704 1101 1104 1705
f 383 1993 2151 677
f 2915 2916 1477 1475
f 2917 2915 1475 2918
f 2919 1125 2104 2103
f 2920 2921 2154 2153
f 2202 2920 2153 2157
f 2202 2922 2921 2920
f 1996 2159 2161 1997
f 2211 2238 2241 2212
f 2212 2241 2243 2213
f 2094 2163 956 955
f 112 1141 1144 794
f 2023 1707 1708 2923
f 355 2023 2923 645
f 645 2923 1708 646
f 175 2181 2184 2024
f 175 180 2185 2181
f 1736 1164 1167 1738
f 2924 2925 1377 2926
f 2927 2928 848 2187
f 2927 2929 2911 2928
f 2927 2187 2930 2929
f 2119 1818 1859 2120
f 197 2338 2191 506
f 2931 2932 2933 2934
f 2228 2227 2933 2932
f 581 2934 2933 2227
f 2935 2936 2917 2937
f 2614 2875 2938 870
f 2939 748 1832 1831
f 2939 2545 751 748
f 2939 1831 2546 2545
f 2940 2200 449 121
f 2941 2942 2922 2202
f 2940 2941 2202 2200
f 2940 121 2942 2941
f 1969 1968 1996 1995
f 1292 2943 2211 2209
f 1950 2944 2945 2946
f 2054 1950 2946 2947
f 2947 2946 2945 2948
f 2106 2105 2018 2017
f 307 432 1649 2949
f 2950 2215 2218 2951
f 2239 1955 2019 2240
f 2240 2019 2020 2242
f 2952 2953 1219 1976
f 2952 2817 2954 2953
f 2953 2954 1145 1219
f 252 2955 1559 2220
f 256 2956 1560 2957
f 252 256 2957 2955
f 2955 2957 1560 1559
f 1790 1794 1230 1229
f 2382 1803 2371 2370
f 1803 1802 2035 2371
f 2958 2225 2228 2841
f 368 367 1045 1044
f 2263 2231 861 2959
f 164 2960 2961 165
f 164 2962 2039 2960
f 2960 2039 2041 2961
f 1458 2963 2964 2799
f 1458 2647 2646 2963
f 2799 2964 2965 899
f 2963 2646 2965 2964
f 2966 2967 2968 2886
f 2069 2282 2334 2070
f 2284 743 2334 2282
f 1812 1258 1261 1813
f 1816 1267 1270 1817
f 1958 2969 1273 1959
f 2970 2378 1221 2971
f 1958 2970 2971 2969
f 2969 2971 1221 1273
f 1178 1423 2248 2077
f 2972 2973 2251 2249
f 2972 220 2974 2973
f 1819 1588 1591 1820
f 947 1249 2216 2215
f 177 179 1281 1828
f 2315 2753 2261 2048
f 2395 212 2975 2976
f 2976 2975 2059 2058
f 212 213 2059 2975
f 267 2316 2977 1837
f 2978 2384 1811 2979
f 2177 2980 223 222
f 2180 2179 1815 2981
f 1889 1892 2982 2818
f 1847 2092 2269 1848
f 347 2983 2984 638
f 2096 2280 2069 2068
f 1855 1854 2985 2190
f 2986 2330 2987 2789
f 739 1857 2987 2330
f 2336 2335 2988 2865
f 742 2926 2988 2335
f 1863 1305 1308 1864
f 2989 2309 2312 2990
f 1868 1867 2991 2453
f 2453 2991 2992 2993
f 1867 1871 2992 2991
f 2994 2874 2315 2314
f 2764 2995 2511 2510
f 2996 2997 2511 2995
f 1881 1031 1334 1331
f 2693 2880 2322 1851
f 2062 2065 2322 2880
f 2127 2324 1337 1336
f 2127 2130 1975 2324
f 2998 2999 1052 750
f 2998 2882 2074 2999
f 2998 750 2883 2882
f 3000 3001 6 3002
f 2921 3000 3002 2154
f 2154 3002 6 5
f 1894 1814 2430 1895
f 788 2353 125 897
f 2356 3003 2332 2331
f 2071 2070 2336 2891
f 2139 1363 1366 2338
f 2149 2339 717 2116
f 2925 1239 1242 1377
f 1909 2150 2341 309
f 678 2152 2342 991
f 3004 1476 1715 3005
f 3006 2343 1315 2450
f 2158 1201 1202 3007
f 2156 2155 3008 3009
f 2158 2156 3009 1201
f 1201 3009 3008 1202
f 3010 1390 1393 3011
f 559 3010 3011 2194
f 559 558 1390 3010
f 2160 2347 172 171
f 2132 934 3012 3013
f 3014 2724 1879 3015
f 3015 1879 1882 2574
f 2474 2458 434 433
f 2248 2247 2310 2309
f 628 735 3016 2871
f 3017 3018 2980 3019
f 3017 1663 3020 3018
f 3017 3019 1664 1663
f 648 647 1910 2412
f 2182 3021 3022 2183
f 2182 2186 1752 3021
f 3021 1752 1755 3022
f 1923 1412 1415 1924
f 2793 3023 358 357
f 2793 3024 3025 3023
f 1269 1416 1419 1119
f 63 1929 1699 3026
f 898 128 3027 2830
f 3028 2914 2356 2355
f 507 2192 2358 2357
f 415 417 3006 2110
f 3029 2366 2367 3030
f 3029 1538 2368 2366
f 3029 3030 1539 1538
f 1941 3031 3032 1942
f 593 3033 3034 2316
f 3035 2918 3004 3036
f 2201 2157 2158 3037
f 3037 2158 3007 722
f 2117 720 2160 2159
f 926 2293 1922 2188
f 2959 861 3038 3039
f 861 864 3040 3038
f 2216 2374 2377 2217
f 436 435 3041 1964
f 3042 3043 3044 1059
f 3042 64 63 3043
f 3043 63 3026 3044
f 2913 2937 3035 3003
f 3045 2178 3046 1542
f 2887 3047 167 2983
f 1986 1497 1498 474
f 1987 1499 1497 1986
f 1422 2397 2399 2247
f 2250 2252 487 484
f 1992 3048 195 1993
f 601 598 2405 2404
f 1248 1481 2375 2374
f 1994 504 2186 2185
f 3049 2416 2419 3050
f 3049 3051 1874 2416
f 3049 3050 3052 3051
f 578 1536 2093 2016
f 2018 1340 1343 1268
f 3053 1715 1716 2425
f 3054 3053 2425 1138
f 3054 3005 1715 3053
f 722 3007 1202 723
f 3055 3056 350 349
f 2124 2067 2107 2125
f 2025 1544 1547 1279
f 749 2884 2883 750
f 3057 150 2520 2197
f 633 2253 3058 3059
f 3059 3058 386 385
f 2277 2111 2113 3060
f 2273 2277 3060 2463
f 2463 3060 2113 2464
f 639 2521 2524 972
f 2035 2034 1384 1379
f 3061 1197 1717 2811
f 2310 2446 2449 2311
f 610 1575 1306 1305
f 3062 1025 2457 1053
f 3062 615 614 1025
f 3063 7 3064 3065
f 2155 3063 3065 3008
f 2155 8 7 3063
f 631 2483 1701 736
f 2565 1012 1015 2553
f 843 842 673 672
f 149 2057 3066 3067
f 2333 1216 1215 2497
f 682 2500 28 27
f 2191 1592 1595 2192
f 2263 2959 3039 2386
f 2345 3068 1601 3069
f 2345 2134 2518 3068
f 3068 2518 1602 1601
f 3070 1611 1614 3071
f 884 3070 3071 885
f 885 3071 1614 3072
f 2348 1443 2478 2349
f 1065 1066 2445 1265
f 25 3073 3074 107
f 2399 2398 2447 2446
f 2114 2451 2454 2402
f 2402 2454 1616 1615
f 219 3075 2974 220
f 3076 2488 2885 3077
f 3078 3079 3080 2489
f 3076 3078 2489 2488
f 3076 3077 3079 3078
f 3081 3082 530 529
f 3083 2491 2494 3084
f 3083 1753 2538 2491
f 3083 3084 1754 1753
f 2081 1630 2329 291
f 663 665 740 1016
f 58 2331 2333 59
f 3085 3086 2773 2772
f 2360 2359 1596 2498
f 659 658 1525 1524
f 3087 3088 2716 2714
f 675 674 23 2351
f 2091 3089 3090 2092
f 425 3091 2299 2298
f 425 424 2345 3091
f 3091 2345 3069 2299
f 468 467 549 548
f 263 2301 2346 323
f 719 1035 2348 2347
f 2769 2768 3092 1190
f 2132 3013 3093 3094
f 2768 3094 3093 3092
f 2604 2102 2308 2305
f 2305 2308 2350 3095
f 2102 336 2350 2308
f 856 855 2754 3096
f 3096 2754 660 2587
f 2986 2789 1680 1682
f 2104 2317 2352 2105
f 2375 2508 2509 2376
f 1730 2115 1684 1683
f 2115 1429 1689 1684
f 2243 2242 1695 1694
f 714 713 3081 3097
f 716 714 3097 796
f 801 1702 2480 908
f 2259 917 1980 99
f 820 2541 2566 918
f 2332 3036 1218 1216
f 2984 170 2522 2521
f 475 2391 49 783
f 877 205 208 2557
f 2151 198 505 2152
f 497 2411 2536 807
f 1480 3098 1452 2508
f 3099 3100 2809 2808
f 3061 2811 2809 3100
f 503 814 1753 1752
f 2502 2501 2820 580
f 909 2481 14 13
f 2417 2542 2543 2418
f 2421 2004 3101 2422
f 3102 3103 642 641
f 3104 2365 2385 2384
f 2176 846 2369 2368
f 2176 2368 3046 2178
f 919 2567 3105 2179
f 2184 2183 1770 1769
f 973 2626 2629 3106
f 2826 3106 2629 2630
f 853 2415 3107 855
f 2571 2559 2394 2393
f 3108 3030 3109 1796
f 3108 1540 1539 3030
f 3108 1796 1797 1540
f 567 3110 3111 1192
f 567 566 35 3110
f 3110 35 36 3111
f 3112 3113 3114 3115
f 3112 3115 3116 2606
f 1721 1718 3117 2198
f 1196 2507 3117 1718
f 2199 2198 3117 2507
f 3118 3119 3099 1517
f 2208 2204 1801 1800
f 895 2213 2641 896
f 213 129 133 2321
f 2447 3120 3121 2448
f 1075 1191 3121 3120
f 2509 1455 3102 3056
f 2443 2442 3122 3123
f 3123 3122 3124 3058
f 2443 3123 3058 2253
f 2442 970 3124 3122
f 2467 3077 2390 954
f 2467 2468 3079 3077
f 2528 3125 2568 1507
f 1144 1143 3125 2528
f 929 162 257 988
f 2358 2470 199 2359
f 1011 2607 2863 2235
f 2692 2572 1552 2556
f 2237 1841 577 576
f 1185 3126 3127 1186
f 109 108 787 786
f 1411 3128 2867 2465
f 1070 348 637 1356
f 2245 3129 1991 2246
f 1081 2683 2684 1360
f 1918 3130 2586 2585
f 3130 1036 1039 2586
f 3131 671 67 1742
f 3132 3133 822 821
f 1042 2615 409 408
f 1433 2557 2924 741
f 3134 1862 2236 3135
f 2313 2383 301 300
f 2383 422 425 301
f 3136 3050 688 403
f 3136 271 3052 3050
f 3136 403 407 271
f 3137 3138 2095 2888
f 3139 3140 86 3141
f 2499 1597 1834 2600
f 391 3142 2473 2472
f 2269 3143 31 2270
f 762 761 866 865
f 1015 1017 1888 115
f 2292 1893 1896 2293
f 3144 3145 3075 3020
f 3144 2898 2900 3145
f 3012 1781 1782 1901
f 3146 3147 3132 3082
f 378 2313 300 296
f 1037 1111 400 1038
f 824 823 3137 3086
f 2644 2620 2623 3148
f 2645 2644 3148 1556
f 2423 2422 2469 1094
f 2423 1094 2456 2424
f 2328 2475 1159 1158
f 1294 1810 153 830
f 1294 2426 1657 1810
f 2666 2624 2148 1989
f 2835 2028 155 3149
f 2589 2835 3149 1344
f 2329 190 265 1004
f 2524 2523 2627 2626
f 3150 1925 2609 2608
f 2986 1682 3151 2330
f 2254 2257 3151 1682
f 1624 2330 3151 2257
f 3152 2632 3153 3154
f 3152 499 500 2632
f 3152 3154 501 499
f 3155 1092 888 491
f 3155 2000 1095 1092
f 3155 491 490 2000
f 2340 941 377 376
f 2342 508 2634 1107
f 2439 2605 3156 524
f 524 3156 1205 528
f 2605 1207 1205 3156
f 808 2537 2638 1113
f 40 39 1690 1453
f 3157 3057 3158 3159
f 2678 3159 3158 2679
f 1711 3160 3161 1712
f 515 3162 3161 3160
f 3163 3164 981 980
f 1136 1135 2745 2353
f 3165 3166 851 931
f 3166 2413 852 851
f 1313 3167 2516 1401
f 3168 2664 2666 3169
f 1557 3168 3169 3129
f 1561 552 555 2681
f 3022 3084 437 1960
f 3022 1755 1754 3084
f 1574 2614 870 869
f 1328 609 3170 1410
f 1161 1160 1965 2354
f 3171 158 246 3172
f 1345 3171 3172 2615
f 1293 3173 890 942
f 1293 1292 2209 3173
f 3173 2209 894 890
f 480 479 569 568
f 485 2044 2667 486
f 485 487 2045 2044
f 2367 1189 274 273
f 2611 2610 2533 2531
f 321 320 2722 1617
f 3061 3100 3174 1197
f 3175 3176 3174 3100
f 1194 1197 3174 3176
f 3177 353 356 3178
f 3179 3177 3178 3180
f 3179 2014 353 3177
f 130 527 590 136
f 528 1206 590 527
f 137 2690 2730 138
f 2692 2556 2730 2690
f 1936 1935 3181 3131
f 275 278 3181 1935
f 2373 828 546 2515
f 1454 1693 3163 3103
f 1212 3165 931 930
f 983 982 2225 2958
f 3182 1985 473 2683
f 1403 1402 1985 3182
f 2246 1991 1903 1902
f 1508 2569 2685 1743
f 2706 2787 2555 2554
f 553 1293 942 554
f 3183 3184 3185 3186
f 3183 3187 3188 3184
f 3183 3186 3113 3187
f 3184 3188 3189 3185
f 2429 3190 2211 2943
f 3190 3191 2238 2211
f 3192 3193 2000 1999
f 3192 747 1051 3193
f 3192 1999 2195 747
f 2573 1720 1785 1553
f 1618 2723 1084 1083
f 3194 3195 540 221
f 3194 2972 2249 3195
f 3194 221 220 2972
f 3195 2249 541 540
f 224 2695 455 225
f 1077 1193 282 281
f 2659 613 617 2662
f 1357 640 971 1585
f 1629 2893 840 1486
f 826 2379 2026 827
f 45 48 3196 1488
f 1776 1488 3196 3197
f 1361 2798 2699 1589
f 1120 2640 462 461
f 3198 2701 2704 3199
f 2410 1908 308 2411
f 2412 1910 1908 2410
f 2740 2710 1130 1129
f 1386 679 990 1598
f 2419 2418 1001 689
f 2428 2042 191 936
f 1290 2429 2943 1292
f 3200 3201 2280 2096
f 3202 2712 418 87
f 2977 2805 606 1327
f 1671 2140 2143 2663
f 1008 952 951 2721
f 1062 1061 1177 1176
f 3203 313 317 2852
f 3203 3204 3205 313
f 3203 2852 1845 3204
f 3206 2587 2588 2564
f 2973 2994 2314 2251
f 457 460 3207 1852
f 2571 2393 3207 460
f 2670 2669 2427 3208
f 2445 2444 2056 148
f 2675 3198 3199 2676
f 3209 2738 2740 3133
f 665 664 3210 738
f 666 3211 3210 664
f 1132 1131 3200 3138
f 2621 2743 2744 2622
f 3212 26 106 3213
f 2462 2461 2857 2856
f 2461 2464 704 2857
f 1343 1342 1417 1416
f 831 154 1984 2649
f 2625 2746 2339 2149
f 551 550 2749 156
f 1414 2072 572 1301
f 2781 2800 2617 2750
f 2781 2782 2802 2800
f 2783 2079 800 799
f 1547 1546 2787 2706
f 3214 2751 2753 2873
f 3214 2726 1883 2751
f 3214 2873 2727 2726
f 855 3107 2756 2754
f 2791 2790 819 818
f 2473 3215 2458 2474
f 1108 2635 2758 1387
f 1114 2639 2760 1391
f 344 343 1897 1691
f 1127 1397 2762 413
f 2643 2772 2621 2620
f 901 2728 2767 2560
f 224 227 3216 2695
f 2728 2695 3216 2767
f 3217 3028 2355 3218
f 3217 850 849 3028
f 2657 2661 600 1858
f 2665 2775 2625 2624
f 2566 2103 2106 2567
f 2494 2493 2109 438
f 2493 415 2110 2109
f 1515 3219 1180 1635
f 1515 539 1299 3219
f 3219 1299 1184 1180
f 875 1244 2030 876
f 1756 1759 2030 1244
f 1419 1418 795 2640
f 1437 2632 2633 1656
f 1437 1436 3153 2632
f 3220 1921 557 556
f 152 3220 556 1983
f 152 151 1921 3220
f 157 2785 560 247
f 2801 1092 1091 1427
f 2801 889 888 1092
f 1302 575 365 2500
f 1469 802 907 3167
f 1188 1432 1875 2668
f 1474 3221 1435 1440
f 2732 2731 670 669
f 1445 1448 670 2731
f 1692 1900 2796 3164
f 3222 3223 2468 922
f 3224 847 850 3217
f 3222 3224 3217 3223
f 3222 922 847 3224
f 2623 2622 2665 2664
f 2684 476 782 2798
f 3225 1809 1398 2476
f 1093 1050 2456 1094
f 1626 1333 1254 1250
f 2516 910 1499 1987
f 1194 3176 3226 1195
f 369 372 3226 3176
f 1470 1195 3226 372
f 2916 3180 1474 1477
f 2749 2748 2786 2785
f 2855 2250 484 2816
f 2855 543 542 2250
f 2522 3227 3228 2523
f 2349 2478 3228 3227
f 3170 920 2180 3128
f 1485 1484 927 2072
f 1500 1503 2795 1932
f 1586 974 3229 1823
f 1383 1382 3230 1744
f 1382 2526 757 3230
f 1494 1563 1564 1495
f 1274 3231 2655 2654
f 1274 1224 1223 3231
f 3231 1223 469 2655
f 1590 2700 2138 2837
f 2533 683 754 753
f 1150 1229 1232 1151
f 1666 2080 653 1667
f 1666 1668 2081 2080
f 2536 311 602 2537
f 2711 2840 1405 1404
f 1599 993 1295 1840
f 1171 1170 2919 2541
f 2543 1529 3232 1002
f 1529 1531 3225 3232
f 2283 2281 3233 3234
f 2862 2861 3233 2281
f 1891 3234 3233 2861
f 2713 2843 2846 419
f 2718 3235 1792 2667
f 2718 2720 3236 3235
f 3235 3236 2164 1792
f 1355 1354 1421 1420
f 962 961 804 803
f 2555 731 816 815
f 2252 2046 2045 487
f 598 451 721 2405
f 2737 2735 2727 2873
f 2739 2858 2711 2710
f 1226 1285 1284 1227
f 1227 1284 564 470
f 3051 2668 1875 1874
f 999 2565 2553 1000
f 1407 1406 2862 3201
f 3135 2236 1304 1303
f 73 2828 3237 3238
f 2828 1971 3239 3237
f 1623 2244 1097 1096
f 1761 3240 775 1762
f 2747 2864 1100 1099
f 868 867 2866 2748
f 2568 1082 1359 2569
f 1641 1043 1123 1122
f 2752 2006 2009 2261
f 2752 1884 2852 2006
f 2899 2736 2737 2872
f 2899 655 654 2736
f 24 2902 3073 25
f 3241 3242 1491 1490
f 1952 3241 1490 1492
f 1388 2759 2876 1605
f 1186 3243 994 2705
f 1186 3127 2562 3243
f 3243 2562 998 994
f 3244 686 2482 630
f 2904 3244 630 1610
f 2904 687 686 3244
f 1797 392 3245 1838
f 3246 3247 1510 1509
f 1963 3246 1509 1511
f 42 2966 2886 43
f 2773 2888 1913 2743
f 1799 2824 3248 1240
f 74 73 3238 430
f 2774 2404 2407 3249
f 254 2774 3249 255
f 255 3249 2407 256
f 2776 2890 2747 2746
f 1745 3250 3251 1173
f 1745 1744 3230 3250
f 1173 3251 1072 1071
f 3250 3230 1072 3251
f 2778 2750 19 2278
f 3252 2682 1026 2725
f 2682 2681 1027 1026
f 2846 2845 1353 1352
f 1946 1948 1353 2845
f 2786 2894 2897 561
f 3253 2903 3016 735
f 3253 3254 887 2903
f 3253 735 734 3254
f 1765 3255 3256 2997
f 1768 2373 3257 3258
f 1765 1768 3258 3255
f 2997 3256 3257 2373
f 3255 3258 3257 3256
f 2606 3116 2978 2607
f 2609 2733 680 2610
f 107 3074 1133 108
f 1334 2592 2285 1335
f 3259 3260 3261 2912
f 2929 3259 2912 2911
f 2929 2930 3260 3259
f 2744 1916 2776 2775
f 1688 1687 1173 1172
f 1689 1745 1173 1687
f 2699 785 1085 2700
f 3262 3263 2916 2915
f 2936 3262 2915 2917
f 2936 3264 3263 3262
f 416 2619 2344 2343
f 2619 2603 2302 2344
f 1805 3265 3266 3126
f 1805 1806 3267 3265
f 3265 3267 3268 3266
f 1808 3269 2996 1399
f 1808 1766 1765 3269
f 3269 1765 2997 2996
f 340 339 2892 1628
f 1582 966 1040 1640
f 3270 3271 514 513
f 3270 1348 3272 3271
f 3270 513 3273 1348
f 3271 3272 2219 514
f 2866 2078 2895 2894
f 2870 2903 2802 2782
f 2870 2871 3016 2903
f 166 165 3274 3275
f 2817 483 2534 2954
f 2954 2534 1149 1145
f 2479 2631 3276 2477
f 2627 3277 3278 2628
f 2477 3276 3278 3277
f 2631 2628 3278 3276
f 2036 1558 2245 2244
f 184 183 2087 1930
f 2040 1253 1513 1512
f 196 2139 2338 197
f 2634 2357 2360 2635
f 2050 2637 2908 2879
f 208 207 1239 2925
f 1236 1235 2365 3104
f 2638 605 943 2639
f 2841 2228 2932 2842
f 2676 3279 3280 880
f 2676 3199 2704 3279
f 3279 2704 2435 3280
f 215 1297 1532 216
f 3281 2935 3282 3283
f 3284 3285 3264 2936
f 3281 3284 2936 2935
f 3281 3283 3285 3284
f 2824 2823 3286 3248
f 2823 2826 2630 3286
f 2784 1969 1995 2803
f 235 2784 2803 236
f 899 2965 2550 900
f 2646 2547 2550 2965
f 2652 1076 1078 2889
f 1767 2663 825 1768
f 3287 2950 2951 3288
f 243 3287 3288 244
f 3289 1956 1955 2239
f 2854 2952 1976 912
f 2854 2816 2817 2952
f 1270 1269 1119 1118
f 1435 3154 3153 1436
f 2897 2896 1479 1478
f 2147 2146 2380 2379
f 2146 2208 1800 2380
f 1281 1280 2838 2669
f 3290 2129 2131 692
f 3290 588 914 2129
f 2859 2958 2841 2840
f 771 774 880 879
f 2673 2676 880 774
f 2680 2679 3291 2907
f 3292 3293 2967 2966
f 1940 1939 3293 3292
f 1949 1686 1979 1947
f 361 1358 1584 650
f 1957 778 2970 1958
f 2865 2988 1375 1374
f 2926 1377 1375 2988
f 2685 1362 1588 1819
f 306 305 3294 3295
f 305 307 2949 3294
f 3296 2662 617 616
f 3296 3297 3298 2662
f 3296 616 2122 3297
f 1861 1121 1841 2237
f 948 947 2215 2950
f 3185 3189 1833 185
f 319 1821 1311 320
f 1871 2574 2577 2992
f 2874 2873 2753 2315
f 121 120 3299 2942
f 3300 3301 1727 1726
f 3208 2427 935 3215
f 3302 2177 2178 3045
f 3302 3019 2980 2177
f 3302 3045 3303 3019
f 2889 1078 1733 3304
f 3304 1733 1734 1659
f 338 1837 1326 339
f 2882 2490 2076 2074
f 1895 2430 1413 1412
f 1738 1167 1234 1233
f 346 2887 2983 347
f 1927 3305 3306 2082
f 3307 3308 3140 3139
f 2704 2703 2436 2435
f 2703 997 2439 2436
f 2891 2336 2865 2864
f 390 3309 3142 391
f 1688 1172 1175 1978
f 401 306 3295 2203
f 777 886 3310 3311
f 3311 3310 1310 1309
f 2895 2989 2990 2896
f 2715 1868 2453 2452
f 2900 2872 2874 2994
f 3312 3313 3314 3315
f 3312 1338 326 3313
f 3315 3314 329 583
f 3313 326 329 3314
f 2951 2218 3300 3242
f 2722 1314 1400 2723
f 3316 3317 3000 2921
f 3316 1451 1450 3317
f 1729 1728 3147 3146
f 2892 1329 1409 2893
f 2564 3318 3319 2565
f 2564 2588 3320 3318
f 2565 3319 1013 1012
f 3318 3320 1013 3319
f 1924 1415 1300 2733
f 1751 1750 3307 657
f 2914 2913 3003 2356
f 1915 2071 2891 2890
f 3321 1214 1449 3322
f 3321 2497 1215 1214
f 1971 3323 3324 3239
f 1971 1634 1633 3323
f 3323 1633 3325 3324
f 3245 2472 2475 2328
f 2918 1475 1476 3004
f 2742 2715 2452 2451
f 462 798 903 463
f 1714 1713 2724 3014
f 611 610 1305 1863
f 3326 3040 1827 3327
f 864 1826 1827 3040
f 2077 2248 2309 2989
f 2527 1494 3328 2985
f 1493 1780 3328 1494
f 2190 2985 3328 1780
f 1964 3041 2905 1674
f 3329 3330 2492 2491
f 3329 813 1128 3330
f 3329 2491 2538 813
f 3330 1128 412 2492
f 2928 3028 849 848
f 2928 2911 2914 3028
f 512 511 3331 3088
f 511 515 3160 3331
f 2758 2498 2499 2759
f 2760 946 3031 1941
f 534 1534 3332 535
f 2172 535 3332 2362
f 2937 2917 2918 3035
f 111 1047 1141 112
f 2990 2312 37 3333
f 3334 3042 1059 1058
f 3334 1736 64 3042
f 3334 1058 1164 1736
f 1675 2906 1168 2790
f 3335 3336 3087 3337
f 3335 2002 512 3336
f 3335 3337 3338 2002
f 3336 512 3088 3087
f 2997 2373 2515 2511
f 2130 913 1977 1975
f 756 755 3024 2793
f 2912 2935 2937 2913
f 2912 3261 3282 2935
f 3339 3045 1542 1541
f 3339 1578 3303 3045
f 3339 1541 1579 1578
f 150 149 3067 2520
f 2055 2054 2947 3340
f 3340 2947 2948 3341
f 592 3342 3033 593
f 2886 2968 3047 2887
f 651 1587 1822 3305
f 2034 2799 2525 1384
f 1820 1591 3048 1992
f 165 2961 3343 3274
f 2961 2041 3344 3343
f 1249 1248 2374 2216
f 1275 1516 1520 1276
f 178 1994 2185 180
f 2110 3006 2450 968
f 3031 1600 1839 3032
f 2121 2120 3134 2902
f 697 3315 1526 2542
f 3315 583 585 1526
f 2003 1549 3273 513
f 3345 3055 349 1919
f 2818 2982 3346 2819
f 2931 2934 3346 2982
f 2820 2819 3346 2934
f 3023 1464 1465 358
f 3023 3025 1466 1464
f 3347 749 751 2545
f 3347 3348 2884 749
f 3347 2545 2388 3348
f 634 633 3059 3349
f 3349 3059 385 1937
f 634 3349 1937 635
f 638 2984 2521 639
f 2830 3027 1468 1467
f 1554 3350 3351 2255
f 230 2021 3351 3350
f 231 230 3350 1554
f 1887 2255 3351 2021
f 2838 2554 2042 2428
f 2057 1648 1647 3066
f 3352 3353 2712 3202
f 673 2868 1951 674
f 2316 3034 2805 2977
f 3187 1008 2721 3188
f 2217 2377 3345 3301
f 3266 3354 2563 2562
f 3266 3268 3206 3354
f 3354 3206 2564 2563
f 2848 146 2836 2849
f 493 709 1 2403
f 709 710 2 1
f 2999 3062 1053 1052
f 2999 2074 615 3062
f 1920 352 2738 3209
f 1938 388 3352 3308
f 2351 23 26 3212
f 1408 3044 1698 3355
f 3011 1393 1611 3070
f 2194 3011 3070 884
f 765 41 44 766
f 2863 2979 1894 1893
f 2247 2399 2446 2310
f 3018 219 223 2980
f 3018 3020 3075 219
f 2867 2981 2119 2118
f 104 3275 72 71
f 2075 453 2122 616
f 3097 3081 529 2010
f 796 3097 2010 797
f 2150 75 78 2341
f 1772 636 635 1747
f 119 3322 3299 120
f 3356 3085 2772 2643
f 3357 659 1524 3358
f 816 3357 3358 817
f 2876 2600 1642 2877
f 3359 3337 1710 1426
f 3359 3360 3338 3337
f 3359 1426 1425 3360
f 1856 2879 1373 1857
f 1942 3032 3089 2091
f 3036 3004 3005 1218
f 3260 3283 3282 3261
f 3260 2608 2611 3283
f 143 468 548 2027
f 3213 106 109 837
f 2100 1778 1777 2431
f 430 3361 2612 431
f 430 3238 3237 3361
f 3361 3237 2578 2612
f 874 873 2051 3362
f 2311 2449 341 38
f 897 125 128 898
f 2387 2386 3363 206
f 206 3363 3364 1798
f 2386 3039 3364 3363
f 2011 532 3356 3365
f 904 2011 3365 905
f 1974 3366 3367 2327
f 1974 1220 1619 3366
f 3366 1619 1621 3367
f 193 145 146 2848
f 3003 3035 3036 2332
f 2179 3105 1816 1815
f 1367 1370 3368 1472
f 2908 2907 3368 1370
f 2905 1583 1639 2906
f 928 159 162 929
f 2983 167 170 2984
f 934 933 1781 3012
f 3306 1825 3369 3370
f 1826 2279 3369 1825
f 240 3370 3369 2279
f 1993 195 198 2151
f 2289 299 298 2290
f 2290 298 2337 2291
f 3371 3341 2636 2049
f 2032 2387 206 205
f 1481 1480 2508 2375
f 2691 1523 2808 2810
f 1517 3099 2808 1523
f 2203 3295 3294 2204
f 2204 3294 1456 1801
f 504 503 1752 2186
f 2213 2243 1694 2641
f 3089 214 217 3090
f 3326 3327 2825 2822
f 2163 2162 2645 956
f 2301 234 237 2346
f 514 3372 3373 515
f 514 2219 2221 3372
f 515 3373 2222 3162
f 3372 2221 2222 3373
f 3056 3102 641 350
f 1852 3207 2976 1853
f 2393 2395 2976 3207
f 646 1708 1709 2495
f 2024 2184 1769 3374
f 2849 2836 2589 964
f 3058 3124 2088 386
f 970 969 2088 3124
f 972 2524 2626 973
f 3375 3376 3377 3378
f 3375 403 688 3376
f 3378 3377 502 404
f 3375 3378 404 403
f 3376 688 502 3377
f 2187 2188 3150 2930
f 1818 1817 1860 1859
f 988 257 260 989
f 3379 3380 2843 2713
f 3381 123 448 3382
f 3383 3381 3382 596
f 3383 3298 123 3381
f 596 3382 448 597
f 85 1828 2670 3309
f 1197 1196 1718 1717
f 1004 265 268 1005
f 1567 3118 1517 1516
f 2948 2945 2678 2677
f 2376 2509 3056 3055
f 2949 1649 1652 1457
f 1889 2818 3384 1890
f 2433 2431 3384 2818
f 2242 2020 2650 1695
f 3385 3386 3387 3388
f 3385 2025 2024 3386
f 3385 3388 1544 2025
f 3386 2024 3374 3387
f 3008 3065 3389 3390
f 3390 3389 3391 3392
f 351 644 2858 2739
f 387 2089 3379 3353
f 1110 3393 304 303
f 1110 2403 1 3393
f 3393 1 4 304
f 367 318 321 1045
f 2481 322 325 14
f 394 1057 1056 395
f 394 337 340 1057
f 2967 3394 3395 2968
f 1998 1997 3395 3394
f 2495 1709 1911 2496
f 2293 1896 1923 1922
f 1069 345 348 1070
f 428 2016 1575 610
f 1074 1073 3396 2398
f 2398 3396 3120 2447
f 1073 1075 3120 3396
f 1080 3182 2683 1081
f 1084 1403 3182 1080
f 1097 2246 1902 1098
f 1936 3131 1742 1501
f 3397 1463 1703 3398
f 2022 3397 3398 2023
f 2022 1465 1463 3397
f 2023 3398 1703 1707
f 3082 3132 821 530
f 435 2125 1580 3041
f 1105 381 384 1106
f 1192 3111 3399 2671
f 2671 3399 2173 2172
f 3111 36 2173 3399
f 1111 1110 303 400
f 1123 408 411 1124
f 1203 3400 3190 2429
f 3390 3392 3191 3401
f 1203 3390 3401 3400
f 3400 3401 3191 3190
f 3086 3137 2888 2773
f 658 3139 3141 1525
f 896 2641 423 422
f 1134 426 429 1135
f 1892 2860 3402 2982
f 2842 2932 3402 2860
f 2931 2982 3402 2932
f 2 74 430 3
f 2092 3090 3143 2269
f 686 3355 2483 2482
f 6 2648 1760 7
f 467 762 865 549
f 3403 2275 3404 3205
f 3403 2778 2278 2275
f 3403 3205 2779 2778
f 1159 433 436 1160
f 3387 3405 442 441
f 3387 3374 1769 3405
f 3405 1769 447 442
f 1506 1784 1836 522
f 3406 3144 3020 1663
f 3407 1667 2901 2898
f 3406 3407 2898 3144
f 3406 1663 1667 3407
f 713 3146 3082 3081
f 2448 3121 621 342
f 1191 618 621 3121
f 1321 2306 2847 1319
f 1567 1566 3408 3118
f 1502 1740 3408 1566
f 1739 3118 3408 1740
f 531 824 3086 3085
f 3409 3410 2741 17
f 3409 3337 3087 3410
f 3409 17 1710 3337
f 3410 3087 2714 2741
f 2317 242 245 2352
f 2353 2745 126 125
f 3411 3412 3240 1984
f 3413 1983 2597 2595
f 3411 3413 2595 3412
f 3411 1984 1983 3413
f 3412 2595 2597 3240
f 3169 2666 1989 1988
f 3129 3169 1988 1991
f 2354 1965 1673 3342
f 1234 477 480 1235
f 99 1980 492 100
f 874 3362 3211 3414
f 2756 874 3414 2757
f 2757 3414 3211 666
f 2152 505 508 2342
f 3098 40 1453 1452
f 3013 3012 1901 622
f 3143 533 32 31
f 3333 37 40 3098
f 1253 1252 536 1513
f 1252 1208 537 536
f 828 827 547 546
f 3103 3163 980 642
f 2391 293 50 49
f 2557 208 2925 2924
f 647 2496 1911 1910
f 2183 3022 1960 1770
f 3024 110 113 3025
f 128 127 2783 3027
f 3415 2598 2193 556
f 3416 559 2194 3417
f 3415 3416 3417 2598
f 3415 556 559 3416
f 2598 3417 2194 2193
f 3141 86 89 466
f 1787 3418 3419 1784
f 3067 3066 3419 3418
f 3030 2367 273 3109
f 3033 1676 2791 3034
f 3332 1607 2687 3420
f 2362 3332 3420 2363
f 2363 3420 2687 2364
f 2365 568 571 2385
f 3119 3175 3100 3099
f 2037 2502 580 579
f 1348 253 252 3272
f 3272 252 2220 2219
f 3039 3038 3421 3364
f 3326 2822 3422 3040
f 3364 3421 3422 2822
f 3038 3040 3422 3421
f 1455 1454 3103 3102
f 190 189 266 265
f 2026 2382 2370 781
f 643 983 2958 2859
f 1312 1469 3167 1313
f 1327 606 609 1328
f 1739 1741 3119 3118
f 3149 155 158 3171
f 1344 3149 3171 1345
f 1135 429 611 2745
f 2264 764 2434 2501
f 3047 3423 168 167
f 2161 171 168 3423
f 3424 181 184 66
f 3424 3185 185 181
f 1356 637 640 1357
f 1360 2684 2798 1361
f 3048 2837 196 195
f 2470 2084 200 199
f 2085 203 200 2084
f 2688 2878 2839 2689
f 2444 2689 2839 2056
f 3133 2740 1129 822
f 1385 676 679 1386
f 3050 2419 689 688
f 1536 1535 2094 2093
f 3138 3200 2096 2095
f 3140 3202 87 86
f 2306 1943 1946 2847
f 1230 3425 701 1231
f 1230 2540 98 3425
f 3425 98 101 701
f 565 3426 35 566
f 2270 31 34 3427
f 565 2270 3427 3426
f 3426 3427 34 35
f 2067 2066 2108 2107
f 3391 1953 1956 3289
f 761 1062 1176 866
f 2464 2113 705 704
f 1410 3170 3128 1411
f 3172 246 249 2232
f 2615 3172 2232 409
f 301 425 2298 302
f 3145 2973 2974 3075
f 3145 2900 2994 2973
f 3297 122 123 3298
f 3297 2122 124 122
f 3147 3209 3133 3132
f 46 1433 741 47
f 3428 269 272 744
f 3428 3109 273 269
f 3119 3429 3430 3175
f 70 69 3430 3429
f 1741 70 3429 3119
f 1931 3175 3430 69
f 823 1132 3138 3137
f 3431 2462 2856 314
f 3431 2275 2274 2462
f 3431 314 3404 2275
f 12 11 294 293
f 830 153 154 831
f 2234 924 923 953
f 2234 2235 2292 924
f 842 2465 2868 673
f 2640 795 798 462
f 2500 365 368 28
f 1265 2445 148 147
f 38 341 344 39
f 3073 3135 1303 3074
f 1486 840 843 478
f 3164 2796 3432 981
f 1496 1495 3432 2796
f 52 51 360 359
f 3084 2494 438 437
f 2276 15 18 2277
f 2276 2278 19 15
f 2277 18 22 2111
f 2671 2172 2362 2361
f 3433 3434 600 2661
f 3435 596 599 3436
f 3433 3435 3436 3434
f 3433 2661 596 3435
f 3434 3436 599 600
f 87 418 421 88
f 158 157 247 246
f 162 161 258 257
f 463 903 906 1535
f 3204 2780 2779 3205
f 3204 1845 1844 2780
f 3178 356 3437 3221
f 3180 3178 3221 1474
f 1190 3092 619 618
f 3013 622 625 3093
f 3092 3093 625 619
f 3131 3181 669 671
f 278 2732 669 3181
f 1693 1692 3164 3163
f 2051 1856 3438 3439
f 3362 2051 3439 3211
f 738 3210 3438 1856
f 3211 3439 3438 3210
f 3148 2623 2664 3168
f 1556 3148 3168 1557
f 982 3440 2226 2225
f 1564 582 2226 3440
f 1702 261 264 2480
f 1570 1574 869 2415
f 2541 2919 2103 2566
f 3193 1093 1095 2000
f 3193 1051 1050 1093
f 1931 369 3176 3175
f 3263 3179 3180 2916
f 3263 2015 2014 3179
f 156 2749 2785 157
f 1579 959 962 858
f 170 169 3227 2522
f 172 2349 3227 169
f 1265 147 3441 1266
f 3157 3159 3441 147
f 1263 1266 3441 3159
f 182 488 2086 183
f 182 186 489 488
f 1585 971 974 1586
f 198 197 506 505
f 2291 2337 1568 3442
f 3442 1568 1571 2413
f 202 201 517 516
f 575 574 366 365
f 1447 1678 374 373
f 1677 375 374 1678
f 2409 2408 3443 3444
f 3444 3443 553 552
f 2411 308 311 2536
f 1598 990 993 1599
f 580 2820 2934 581
f 1276 1520 1521 1277
f 1277 1521 140 2229
f 1520 137 140 1521
f 2613 1604 2875 2614
f 2418 2543 1002 1001
f 1038 400 401 2206
f 3201 2862 2281 2280
f 2567 2106 2017 3105
f 1061 1355 1420 1177
f 313 3205 3404 314
f 3445 2659 2658 1551
f 3445 1024 613 2659
f 247 560 563 248
f 859 803 188 187
f 2251 2314 2046 2252
f 1637 703 1037 1036
f 597 448 451 598
f 3115 1236 3104 3116
f 270 3051 3052 271
f 270 274 2668 3051
f 1131 1407 3201 3200
f 48 47 743 2284
f 278 277 3446 2732
f 280 2485 3446 277
f 2487 2732 3446 2485
f 3391 3289 2239 3447
f 3392 3391 3447 3191
f 3191 3447 2239 2238
f 50 295 594 51
f 2144 2206 2207 2145
f 2145 2207 2208 2146
f 2649 1984 3240 1761
f 3230 757 760 1072
f 3125 1079 1082 2568
f 1143 1083 1079 3125
f 1151 1232 1638 1917
f 1156 1096 262 261
f 2660 3383 596 2661
f 2660 2662 3298 3383
f 311 310 603 602
f 315 3448 2169 2168
f 315 314 2856 3448
f 3448 2856 2260 2169
f 1170 1122 1125 2919
f 2607 2978 2979 2863
f 108 1133 1136 787
f 3128 2180 2981 2867
f 342 621 623 343
f 1724 3292 2966 42
f 1725 1940 3292 1724
f 348 347 638 637
f 1731 1683 1686 1949
f 1734 284 286 1162
f 3218 56 3449 3450
f 3218 2355 58 56
f 356 355 645 3437
f 362 361 650 649
f 729 656 659 3357
f 731 729 3357 816
f 2586 1039 2144 2140
f 741 2924 2926 742
f 413 2762 3451 414
f 414 3451 2619 416
f 2762 2618 2619 3451
f 3452 691 694 1187
f 3452 846 845 691
f 3452 1187 2369 846
f 419 2846 1352 420
f 1983 556 2193 2597
f 758 2769 1190 759
f 2720 312 315 3236
f 2720 2007 316 312
f 3236 315 2168 2164
f 470 564 567 471
f 2603 2604 2305 2302
f 3142 3208 3215 2473
f 3223 3078 3079 2468
f 3223 3217 3218 3078
f 3078 3218 3450 3079
f 2697 3115 3114 2698
f 2697 1233 1236 3115
f 2671 2361 1237 3399
f 282 2671 3399 283
f 283 3399 1237 285
f 207 1799 1240 1239
f 2794 1756 1244 1247
f 417 416 2343 3006
f 2475 2474 433 1159
f 2833 767 770 2551
f 2748 2866 2894 2786
f 2663 2143 826 825
f 3240 2597 776 775
f 2523 3228 3277 2627
f 2478 2477 3277 3228
f 256 2407 2409 2956
f 3154 648 2412 501
f 482 3453 2534 483
f 482 486 1788 3453
f 3453 1788 1791 2534
f 3327 1827 3454 2825
f 1823 3229 3455 1824
f 2825 3454 3455 3229
f 1827 1824 3455 3454
f 258 898 2830 259
f 508 507 2357 2634
f 1667 653 655 2901
f 1838 3245 2328 960
f 2537 602 605 2638
f 1840 1295 1297 215
f 3116 3104 2384 2978
f 3057 2197 3456 3158
f 2196 3291 3456 2197
f 2679 3158 3456 3291
f 3167 907 910 2516
f 1654 2833 2551 2547
f 2655 469 472 1076
f 2681 555 2340 1027
f 1335 2285 2288 2052
f 609 608 920 3170
f 3457 645 648 3154
f 3221 3457 3154 1435
f 3221 3437 645 3457
f 561 2897 1478 562
f 3254 488 491 887
f 3254 734 2086 488
f 320 1311 1314 2722
f 2405 721 724 2406
f 2406 724 726 2408
f 3458 3290 692 691
f 3458 589 588 3290
f 3458 691 845 589
f 1878 2424 2457 1025
f 339 1326 1329 2892
f 961 1158 1161 804
f 966 965 1041 1040
f 360 595 1358 361
f 2569 1359 1362 2685
f 2233 948 2950 3287
f 410 2233 3287 243
f 3186 2698 3114 3113
f 605 604 944 943
f 3242 3300 1726 1491
f 2723 1400 1403 1084
f 1021 1918 2585 1022
f 446 445 3459 3247
f 3247 3459 1749 1510
f 445 1746 1749 3459
f 2340 376 379 3460
f 1027 2340 3460 1028
f 1028 3460 379 1030
f 629 628 2871 1843
f 3157 147 150 3057
f 2580 3461 768 767
f 2580 2584 2673 3461
f 3461 2673 774 768
f 2486 979 976 2487
f 640 639 972 971
f 2893 1409 841 840
f 663 1016 1019 662
f 2588 663 662 3320
f 3320 662 1019 1013
f 48 2284 3462 3196
f 2283 3234 3462 2284
f 3197 3196 3462 3234
f 652 651 3305 1927
f 657 3307 3139 658
f 1448 1447 3463 670
f 68 668 3464 373
f 670 3463 3464 668
f 1447 373 3464 3463
f 1633 1635 3465 3325
f 689 1001 812 690
f 692 2131 1430 693
f 776 883 886 777
f 1950 1163 1264 2944
f 696 3312 3315 697
f 696 1339 1338 3312
f 3288 2951 3242 3241
f 244 3288 3241 1952
f 2799 899 902 2525
f 712 1729 3146 713
f 1962 444 3466 3467
f 3467 3466 3247 3246
f 1962 3467 3246 1963
f 444 446 3247 3466
f 2489 56 55 454
f 2489 3080 3449 56
f 728 1751 657 656
f 88 421 1062 761
f 26 25 107 106
f 1167 1166 477 1234
f 2910 1247 1246 1489
f 1342 1492 715 1417
f 778 777 3311 2970
f 2970 3311 1309 2378
f 2078 2077 2989 2895
f 785 784 1086 1085
f 2079 1154 1157 800
f 792 791 1102 1101
f 1546 1511 730 2787
f 2942 3316 2921 2922
f 2942 3299 1451 3316
f 2790 1168 1171 819
f 3215 935 938 2458
f 2002 3338 3101 2004
f 2635 2360 2498 2758
f 570 2351 3212 1259
f 822 1129 1132 823
f 2639 943 946 2760
f 834 3468 2648 3469
f 832 831 2649 3470
f 834 832 3470 3468
f 3468 3470 2649 2648
f 216 1532 1534 534
f 1217 3054 1138 1137
f 1217 1218 3005 3054
f 2268 2267 3471 2880
f 1906 2063 3471 2267
f 2062 2880 3471 2063
f 227 2132 3094 3216
f 2767 3216 3094 2768
f 103 166 3275 104
f 1635 1180 1183 3465
f 880 3280 3472 881
f 881 3472 2438 2295
f 3280 2435 2438 3472
f 958 957 1558 2036
f 1418 716 796 795
f 2896 2990 3333 1479
f 885 3072 1850 3473
f 886 885 3473 3310
f 3310 3473 1850 1310
f 2038 2037 579 1563
f 2041 2040 1512 3344
f 2129 914 913 2130
f 3317 833 834 3000
f 3317 1450 835 833
f 3000 834 3469 3001
f 1260 3213 837 836
f 3474 3019 3303 1578
f 3474 1665 1664 3019
f 3474 1578 857 1665
f 932 3475 3267 1806
f 932 851 854 3475
f 3475 854 856 3267
f 650 1584 1587 651
f 2415 3476 2756 3107
f 2415 869 872 3476
f 3476 872 874 2756
f 946 945 1600 3031
f 248 563 1249 947
f 194 193 2848 2066
f 698 697 2542 2417
f 698 2417 1873 699
f 3477 2003 2004 2421
f 3477 1550 1549 2003
f 3477 2421 1877 1550
f 3301 3345 1919 1727
f 1484 839 928 927
f 1047 1046 1142 1141
f 974 973 3106 3229
f 2825 3229 3106 2826
f 1308 1307 1155 1154
f 981 3432 3440 982
f 1495 1564 3440 3432
f 2082 3306 3370 2083
f 239 2083 3370 240
f 3308 3352 3202 3140
f 1668 860 1630 2081
f 1853 2976 3478 1854
f 1854 3478 2061 1905
f 2976 2058 2061 3478
f 993 992 1109 1295
f 2906 1639 1169 1168
f 2875 3479 3371 2938
f 2875 2055 3340 3479
f 3479 3340 3341 3371
f 3480 3187 3113 3112
f 3480 1009 1008 3187
f 3480 3112 2606 1009
f 1860 1118 1121 1861
f 1002 3232 1126 1003
f 3232 3225 2476 1126
f 432 3481 1650 1649
f 432 431 2612 3481
f 3481 2612 1653 1650
f 2218 2217 3301 3300
f 3126 3266 2562 3127
f 2136 2889 3304 2517
f 2517 3304 1659 1658
f 2108 2849 964 963
f 1728 1920 3209 3147
f 1750 1938 3308 3307
f 83 85 3309 390
f 3322 1449 1451 3299
f 2618 2763 2513 2601
f 2764 2510 2513 2763
f 2128 700 1430 2131
f 1000 2553 114 1207
f 1055 1059 3044 1408
f 420 1352 1355 1061
f 3025 113 793 1466
f 2137 1723 41 765
f 325 324 1723 2137
f 3237 3239 2582 2578
f 334 780 1730 335
f 1082 1081 1360 1359
f 1088 1087 1364 1363
f 1917 3482 3130 1918
f 1917 1638 1637 3482
f 3482 1637 1036 3130
f 3483 2075 2076 2490
f 3483 452 453 2075
f 3483 2490 454 452
f 1104 1103 75 2150
f 1773 1772 1747 1746
f 2902 3134 3135 3073
f 2154 5 8 2155
f 1115 1114 1391 1390
f 1117 1115 1390 558
f 364 3321 3322 119
f 364 1926 2497 3321
f 3365 3356 2643 2642
f 905 3365 2642 2162
f 2759 2499 2600 2876
f 1130 1404 1407 1131
f 392 391 2472 3245
f 3348 3077 2885 2884
f 3348 2388 2390 3077
f 1140 1139 835 1450
f 144 143 2027 2834
f 146 144 2834 2836
f 2196 2199 3484 3291
f 1472 3368 3484 2199
f 2907 3291 3484 3368
f 1240 3248 1444 1241
f 2910 1489 1775 2189
f 2097 2189 1775 1778
f 933 2190 1780 1781
f 1177 1420 1423 1178
f 2312 2311 38 37
f 2733 1300 681 680
f 1821 1467 1312 1311
f 710 71 74 2
f 3074 1303 1134 1133
f 956 2645 1556 957
f 584 2214 1807 1530
f 2214 1322 1325 1807
f 1214 1137 1140 1449
f 3162 2222 3485 3161
f 3161 3485 2682 3252
f 2222 1562 2682 3485
f 2979 1811 1814 1894
f 3079 3450 3449 3080
f 1058 1060 1165 1164
f 2981 1815 1818 2119
f 2930 3150 2608 3260
f 989 260 319 318
f 3305 1822 1825 3306
f 1904 2038 3486 1905
f 2527 2985 3486 2038
f 1854 1905 3486 2985
f 3264 2532 2015 3263
f 1541 1543 959 1579
f 3032 1839 214 3089
f 562 1478 1481 1248
f 2691 2810 2572 2692
f 2944 1264 1263 2945
f 2945 1263 3159 2678
f 2020 1274 2654 2650
f 3275 3274 2829 72
f 2287 3487 3166 3165
f 2287 2291 3442 3487
f 3487 3442 2413 3166
f 1314 1313 1401 1400
f 1558 1557 3129 2245
f 2956 2409 3444 1560
f 1560 3444 552 1561
f 805 2354 3342 592
f 3358 1524 142 141
f 817 3358 141 145
f 3360 2422 3101 3338
f 3360 1425 2469 2422
f 2879 2908 1370 1373
f 3353 3379 2713 2712
f 2120 1859 1862 3134
f 1297 1296 1389 1532
f 3285 2531 2532 3264
f 3283 2611 2531 3285
f 1299 3488 1185 1184
f 1299 1298 1805 3488
f 3488 1805 3126 1185
f 3188 1831 1833 3189
f 3188 2721 2546 1831
f 3248 3286 3489 1444
f 1444 3489 2631 2479
f 3286 2630 2631 3489
f 2327 3367 331 330
f 3367 1621 1020 331
f 1907 1906 3490 2037
f 2266 2502 3491 2267
f 2037 3490 3491 2502
f 1906 2267 3491 3490
f 3492 1548 1550 1876
f 3492 3445 1551 1548
f 3492 1876 1024 3445
f 2377 2376 3055 3345
f 2052 3493 1212 1211
f 2052 2288 2287 3493
f 3493 2287 3165 1212
f 975 978 1446 1445
f 352 351 2739 2738
f 1098 1902 234 2301
f 1280 2706 2554 2838
f 2408 726 1291 3443
f 3443 1291 1293 553
f 388 387 3353 3352
f 1124 411 242 2317
f 1337 2326 326 1338
f 2326 2327 330 326
f 3355 1698 1701 2483
f 1142 1618 1083 1143
f 3293 3494 3394 2967
f 2804 1998 3394 3494
f 1939 2804 3494 3293
f 1948 1947 3495 1353
f 1353 3495 2850 1354
f 1947 1979 2850 3495
f 766 44 345 1069
f 1358 1357 1585 1584
f 2188 1922 1925 3150
f 1362 1361 1589 1588
f 1366 1365 1593 1592
f 3294 2949 1457 1456
f 1183 1182 2701 3198
f 1182 1186 2705 2701
f 2341 78 381 1105
f 2993 2992 1625 3496
f 2992 2577 1626 1625
f 2346 237 1940 1725
f 1202 3008 3390 1203
f 1393 1392 1612 1611
f 1395 3497 3498 1396
f 1395 1399 2996 3497
f 1396 3498 2995 2764
f 3497 2996 2995 3498
f 3095 2350 1944 1943
f 2350 1731 1949 1944
f 2877 1642 1645 3499
f 2878 2877 3499 2839
f 2839 3499 1645 1648
f 1659 1734 1162 1660
f 1837 2977 1327 1326
f 1405 2842 2860 1406
f 2352 245 1341 1340
f 3001 3469 2648 6
f 685 1408 3355 686
f 2430 1482 1485 1413
f 1152 279 764 2264
f 3388 3387 441 1961
f 3388 1961 1545 1544
f 3267 3500 3206 3268
f 3267 856 3096 3500
f 3500 3096 2587 3206
f 3309 2670 3208 3142
f 1238 2364 2689 2444
f 1421 2851 2397 1422
f 1978 1175 2397 2851
f 1005 268 338 337
f 2789 2987 1372 1371
f 1857 1373 1372 2987
f 3325 3501 2675 2674
f 3325 3465 1183 3501
f 3501 1183 3198 2675
f 2449 2448 342 341
f 2453 2993 3496 2455
f 3274 3343 1970 2829
f 3343 3344 1631 1970
f 1503 1502 1566 1565
f 1776 3197 3502 1777
f 1890 3384 3502 3197
f 2431 1777 3502 3384
f 532 531 3085 3356
f 2305 3095 1943 2306
f 2525 3503 3504 2526
f 902 2561 2765 3505
f 2525 902 3505 3503
f 2526 3504 2765 2561
f 3503 3505 2765 3504
f 3506 1763 1953 3507
f 3065 3506 3507 3389
f 3065 3064 1763 3506
f 3389 3507 1953 3391
f 1259 3212 3213 1260
f 1268 1343 1416 1269
f 3044 3026 1699 1698
f 3027 2783 799 1468
f 1463 1462 1704 1703
f 3239 3324 2583 2582
f 3324 3325 2674 2583
f 2385 571 1258 1812
f 798 797 904 903
f 3105 2017 1267 1816
f 3090 217 533 3143
f 1479 3333 3098 1480
f 2811 1717 1720 2573
f 1498 12 293 2391
f 1501 1742 1740 1502
f 3041 1580 1583 2905
f 706 2401 2029 2174
f 2401 1615 163 2029
f 1801 1456 1459 1802
f 1525 3141 466 465
f 3088 3331 1869 2716
f 1711 1714 3014 3160
f 3331 3160 3014 1869
f 1320 1319 3508 3380
f 3380 3508 2844 2843
f 1319 2847 2844 3508
f 2455 3509 2039 2962
f 2455 3496 1625 3509
f 3509 1625 1627 2039
f 1534 1533 1607 3332
f 870 2938 3371 871
f 871 3371 2049 873
f 1538 1542 3046 2368
f 1349 1348 3273 1549
f 1813 1261 1483 1482
f 1798 3364 2822 2821
f 1602 1658 1661 1603
f 1553 1785 1505 1504
f 1554 2255 1681 1555
f 2254 1682 1681 2255
f 644 643 2859 2858
f 3344 3510 1632 1631
f 3344 1512 1514 3510
f 3510 1514 1515 1632
f 213 2321 2065 2059
f 2090 1318 3511 2089
f 2089 3511 3380 3379
f 1318 1320 3380 3511
f 1616 2455 2962 164
f 755 30 110 3024
f 1531 1530 1809 3225
f 1712 3161 2724 1713
f 3161 3252 2725 2724
f 938 937 2067 2124
f 1722 2519 3418 1787
f 2520 3067 3418 2519
f 3342 1673 1676 3033
f 3341 2948 2677 2636
f 2968 3395 3423 3047
f 1997 2161 3423 3395
f 3512 3424 66 65
f 3512 3186 3185 3424
f 3512 65 2698 3186
f 1587 1586 1823 1822
f 1591 1590 2837 3048
f 1595 1594 2084 2470
f 1869 3014 3015 1870
f 1870 3015 2574 1871
f 1106 384 676 1385
f 968 2450 2090 969
f 1614 1613 1847 1846
f 3072 1614 1846 1850
f 1890 3197 3234 1891
f 2016 2093 1576 1575
f 2480 264 322 2481
f 1934 2097 2099 1935
f 275 1935 2099 276
f 7 1760 1763 3064
f 2125 2107 1581 1580
f 3513 1350 1351 1551
f 3513 2657 1858 1350
f 3513 1551 2658 2657
f 1646 1836 3514 1647
f 1784 3419 3514 1836
f 3066 1647 3514 3419
f 2868 2118 2121 1951
f 3034 2791 818 2805
f 3515 3516 721 451
f 3515 2201 3037 3516
f 3515 451 450 2201
f 3516 3037 722 721
f 3517 3428 744 2123
f 3517 1796 3109 3428
f 3517 2123 389 1796
f 2299 3518 2613 2300
f 2299 3069 1601 3518
f 3518 1601 1604 2613
