# IK reachable fitted solid mesh
v 0.297368422 -0.678947369 1.099999989
v 0.315789474 -0.678947368 1.100000001
v 0.315789477 -0.660526320 1.099999956
v 0.297368426 -0.660526321 1.099999964
v 0.463705932 -0.789474898 1.100532086
v 0.482932891 -0.789474906 1.101312766
v 0.482932529 -0.771052765 1.101312248
v 0.463705828 -0.771052739 1.100531334
v -0.015789474 -0.678947368 1.100000000
v 0.002631579 -0.678947368 1.100000000
v 0.002631579 -0.660526316 1.100000000
v -0.015789474 -0.660526316 1.100000000
v 0.150000000 -0.789474790 1.100001072
v 0.168421053 -0.789474790 1.100001072
v 0.168421053 -0.771052745 1.100000110
v 0.150000000 -0.771052745 1.100000110
v 0.002631579 -0.789474790 1.100001072
v 0.021052632 -0.789474790 1.100001072
v 0.021052632 -0.771052745 1.100000110
v 0.002631579 -0.771052745 1.100000110
v 0.373815916 -0.292949141 0.831999001
v 0.366807690 -0.278134601 0.831581231
v 0.365293341 -0.279731985 0.845174220
v 0.367916653 -0.291886197 0.850548824
v 0.353304750 -0.270695469 0.832168092
v 0.352954415 -0.276892944 0.846941004
v 0.353725589 -0.287555649 0.854970056
v -0.089474898 -0.863705932 1.100532086
v -0.071052739 -0.863705828 1.100531334
v -0.071052733 -0.844722963 1.099986692
v -0.089474772 -0.844722926 1.099987696
v 0.334471551 -0.807791119 0.727768882
v 0.333971827 -0.793217878 0.720615910
v 0.347502576 -0.795231181 0.718879784
v 0.352616284 -0.808326597 0.724197880
v -0.089305882 -0.310499472 1.100509001
v -0.070170342 -0.310193093 1.101280334
v -0.070530272 -0.291911909 1.101192185
v -0.089207016 -0.292054160 1.100906814
v 0.334202674 -0.899919358 0.832198426
v 0.352628923 -0.900126687 0.832156093
v 0.352629090 -0.899971237 0.850024892
v 0.334206235 -0.899962089 0.850009320
v 0.315300429 -0.882354708 0.755844561
v 0.315314613 -0.864137562 0.756530812
v 0.334908079 -0.863269893 0.759786281
v 0.334955164 -0.883048767 0.759332934
v 0.499986108 -0.347368447 0.653584870
v 0.499986273 -0.328947267 0.653584884
v 0.499967472 -0.328947255 0.671460202
v 0.499967339 -0.347368445 0.671460206
v -0.182882466 -0.715792061 1.101327408
v -0.163698169 -0.715788884 1.100533402
v -0.163690626 -0.697368796 1.100534067
v -0.182899772 -0.697373637 1.101328754
v 0.500000111 -0.771052745 0.939285712
v 0.499999971 -0.752631553 0.939285711
v 0.499999949 -0.752631553 0.957142832
v 0.500000088 -0.771052745 0.957142832
v 0.021122268 -0.897405263 0.834619011
v 0.040002003 -0.897612613 0.834361979
v 0.039684359 -0.901626121 0.848638078
v 0.021040119 -0.901383999 0.848720513
v 0.021044582 -0.882999344 0.830479173
v 0.039983463 -0.883081943 0.830133564
v 0.500557651 -0.863693235 1.046404534
v 0.499974645 -0.844721787 1.046413977
v 0.500557651 -0.844712046 1.064804666
v 0.501133457 -0.863687094 1.064798714
v -0.030068757 -0.249197049 1.014563965
v -0.035319506 -0.255132602 1.024848383
v -0.016218749 -0.259416057 1.024143050
v -0.015819230 -0.250946811 1.013836192
v -0.035316310 -0.273570663 1.027577981
v -0.016152515 -0.273562307 1.025489616
v -0.199947479 -0.586798941 0.814332807
v -0.199936275 -0.586833442 0.832155846
v -0.199986667 -0.568423696 0.832139969
v -0.199928606 -0.568408839 0.814297682
v 0.228434075 -0.268507504 0.890962253
v 0.241936962 -0.269955851 0.889531663
v 0.241576922 -0.255439822 0.885058317
v 0.226917180 -0.255635007 0.888965409
v 0.075515135 -0.607674441 0.746528867
v 0.089367155 -0.609211243 0.747972115
v 0.094959451 -0.606882089 0.760873812
v 0.075918872 -0.603863741 0.760581567
v 0.371094557 -0.436279881 0.960785032
v 0.371063997 -0.440008065 0.974414021
v 0.390092054 -0.440489416 0.974117290
v 0.390094039 -0.436069095 0.960823973
v 0.227499923 -0.693473946 0.671685547
v 0.223823739 -0.697072971 0.689540750
v 0.217532794 -0.685008280 0.683884455
v 0.220380829 -0.679021357 0.671254930
v 0.242052465 -0.697649051 0.671732146
v 0.241032135 -0.701709314 0.685649096
v 0.334204260 -0.623839383 0.599678951
v 0.334211015 -0.605242107 0.599995049
v 0.352631574 -0.605320665 0.599957319
v 0.352615554 -0.623998706 0.599537642
v 0.315789474 -0.899986134 1.046415129
v 0.334210523 -0.899986130 1.046415130
v 0.334210523 -0.900547960 1.064816904
v 0.315789474 -0.900547964 1.064816904
v 0.042881047 -0.638977743 0.671094623
v 0.044634345 -0.636798244 0.684360935
v 0.039092135 -0.626675232 0.689659530
v 0.035054816 -0.627829403 0.671570683
v 0.056536059 -0.643457705 0.671728957
v 0.057084571 -0.639710547 0.689330762
v 0.051766148 -0.629465094 0.695099315
v -0.105382231 -0.863428937 0.867194435
v -0.111756165 -0.863324182 0.885335182
v -0.111032411 -0.844451897 0.885985234
v -0.103238328 -0.844462579 0.871255826
v -0.093250480 -0.844435786 0.863886336
v -0.095335976 -0.857547245 0.862036250
v 0.002631579 -0.899986133 1.046415129
v 0.021052632 -0.899986133 1.046415129
v 0.021052632 -0.900547964 1.064816904
v 0.002631579 -0.900547964 1.064816904
v -0.034210523 -0.202603193 0.602523503
v -0.034210523 -0.198646415 0.616544991
v -0.015789474 -0.198646412 0.616544991
v -0.015789474 -0.202603191 0.602523502
v -0.034210523 -0.217067465 0.598687851
v -0.015789474 -0.217067464 0.598687848
v 0.370798821 -0.494322051 1.101114110
v 0.389445868 -0.494709574 1.100719772
v 0.388893921 -0.475648964 1.101295704
v 0.370098233 -0.475534167 1.098169369
v -0.199969580 -0.402628591 0.689289202
v -0.199998019 -0.402632352 0.707141005
v -0.200003487 -0.384211008 0.707141504
v -0.199996191 -0.384211754 0.689287432
v 0.081792495 -0.397429191 0.979417513
v 0.079429468 -0.384662376 0.978370794
v 0.072558552 -0.384658424 0.991942702
v 0.080261591 -0.398782859 0.993000216
v 0.113052576 -0.274303278 0.996198509
v 0.131140672 -0.273236149 0.989602080
v 0.133021371 -0.259928757 0.997466140
v 0.118911328 -0.261758206 0.999695599
v 0.057882998 -0.494751540 1.099923632
v 0.076266846 -0.494797664 1.099935407
v 0.076281652 -0.476363382 1.100320384
v 0.057831586 -0.476383883 1.099921215
v -0.052631553 -0.255277023 0.600013468
v -0.052631550 -0.236294145 0.599468828
v -0.034210523 -0.236294141 0.599468814
v -0.034210523 -0.255277024 0.600013446
v 0.500000121 -0.439473684 0.724999890
v 0.500000115 -0.421052628 0.724999896
v 0.499999845 -0.421052632 0.742857164
v 0.499999974 -0.439473679 0.742857173
v 0.500000000 -0.531578947 0.832142857
v 0.500000006 -0.513157894 0.832142857
v 0.499999998 -0.513157895 0.850000003
v 0.500000005 -0.531578947 0.850000000
v 0.186842105 -0.882932535 1.101312152
v 0.205263158 -0.882932535 1.101312152
v 0.205263158 -0.863705859 1.100531189
v 0.186842105 -0.863705859 1.100531189
v 0.500003728 -0.734210927 0.814285505
v 0.500000497 -0.715789304 0.814285905
v 0.499999768 -0.715789425 0.832142895
v 0.500000701 -0.734210334 0.832143085
v 0.260666946 -0.199330320 0.814428960
v 0.260912181 -0.198958939 0.832647793
v 0.279581360 -0.198709869 0.832523362
v 0.279568237 -0.198802260 0.814661711
v -0.200001005 -0.347368406 0.707141795
v -0.200000031 -0.347368445 0.724999891
v -0.200000228 -0.328947258 0.724999889
v -0.200001189 -0.328947254 0.707141786
v 0.499967323 -0.826283143 0.921428614
v 0.499997937 -0.807892720 0.921428575
v 0.499997981 -0.807892722 0.939285708
v 0.499967351 -0.826283157 0.939285711
v 0.463706712 -0.900544648 1.010712763
v 0.482933265 -0.901351159 1.010712025
v 0.482925765 -0.901332061 1.028535591
v 0.463705746 -0.900516545 1.028538727
v 0.093965374 -0.628633592 0.729463355
v 0.107838696 -0.630951576 0.731440013
v 0.113799729 -0.626889605 0.743039288
v 0.095038970 -0.619980259 0.742208354
v -0.126289279 -0.328947632 1.099946992
v -0.107927662 -0.328961145 1.099930831
v -0.107918275 -0.310537246 1.099986328
v -0.126296332 -0.310528594 1.099929861
v -0.201354222 -0.217067106 0.992858328
v -0.201351155 -0.217066735 1.010712025
v -0.197396004 -0.202604041 1.010711939
v -0.197397334 -0.202602661 0.992858260
v -0.182933353 -0.198648930 1.010711998
v -0.182932894 -0.198645880 0.992858327
v 0.150000000 -0.899997981 1.010712333
v 0.168421053 -0.899997982 1.010712332
v 0.168421053 -0.899967367 1.028539795
v 0.150000000 -0.899967367 1.028539794
v -0.052644265 -0.402652909 1.099959517
v -0.034252136 -0.402648621 1.100120818
v -0.034217289 -0.384099915 1.100725513
v -0.052651822 -0.384226967 1.100227275
v -0.198132726 -0.642280537 0.796128005
v -0.201045455 -0.642244842 0.813618220
v -0.200944949 -0.623818900 0.814010352
v -0.201199321 -0.624252657 0.795767278
v 0.113140837 -0.513185935 1.100123153
v 0.131544351 -0.513031402 1.100348691
v 0.131657431 -0.494108667 1.101047916
v 0.113254046 -0.494491766 1.100896483
v 0.242105300 -0.899999493 0.921429010
v 0.260526415 -0.900000094 0.921427728
v 0.260526332 -0.900000373 0.939285507
v 0.242105327 -0.900000503 0.939285357
v -0.201353519 -0.513157875 1.083455034
v -0.197396710 -0.513157892 1.097476499
v -0.197396807 -0.494736844 1.097476496
v -0.201353545 -0.494736841 1.083455009
v -0.182932531 -0.513157898 1.101312148
v -0.182932542 -0.494736842 1.101312151
v -0.182975018 -0.198190242 0.635135295
v -0.182907761 -0.198627662 0.653592473
v -0.163693235 -0.199442349 0.653595466
v -0.163687094 -0.198866543 0.635201286
v -0.071030394 -0.900113494 0.921449297
v -0.052604150 -0.899948176 0.921435032
v -0.052624719 -0.899964111 0.939285195
v -0.071012369 -0.899953650 0.939300675
v 0.242290704 -0.346246768 0.943690619
v 0.260813585 -0.346724532 0.940094152
v 0.260556639 -0.327960199 0.936984208
v 0.242477349 -0.327674860 0.940345201
v 0.076076794 -0.639543425 0.653508834
v 0.081636470 -0.628311911 0.658735606
v 0.081600211 -0.628400950 0.666157664
v 0.076062743 -0.639115240 0.670990540
v 0.056625805 -0.643430575 0.653023916
v 0.499997987 -0.550000001 0.689287668
v 0.499997984 -0.531578947 0.689287669
v 0.500001106 -0.531578947 0.707141785
v 0.500001106 -0.550000000 0.707141786
v 0.407892720 -0.439473684 0.600001955
v 0.407892720 -0.421052632 0.600001955
v 0.426283157 -0.421052632 0.600031634
v 0.426283157 -0.439473684 0.600031634
v 0.463706712 -0.292106834 0.599472025
v 0.463705746 -0.273717944 0.599499268
v 0.482925765 -0.273721180 0.598708716
v 0.482933265 -0.292107596 0.598690203
v 0.259522772 -0.882756504 0.780499420
v 0.259832409 -0.863591064 0.778195137
v 0.278560224 -0.863544446 0.776203535
v 0.278325843 -0.882457212 0.778356637
v 0.094736842 -0.439473685 0.599999997
v 0.094736842 -0.421052632 0.600000000
v 0.113157895 -0.421052632 0.600000000
v 0.113157895 -0.439473684 0.599999999
v -0.197772645 -0.791811885 0.850202985
v -0.197956594 -0.791573372 0.868584567
v -0.202063478 -0.772250335 0.868794300
v -0.202292347 -0.772316473 0.849589785
v 0.094736841 -0.199999998 0.778571428
v 0.094736843 -0.199999983 0.796428572
v 0.113157908 -0.200000010 0.796428584
v 0.113157896 -0.199999983 0.778571429
v -0.034431009 -0.901604565 0.848462616
v -0.015779937 -0.901410557 0.848695436
v -0.015748140 -0.900541781 0.867357901
v -0.034173769 -0.900710719 0.867330033
v -0.200856075 -0.457861981 0.671138155
v -0.200364388 -0.457868439 0.689180282
v -0.200108747 -0.439470058 0.689296701
v -0.200647035 -0.439527143 0.671399341
v 0.186842105 -0.200002015 0.689287669
v 0.186842106 -0.199998881 0.707141786
v 0.205263165 -0.199998903 0.707141793
v 0.205263159 -0.200002004 0.689287670
v -0.052304574 -0.637567339 0.764933040
v -0.034074472 -0.638393230 0.761407527
v -0.034359388 -0.644584963 0.779032711
v -0.052070893 -0.645609320 0.775146679
v -0.051964742 -0.626740117 0.757639212
v -0.039126568 -0.628907239 0.756223279
v -0.200547964 -0.236294141 0.850000000
v -0.200547964 -0.236294141 0.867857143
v -0.201353588 -0.217067465 0.867857143
v -0.201353588 -0.217067465 0.850000000
v 0.389474790 -0.476315790 0.599998928
v 0.389474790 -0.457894737 0.599998928
v 0.407892720 -0.457894737 0.600001955
v 0.407892720 -0.476315790 0.600001954
v -0.071393441 -0.621493826 0.689000515
v -0.053071296 -0.623968770 0.688549841
v -0.052916209 -0.624402191 0.706928970
v -0.071485298 -0.623830399 0.707162353
v 0.389474769 -0.899998208 0.885716620
v 0.407892590 -0.899994985 0.885718120
v 0.407892720 -0.899999034 0.903570774
v 0.389474781 -0.900001853 0.903570972
v 0.389139588 -0.251047525 0.800362290
v 0.408061446 -0.251106739 0.800432147
v 0.408107418 -0.236783428 0.796196821
v 0.389543136 -0.236779213 0.796276010
v 0.500001106 -0.494736842 0.707141785
v 0.500001106 -0.476315789 0.707141785
v 0.500000113 -0.476315789 0.724999890
v 0.500000113 -0.494736842 0.724999890
v -0.200000088 -0.328947255 0.957142832
v -0.200000227 -0.328947255 0.975000110
v -0.200001219 -0.310525210 0.975000110
v -0.200001081 -0.310525210 0.957142832
v -0.126283103 -0.200034558 0.689287706
v -0.126283133 -0.200031480 0.707141808
v -0.107892722 -0.200000912 0.707141785
v -0.107892691 -0.200003975 0.689287697
v -0.089474723 -0.365789352 0.599998998
v -0.089474790 -0.347368433 0.599999054
v -0.071052749 -0.347368452 0.599999927
v -0.071052740 -0.365789440 0.600000051
v 0.076315811 -0.476315773 0.600000058
v 0.076315790 -0.457894733 0.600000042
v 0.094736840 -0.457894736 0.600000004
v 0.094736845 -0.476315774 0.600000098
v 0.076328266 -0.900357269 0.885580582
v 0.094732758 -0.900519676 0.885342437
v 0.094736777 -0.900005442 0.903560845
v 0.076313650 -0.899989062 0.903612391
v 0.297368421 -0.328947255 0.599999890
v 0.297368421 -0.310525210 0.599998928
v 0.315789474 -0.310525210 0.599998928
v 0.315789474 -0.328947255 0.599999890
v 0.260526316 -0.697368421 1.099999998
v 0.278947369 -0.697368421 1.099999999
v 0.278947369 -0.678947368 1.099999989
v 0.260526314 -0.678947369 1.099999995
v -0.015789474 -0.328947255 0.599999890
v -0.015789474 -0.310525210 0.599998927
v 0.002631579 -0.310525210 0.599998928
v 0.002631579 -0.328947255 0.599999890
v 0.003062249 -0.678682699 0.799737056
v 0.002418033 -0.659951844 0.796743636
v 0.020508116 -0.660196618 0.796352270
v 0.021179585 -0.679091539 0.798963076
v 0.315834730 -0.550010824 1.099985961
v 0.334227642 -0.550058466 1.099955772
v 0.334229743 -0.531436006 1.100346487
v 0.315778102 -0.531144893 1.100665570
v 0.389474790 -0.623684219 1.100001037
v 0.407892719 -0.623684207 1.099998037
v 0.407892724 -0.605263189 1.099997953
v 0.389474809 -0.605263238 1.100001041
v 0.002631590 -0.549999989 1.099999981
v 0.021052624 -0.550000022 1.099999777
v 0.021052451 -0.531579154 1.099999884
v 0.002631563 -0.531578997 1.099999746
v 0.440364091 -0.383217565 0.925898276
v 0.448842643 -0.384793121 0.935913690
v 0.449128704 -0.370351206 0.935094527
v 0.445138886 -0.364564674 0.921873472
v 0.467897475 -0.377980769 0.927918598
v 0.462805138 -0.364542823 0.922052407
v 0.457921598 -0.370921890 0.934912304
v 0.463504078 -0.384181992 0.936942830
v 0.426279813 -0.901353258 0.813291045
v 0.444721445 -0.901379497 0.813128831
v 0.444715693 -0.900559437 0.831592658
v 0.426289781 -0.900532472 0.831595183
v -0.012232398 -0.291942258 1.014635302
v 0.002343671 -0.292157000 1.007238300
v 0.002943181 -0.273492644 1.014392134
v -0.010087311 -0.278848447 1.017152675
v 0.076315790 -0.623684208 1.100000001
v 0.094736843 -0.623684210 1.099999998
v 0.094736845 -0.605263188 1.099999955
v 0.076315790 -0.605263160 1.099999968
v 0.242105263 -0.734210523 1.099999997
v 0.260526316 -0.734210523 1.099999997
v 0.260526316 -0.715789474 1.100000000
v 0.242105263 -0.715789474 1.100000001
v -0.182768186 -0.697361125 0.919527559
v -0.163176375 -0.697288448 0.921146807
v -0.163061424 -0.678092075 0.921351813
v -0.182479366 -0.678675011 0.921500500
v -0.126278822 -0.882925764 1.101291280
v -0.107892404 -0.882933268 1.101309796
v -0.107893166 -0.863706713 1.100527975
v -0.126282057 -0.863705747 1.100500732
v -0.071052746 -0.734210523 1.100000107
v -0.052631554 -0.734210523 1.099999972
v -0.052631554 -0.715789474 1.099999976
v -0.071052745 -0.715789474 1.100000110
v -0.182932536 -0.476315789 1.101312152
v -0.163705858 -0.476315789 1.100531189
v -0.163705859 -0.457894737 1.100531190
v -0.182932535 -0.457894737 1.101312151
v 0.131778370 -0.789563141 0.832431692
v 0.130661067 -0.771210928 0.828982943
v 0.144152828 -0.777414009 0.825862235
v 0.150248149 -0.790097382 0.829042121
v -0.163687494 -0.900743329 1.010746110
v -0.144678136 -0.899959429 1.010780896
v -0.144716728 -0.899912378 1.028553049
v -0.163682107 -0.900501488 1.028583781
v 0.499968565 -0.605263081 0.671460221
v 0.499967345 -0.586841961 0.671460391
v 0.499997872 -0.586842095 0.689287684
v 0.499997933 -0.605262928 0.689287881
v 0.500378361 -0.384081170 0.849977146
v 0.501049299 -0.365125700 0.850066525
v 0.501413243 -0.364866381 0.868055625
v 0.500702374 -0.383833796 0.867816584
v 0.113148648 -0.844801903 0.835099684
v 0.113160663 -0.826512599 0.831323674
v 0.131426043 -0.826828286 0.831333543
v 0.131230415 -0.844718999 0.834972580
v 0.279310617 -0.490920628 1.031918616
v 0.279491897 -0.499951449 1.041563709
v 0.298311073 -0.499160884 1.045233544
v 0.297370352 -0.490979036 1.032134778
v 0.278820810 -0.509707134 1.049394232
v 0.292925285 -0.509212180 1.051203919
v 0.315890470 -0.696489686 0.654271508
v 0.334310984 -0.693712436 0.654506349
v 0.333966203 -0.701023922 0.667980860
v 0.316049687 -0.701756279 0.667854307
v 0.499962633 -0.476312325 0.957146554
v 0.499962766 -0.457903597 0.957131149
v 0.499969373 -0.457941233 0.974973114
v 0.499917075 -0.476321801 0.974992144
v -0.053462495 -0.606179261 0.635373093
v -0.034090062 -0.601729402 0.635539610
v -0.034648805 -0.609830770 0.649632700
v -0.053687589 -0.610637509 0.649573119
v -0.199997984 -0.292107280 0.832142857
v -0.199997984 -0.292107280 0.850000000
v -0.199967367 -0.273716843 0.850000000
v -0.199967367 -0.273716843 0.832142857
v 0.501336921 -0.882924656 0.867879315
v 0.500529355 -0.863704090 0.867871874
v 0.500545366 -0.863706818 0.885713982
v 0.501350443 -0.882933535 0.885716266
v 0.076315789 -0.200013867 0.653584871
v 0.076315789 -0.200032633 0.671460205
v 0.094736842 -0.200032633 0.671460205
v 0.094736842 -0.200013867 0.653584871
v 0.186841849 -0.900000958 0.939283604
v 0.205262964 -0.900002342 0.939284440
v 0.205263167 -0.900000396 0.957142705
v 0.186842077 -0.900000608 0.957142415
v 0.002631577 -0.200000015 0.867857130
v 0.002631574 -0.199999981 0.885714250
v 0.021052632 -0.199999941 0.885714309
v 0.021052631 -0.200000013 0.867857129
v 0.352631553 -0.476315789 0.600000025
v 0.352631553 -0.457894737 0.600000025
v 0.371052745 -0.457894737 0.599999890
v 0.371052745 -0.476315789 0.599999890
v -0.127289629 -0.901443277 0.938390906
v -0.108154667 -0.901168787 0.939077694
v -0.107850764 -0.900354153 0.957174822
v -0.126619907 -0.901261483 0.956804725
v 0.007364679 -0.305104532 0.997251653
v 0.020313302 -0.310657211 0.994539407
v 0.020811606 -0.296437941 0.996023990
v 0.007096456 -0.296924738 0.996702979
v -0.199976201 -0.568412591 1.028541906
v -0.199951092 -0.568415671 1.046423914
v -0.199971589 -0.550000132 1.046415878
v -0.199953028 -0.550000742 1.028540549
v 0.444659617 -0.897369323 0.799677155
v 0.463805361 -0.897598724 0.799201610
v 0.463773593 -0.901809634 0.812883033
v 0.444544103 -0.882853359 0.795601609
v 0.463609776 -0.882873500 0.796187442
v 0.297368421 -0.900000114 0.975000108
v 0.315789474 -0.900000116 0.975000110
v 0.315789474 -0.900001106 0.992858215
v 0.297368421 -0.900001107 0.992858215
v 0.150282131 -0.475916164 1.064398808
v 0.150724311 -0.474557208 1.083209605
v 0.169197406 -0.474535691 1.083139002
v 0.168348075 -0.478534473 1.064868388
v 0.113161672 -0.568391136 0.600044463
v 0.113157152 -0.549994856 0.600011402
v 0.131579074 -0.550000509 0.600005267
v 0.131580837 -0.568402314 0.600052280
v 0.444722963 -0.771052733 1.099986692
v 0.463705855 -0.752631550 1.100531172
v 0.444722977 -0.752631553 1.099986532
v -0.015789347 -0.899999966 0.975000188
v 0.002631584 -0.899999991 0.975000130
v 0.002631571 -0.900001102 0.992858214
v -0.015789466 -0.900000938 0.992858221
v 0.131578947 -0.771052745 1.100000110
v 0.150000000 -0.752631553 1.099999975
v 0.131578947 -0.752631553 1.099999975
v 0.205263158 -0.844722976 1.099986558
v 0.223684211 -0.844722976 1.099986558
v 0.223684211 -0.826283157 1.099968366
v 0.205263158 -0.826283157 1.099968366
v -0.109774163 -0.753172610 0.975450957
v -0.112926336 -0.747812299 0.988058190
v -0.110123526 -0.734238258 0.992985230
v -0.107254623 -0.734765302 0.975796042
v 0.426283466 -0.826283466 1.099936132
v 0.444724113 -0.826284075 1.099952931
v 0.444723196 -0.807892967 1.099984151
v 0.426283103 -0.807892683 1.099966500
v -0.107892967 -0.844723196 1.099984151
v -0.089474767 -0.826283133 1.099969484
v -0.107892684 -0.826283103 1.099966500
v -0.163705858 -0.439473684 1.100531195
v -0.144722971 -0.439473682 1.099986557
v -0.144722977 -0.421052629 1.099986479
v -0.163705855 -0.421052631 1.100531192
v 0.334210564 -0.900000124 0.903571504
v 0.352631560 -0.900000372 0.903571135
v 0.352631551 -0.899999997 0.921428589
v 0.334210521 -0.899999885 0.921428608
v 0.211405480 -0.490831868 0.996976392
v 0.205953100 -0.477543495 0.992047617
v 0.200604969 -0.483146278 1.004036296
v 0.205672467 -0.492921513 1.009978423
v 0.187398280 -0.477064450 0.991941660
v 0.186548668 -0.481505376 1.006223343
v 0.187574796 -0.491602576 1.014340001
v -0.107877796 -0.292096415 1.100129028
v -0.089282440 -0.273849929 1.100794604
v -0.107944335 -0.273746071 1.100245710
v 0.500001245 -0.347368439 0.725000184
v 0.500002108 -0.328947118 0.725000917
v 0.499996340 -0.328946551 0.742858034
v 0.500002089 -0.347367800 0.742859199
v -0.089474906 -0.198645778 0.616544646
v -0.089474898 -0.199451112 0.635183025
v -0.071052739 -0.199451887 0.635183126
v -0.071052765 -0.198646313 0.616544997
v 0.021054093 -0.899962513 0.903601821
v 0.039470307 -0.899940847 0.903608194
v 0.039474392 -0.899994517 0.921429369
v 0.021053353 -0.899999780 0.921429927
v -0.034210523 -0.826283157 1.099968363
v -0.015789474 -0.826283157 1.099968367
v -0.015789474 -0.807892720 1.099998046
v -0.034210523 -0.807892720 1.099998042
v 0.168752813 -0.661061433 0.706979429
v 0.182456368 -0.665339271 0.706872808
v 0.182950775 -0.664085620 0.725200074
v 0.169111696 -0.657453305 0.724871528
v -0.047178349 -0.784107176 0.818558997
v -0.052327343 -0.789194229 0.828571102
v -0.052418828 -0.771289982 0.829134169
v -0.047143561 -0.776461624 0.818901447
v -0.039434306 -0.784194131 0.818744955
v -0.039432071 -0.776463218 0.819034711
v -0.035064954 -0.771220399 0.829113361
v -0.034506596 -0.789481926 0.828487363
v 0.150241594 -0.641468413 0.636437815
v 0.168602046 -0.644550704 0.636322071
v 0.169030414 -0.640780375 0.654575974
v 0.150112848 -0.640519238 0.653992424
v 0.339626192 -0.416255126 0.944463298
v 0.333589385 -0.406302042 0.939217099
v 0.328691424 -0.408612576 0.951626053
v 0.334034166 -0.421665640 0.954500715
v 0.319941595 -0.398520042 0.939638432
v 0.315471498 -0.402712004 0.954128172
v 0.315681067 -0.420846855 0.960036558
v -0.052631550 -0.863705855 1.100531172
v -0.034210523 -0.863705859 1.100531186
v -0.034210523 -0.844722976 1.099986554
v -0.052631553 -0.844722977 1.099986532
v 0.426283451 -0.200065320 0.671460289
v 0.426283044 -0.200034098 0.689289436
v 0.444723011 -0.200014169 0.689289019
v 0.444724096 -0.200048127 0.671459413
v -0.034210523 -0.200032636 0.671460205
v -0.034210523 -0.200002019 0.689287669
v -0.015789474 -0.200002016 0.689287669
v -0.015789474 -0.200032632 0.671460205
v -0.199999925 -0.402631572 0.760714327
v -0.199999975 -0.402631578 0.778571429
v -0.200000002 -0.384210527 0.778571426
v -0.199999944 -0.384210525 0.760714290
v 0.242105263 -0.236294141 0.599468811
v 0.242105263 -0.217067465 0.598687848
v 0.260526316 -0.217067465 0.598687848
v 0.260526316 -0.236294141 0.599468811
v 0.407892720 -0.347368446 0.600001979
v 0.407892722 -0.328947253 0.600001848
v 0.426283158 -0.328947255 0.600031525
v 0.426283158 -0.347368446 0.600031660
v 0.352631633 -0.900000021 0.885713247
v 0.371052743 -0.899998704 0.885715002
v 0.371052737 -0.900000729 0.903570975
v 0.501608818 -0.660799688 0.616260729
v 0.501419815 -0.642072122 0.616558387
v 0.500546081 -0.642049525 0.635236819
v 0.500781578 -0.660488110 0.635203347
v -0.071052739 -0.236294172 0.599468666
v -0.071052765 -0.217067471 0.598687752
v -0.052631552 -0.217067475 0.598687861
v 0.094736842 -0.347368447 0.600000025
v 0.094736842 -0.328947255 0.599999890
v 0.113157895 -0.328947255 0.599999890
v 0.113157895 -0.347368447 0.600000025
v 0.191013690 -0.675249266 0.688803267
v 0.191088137 -0.674421067 0.706762826
v 0.182510934 -0.665455230 0.688395408
v 0.204780264 -0.682226630 0.688989131
v 0.201684367 -0.682379100 0.706836825
v 0.499999973 -0.531578939 0.903571430
v 0.500000201 -0.513157912 0.903571438
v 0.500000329 -0.513157989 0.921428542
v 0.500000012 -0.531578946 0.921428583
v 0.352648303 -0.531578794 1.100145318
v 0.352525642 -0.512668185 1.101056311
v 0.334062368 -0.512110001 1.101060526
v 0.168421053 -0.421052632 0.600000000
v 0.168421053 -0.402631579 0.600000000
v 0.186842105 -0.402631579 0.600000000
v 0.186842105 -0.421052632 0.600000000
v 0.464127938 -0.693247741 0.622030787
v 0.482567792 -0.698503319 0.616816613
v 0.476929075 -0.704533139 0.628653555
v 0.462587699 -0.701959738 0.631706037
v 0.462646167 -0.678795964 0.614600719
v 0.476613980 -0.685393481 0.611095083
v -0.144701580 -0.421001302 0.599857575
v -0.144713936 -0.402593866 0.600053349
v -0.126280574 -0.402622138 0.600074771
v -0.126254265 -0.420997120 0.600092840
v -0.199999975 -0.347368446 0.778571428
v -0.199999974 -0.347368447 0.796428571
v -0.200000114 -0.328947255 0.796428571
v -0.200000114 -0.328947255 0.778571428
v 0.499968520 -0.826283133 0.992858192
v 0.499999088 -0.807892722 0.992858215
v 0.499996025 -0.807892691 1.010712303
v 0.499965442 -0.826283103 1.010712294
v -0.200000000 -0.439473684 0.885714286
v -0.200000000 -0.439473684 0.903571429
v -0.200000000 -0.421052632 0.903571429
v -0.200000000 -0.421052632 0.885714286
v 0.095271652 -0.622510863 0.798095920
v 0.114186102 -0.625286339 0.797588024
v 0.107952671 -0.627539047 0.810208686
v 0.095593262 -0.626485232 0.811525362
v 0.407948438 -0.494776604 1.100123696
v 0.426307241 -0.494729385 1.099927950
v 0.426324313 -0.475789887 1.100542573
v 0.407801292 -0.475758634 1.100959823
v -0.201809780 -0.217024991 1.064864699
v -0.202142399 -0.216785078 1.083728742
v -0.197965704 -0.202034066 1.083663939
v -0.197622143 -0.202377721 1.064911127
v -0.183214197 -0.197857311 1.083729113
v -0.182974308 -0.198189780 1.064864798
v -0.199963817 -0.642099285 0.867853372
v -0.200373654 -0.642095081 0.885837294
v -0.200113054 -0.623679537 0.885705857
v -0.199946605 -0.623680904 0.867842259
v 0.242105263 -0.900001106 0.992858216
v 0.260526316 -0.900001105 0.992858215
v 0.260526316 -0.899997984 1.010712331
v 0.242105263 -0.899997984 1.010712331
v 0.094713431 -0.494765408 1.100286886
v 0.113741748 -0.475520354 1.101247992
v 0.095000458 -0.476024805 1.101164499
v 0.260525280 -0.605262491 1.099985827
v 0.278948551 -0.605262510 1.099985776
v 0.278951246 -0.586845389 1.099967287
v 0.260519616 -0.586847066 1.100013415
v 0.076293789 -0.236690382 1.011976062
v 0.094783107 -0.236995134 1.012662820
v 0.094765672 -0.217169750 1.012445994
v 0.076280002 -0.217238036 1.012351660
v -0.182932891 -0.198645778 0.707141673
v -0.182932529 -0.198646313 0.724999870
v -0.163705828 -0.199451887 0.724999896
v -0.163705932 -0.199451112 0.707141680
v -0.071055042 -0.900007121 0.992856134
v -0.052631480 -0.900003538 0.992858275
v -0.052631348 -0.899997814 1.010712517
v -0.071052668 -0.900000883 1.010712402
v 0.218202657 -0.323825438 0.926095688
v 0.223463220 -0.328737685 0.936273206
v 0.229108419 -0.315881462 0.933760380
v 0.223452325 -0.310654496 0.921115891
v 0.242629129 -0.313825210 0.936281220
v 0.241333536 -0.310385058 0.921612369
v -0.089474234 -0.421052061 1.100004467
v -0.071051196 -0.421050998 1.099993837
v -0.071054872 -0.402634145 1.099956312
v -0.089473171 -0.402630342 1.099994632
v 0.499999997 -0.550000000 0.760714289
v 0.499999997 -0.531578947 0.760714289
v 0.500000000 -0.531578947 0.778571428
v 0.500000000 -0.550000000 0.778571428
v -0.200543568 -0.365787763 0.635182306
v -0.199984119 -0.365789457 0.653584652
v -0.199986777 -0.347368924 0.653584918
v -0.200548562 -0.347369145 0.635183020
v -0.034208473 -0.899981031 0.921428764
v -0.015791656 -0.900000107 0.921429547
v -0.015790213 -0.900003297 0.939284586
v -0.034212947 -0.899999312 0.939283641
v -0.200001458 -0.457895340 0.742856803
v -0.200001261 -0.457894539 0.760713946
v -0.200000372 -0.439473624 0.760714117
v -0.200001046 -0.439473573 0.742856196
v 0.186841970 -0.200000144 0.760714144
v 0.186842072 -0.199997845 0.778571396
v 0.205264564 -0.199995344 0.778572979
v 0.205263133 -0.199998059 0.760714265
v 0.284295090 -0.414838697 0.963230803
v 0.282781781 -0.401777349 0.961316573
v 0.274207864 -0.401690785 0.971921216
v 0.278316865 -0.420153002 0.975845568
v 0.260589177 -0.420697670 0.978555071
v 0.260523154 -0.401451815 0.973047826
v 0.371052745 -0.439473684 0.599999890
v 0.389474790 -0.439473684 0.599998928
v 0.389474790 -0.900001078 0.957142834
v 0.407892720 -0.899997954 0.957142836
v 0.407892722 -0.899998094 0.975000111
v 0.389474790 -0.900001220 0.975000110
v 0.500000003 -0.494736842 0.778571428
v 0.500000001 -0.476315785 0.778571430
v 0.499999967 -0.476315791 0.796428571
v 0.500000001 -0.494736840 0.796428572
v 0.021150834 -0.623637425 0.671301525
v 0.022172012 -0.627010126 0.689527676
v -0.199967479 -0.328947255 1.028539796
v -0.199986272 -0.328947267 1.046415117
v -0.199987307 -0.310525228 1.046415081
v -0.199968520 -0.310525233 1.028539772
v -0.126283157 -0.200032636 0.760714289
v -0.126283157 -0.200032632 0.778571428
v -0.107892720 -0.200002016 0.778571428
v -0.107892720 -0.200002019 0.760714289
v 0.057894740 -0.457894733 0.600000031
v 0.057894737 -0.439473684 0.600000008
v 0.076315789 -0.439473685 0.600000000
v 0.076315802 -0.900000616 0.957142275
v 0.094736845 -0.900000777 0.957142223
v 0.094736841 -0.900000232 0.975000044
v 0.076315789 -0.900000168 0.975000089
v 0.500000000 -0.586842105 0.885714286
v 0.500000001 -0.568421053 0.885714286
v 0.500000000 -0.568421053 0.903571429
v 0.500000000 -0.586842105 0.903571429
v 0.223683665 -0.568421462 0.599999187
v 0.223684194 -0.550000637 0.599998771
v 0.242105282 -0.550000405 0.599999450
v 0.242105077 -0.568423386 0.599998420
v 0.297388929 -0.642690750 0.599310399
v 0.297354378 -0.623664494 0.600012027
v 0.315793148 -0.623699331 0.599847527
v 0.315875088 -0.642764056 0.599040197
v 0.079614794 -0.346810582 0.977967466
v 0.094004035 -0.346649459 0.974670427
v 0.094489093 -0.332768242 0.979064575
v 0.081151180 -0.333826730 0.979982945
v -0.084690184 -0.655117444 0.765276905
v -0.089199988 -0.661108579 0.774835422
v -0.094548359 -0.648245099 0.771918694
v -0.089228061 -0.641976100 0.763712806
v -0.075809920 -0.654929457 0.766103991
v -0.071091845 -0.641738161 0.763957519
v -0.065825043 -0.648255101 0.772620097
v -0.071240009 -0.660825444 0.778005174
v -0.200094171 -0.826314072 1.046448561
v -0.200450522 -0.826293206 1.064850282
v -0.200519539 -0.807919404 1.064856408
v -0.200540932 -0.807892654 1.046255914
v -0.144366001 -0.678372701 1.043979232
v -0.143671932 -0.659913934 1.044995845
v -0.130533492 -0.664241730 1.042376105
v -0.131063459 -0.673688034 1.042410165
v -0.199951445 -0.273715925 1.046416232
v -0.200516544 -0.273717944 1.064816793
v -0.200557650 -0.255287954 1.064804663
v -0.199974644 -0.255278213 1.046413977
v 0.426283157 -0.476315790 0.600031633
v 0.426283157 -0.457894737 0.600031634
v 0.444722976 -0.457894737 0.600013442
v 0.444722976 -0.476315789 0.600013442
v -0.108262943 -0.494748937 0.601689763
v -0.108128209 -0.476826885 0.598915417
v -0.089495516 -0.476464167 0.599256716
v -0.089646535 -0.494937295 0.599430426
v 0.352439419 -0.678120865 0.636665730
v 0.371217740 -0.677945079 0.636922966
v 0.370444102 -0.682348128 0.650072747
v 0.353195548 -0.682295080 0.650402020
v 0.223684211 -0.715789474 1.100000001
v 0.242105263 -0.697368421 1.099999999
v 0.223684211 -0.697368421 1.099999998
v 0.076224367 -0.291838604 0.992685425
v 0.094627752 -0.292881286 0.993307283
v 0.094716684 -0.277826032 0.997581165
v 0.076130012 -0.273719046 0.995579920
v 0.113157892 -0.476315779 0.600000018
v 0.113157894 -0.457894737 0.599999995
v 0.131578948 -0.457894738 0.599999999
v 0.131578947 -0.476315787 0.600000005
v 0.278939831 -0.568437786 1.100151458
v 0.297393367 -0.568454860 1.099939568
v 0.297352548 -0.549955662 1.100297962
v 0.278800856 -0.549947664 1.100883050
v 0.422370637 -0.435879185 0.992521416
v 0.422184378 -0.435130928 1.010991723
v 0.430335519 -0.424942630 1.010595899
v 0.430877792 -0.425744865 0.992838822
v 0.444126574 -0.420722999 1.010979781
v 0.444237834 -0.420122732 0.992795714
v 0.499987309 -0.310525228 0.653584920
v 0.499983649 -0.292107033 0.653584657
v 0.499965392 -0.292107317 0.671460244
v 0.499968505 -0.310525232 0.671460220
v -0.163578415 -0.807915725 0.974423169
v -0.167205387 -0.803970540 0.992837638
v -0.159840196 -0.790003504 0.993550280
v -0.157233496 -0.794843091 0.979958896
v -0.150013828 -0.783833577 0.987378055
v -0.144864892 -0.789083143 0.974532268
v -0.150755061 -0.801551712 0.968863296
v 0.500547964 -0.513157895 0.635183093
v 0.500547964 -0.494736842 0.635183096
v 0.499986133 -0.494736842 0.653584871
v 0.499986134 -0.513157895 0.653584870
v 0.205263158 -0.752631553 1.099999975
v 0.223684211 -0.752631553 1.099999975
v 0.223684211 -0.734210523 1.099999997
v 0.205263158 -0.734210523 1.099999997
v -0.163755300 -0.901810135 1.083495754
v -0.144715088 -0.901372711 1.083431046
v -0.144731130 -0.897385770 1.097465866
v -0.163803067 -0.897622236 1.097694999
v -0.144715137 -0.882907749 1.101330328
v -0.163755166 -0.882975009 1.101754372
v 0.499999989 -0.605263161 0.742857166
v 0.499999976 -0.586842104 0.742857168
v 0.499999996 -0.586842105 0.760714289
v 0.499999999 -0.605263157 0.760714290
v -0.182818745 -0.643194230 0.993627280
v -0.163979365 -0.646005019 0.993295156
v -0.162606552 -0.637280222 1.007243184
v -0.182533696 -0.638023587 1.007232364
v -0.162625189 -0.626117890 1.015200022
v -0.182417135 -0.627660914 1.014872492
v -0.163705807 -0.347368493 1.100531500
v -0.144721946 -0.347368188 1.099989143
v -0.144721876 -0.328946708 1.099988294
v -0.163705466 -0.328947183 1.100532517
v 0.500301359 -0.476318486 1.028607661
v 0.500708514 -0.457778235 1.028861259
v 0.500937900 -0.457632318 1.046373539
v 0.500332544 -0.476338032 1.046407146
v -0.201843620 -0.421742582 0.616483245
v -0.201137043 -0.421457277 0.635191431
v -0.200585988 -0.402647012 0.635192880
v -0.201384021 -0.402653291 0.616566984
v -0.144046499 -0.697108260 0.921469682
v -0.125159361 -0.697227151 0.923104138
v -0.130796365 -0.683487633 0.925692466
v -0.144610553 -0.678471220 0.923153433
v -0.050052253 -0.273674324 1.031576557
v -0.049630943 -0.255824322 1.031649821
v -0.199957178 -0.513080066 0.725086513
v -0.199909426 -0.513128607 0.742885948
v -0.199970428 -0.494738878 0.742861818
v -0.199904324 -0.494713430 0.725056537
v 0.383754543 -0.838417474 0.766670698
v 0.389126760 -0.825521325 0.761357780
v 0.394619105 -0.830926079 0.773351840
v 0.389461698 -0.844494355 0.775947412
v 0.370734356 -0.844420357 0.764122100
v 0.376874946 -0.849678786 0.772796203
v 0.371256790 -0.829825154 0.757680528
v -0.199997984 -0.292107280 0.903571429
v -0.199997984 -0.292107280 0.921428572
v -0.199967368 -0.273716843 0.921428572
v -0.199967367 -0.273716843 0.903571429
v 0.501353581 -0.882932523 0.939285725
v 0.500547952 -0.863705855 0.939285726
v 0.500547943 -0.863705856 0.957142830
v 0.501353572 -0.882932524 0.957142834
v 0.088967880 -0.856907594 0.838220458
v 0.094824158 -0.844121903 0.835217064
v 0.099091974 -0.849955086 0.844831240
v 0.094717375 -0.863097838 0.847155176
v 0.076008786 -0.863337581 0.834828246
v 0.082152330 -0.868681821 0.844390253
v 0.076587898 -0.844679783 0.831648585
v -0.199997984 -0.384210526 1.010712331
v -0.199967368 -0.384210526 1.028539795
v -0.199967364 -0.365789477 1.028539795
v -0.199997981 -0.365789477 1.010712331
v -0.125195753 -0.697365505 1.029717464
v -0.124883446 -0.678118487 1.032936175
v -0.109722917 -0.678404251 1.025681079
v -0.110457156 -0.696808002 1.025421355
v 0.186842105 -0.899997983 1.010712330
v 0.205263158 -0.899997984 1.010712330
v 0.205263158 -0.899967367 1.028539795
v 0.186842105 -0.899967367 1.028539794
v 0.002630234 -0.200016553 0.939279219
v 0.002616019 -0.200048324 0.957090392
v 0.021044421 -0.200008329 0.957097754
v 0.021050714 -0.200019955 0.939271303
v -0.126270204 -0.899899338 1.010728790
v -0.107896939 -0.899981069 1.010707050
v -0.107894757 -0.899970206 1.028537004
v -0.126286652 -0.899922615 1.028535348
v 0.444723966 -0.899951102 0.867888904
v 0.463705459 -0.900516582 0.867892542
v 0.463706766 -0.900544626 0.885716058
v 0.444723230 -0.899983742 0.885716332
v 0.297368421 -0.899986134 1.046415129
v 0.297368421 -0.900547964 1.064816904
v -0.144430501 -0.734529533 1.029641127
v -0.149461935 -0.729520711 1.041972048
v -0.148418813 -0.716404586 1.043711174
v -0.139924437 -0.716571928 1.033409511
v -0.125298869 -0.715981257 1.026512602
v -0.131076193 -0.729295513 1.023567090
v 0.131635045 -0.901340333 0.866719068
v 0.150053520 -0.901202401 0.867198300
v 0.150019718 -0.900513053 0.885349894
v 0.131582396 -0.900563436 0.885114315
v 0.260326195 -0.661924788 0.598430043
v 0.260538928 -0.642658787 0.599333241
v 0.278958152 -0.642657748 0.599471586
v 0.278983094 -0.661855031 0.598594438
v -0.015789473 -0.899986135 1.046415130
v -0.015789474 -0.900547963 1.064816904
v 0.444764296 -0.418005005 0.974556192
v 0.458268659 -0.416674663 0.993378780
v 0.456556982 -0.414958398 0.980235496
v 0.389474806 -0.586826855 0.600015039
v 0.389474765 -0.568420169 0.599999777
v 0.407892864 -0.568422610 0.600000691
v 0.407893687 -0.586833209 0.600021553
v 0.076318568 -0.587164589 0.599378210
v 0.076346560 -0.568437747 0.599989080
v 0.094746465 -0.568392534 0.600030926
v 0.094774076 -0.586979695 0.599721835
v 0.186842105 -0.292107280 0.600001955
v 0.186842105 -0.273716843 0.600031634
v 0.205263158 -0.273716843 0.600031634
v 0.205263158 -0.292107280 0.600001955
v 0.407520541 -0.786872977 0.706489418
v 0.425995796 -0.785318003 0.711044608
v 0.426122028 -0.789753357 0.725502671
v 0.407758922 -0.792642373 0.724786796
v 0.413132107 -0.778097394 0.700607644
v 0.426943250 -0.775558308 0.702801964
v 0.334210523 -0.900000111 0.975000110
v 0.352631553 -0.900000088 0.975000110
v 0.352631553 -0.900001081 0.992858215
v 0.334210523 -0.900001103 0.992858215
v -0.126283104 -0.292107319 0.600033500
v -0.126283466 -0.273716534 0.600063868
v -0.107892683 -0.273716896 0.600033500
v -0.107892691 -0.292107309 0.600003852
v -0.035076453 -0.624221186 0.688292096
v -0.020004325 -0.628213883 0.688095027
v -0.016250468 -0.627850629 0.706767668
v -0.034661456 -0.626832874 0.707246805
v 0.021052625 -0.900000059 0.975000135
v 0.039473678 -0.900000062 0.975000163
v 0.039473684 -0.900001093 0.992858219
v 0.021052632 -0.900001110 0.992858216
v 0.113159677 -0.900569765 0.885110049
v 0.131576031 -0.899994651 0.903545217
v 0.113158448 -0.899995472 0.903543524
v 0.026137064 -0.342368549 0.997432815
v 0.039699016 -0.343879847 0.995813578
v 0.039269961 -0.329094581 0.991925024
v 0.024238313 -0.328921850 0.995159920
v 0.150491284 -0.734882572 0.818079587
v 0.150191934 -0.733974954 0.829638661
v 0.150984619 -0.714814143 0.831000731
v 0.155372735 -0.720200750 0.820177272
v 0.168722285 -0.734526911 0.814696101
v 0.163272456 -0.739383483 0.827740198
v 0.163740534 -0.709838725 0.827797076
v 0.166709510 -0.715096567 0.815072395
v -0.034210523 -0.586842105 1.099999997
v -0.015789474 -0.586842105 1.100000000
v -0.015789475 -0.568421053 1.100000002
v -0.034210523 -0.568421053 1.099999996
v 0.076444949 -0.626720095 0.724733167
v 0.075850496 -0.618531806 0.738421847
v -0.198218426 -0.678655928 1.063824381
v -0.201822749 -0.678860982 1.083274801
v -0.201775223 -0.660615683 1.083480393
v -0.198070397 -0.660710934 1.064450409
v -0.188024571 -0.665026568 1.058580982
v -0.188099461 -0.673983560 1.058127079
v -0.126283158 -0.439473684 1.099968251
v -0.107892776 -0.439473739 1.099997932
v -0.107892770 -0.421052686 1.099999313
v -0.126283226 -0.421052659 1.099968251
v 0.426279477 -0.199882588 0.742862333
v 0.426188569 -0.199035446 0.761334933
v 0.444696046 -0.199259559 0.761257754
v 0.444734092 -0.200020573 0.742833769
v 0.501203611 -0.716191321 0.671027747
v 0.500356078 -0.697311012 0.671485555
v 0.499928932 -0.697280651 0.689365104
v 0.500374555 -0.715782572 0.689325801
v -0.144722976 -0.476315790 1.099986558
v -0.126283157 -0.476315789 1.099968373
v -0.126283153 -0.457894733 1.099968364
v -0.144722975 -0.457894737 1.099986565
v -0.034210523 -0.200000029 0.742857168
v -0.034210523 -0.200000006 0.760714289
v -0.015789474 -0.200000003 0.760714289
v -0.015789474 -0.200000025 0.742857168
v 0.246500364 -0.877461174 0.782924366
v 0.243899687 -0.882872743 0.795466327
v 0.241662370 -0.863810256 0.795589994
v 0.245522766 -0.863054672 0.782257878
v 0.253490953 -0.888966378 0.789499539
v 0.352631554 -0.899999948 0.957142832
v 0.371052745 -0.900000086 0.957142834
v 0.371052745 -0.900000227 0.975000110
v 0.499982390 -0.660532493 0.689282973
v 0.500002729 -0.642108547 0.689285051
v 0.500003852 -0.642105247 0.707141827
v 0.500007166 -0.660529901 0.707138878
v -0.053429047 -0.901367981 0.848284965
v -0.052886339 -0.901137565 0.867181598
v 0.463705859 -0.402631579 0.599468810
v 0.463705859 -0.384210526 0.599468810
v 0.482932536 -0.384210526 0.598687848
v 0.482932535 -0.402631579 0.598687848
v 0.499965376 -0.752631909 0.796425656
v 0.500001230 -0.734213142 0.796426240
v 0.499999242 -0.752634212 0.814282523
v 0.188085332 -0.677733931 0.761734287
v 0.187897061 -0.677533568 0.779837783
v 0.183912521 -0.663453623 0.779652350
v 0.183672987 -0.663507736 0.761584132
v 0.500001222 -0.531578971 0.975000094
v 0.500003987 -0.513157318 0.975001031
v 0.499997403 -0.513157157 0.992859505
v 0.500002781 -0.531578789 0.992858677
v 0.150000000 -0.402631579 0.600000000
v 0.150000000 -0.384210526 0.600000000
v 0.168421053 -0.384210526 0.600000000
v 0.501353588 -0.623684211 1.083455009
v 0.501353588 -0.605263157 1.083455010
v 0.497396810 -0.605263157 1.097476498
v 0.497396809 -0.623684210 1.097476498
v 0.482932535 -0.623684210 1.101312152
v 0.482932536 -0.605263157 1.101312151
v 0.315789474 -0.513157879 0.600000013
v 0.315789474 -0.494736842 0.600000000
v 0.334210523 -0.494736840 0.600000005
v 0.334210523 -0.513157884 0.600000017
v 0.205263158 -0.255277024 0.600013442
v 0.205263158 -0.236294141 0.599468811
v 0.223684211 -0.236294141 0.599468811
v 0.223684211 -0.255277024 0.600013442
v -0.199999975 -0.347368447 0.850000000
v -0.199999975 -0.347368447 0.867857143
v -0.200000113 -0.328947255 0.867857143
v -0.200000113 -0.328947255 0.850000000
v 0.445112555 -0.678678820 0.617908664
v 0.449639319 -0.666229879 0.612320498
v 0.458554304 -0.665965304 0.611828926
v -0.163690902 -0.402591472 0.599452943
v -0.163705226 -0.384195503 0.599486978
v -0.144723522 -0.384207851 0.600029354
v -0.143538923 -0.845032916 0.958331827
v -0.144242713 -0.826592872 0.957348111
v -0.130005799 -0.826309972 0.953078354
v -0.130730549 -0.840064473 0.952617719
v 0.500516545 -0.826282056 1.064816795
v 0.500544648 -0.807893166 1.064817731
v 0.501351159 -0.807892404 1.083455716
v 0.501332061 -0.826278820 1.083448446
v 0.002631936 -0.513157212 0.600019845
v 0.002630140 -0.494737763 0.600000563
v 0.021052350 -0.494737125 0.600000840
v 0.021052408 -0.513159856 0.600012641
v -0.199999975 -0.439473684 0.957142832
v -0.200000114 -0.439473684 0.975000110
v -0.200000113 -0.421052632 0.975000110
v -0.199999974 -0.421052632 0.957142832
v -0.010736291 -0.672447547 0.803216660
v -0.016588540 -0.678742144 0.812042325
v -0.021425598 -0.664952970 0.810945687
v -0.016448486 -0.658866198 0.800720219
v -0.003189455 -0.684847780 0.809242814
v 0.296990458 -0.530847604 1.101313982
v 0.444727192 -0.200072423 0.724963660
v 0.463698949 -0.199460944 0.742832061
v 0.463704943 -0.199490116 0.724966056
v 0.463705859 -0.660526316 1.100531189
v 0.482932535 -0.660526316 1.101312152
v 0.482932535 -0.642105263 1.101312152
v 0.463705859 -0.642105263 1.100531189
v 0.242105263 -0.900547964 1.064816904
v 0.260526316 -0.900547964 1.064816904
v 0.260526316 -0.901353588 1.083455009
v 0.242105263 -0.901353588 1.083455009
v -0.198341403 -0.733787020 1.045315813
v -0.201699399 -0.734057854 1.063959150
v -0.201999316 -0.715640494 1.064118433
v -0.197559558 -0.715647506 1.049198513
v -0.182242375 -0.715768387 1.045957889
v -0.182466280 -0.730177235 1.041968307
v -0.183209841 -0.440475716 0.598064827
v -0.182974014 -0.421501136 0.598274835
v -0.163702146 -0.421186609 0.599066645
v -0.163873969 -0.440210295 0.598543030
v 0.131578947 -0.199999887 0.724999890
v 0.131578947 -0.200000024 0.742857167
v 0.150000001 -0.200000011 0.742857169
v 0.150000000 -0.199999886 0.724999890
v -0.071052751 -0.900548104 1.064816860
v -0.052631551 -0.900547960 1.064816899
v -0.052631552 -0.901353575 1.083454999
v -0.071052766 -0.901353698 1.083455002
v 0.334210521 -0.660526316 1.099999993
v 0.334210531 -0.642105284 1.099999894
v 0.315789503 -0.642105288 1.099999929
v -0.144914182 -0.770963657 0.992907801
v -0.138935155 -0.776759235 0.980509002
v -0.131581192 -0.765483882 0.987525282
v -0.125733535 -0.771188412 0.974877956
v -0.132214738 -0.783511333 0.969406794
v 0.070547911 -0.635436684 0.802827078
v 0.076000892 -0.625751847 0.797520538
v 0.082125138 -0.628580506 0.809454335
v 0.076371191 -0.640579818 0.812644636
v 0.056400825 -0.637187157 0.801277810
v 0.057467469 -0.645133469 0.811723877
v 0.057590710 -0.626708985 0.793381351
v 0.021052632 -0.660526316 1.100000000
v 0.021052632 -0.642105263 1.100000000
v 0.002631579 -0.642105263 1.100000000
v -0.089474787 -0.734210523 1.100001071
v -0.089474776 -0.715789474 1.100001074
v 0.043598088 -0.696981998 0.799329874
v 0.035496138 -0.697155918 0.809747718
v 0.039764598 -0.678370651 0.810609947
v 0.039284937 -0.678579064 0.799379827
v 0.053916321 -0.697506323 0.798803690
v 0.051982750 -0.683365620 0.800844097
v 0.057107354 -0.678215542 0.815057157
v 0.061894888 -0.696857757 0.809737257
v -0.182936708 -0.586843017 1.101311354
v -0.163707653 -0.586842090 1.100531224
v -0.163705777 -0.568420980 1.100531257
v -0.182934679 -0.568421045 1.101312195
v -0.015789474 -0.697368421 1.100000000
v 0.002631579 -0.697368421 1.100000000
v 0.039473680 -0.568421063 1.099999837
v 0.057894674 -0.568421192 1.099999869
v 0.057894678 -0.550000073 1.100001685
v 0.039473558 -0.550000187 1.099999840
v 0.297200976 -0.693611569 0.654229915
v 0.297129002 -0.701511782 0.667513444
v 0.021052632 -0.200000000 0.832142857
v 0.021052631 -0.200000001 0.849999999
v 0.039473685 -0.199999996 0.849999999
v 0.039473684 -0.199999999 0.832142857
v -0.200000005 -0.457894744 0.814285711
v -0.200000008 -0.457894737 0.832142857
v -0.200000000 -0.439473684 0.832142857
v -0.200000005 -0.439473684 0.814285714
v 0.186828686 -0.200075750 0.832129183
v 0.186781660 -0.200068404 0.849937759
v 0.205254733 -0.199652830 0.849976143
v 0.205218424 -0.200054404 0.832089318
v -0.052631552 -0.198646426 0.616545002
v -0.052631550 -0.199452054 0.635183100
v -0.034210523 -0.199452040 0.635183096
v -0.199998474 -0.549999678 0.921428487
v -0.199997765 -0.549997806 0.939285593
v -0.200000776 -0.531579490 0.939285653
v -0.200000535 -0.531579442 0.921428571
v 0.389474767 -0.899968520 1.028539772
v 0.407892683 -0.899965442 1.028539743
v 0.407892967 -0.899983650 1.046415343
v 0.389474772 -0.899987307 1.046415081
v 0.099012415 -0.734346402 0.828975617
v 0.100036837 -0.720584347 0.827124573
v 0.112575040 -0.715145775 0.830185430
v 0.112420962 -0.733202941 0.833407861
v 0.499999882 -0.494736851 0.849999998
v 0.499999934 -0.476315784 0.849999916
v 0.500001187 -0.476315776 0.867857088
v 0.499999869 -0.494736855 0.867857105
v 0.021164467 -0.622767431 0.742724724
v 0.039418168 -0.622843412 0.742353400
v 0.038785953 -0.626874816 0.760696673
v 0.021228303 -0.626671680 0.760710824
v -0.126283157 -0.200032633 0.832142857
v -0.126283157 -0.200032633 0.850000000
v -0.107892720 -0.200002016 0.850000000
v -0.107892720 -0.200002016 0.832142857
v 0.168587068 -0.808254168 0.832362504
v 0.168434299 -0.789367509 0.829453452
v 0.182649755 -0.789534072 0.829124737
v 0.187200836 -0.807912260 0.830223021
v 0.076315789 -0.899967367 1.028539795
v 0.094736842 -0.899967367 1.028539794
v 0.094736842 -0.899986134 1.046415129
v 0.076315789 -0.899986134 1.046415129
v 0.499999978 -0.586842105 0.957142833
v 0.499999970 -0.568421051 0.957142835
v 0.500000067 -0.568421053 0.975000108
v 0.500000114 -0.586842105 0.975000111
v 0.316000410 -0.898094813 0.763196631
v 0.333985782 -0.897930303 0.763423356
v 0.334553663 -0.901850913 0.777239730
v 0.315523057 -0.901917307 0.777472165
v 0.168420968 -0.899999099 0.939285165
v 0.168421041 -0.900000615 0.957142273
v 0.278945975 -0.623666066 0.600058772
v 0.278946223 -0.605231710 0.600043402
v 0.297364605 -0.605224244 0.600053095
v -0.145914380 -0.898105041 0.937932457
v -0.145777154 -0.901289392 0.955977776
v -0.011194763 -0.637955107 0.675506344
v -0.012132482 -0.639283393 0.688669804
v -0.016011332 -0.627517153 0.670529299
v -0.002334701 -0.637977317 0.675991759
v 0.002733966 -0.627261904 0.670651527
v 0.008754271 -0.630536019 0.683291187
v 0.002821218 -0.639967428 0.688802392
v 0.057945650 -0.272859163 0.992112150
v 0.070347835 -0.260645142 0.997964466
v 0.057241217 -0.258578831 0.996019127
v -0.182321846 -0.697339239 1.046219850
v -0.182287290 -0.678464507 1.049200538
v -0.162679227 -0.678353602 1.047250780
v -0.163376234 -0.697719414 1.046599837
v 0.278947368 -0.882932535 1.101312152
v 0.297368421 -0.882932535 1.101312152
v 0.297368421 -0.863705859 1.100531190
v 0.278947368 -0.863705859 1.100531189
v 0.168421148 -0.531578944 0.599999402
v 0.168421067 -0.513157831 0.600000014
v 0.186842098 -0.513157886 0.599999996
v 0.186842115 -0.531578973 0.599999501
v -0.092559175 -0.690913672 0.962139474
v -0.092743179 -0.691168889 0.969749773
v -0.093230869 -0.684006331 0.969714030
v -0.092953717 -0.683766921 0.962119267
v 0.444715133 -0.882907761 1.101330328
v 0.463755170 -0.882975018 1.101754358
v 0.463687094 -0.863687094 1.101098759
v 0.444712046 -0.863693235 1.100540580
v 0.500002697 -0.310525064 0.725001334
v 0.499999043 -0.292106712 0.725000546
v 0.499972178 -0.292106014 0.742843308
v 0.499986906 -0.310524794 0.742852492
v 0.334192392 -0.642747072 0.599349857
v 0.352555592 -0.642131724 0.599482588
v 0.499955221 -0.402661021 0.832139434
v 0.500144074 -0.384238725 0.832134115
v 0.499964926 -0.402665757 0.849990672
v 0.131578947 -0.882932535 1.101312152
v 0.150000000 -0.882932535 1.101312152
v 0.150000000 -0.863705859 1.100531189
v 0.131578947 -0.863705859 1.100531189
v 0.057721669 -0.329109888 0.992196063
v 0.057747422 -0.310559683 0.992040543
v 0.038928809 -0.310701209 0.991826933
v 0.500000000 -0.605263158 0.814285714
v 0.500000000 -0.586842105 0.814285714
v 0.500000000 -0.586842105 0.832142857
v 0.500000000 -0.605263158 0.832142857
v -0.201354222 -0.217067109 0.707141673
v -0.201353687 -0.217067471 0.724999870
v -0.197396860 -0.202603140 0.724999881
v -0.197397340 -0.202602660 0.707141742
v 0.500000001 -0.697368421 0.921428572
v 0.500000000 -0.678947368 0.921428572
v 0.499999997 -0.678947368 0.939285711
v 0.499999997 -0.697368421 0.939285711
v -0.199956154 -0.421042001 0.689298802
v -0.199973776 -0.421051485 0.707144806
v -0.197416269 -0.844676690 0.977949587
v -0.201601652 -0.844073590 0.991420088
v -0.198631759 -0.825788200 0.991713001
v -0.195897406 -0.830578421 0.979223507
v -0.188321199 -0.820182204 0.986678261
v -0.183130229 -0.825712220 0.976706485
v -0.182539905 -0.844328243 0.974728144
v 0.186842105 -0.789474790 1.100001072
v 0.186842105 -0.771052745 1.100000110
v -0.200004455 -0.513159382 0.796427946
v -0.200001761 -0.513157838 0.814285826
v -0.199999789 -0.494736704 0.814285796
v -0.200000940 -0.494736707 0.796428754
v 0.058404731 -0.844941405 0.831136577
v 0.058358565 -0.826217510 0.831380344
v 0.076472308 -0.826190154 0.830982314
v -0.201353588 -0.384210526 1.083455009
v -0.197396808 -0.384210526 1.097476501
v -0.197396805 -0.365789476 1.097476499
v -0.201353585 -0.365789477 1.083455010
v -0.182932534 -0.384210524 1.101312145
v -0.182932549 -0.365789476 1.101312102
v -0.071052761 -0.199999647 0.921428493
v -0.071052593 -0.199998056 0.939286703
v -0.052631368 -0.199998958 0.939287569
v -0.052631597 -0.199999473 0.921428844
v 0.407892722 -0.310525210 0.600000884
v 0.407892691 -0.292107309 0.600003853
v 0.426283103 -0.292107317 0.600033500
v 0.426283133 -0.310525233 0.600030516
v -0.199967502 -0.328947228 0.671460202
v -0.199998053 -0.328947229 0.689287668
v -0.199999079 -0.310525210 0.689287668
v -0.199968506 -0.310525225 0.671460228
v -0.107785621 -0.638237529 0.764541373
v -0.108281176 -0.646519130 0.774079252
v -0.108193540 -0.627170822 0.757033913
v -0.089261355 -0.627743816 0.757008730
v 0.497381657 -0.273719174 0.602538189
v 0.497385786 -0.255268847 0.602534187
v 0.501372338 -0.255284867 0.616569008
v 0.501332062 -0.273721180 0.616551554
v 0.482907761 -0.255284867 0.598669672
v 0.228540949 -0.507722886 1.051918950
v 0.223485356 -0.497742413 1.046338433
v 0.217656899 -0.501161732 1.058398270
v 0.223174492 -0.514122226 1.064056551
v 0.205211805 -0.495829805 1.046406654
v 0.204074651 -0.498938981 1.060483585
v 0.204573930 -0.509590497 1.068437127
v 0.228564701 -0.674586635 0.603472937
v 0.227160275 -0.676275684 0.616097250
v 0.219359227 -0.665286643 0.616140959
v 0.223234118 -0.662089483 0.601470775
v 0.241578782 -0.676184611 0.602197900
v 0.241321390 -0.679768481 0.616173801
v 0.241522079 -0.662115689 0.598450396
v -0.162510305 -0.660055448 1.047507538
v -0.163399947 -0.645527977 1.043114745
v -0.148764680 -0.646583459 1.042024441
v 0.500001006 -0.365789484 0.707141745
v 0.500001055 -0.347368467 0.707141711
v 0.500000354 -0.365789530 0.724999793
v 0.500002208 -0.789474792 0.992858217
v 0.500001219 -0.771052745 0.992858215
v 0.499998094 -0.771052747 1.010712333
v 0.499999088 -0.789474790 1.010712332
v 0.260522116 -0.568440833 1.100340696
v 0.260557435 -0.550031061 1.100807921
v 0.113157889 -0.900001077 0.957142033
v 0.131578970 -0.900001072 0.957142028
v 0.131578948 -0.900000261 0.974999931
v 0.113157893 -0.900000263 0.974999930
v -0.034749775 -0.329463343 1.064138061
v -0.040431242 -0.316365314 1.069889428
v -0.037564607 -0.313918948 1.083563521
v -0.030410317 -0.327983339 1.082886027
v -0.050199617 -0.310556214 1.064089861
v -0.047705404 -0.306013792 1.083205453
v -0.048158957 -0.323759477 1.059388023
v 0.371036803 -0.900798155 0.813906248
v 0.389412268 -0.900993107 0.814020263
v 0.389470005 -0.900519618 0.831775479
v 0.371048370 -0.900338724 0.831989030
v 0.186842105 -0.752631553 1.099999975
v 0.186842105 -0.734210523 1.099999997
v -0.089474730 -0.384210763 0.599996949
v -0.071052638 -0.384210407 0.599999695
v 0.242103250 -0.605265834 1.099985637
v 0.242099526 -0.586855422 1.100009865
v -0.126283119 -0.752631559 1.099968372
v -0.107892702 -0.752631553 1.099998033
v -0.107892672 -0.734210524 1.099998055
v -0.126283214 -0.734210541 1.099968307
v 0.205281687 -0.657451273 0.616707684
v 0.210142409 -0.655019685 0.635179879
v 0.202058076 -0.644874249 0.635262674
v 0.201421313 -0.647030947 0.622383601
v 0.220307776 -0.664687837 0.635215470
v -0.089479452 -0.899987188 0.992853593
v -0.089477206 -0.900005015 1.010709628
v -0.071052746 -0.605263158 1.100000110
v -0.052631554 -0.605263158 1.099999975
v -0.052631553 -0.586842105 1.099999975
v -0.071052745 -0.586842105 1.100000110
v 0.021189980 -0.273774925 1.010837791
v 0.021667366 -0.255394482 1.010937005
v 0.002728559 -0.255227566 1.013911270
v -0.149477895 -0.664986853 0.925311099
v -0.163148364 -0.659309735 0.923475617
v 0.499967367 -0.476315789 0.671460205
v 0.499967367 -0.457894737 0.671460205
v 0.499997984 -0.457894737 0.689287669
v 0.499997984 -0.476315789 0.689287669
v 0.117976988 -0.702792592 0.827333127
v 0.132280788 -0.700926582 0.829869640
v 0.131010677 -0.714673547 0.833290908
v 0.002115772 -0.310063282 1.009945341
v -0.010609054 -0.304802691 1.015828238
v -0.200895638 -0.715842299 0.831534214
v -0.200076767 -0.715736925 0.849967645
v -0.199936900 -0.697359589 0.849992841
v -0.200670743 -0.697378390 0.831544129
v 0.352631554 -0.899967340 1.028539796
v 0.371052745 -0.899967479 1.028539796
v 0.371052733 -0.899986272 1.046415117
v 0.352631553 -0.899986107 1.046415131
v 0.499999731 -0.660526217 0.760714328
v 0.499999944 -0.642105273 0.760714274
v 0.500000010 -0.642105269 0.778571425
v 0.499999892 -0.660526311 0.778571418
v 0.499999751 -0.752631532 0.867857197
v 0.499999933 -0.734210534 0.867857131
v 0.500000007 -0.734210525 0.885714282
v 0.499999938 -0.752631564 0.885714275
v 0.238520590 -0.420970051 0.960376063
v 0.246508426 -0.421670996 0.971106315
v 0.248272511 -0.407470348 0.969779897
v 0.241850420 -0.402616596 0.960886126
v 0.255003563 -0.396152735 0.963596611
v -0.201233037 -0.569067446 0.742585494
v -0.200916710 -0.568648925 0.760629041
v -0.200140768 -0.549971019 0.760759218
v -0.200591146 -0.550160556 0.742874355
v 0.352631553 -0.347368447 0.600000049
v 0.352631553 -0.328947255 0.599999915
v 0.371052745 -0.328947255 0.599999780
v 0.371052745 -0.347368447 0.599999915
v 0.172930674 -0.273826982 0.961895092
v 0.173146188 -0.255342896 0.961816540
v 0.166125023 -0.255635581 0.975417758
v 0.164401405 -0.273172077 0.971228219
v 0.150794707 -0.274168663 0.977630818
v 0.156218216 -0.261269140 0.981236002
v -0.199967367 -0.439473684 1.028539795
v -0.199986134 -0.439473684 1.046415129
v -0.199986133 -0.421052632 1.046415129
v -0.199967367 -0.421052632 1.028539795
v 0.260549793 -0.273392465 0.888768680
v 0.259752352 -0.256147779 0.882113199
v 0.444722976 -0.642105263 1.099986558
v 0.463705859 -0.623684210 1.100531190
v 0.444722976 -0.623684210 1.099986561
v 0.278947367 -0.531578917 0.600000080
v 0.278947368 -0.513157895 0.600000003
v 0.297368421 -0.513157890 0.600000011
v 0.297368417 -0.531578895 0.600000046
v 0.131578934 -0.200000260 0.796428559
v 0.131578733 -0.200000174 0.814285507
v 0.149999954 -0.199997212 0.814285654
v 0.149999811 -0.200000160 0.796428369
v 0.043783189 -0.618743114 0.604033527
v 0.038731644 -0.622080791 0.616678458
v 0.033029047 -0.611654806 0.610990252
v 0.038921347 -0.606175079 0.601119006
v 0.058007304 -0.620250980 0.602960757
v 0.057272422 -0.627981829 0.616372272
v 0.057303876 -0.606156068 0.598698516
v 0.205263158 -0.715789474 1.100000001
v 0.205263158 -0.697368421 1.100000000
v 0.371052745 -0.826283158 1.099968475
v 0.389474767 -0.826283133 1.099969484
v 0.389474790 -0.807892722 1.099999116
v 0.371052747 -0.807892722 1.099998152
v 0.057894737 -0.826283157 1.099968366
v 0.076315789 -0.826283157 1.099968366
v 0.076315789 -0.807892720 1.099998045
v 0.057894737 -0.807892720 1.099998045
v -0.163705622 -0.310525032 1.100533550
v -0.144723691 -0.310525476 1.099983384
v -0.144723012 -0.292107151 1.099971782
v -0.163706554 -0.292107112 1.100528414
v 0.501340251 -0.772097449 0.724367626
v 0.500966825 -0.752863018 0.724910941
v 0.500307951 -0.752637101 0.742895039
v 0.501352676 -0.771567179 0.742627054
v 0.278947298 -0.899998147 0.903570222
v 0.297368288 -0.900002057 0.903571028
v 0.297368430 -0.900000531 0.921428622
v 0.278947376 -0.900001170 0.921428191
v 0.137153682 -0.471114119 0.997690730
v 0.135402630 -0.472480440 1.011253132
v 0.149688929 -0.476819455 1.010368914
v 0.149679035 -0.473414464 0.992534583
v 0.113166468 -0.586867528 0.599871242
v 0.131579704 -0.586797234 0.600011509
v 0.278947361 -0.660526321 1.100000046
v 0.500963447 -0.863725341 0.832009594
v 0.500165506 -0.844697437 0.832195503
v 0.499948828 -0.844705511 0.850039672
v 0.500567388 -0.863686454 0.850039128
v -0.034210523 -0.697368421 1.099999997
v -0.034210523 -0.678947368 1.099999997
v 0.021052675 -0.199999346 0.903572001
v 0.021052728 -0.200001060 0.921429009
v 0.039474002 -0.200002710 0.921427262
v 0.039473713 -0.199999246 0.903571957
v 0.395020566 -0.691011321 0.641866791
v 0.389531597 -0.696965003 0.651007063
v 0.384117008 -0.684265116 0.648397521
v 0.389556699 -0.681420099 0.636110625
v 0.408580555 -0.693081208 0.640227570
v 0.407363244 -0.701159420 0.649783325
v 0.407910038 -0.682871525 0.632164149
v -0.199985758 -0.549997950 0.992857632
v -0.199983688 -0.549999331 1.010711730
v -0.199996463 -0.531579639 1.010712302
v -0.200001387 -0.531579815 0.992858399
v -0.085207518 -0.582913215 0.636395542
v -0.089340954 -0.586992354 0.653472634
v -0.094999423 -0.573966665 0.648249031
v -0.092080466 -0.568814037 0.635741511
v -0.075652749 -0.591420801 0.634808474
v -0.077018878 -0.593302611 0.648582177
v -0.034210523 -0.734210523 1.099999994
v -0.034210523 -0.715789474 1.099999997
v 0.499967362 -0.586842105 1.028539794
v 0.499967437 -0.568421064 1.028539798
v 0.499986198 -0.568421067 1.046415134
v 0.499986127 -0.586842107 1.046415128
v 0.315806705 -0.899867331 0.832199826
v 0.315792424 -0.899955878 0.850004711
v -0.163571798 -0.786791775 0.831320617
v -0.144742353 -0.789808086 0.831219330
v -0.144609347 -0.790216110 0.850064246
v -0.163172323 -0.789969651 0.850331846
v 0.002630093 -0.897373022 0.834699187
v 0.002631471 -0.901341781 0.848737387
v 0.002612653 -0.882929998 0.830636388
v -0.160865154 -0.882335014 0.941799762
v -0.167122146 -0.882684329 0.956545351
v -0.159258981 -0.867448379 0.957884334
v -0.157396525 -0.869051733 0.943998717
v -0.147897981 -0.858822028 0.957727387
v -0.144644957 -0.863439672 0.938975841
v -0.149890744 -0.882132160 0.933899525
v 0.154587508 -0.329192372 0.961342927
v 0.168473285 -0.329130340 0.953732255
v 0.168552329 -0.310616207 0.957375895
v 0.154678576 -0.311017511 0.961372241
v 0.316400739 -0.492524125 1.046105298
v 0.311256542 -0.489351850 1.033374067
v -0.199998046 -0.494736827 1.010712332
v -0.199967436 -0.494736829 1.028539794
v -0.199967362 -0.476315789 1.028539795
v -0.199997978 -0.476315788 1.010712331
v 0.407892315 -0.202603997 0.602524283
v 0.407892404 -0.198648843 0.616544283
v 0.426278820 -0.198667939 0.616551554
v 0.426280826 -0.202618342 0.602538189
v 0.407892404 -0.217066735 0.598690203
v 0.426278820 -0.217074235 0.598708716
v 0.501353587 -0.531578944 0.616545033
v 0.501353588 -0.513157895 0.616544992
v 0.500547961 -0.531578947 0.635183100
v -0.106404776 -0.681912828 0.957525054
v -0.106485187 -0.681764903 0.974728716
v 0.501069270 -0.310426755 0.796907752
v 0.501105982 -0.291999850 0.797242930
v 0.498347480 -0.291704123 0.815376145
v 0.501468454 -0.309957244 0.815164692
v 0.500793891 -0.402540422 0.903720408
v 0.501410194 -0.383117202 0.904378077
v 0.501491738 -0.383229937 0.922561335
v 0.501290508 -0.402441611 0.921887331
v 0.260526316 -0.202603192 0.602523502
v 0.260526316 -0.198646412 0.616544991
v 0.278947368 -0.198646411 0.616544991
v 0.278947368 -0.202603191 0.602523502
v 0.278947368 -0.217067465 0.598687848
v 0.168421053 -0.292107280 0.600001955
v 0.168421053 -0.273716843 0.600031634
v 0.483132625 -0.897970294 0.798742571
v 0.483225379 -0.902123453 0.812670143
v 0.483048048 -0.883417994 0.795236884
v -0.144723197 -0.292107034 0.600015851
v -0.144724113 -0.273715925 0.600047069
v -0.201353588 -0.217067464 0.778571428
v -0.201353588 -0.217067465 0.796428571
v -0.197396809 -0.202603191 0.796428571
v -0.197396809 -0.202603191 0.778571428
v -0.182932535 -0.198646412 0.796428571
v -0.182932536 -0.198646412 0.778571428
v 0.500001106 -0.697368421 0.992858215
v 0.500001106 -0.678947368 0.992858215
v 0.499997984 -0.678947368 1.010712331
v 0.499997984 -0.697368421 1.010712331
v 0.337846539 -0.251995075 0.813904923
v 0.329983991 -0.241037707 0.813371820
v 0.328218051 -0.243056065 0.826523483
v 0.334010005 -0.255326205 0.831972140
v 0.319012549 -0.232847165 0.813966937
v 0.314993521 -0.237485587 0.828539069
v 0.315650359 -0.251366244 0.836286427
v -0.199999961 -0.513157904 0.867857133
v -0.199999976 -0.513157869 0.885714282
v -0.199999992 -0.494736842 0.885714286
v -0.200000014 -0.494736845 0.867857142
v -0.071052733 -0.255277037 0.600013308
v -0.200727346 -0.605867984 0.974981601
v -0.201095235 -0.605792674 0.992977477
v -0.200146162 -0.586841650 0.992845741
v -0.199979383 -0.586843118 0.974975703
v 0.499997984 -0.642105263 1.010712331
v 0.499997984 -0.623684211 1.010712331
v 0.499967367 -0.623684211 1.028539795
v 0.499967367 -0.642105263 1.028539795
v -0.071080462 -0.200053879 0.992795365
v -0.071078347 -0.199680135 1.010670967
v -0.052508258 -0.199051354 1.011056002
v -0.052650032 -0.199850537 0.992810694
v 0.039473602 -0.531578965 1.100002411
v -0.070195509 -0.273903040 1.098383493
v -0.182788013 -0.587526453 0.724527102
v -0.167441813 -0.591495342 0.724393870
v -0.169099261 -0.593123511 0.736709107
v -0.182660878 -0.591401798 0.738692453
v 0.149650429 -0.384306627 0.941429555
v 0.167922746 -0.384031154 0.938027859
v 0.168474007 -0.365793424 0.941653088
v 0.155328502 -0.371376878 0.944078237
v -0.110238821 -0.789880572 0.921040369
v -0.111155934 -0.789645333 0.934812908
v -0.109978713 -0.771638202 0.938751088
v -0.110147849 -0.771728787 0.920973907
v -0.201133457 -0.236312906 0.635201286
v -0.200557651 -0.236306765 0.653595466
v -0.201372338 -0.217092239 0.653592473
v -0.201809758 -0.217024982 0.635135295
v -0.200000092 -0.328947255 0.742857167
v -0.200000110 -0.328947255 0.760714289
v -0.200001103 -0.310525210 0.760714289
v -0.200001081 -0.310525210 0.742857168
v 0.371052745 -0.310525210 0.599998818
v 0.389474792 -0.310525208 0.599997859
v 0.389474790 -0.328947255 0.599998818
v 0.108379015 -0.609648615 0.765801286
v 0.108549399 -0.609732410 0.774264584
v 0.094973222 -0.608109058 0.774579765
v 0.499956790 -0.365790724 0.778564708
v 0.499934007 -0.347380288 0.778536798
v 0.500145042 -0.347402091 0.796401826
v 0.499940338 -0.365815227 0.796392700
v 0.500548888 -0.789474898 1.064816975
v 0.500548113 -0.771052739 1.064816874
v 0.501353687 -0.771052765 1.083455003
v 0.501354222 -0.789474906 1.083455354
v 0.149670310 -0.657938113 0.688827545
v 0.154332710 -0.656994015 0.706060231
v 0.146070706 -0.646567524 0.707275399
v 0.143604972 -0.648812283 0.693894438
v 0.167834555 -0.661285888 0.689124938
v 0.320772276 -0.765108293 0.695217808
v 0.315275609 -0.771376144 0.703710148
v 0.310798310 -0.758228988 0.701663069
v 0.315451702 -0.752370322 0.692599901
v 0.334527127 -0.766751656 0.693625407
v 0.334026126 -0.775045968 0.702935598
v 0.334094799 -0.752526400 0.689292089
v 0.444723196 -0.292107033 0.600015849
v 0.444724113 -0.273715925 0.600047069
v 0.315789513 -0.200002070 0.689288851
v 0.315788864 -0.200013001 0.707137274
v 0.334210503 -0.200016668 0.707127940
v 0.334210480 -0.200003653 0.689287050
v -0.199967364 -0.273716843 0.760714289
v -0.199967368 -0.273716843 0.778571428
v -0.199986134 -0.255277024 0.778571428
v -0.199986130 -0.255277024 0.760714288
v -0.197254282 -0.697701516 1.049402002
v -0.201731823 -0.697014270 1.063822139
v -0.195169454 -0.683944177 1.051223438
v 0.113157895 -0.899967368 1.028539795
v 0.131578947 -0.899967368 1.028539795
v 0.131578947 -0.899986134 1.046415129
v 0.113157895 -0.899986134 1.046415129
v 0.131578947 -0.292107280 0.600001955
v 0.131578947 -0.273716843 0.600031634
v 0.150000000 -0.273716843 0.600031634
v 0.150000000 -0.292107280 0.600001955
v -0.197357276 -0.897390592 1.028510810
v -0.197371563 -0.897374327 1.046441199
v -0.201341197 -0.882898650 1.046437401
v -0.201313771 -0.882920497 1.028525089
v -0.182898598 -0.901360351 1.028566571
v -0.182900670 -0.901363810 1.046425512
v 0.205263158 -0.365789477 0.600000003
v 0.205263158 -0.347368447 0.600000025
v 0.223684211 -0.347368447 0.600000025
v 0.223684211 -0.365789477 0.600000003
v -0.053004147 -0.292576953 1.063991425
v -0.051851359 -0.291321767 1.083159037
v 0.444722963 -0.328947267 0.600013308
v 0.444722977 -0.347368447 0.600013468
v -0.107892667 -0.365789452 0.600000955
v -0.107892694 -0.347368359 0.600002067
v 0.227649778 -0.236792170 0.889514807
v 0.228017072 -0.216937579 0.890290745
v 0.220258369 -0.217055356 0.900291334
v 0.218917586 -0.236636826 0.898982678
v 0.209492583 -0.236567549 0.907436800
v 0.209991333 -0.216919030 0.907801944
v 0.223666600 -0.586857447 1.099961914
v 0.242156793 -0.568393955 1.100332078
v 0.223662324 -0.568385791 1.100184842
v 0.057894739 -0.476315802 0.599999695
v 0.187200270 -0.494664391 1.064455034
v 0.181577745 -0.480858071 1.069908208
v 0.183488987 -0.478419380 1.083475900
v 0.190404005 -0.494014070 1.082776145
v 0.173674777 -0.489070725 1.058615987
v 0.131578947 -0.328947255 0.599999890
v 0.131578947 -0.347368447 0.600000025
v 0.057889419 -0.900142514 0.885724192
v 0.057887464 -0.899945726 0.903622602
v -0.089474890 -0.900548712 1.064816988
v -0.089474914 -0.901354215 1.083455341
v 0.080060434 -0.435640962 0.997543914
v 0.080554657 -0.426513917 0.998083996
v 0.079136838 -0.421104646 1.010934700
v 0.078962210 -0.435816709 1.010595685
v 0.168421053 -0.752631553 1.099999975
v 0.500547964 -0.384210526 0.635183096
v 0.500547960 -0.365789477 0.635183096
v 0.499986130 -0.365789477 0.653584870
v 0.499986134 -0.384210526 0.653584871
v -0.163707781 -0.771052591 1.100530174
v -0.144723216 -0.771052748 1.099986676
v -0.144723617 -0.752631565 1.099986174
v -0.163707345 -0.752631341 1.100529663
v 0.499999975 -0.476315790 0.742857167
v 0.499999982 -0.457894737 0.742857168
v 0.499999996 -0.457894731 0.760714292
v 0.500000002 -0.476315789 0.760714289
v -0.071052745 -0.826283158 1.099968475
v 0.463693231 -0.199442398 0.653595432
v 0.463705729 -0.199483321 0.671461342
v 0.482925772 -0.198667894 0.671464574
v 0.482907748 -0.198627678 0.653592449
v -0.163758105 -0.198193238 1.083496824
v -0.163808380 -0.202378954 1.097694122
v -0.144758903 -0.202629122 1.097451707
v -0.144740078 -0.198643479 1.083424142
v -0.163757916 -0.217024469 1.101752174
v -0.144740045 -0.217101996 1.101309999
v -0.201351155 -0.292107590 0.616544285
v -0.200544644 -0.292106832 0.635182268
v -0.200516545 -0.273717945 0.635183205
v -0.201332062 -0.273721180 0.616551554
v -0.034210350 -0.900000966 0.992858334
v -0.034210512 -0.899997757 1.010712339
v 0.264985136 -0.324714193 0.921765564
v 0.256395891 -0.314039440 0.921628056
v 0.255185295 -0.315022881 0.935264642
v 0.057894021 -0.899984522 0.921434194
v 0.499999994 -0.734210523 0.939285711
v 0.499999971 -0.734210523 0.957142832
v 0.020883875 -0.864011263 0.831470113
v 0.039814032 -0.864037300 0.831124754
v 0.039473684 -0.678947368 1.100000000
v 0.057894737 -0.678947368 1.100000000
v 0.057894737 -0.660526316 1.100000000
v 0.039473684 -0.660526316 1.100000000
v 0.002631579 -0.200013866 0.653584871
v 0.002631579 -0.200032633 0.671460205
v 0.021052632 -0.200032633 0.671460205
v 0.021052632 -0.200013867 0.653584871
v 0.499999840 -0.421052719 0.760714203
v 0.500001407 -0.402631669 0.760714227
v 0.500004232 -0.402630610 0.778572420
v 0.500001400 -0.421052710 0.778571393
v -0.199983650 -0.255276804 1.010712570
v -0.199951445 -0.255275887 1.028540685
v -0.200516544 -0.236294253 1.028538728
v -0.200544648 -0.236293286 1.010712763
v 0.499951445 -0.826284075 1.046416232
v -0.200005261 -0.550001832 0.832141080
v -0.199986919 -0.550002978 0.814283126
v 0.302483822 -0.896437547 0.764965241
v 0.296977260 -0.898409425 0.778023496
v 0.292786017 -0.883247318 0.773900586
v 0.300662597 -0.882010658 0.759427667
v 0.108395743 -0.850450616 0.844453905
v 0.094817373 -0.826188630 0.831584430
v 0.099943493 -0.452709829 1.033172568
v 0.093780574 -0.443115821 1.028576903
v 0.094547109 -0.439556373 1.046131673
v 0.100085894 -0.452190029 1.041671934
v 0.079082896 -0.435781905 1.027971547
v 0.080871016 -0.434329383 1.041117496
v 0.131583176 -0.200012821 0.867860430
v 0.131565688 -0.200065683 0.885705641
v 0.149939439 -0.200061925 0.885665540
v 0.149985372 -0.200077658 0.867843936
v 0.223686720 -0.200007945 0.778573817
v 0.223677241 -0.200052098 0.796419839
v 0.242071434 -0.200059891 0.796396804
v 0.242096423 -0.200052208 0.778564436
v -0.110763649 -0.825975880 0.885822231
v -0.104147326 -0.826138044 0.868078581
v -0.094297327 -0.831290909 0.862635930
v 0.352631554 -0.807892720 1.099998021
v 0.371052745 -0.789474790 1.100001182
v 0.352631553 -0.789474790 1.100001048
v 0.260526326 -0.550000065 0.599999757
v 0.260526151 -0.568422715 0.599997757
v 0.278947369 -0.900000105 0.975000110
v 0.278947368 -0.900001106 0.992858214
v 0.135577778 -0.471784188 1.064359931
v 0.135928290 -0.471320535 1.083332531
v 0.500548429 -0.863705971 0.903570819
v 0.499986763 -0.844723005 0.903571130
v 0.499986181 -0.844722959 0.921428616
v 0.500548067 -0.863705826 0.921428544
v 0.266079387 -0.323027019 0.908558650
v 0.278800770 -0.331774924 0.921413145
v 0.279026107 -0.325231848 0.907432387
v 0.265950527 -0.765755605 0.712511288
v 0.259894436 -0.771528534 0.721735571
v 0.254962575 -0.757801704 0.719616221
v 0.260854414 -0.752175003 0.710234791
v 0.279066406 -0.771282028 0.706838207
v 0.272824507 -0.777082333 0.718265392
v 0.274780861 -0.753445739 0.703071153
v 0.241981519 -0.844599064 0.796415882
v 0.238115561 -0.845176590 0.809625726
v 0.236991058 -0.831361016 0.808989949
v 0.239767421 -0.825765492 0.796813460
v 0.021092871 -0.199622017 0.975120458
v 0.021425094 -0.199021394 0.993739926
v 0.039595926 -0.198794712 0.993494837
v 0.039457417 -0.199472007 0.975336297
v 0.113161377 -0.200008351 0.885716296
v 0.113148470 -0.200039237 0.903569432
v 0.131528911 -0.200053696 0.903547604
v 0.407892683 -0.826283103 1.099966500
v 0.407892691 -0.807892691 1.099996147
v -0.200544307 -0.550000596 1.064816059
v -0.201356905 -0.550000536 1.083454402
v -0.201354563 -0.531578938 1.083455034
v -0.200549649 -0.531579092 1.064816680
v 0.500001104 -0.789474794 0.921428566
v 0.500001106 -0.789474790 0.939285711
v 0.094736842 -0.826283157 1.099968366
v 0.113157895 -0.826283157 1.099968366
v 0.113157895 -0.807892720 1.099998045
v 0.094736842 -0.807892720 1.099998045
v -0.126288749 -0.292104328 1.099927706
v 0.371051475 -0.199450110 0.743365967
v 0.371055352 -0.199306806 0.761102995
v 0.389584632 -0.199410916 0.760922591
v 0.389484680 -0.199523448 0.743188487
v 0.168421053 -0.901353588 1.083455009
v 0.186842105 -0.901353588 1.083455009
v 0.186842105 -0.897396809 1.097476498
v 0.168421053 -0.897396809 1.097476498
v 0.168421053 -0.882932535 1.101312152
v 0.057894737 -0.200000025 0.742857168
v 0.057894737 -0.200000003 0.760714289
v 0.076315790 -0.200000003 0.760714289
v 0.076315789 -0.200000025 0.742857168
v -0.126278756 -0.901332027 1.083448565
v -0.126280825 -0.897381613 1.097461815
v -0.197396812 -0.476315790 1.097476498
v -0.201353588 -0.476315790 1.083455008
v -0.126282609 -0.347366875 1.099965035
v 0.205087069 -0.901599772 0.848988960
v 0.223834440 -0.900968443 0.849739904
v 0.223715350 -0.900500837 0.867526492
v 0.205268282 -0.900753613 0.867304666
v 0.407892688 -0.200033989 0.671460811
v 0.407892726 -0.200005327 0.689287594
v -0.104588758 -0.896069807 0.853546296
v -0.105318881 -0.897579957 0.866439412
v -0.109408978 -0.882710115 0.866213887
v -0.105667672 -0.883364413 0.852354140
v -0.091485108 -0.897653982 0.852186545
v -0.090978157 -0.901905696 0.866872233
v -0.091074896 -0.882676194 0.848979770
v 0.499997984 -0.513157895 0.689287669
v 0.500001106 -0.513157895 0.707141785
v 0.463693235 -0.255287954 0.599459420
v 0.150000000 -0.255277024 0.600013442
v 0.168421053 -0.255277024 0.600013442
v 0.501159344 -0.827447980 0.777281952
v 0.501141697 -0.808176866 0.777943348
v 0.500601455 -0.807849255 0.796346624
v 0.501303520 -0.826705017 0.795770588
v 0.315789474 -0.384210526 0.599999999
v 0.315789474 -0.365789477 0.600000003
v 0.334210523 -0.365789477 0.600000006
v 0.334210523 -0.384210526 0.600000003
v -0.200090473 -0.421043450 0.671461381
v 0.119203736 -0.306206219 0.981059412
v 0.131743191 -0.310775695 0.978563741
v 0.131728605 -0.292347361 0.977822974
v 0.118595865 -0.296619440 0.980300295
v -0.197396809 -0.202603191 0.867857143
v -0.197396809 -0.202603191 0.850000000
v -0.182932535 -0.198646412 0.867857143
v -0.182932535 -0.198646412 0.850000000
v 0.500547964 -0.697368421 1.064816904
v 0.500547964 -0.678947368 1.064816904
v 0.501353588 -0.678947368 1.083455009
v 0.501353588 -0.697368421 1.083455009
v 0.002631579 -0.384210526 0.599999992
v 0.002631579 -0.365789477 0.600000003
v 0.021052632 -0.365789477 0.600000003
v 0.021052632 -0.384210526 0.599999999
v 0.389181703 -0.213449494 0.783451179
v 0.389792035 -0.222158168 0.792628593
v 0.407933251 -0.217928892 0.793906922
v 0.402588356 -0.211680212 0.785137824
v -0.199998094 -0.292107278 0.975000111
v -0.199997958 -0.292107280 0.957142832
v -0.200000071 -0.513157976 0.939285711
v -0.200000091 -0.513158066 0.957142812
v -0.199999919 -0.494736828 0.957142832
v -0.199999980 -0.494736829 0.939285713
v 0.463705941 -0.531578648 1.100530725
v 0.482932714 -0.531576795 1.101312482
v 0.482934602 -0.513164003 1.101297104
v 0.463706750 -0.513171872 1.100512982
v -0.159277771 -0.563734112 0.689525917
v -0.163217996 -0.567727895 0.703778819
v -0.168075988 -0.554841081 0.702226714
v -0.167781564 -0.553533677 0.689393320
v -0.144658499 -0.571124808 0.689204120
v -0.144551026 -0.571756407 0.703186937
v -0.200911174 -0.605379363 1.046269017
v -0.200867948 -0.605263388 1.064830312
v -0.200500388 -0.586822059 1.064842015
v -0.200139342 -0.586832076 1.046425271
v -0.182932879 -0.310525076 0.598687238
v -0.182933264 -0.292107593 0.598690206
v -0.163706713 -0.292106833 0.599472027
v -0.163705928 -0.310525086 0.599467922
v 0.002586856 -0.645476396 0.792753354
v 0.021157830 -0.645494916 0.792764964
v 0.315588270 -0.512052490 1.101336420
v -0.145435945 -0.660695822 0.975421526
v -0.130582549 -0.664748796 0.975276080
v -0.125996505 -0.663124609 0.993236804
v -0.144367612 -0.657652836 0.992786726
v 0.501353588 -0.642105263 1.083455009
v 0.497396809 -0.642105263 1.097476498
v 0.021052567 -0.513157634 1.100002939
v 0.002631376 -0.513158084 1.100000180
v -0.149615052 -0.858510050 0.971317169
v -0.149148626 -0.850368092 0.970849572
v 0.315801918 -0.568447346 1.099926026
v -0.181971412 -0.659863456 0.921239206
v -0.052631554 -0.697368421 1.099999975
v -0.071052743 -0.697368421 1.100000110
v -0.182932536 -0.439473684 1.101312152
v 0.426370124 -0.399159101 0.923976264
v 0.426893966 -0.407440938 0.934920036
v 0.444919581 -0.403514065 0.938832226
v 0.439128489 -0.397639069 0.927346718
v 0.427083284 -0.418188195 0.942365292
v 0.439191757 -0.415999807 0.943477565
v 0.002631580 -0.568421051 1.100000014
v -0.015789473 -0.549999996 1.100000014
v -0.200000113 -0.328947255 0.814285714
v -0.200000113 -0.328947255 0.832142857
v -0.200001106 -0.310525210 0.832142857
v -0.200001106 -0.310525210 0.814285714
v 0.499967317 -0.568421048 0.671460218
v 0.499997979 -0.568421062 0.689287657
v 0.497939581 -0.346849333 0.850045363
v 0.497125674 -0.349870814 0.868279009
v 0.483175622 -0.342316176 0.853835720
v 0.482289074 -0.346373163 0.868364641
v -0.122820369 -0.512530647 0.636489841
v -0.129600815 -0.512850208 0.650367862
v -0.131340311 -0.499422833 0.649230849
v -0.129392802 -0.498279313 0.636304262
v 0.500494596 -0.439522467 0.957052525
v 0.500745510 -0.439529562 0.975024525
v 0.186166048 -0.384524751 0.938156440
v 0.201657135 -0.384938001 0.942701141
v 0.204177464 -0.365342282 0.943265615
v 0.186691738 -0.365034045 0.941903954
v 0.278947368 -0.494736843 0.599999998
v 0.278947368 -0.476315789 0.600000000
v 0.297368421 -0.476315790 0.600000000
v 0.297368421 -0.494736843 0.599999999
v 0.315896275 -0.199169816 0.760963748
v 0.316108445 -0.199122136 0.779098117
v 0.334113271 -0.202177964 0.778764349
v 0.334212349 -0.199350428 0.761215628
v 0.302813983 -0.286991015 0.873927321
v 0.315979135 -0.292101285 0.870231572
v 0.315205398 -0.274008911 0.865168464
v 0.297971082 -0.273283596 0.870944915
v -0.199986133 -0.255277024 0.850000000
v -0.199986133 -0.255277024 0.832142857
v 0.444719918 -0.605253382 0.599999862
v 0.444722056 -0.586842804 0.600023271
v 0.463706477 -0.586844287 0.599478515
v 0.463707852 -0.605266052 0.599439059
v -0.144722968 -0.200013875 0.939285722
v -0.144722983 -0.200014081 0.957142826
v -0.126283277 -0.200032809 0.957142661
v -0.126283161 -0.200032796 0.939285705
v 0.352631553 -0.439473684 0.600000025
v 0.445244068 -0.863498677 0.793509217
v 0.463349176 -0.863365576 0.796592743
v 0.186842105 -0.384210526 0.600000000
v 0.463705859 -0.734210523 1.100531186
v 0.444722976 -0.734210523 1.099986554
v 0.352631554 -0.494736840 0.600000028
v 0.352631553 -0.513157896 0.600000032
v 0.150000000 -0.734210523 1.099999997
v 0.131578947 -0.734210523 1.099999997
v 0.039473600 -0.494736849 0.600000309
v 0.039474368 -0.513158216 0.600013714
v -0.182415072 -0.637973396 0.782440298
v -0.163392232 -0.638934989 0.779146328
v -0.163921886 -0.645702091 0.792694454
v -0.182627996 -0.645658033 0.792783570
v -0.183388143 -0.628395249 0.774079744
v -0.169114700 -0.630470996 0.772548177
v 0.499999956 -0.476315822 0.814285716
v 0.500000186 -0.457894787 0.814285705
v 0.500000460 -0.457894500 0.832142765
v 0.499999903 -0.476315819 0.832142853
v 0.444722926 -0.789474772 1.099987696
v 0.426283133 -0.789474767 1.099969484
v 0.482908291 -0.198628628 0.742847311
v 0.482924191 -0.198666860 0.724961889
v 0.131578947 -0.807892720 1.099998045
v 0.131578947 -0.789474790 1.100001072
v 0.113157895 -0.789474790 1.100001072
v -0.199996026 -0.292107309 0.689287697
v -0.199999089 -0.292107279 0.707141785
v -0.199968520 -0.273716867 0.707141808
v -0.199965442 -0.273716897 0.689287706
v 0.278947368 -0.899997984 1.010712331
v 0.278947368 -0.899967367 1.028539795
v 0.260526316 -0.899967367 1.028539795
v -0.089156369 -0.255401612 1.101152746
v -0.107949987 -0.255353784 1.100482417
v -0.200000002 -0.384210526 0.796428571
v -0.200000000 -0.384210526 0.814285714
v -0.199999997 -0.365789477 0.814285714
v -0.199999997 -0.365789477 0.796428571
v -0.126616523 -0.696680982 0.812006454
v -0.126811778 -0.681467058 0.811961704
v -0.113512932 -0.682980200 0.810125361
v -0.108235918 -0.696656711 0.811520121
v 0.057894735 -0.900000125 0.975000153
v 0.057894736 -0.900001091 0.992858228
v 0.499987393 -0.421055291 0.832143622
v 0.499973020 -0.421064661 0.850003036
v -0.201372351 -0.255284866 1.083430977
v -0.197385847 -0.255268864 1.097465935
v -0.197622146 -0.236196944 1.097695130
v -0.201809780 -0.236244836 1.083496175
v -0.182907432 -0.255284887 1.101331124
v -0.182974308 -0.236244782 1.101755216
v 0.297170367 -0.807776475 0.727602940
v 0.297063639 -0.793573838 0.720531077
v 0.315925410 -0.793373809 0.720789868
v 0.315920516 -0.807617833 0.727924674
v 0.297400587 -0.900005570 0.832189818
v 0.297387923 -0.899938069 0.850018883
v -0.143994037 -0.735258982 0.811059061
v -0.145192390 -0.715565968 0.811851993
v -0.130684144 -0.715949046 0.810577540
v -0.126180443 -0.734864887 0.811037575
v -0.052631554 -0.826283158 1.099968340
v -0.015852777 -0.897410654 0.834505150
v -0.015756552 -0.882892097 0.830538044
v 0.131732701 -0.199654083 0.939243084
v 0.131957611 -0.199300562 0.957122011
v 0.150705333 -0.198546243 0.957305822
v 0.150643637 -0.198990367 0.939346278
v 0.057254517 -0.619140875 0.742309041
v 0.062791225 -0.609470932 0.747929151
v 0.061089599 -0.607623296 0.760689618
v 0.052914212 -0.618528211 0.760625420
v 0.223948122 -0.198874479 0.850292565
v 0.224498436 -0.198611448 0.868750373
v 0.241929776 -0.202022600 0.868184944
v 0.242466606 -0.199129690 0.850618447
v 0.496342072 -0.784989213 0.712079019
v 0.498267907 -0.772110280 0.706571551
v 0.498595771 -0.790770933 0.724204555
v 0.482831767 -0.786733922 0.710466161
v 0.483083278 -0.795213378 0.719676995
v 0.482742516 -0.776250858 0.702925857
v 0.348065252 -0.896143468 0.764667677
v 0.353325286 -0.882917623 0.762246005
v 0.359244084 -0.888766674 0.771807998
v 0.352818176 -0.898725332 0.777354827
v 0.500546696 -0.236293159 0.707142488
v 0.501351244 -0.217066358 0.707140007
v 0.501338002 -0.217074284 0.724979074
v 0.500529809 -0.236294804 0.724984046
v 0.315787172 -0.605214660 0.600041368
v 0.278947368 -0.899986133 1.046415129
v 0.278947368 -0.900547964 1.064816904
v 0.500548113 -0.863705828 0.975000104
v 0.499986272 -0.844722963 0.975000098
v 0.499987307 -0.844722926 0.992858197
v 0.500548889 -0.863705932 0.992858320
v 0.094736842 -0.310525210 0.599998928
v 0.113157895 -0.310525210 0.599998928
v -0.029099047 -0.342764066 1.050239678
v -0.028423558 -0.341932720 1.059599085
v -0.015664821 -0.344686861 1.064468925
v -0.016118337 -0.345449197 1.046277268
v 0.113145555 -0.200000161 0.957102013
v 0.113168573 -0.199268268 0.975512489
v 0.132304907 -0.198418104 0.975676063
v -0.126284314 -0.384213563 0.600034829
v -0.089474772 -0.255277074 0.600012304
v -0.089474898 -0.236294068 0.599467914
v 0.058421393 -0.767880964 0.817910242
v 0.076669226 -0.767976873 0.817745556
v 0.076786086 -0.775705300 0.828092568
v 0.057799495 -0.775415476 0.827976073
v 0.058501412 -0.753733989 0.810113704
v 0.076834462 -0.753558498 0.809944179
v 0.057894736 -0.199999999 0.814285714
v 0.057894738 -0.199999989 0.832142858
v 0.076315802 -0.200000006 0.832142866
v 0.076315791 -0.199999985 0.814285715
v -0.089482463 -0.200063164 0.992846247
v -0.089522572 -0.200058464 1.010656869
v 0.057565485 -0.623209130 0.725011582
v -0.071073035 -0.384221520 1.099961048
v -0.089479171 -0.384209416 1.099966083
v 0.205262453 -0.899993656 0.921431109
v 0.223683789 -0.899998788 0.921429948
v 0.223684281 -0.900001352 0.939285296
v 0.407892589 -0.199683714 0.742981992
v 0.407898375 -0.199342794 0.761341996
v -0.108555761 -0.901050624 0.921107807
v -0.089656517 -0.900784447 0.921400891
v -0.089445013 -0.900289345 0.939302271
v 0.499999997 -0.513157895 0.760714289
v 0.500000000 -0.513157895 0.778571428
v 0.500000000 -0.623684211 0.867857143
v 0.500000000 -0.605263158 0.867857143
v 0.500000000 -0.605263158 0.885714286
v 0.500000000 -0.623684211 0.885714286
v -0.199986366 -0.328947291 0.653584896
v -0.200548282 -0.328947338 0.635183155
v -0.200000152 -0.421052636 0.760714323
v -0.200001370 -0.421052654 0.742856738
v 0.265531408 -0.388527346 0.970393065
v 0.260636551 -0.383864635 0.957589933
v 0.278974542 -0.387232593 0.957421556
v 0.273888303 -0.389065789 0.970118238
v -0.199983650 -0.292107034 1.046415343
v -0.199965442 -0.292107317 1.028539743
v 0.242203675 -0.900647468 0.849784369
v 0.260516672 -0.900548633 0.849993343
v 0.260529621 -0.900099751 0.867872884
v 0.242129187 -0.900297219 0.867764091
v 0.463234406 -0.436036331 1.045781448
v 0.458868724 -0.435329109 1.064830037
v 0.467025077 -0.423559642 1.064667281
v 0.463433015 -0.424567703 1.046152163
v 0.482816174 -0.418741851 1.064579055
v 0.482303917 -0.423412449 1.049817133
v 0.482448249 -0.435187821 1.042321942
v -0.200813971 -0.734188405 0.831493350
v -0.200464175 -0.734100886 0.849899433
v 0.223684229 -0.531578985 0.599999980
v 0.242105269 -0.531578894 0.600000041
v -0.071982246 -0.898142148 0.848529483
v -0.072004631 -0.901473949 0.866961747
v -0.070294136 -0.627171631 0.756972468
v 0.236845910 -0.434175683 0.962466117
v 0.242099849 -0.439934394 0.974646523
v 0.256264812 -0.439809250 0.979160036
v 0.218761093 -0.490737892 0.997576158
v 0.219483232 -0.476714524 0.996795102
v 0.039473689 -0.476315765 0.599999581
v 0.057894546 -0.494737061 0.599998383
v 0.131578947 -0.402631579 0.600000000
v 0.131578947 -0.384210526 0.600000000
v 0.371052745 -0.697368421 1.100000110
v 0.389474790 -0.697368421 1.100001072
v 0.389474790 -0.678947368 1.100001072
v 0.371052745 -0.678947368 1.100000110
v 0.444722976 -0.439473684 0.600013442
v 0.334210523 -0.198646416 0.616544990
v 0.334210523 -0.199452054 0.635183083
v 0.352631550 -0.199452068 0.635183090
v 0.352631552 -0.198646429 0.616544998
v 0.131578947 -0.439473684 0.600000000
v 0.278328190 -0.531088931 1.101253567
v 0.407392984 -0.288348409 0.817871215
v 0.407316252 -0.297179731 0.826828609
v 0.426354762 -0.296443360 0.827416305
v 0.426275480 -0.288119545 0.818131767
v 0.407350974 -0.306609478 0.835938191
v 0.426408462 -0.306634824 0.835628279
v 0.444722976 -0.660526316 1.099986558
v 0.021052632 -0.198646412 0.616544991
v 0.021052632 -0.199452036 0.635183096
v 0.039473684 -0.199452036 0.635183096
v 0.039473684 -0.198646412 0.616544991
v -0.196389455 -0.453867018 0.603390456
v -0.197549720 -0.454896095 0.616475631
v -0.202080085 -0.440926394 0.616248326
v -0.197981094 -0.440918928 0.601981253
v -0.182999340 -0.455235077 0.602018206
v -0.182986704 -0.458789008 0.616798393
v 0.186842105 -0.198646412 0.616544991
v 0.186842105 -0.199452036 0.635183096
v 0.205263158 -0.199452036 0.635183096
v 0.205263158 -0.198646412 0.616544991
v -0.201282197 -0.551386554 0.705812266
v -0.201351028 -0.550709888 0.724602860
v -0.200383611 -0.531600915 0.724990389
v -0.201331647 -0.531991861 0.706520162
v 0.407882702 -0.901291436 0.813587474
v 0.407903267 -0.900584731 0.831613682
v 0.500547964 -0.476315789 0.635183096
v 0.499986133 -0.476315789 0.653584871
v -0.200000113 -0.328947255 0.885714286
v -0.200000114 -0.328947255 0.903571429
v -0.200001106 -0.310525210 0.903571429
v -0.200001106 -0.310525210 0.885714286
v -0.126278820 -0.198667939 0.616551554
v -0.126282056 -0.199483455 0.635183205
v -0.107893166 -0.199455352 0.635182269
v -0.107892404 -0.198648841 0.616544284
v 0.499999974 -0.568421053 0.742857168
v 0.499999997 -0.568421053 0.760714289
v 0.264810031 -0.821882171 0.728501243
v 0.263414486 -0.827199013 0.741818819
v 0.256666595 -0.809253151 0.741609241
v 0.263792389 -0.808158052 0.727946272
v 0.272986456 -0.821002771 0.729178857
v 0.278606197 -0.807886520 0.727038909
v 0.283015401 -0.813675436 0.736463837
v 0.278241998 -0.826963428 0.742003561
v -0.107892695 -0.715789479 1.099998051
v 0.497676359 -0.439481195 1.028663867
v 0.498214345 -0.438651746 1.046191423
v 0.482405458 -0.436931189 1.027903839
v 0.006604352 -0.770428273 0.827775416
v 0.003027586 -0.751643940 0.829025157
v 0.020804496 -0.752012462 0.829691710
v 0.021683533 -0.770208661 0.832579455
v -0.199986134 -0.255277024 0.921428572
v -0.199986134 -0.255277024 0.903571429
v -0.199967340 -0.347368446 1.028539796
v -0.199997958 -0.347368446 1.010712331
v -0.144721693 -0.200012657 1.010713258
v -0.144721084 -0.200052088 1.028541886
v -0.126291607 -0.200109227 1.028537804
v -0.126279420 -0.200043606 1.010714883
v 0.205706987 -0.675293909 0.675407776
v 0.205936711 -0.663677818 0.667727251
v 0.218882139 -0.666134565 0.666546527
v -0.148498754 -0.697569879 1.043027080
v -0.139857981 -0.698054374 1.033739825
v 0.501353588 -0.402631579 0.616544991
v 0.501353588 -0.384210526 0.616544991
v 0.500547964 -0.402631579 0.635183096
v 0.315789474 -0.476315790 0.599999999
v 0.334210523 -0.476315790 0.600000003
v -0.159284059 -0.895560010 0.942825708
v -0.164218248 -0.897841689 0.956350493
v 0.497398263 -0.605258852 0.602557474
v 0.497396419 -0.586842076 0.602528962
v 0.501353148 -0.586842851 0.616542732
v 0.501350604 -0.605261459 0.616555972
v 0.482938073 -0.605263253 0.598700151
v 0.482933176 -0.586842355 0.598701379
v 0.499913698 -0.697340494 0.707159321
v 0.499983836 -0.678951931 0.707136581
v 0.500005252 -0.678951310 0.724996910
v 0.499973917 -0.697368485 0.724995645
v 0.500002891 -0.476315809 0.885714593
v 0.499997075 -0.457893214 0.885715757
v 0.499971416 -0.457890472 0.903570889
v 0.499998710 -0.476315591 0.903571660
v 0.432010491 -0.361142546 0.872709605
v 0.426337361 -0.363576365 0.885126933
v 0.444721499 -0.366301134 0.884375429
v 0.444882697 -0.363147828 0.870989109
v 0.260013108 -0.676101561 0.602325832
v 0.259991518 -0.679764414 0.616476378
v 0.315789475 -0.531578917 0.599999978
v 0.278947368 -0.901353588 1.083455009
v 0.278947368 -0.897396809 1.097476498
v 0.260526316 -0.897396809 1.097476498
v 0.260526316 -0.882932535 1.101312152
v 0.118210291 -0.452569684 0.980068630
v 0.112968498 -0.455618264 0.993039687
v 0.130777131 -0.462077249 0.992600495
v 0.131699202 -0.455924337 0.975180630
v -0.200000000 -0.384210526 0.867857143
v -0.200000000 -0.384210526 0.885714286
v -0.199999997 -0.365789477 0.885714286
v -0.199999997 -0.365789477 0.867857143
v -0.126284075 -0.255275887 0.600047069
v -0.107892967 -0.255276804 0.600015849
v 0.242105170 -0.199998982 0.707141658
v 0.242105289 -0.199997719 0.724999905
v 0.260527443 -0.199995703 0.725001405
v 0.260526342 -0.199997137 0.707141804
v 0.039473684 -0.899986133 1.046415129
v 0.057894737 -0.899986133 1.046415129
v 0.057894737 -0.900547964 1.064816904
v 0.039473684 -0.900547964 1.064816904
v -0.200000099 -0.476315785 0.975000110
v -0.200001093 -0.476315787 0.992858214
v -0.200001105 -0.457894737 0.992858215
v -0.200000114 -0.457894737 0.975000110
v 0.500132499 -0.421112293 0.903536436
v 0.500705569 -0.421163614 0.921452850
v -0.071052745 -0.199998781 0.707141785
v -0.071052745 -0.199999773 0.724999890
v -0.052631553 -0.199999912 0.724999890
v -0.052631553 -0.199998919 0.707141785
v 0.499983518 -0.513158101 1.010710109
v 0.499969105 -0.494742848 1.010696742
v 0.499981289 -0.494743101 1.028538267
v 0.499953472 -0.513157551 1.028537475
v -0.034210524 -0.550000000 1.100000001
v 0.315789492 -0.900000723 0.903571581
v 0.315789489 -0.899999866 0.921428623
v 0.021162405 -0.420794576 1.100926942
v 0.039771864 -0.420345542 1.101229699
v 0.039894644 -0.401931846 1.098183181
v 0.021699451 -0.401621074 1.101245959
v -0.202137355 -0.642222977 1.083402803
v -0.201419462 -0.642577577 1.064355534
v -0.015791368 -0.899960051 0.903601067
v 0.002630750 -0.899971345 0.903601180
v 0.002631299 -0.900000321 0.921430573
v 0.297527639 -0.416897939 0.961077086
v 0.297948837 -0.402083183 0.957439292
v -0.034210523 -0.605263158 1.099999997
v 0.500743776 -0.789484551 0.778554855
v 0.500095435 -0.771004215 0.778636439
v 0.499931350 -0.771032296 0.796453633
v 0.500105147 -0.789411319 0.796500115
v 0.389474795 -0.200030822 0.671460670
v 0.389474817 -0.200004429 0.689284985
v 0.501532377 -0.236130284 0.779448937
v 0.501972108 -0.216825826 0.779485587
v 0.497983240 -0.217027195 0.793937347
v 0.498526222 -0.235917525 0.797826301
v 0.482914618 -0.231599515 0.801997944
v 0.483127002 -0.216677623 0.797818174
v 0.186941379 -0.328846901 0.942404369
v 0.190411858 -0.310413375 0.943086720
v 0.182543378 -0.310011035 0.953455839
v 0.180901332 -0.323684187 0.951423798
v 0.174071381 -0.334359669 0.944242446
v 0.352469852 -0.426218241 0.952485605
v 0.353124668 -0.418784419 0.939058527
v 0.334443445 -0.435615014 0.961079476
v 0.352182501 -0.435971965 0.960856584
v -0.198250211 -0.770427957 1.027533852
v -0.201294445 -0.770763263 1.045523473
v -0.201451242 -0.752052980 1.045563425
v -0.197554056 -0.752255004 1.031385372
v -0.182547874 -0.752065965 1.028025665
v -0.183140580 -0.766360166 1.023954252
v 0.205263158 -0.217067465 0.598687848
v 0.223684211 -0.217067465 0.598687848
v 0.026410036 -0.839299652 0.845776101
v 0.026376071 -0.831773538 0.845554020
v 0.034146154 -0.831785813 0.845566868
v 0.034095361 -0.839306238 0.845769941
v 0.389474790 -0.347368447 0.599998952
v 0.444715133 -0.198627661 0.616569009
v 0.444731153 -0.202614213 0.602534187
v 0.444715133 -0.217092239 0.598669672
v 0.002630814 -0.476315975 0.599997457
v 0.021052670 -0.476315716 0.599999381
v -0.107893166 -0.236293288 0.599472025
v -0.107892404 -0.217066735 0.598690203
v -0.089474906 -0.217067109 0.598687234
v 0.320869611 -0.360059199 0.909267945
v 0.334847415 -0.361395335 0.907791665
v 0.334296018 -0.346840742 0.901180216
v 0.315983368 -0.347301261 0.906226378
v 0.057894737 -0.347368447 0.600000025
v 0.057894737 -0.328947255 0.599999890
v 0.076315789 -0.328947255 0.599999890
v 0.076315789 -0.347368447 0.600000025
v 0.057894641 -0.199999952 0.885714401
v 0.057894675 -0.199998712 0.903572153
v 0.076316621 -0.199997023 0.903572684
v 0.076315737 -0.199998983 0.885714412
v -0.066660413 -0.217122543 1.068483735
v -0.070465389 -0.201645154 1.064971586
v -0.074072011 -0.201976077 1.083390948
v -0.070108067 -0.216679993 1.083289751
v -0.088723279 -0.198517836 1.064970858
v -0.088537916 -0.198026650 1.083706252
v -0.015789463 -0.531578942 1.099999950
v -0.015789510 -0.513157987 1.099999751
v -0.182905084 -0.402633908 0.598653261
v 0.168423185 -0.199994031 0.814287997
v 0.168421019 -0.199997458 0.796428526
v 0.150000003 -0.642105268 1.099999952
v 0.168421034 -0.642105311 1.099999896
v 0.168420964 -0.623684275 1.100000268
v 0.149999944 -0.623684318 1.099999842
v -0.163705859 -0.199452036 0.796428571
v -0.163705859 -0.199452036 0.814285714
v -0.144722976 -0.200013867 0.814285714
v -0.144722976 -0.200013866 0.796428571
v -0.163692197 -0.642104843 1.100530385
v -0.144722161 -0.642105432 1.099986545
v -0.144724362 -0.623684376 1.099986520
v -0.163700993 -0.623684851 1.100530749
v 0.352683797 -0.900702488 0.814118747
v 0.205263158 -0.900001092 0.992858219
v 0.223684210 -0.900001103 0.992858215
v 0.223684211 -0.899997985 1.010712331
v 0.223682698 -0.605265923 1.099983684
v 0.488088673 -0.748586690 0.657505081
v 0.482492294 -0.754031679 0.667455845
v 0.476857876 -0.741632516 0.664303278
v 0.482574008 -0.738167691 0.652650010
v 0.496990967 -0.748514098 0.657671170
v 0.497974850 -0.735401928 0.652742880
v 0.501275612 -0.735574288 0.670259446
v 0.498124134 -0.753962886 0.670339673
v -0.107878215 -0.899919203 0.992874280
v 0.357078274 -0.416215024 0.926225828
v 0.370458619 -0.418194353 0.939346239
v 0.366241972 -0.416656923 0.926200174
v 0.499999997 -0.623684211 0.939285711
v 0.499999997 -0.605263158 0.939285711
v 0.499999975 -0.605263158 0.957142832
v 0.499999974 -0.623684211 0.957142832
v 0.057896099 -0.531576847 1.100005139
v 0.469059254 -0.341546966 0.855425994
v 0.463517648 -0.347564045 0.867292634
v 0.499986134 -0.715789474 1.046415129
v 0.499986134 -0.697368421 1.046415129
v 0.500547964 -0.715789474 1.064816904
v 0.057895257 -0.200002079 0.921425209
v -0.200000000 -0.421052632 0.832142857
v -0.200000000 -0.421052631 0.814285714
v -0.200000066 -0.513157934 0.921428575
v 0.297382864 -0.199672354 0.760722968
v 0.297618993 -0.198914190 0.778793044
v -0.198084811 -0.734578708 0.904799831
v -0.196837430 -0.730412261 0.917938894
v -0.195404534 -0.721245866 0.917683289
v -0.197665537 -0.716563133 0.904664842
v -0.183041699 -0.734422619 0.907657973
v -0.183119240 -0.716879948 0.908429774
v -0.182716769 -0.716262990 0.919108604
v -0.188030478 -0.729239108 0.918172811
v 0.499999867 -0.550000001 0.957142828
v 0.500000036 -0.550000022 0.975000067
v -0.015789474 -0.199999999 0.778571428
v 0.002631579 -0.200000000 0.778571428
v 0.002631579 -0.200000003 0.760714289
v -0.126019432 -0.790317283 0.831128824
v -0.126641606 -0.792882209 0.849218238
v 0.186844771 -0.586821528 0.600051918
v 0.186842389 -0.568419527 0.600013917
v 0.205262728 -0.568419154 0.600005508
v 0.205265655 -0.586825170 0.600050582
v 0.352567352 -0.766738090 0.693119800
v 0.352829255 -0.775624668 0.702707318
v 0.352664136 -0.753234975 0.685699226
v 0.352632368 -0.200022869 0.707125360
v 0.352631533 -0.200005589 0.689284677
v -0.182206689 -0.660658861 1.049506883
v 0.260526320 -0.531578894 0.600000059
v 0.278947373 -0.550000018 0.599999952
v 0.021052632 -0.200002016 0.689287669
v 0.021052632 -0.199998894 0.707141785
v 0.039473684 -0.199998894 0.707141785
v 0.039473684 -0.200002016 0.689287669
v -0.199940698 -0.549956394 0.778596813
v -0.199936877 -0.549988048 0.796435208
v -0.199992232 -0.531582088 0.796426071
v -0.199954910 -0.531571043 0.778571791
v 0.057723806 -0.291542921 0.991687552
v 0.039198975 -0.292002297 0.995094005
v 0.352631554 -0.826283158 1.099968340
v 0.407892720 -0.697368421 1.099998045
v 0.426283157 -0.697368421 1.099968366
v 0.426283157 -0.678947368 1.099968366
v 0.407892720 -0.678947368 1.099998045
v 0.500000000 -0.568421053 0.814285714
v 0.500000000 -0.568421053 0.832142857
v 0.500557650 -0.255287954 0.635195335
v 0.501133454 -0.236312905 0.635201285
v 0.500557643 -0.236306770 0.653595448
v 0.499974628 -0.255278213 0.653586010
v 0.500000000 -0.660526316 0.921428572
v 0.499999997 -0.660526316 0.939285711
v 0.210530610 -0.729760089 0.730198174
v 0.207683531 -0.734933392 0.742783888
v 0.201424929 -0.715818990 0.742181325
v 0.204704965 -0.715267350 0.728192856
v 0.223328304 -0.734191808 0.724640827
v 0.217828233 -0.740741859 0.736821803
v 0.219293027 -0.716317965 0.720524534
v -0.199999881 -0.476315789 0.814285711
v -0.199999743 -0.476315689 0.796428646
v -0.199967479 -0.273716842 0.975000110
v -0.199968520 -0.273716867 0.992858192
v -0.199987307 -0.255277074 0.992858197
v -0.199986272 -0.255277037 0.975000098
v -0.126283106 -0.771052749 1.099968517
v -0.197396800 -0.347368447 1.097476472
v -0.201353574 -0.347368448 1.083455001
v -0.182932562 -0.347368459 1.101312046
v -0.126222890 -0.202625933 1.097454750
v -0.126264407 -0.198631551 1.083424888
v -0.126268788 -0.217104577 1.101309312
v -0.034061418 -0.199031788 1.011698376
v -0.034230368 -0.199616465 0.993019643
v 0.058496808 -0.863911762 0.830655857
v 0.058337352 -0.883130690 0.830438736
v 0.352631528 -0.200031975 0.671460682
v 0.371052760 -0.200006390 0.689282440
v 0.371052745 -0.200031716 0.671460461
v 0.499997987 -0.402631579 0.689287669
v 0.499997988 -0.384210525 0.689287672
v 0.500001064 -0.384210524 0.707141786
v 0.500001110 -0.402631577 0.707141790
v -0.182085841 -0.645291482 0.924588635
v -0.168340605 -0.646551696 0.925393227
v -0.167028721 -0.645058683 0.937994000
v -0.181786710 -0.641635578 0.938455959
v 0.500001989 -0.697368539 0.778571586
v 0.499999828 -0.678947229 0.778571505
v 0.499999827 -0.678947342 0.796428571
v 0.500000101 -0.697368261 0.796428705
v 0.315789474 -0.255277024 0.600013442
v 0.315789474 -0.236294141 0.599468810
v 0.334210523 -0.236294141 0.599468814
v 0.334210523 -0.255277024 0.600013446
v 0.426567724 -0.347953082 0.870535900
v 0.421023452 -0.353672014 0.879638079
v 0.408123328 -0.343333098 0.871704783
v 0.407443051 -0.351843550 0.881259562
v 0.407974717 -0.361802859 0.889182455
v 0.223566313 -0.643103646 0.598927907
v 0.242004455 -0.642783230 0.598948415
v -0.196184269 -0.508063122 0.657659037
v -0.198319335 -0.513740009 0.670127626
v -0.201591433 -0.495363852 0.670080719
v -0.197698587 -0.494996860 0.656357215
v -0.182691725 -0.509624181 0.656506858
v -0.183467119 -0.517828872 0.666064152
v -0.182724590 -0.494583531 0.653442734
v 0.408877701 -0.440932403 0.973929808
v 0.408421874 -0.440302496 0.992241503
v 0.422958633 -0.436835713 0.974242006
v 0.117265871 -0.384718472 0.961100770
v 0.130846562 -0.383655783 0.953481121
v 0.132002855 -0.366171107 0.960422534
v 0.119155189 -0.371005306 0.963418712
v -0.198688660 -0.605748575 0.760325806
v -0.201185469 -0.606025156 0.777932336
v -0.201060993 -0.587113412 0.778345606
v -0.201003777 -0.587362648 0.760281379
v 0.131084527 -0.473968565 1.046062730
v 0.125031102 -0.464494494 1.051236028
v 0.127788204 -0.462033756 1.064959725
v 0.113019497 -0.458407318 1.045911586
v 0.117769217 -0.453537177 1.064167997
v 0.118374213 -0.471470347 1.041614472
v 0.112410612 -0.440611015 0.974106313
v 0.106296985 -0.446194042 0.986597511
v 0.099502963 -0.434730924 0.979194027
v 0.093318362 -0.440241259 0.992650230
v 0.099532440 -0.452949107 0.996612235
v -0.199999997 -0.384210526 0.939285711
v -0.199999975 -0.384210526 0.957142832
v -0.199999971 -0.365789477 0.957142832
v -0.199999994 -0.365789477 0.939285711
v 0.260507082 -0.199832936 0.796410333
v 0.260486876 -0.200053904 0.778542360
v 0.500000007 -0.642105264 0.796428572
v 0.500000000 -0.623684210 0.796428572
v 0.500000000 -0.623684210 0.814285714
v 0.500000001 -0.642105263 0.814285715
v -0.199986122 -0.476315790 1.046415130
v -0.200547952 -0.476315789 1.064816904
v -0.200547964 -0.457894737 1.064816904
v -0.199986132 -0.457894737 1.046415129
v 0.501662097 -0.420674622 0.975131373
v 0.497525577 -0.400979429 0.974598592
v 0.497602631 -0.400386277 0.993964768
v 0.501666050 -0.420251919 0.993539525
v 0.482034300 -0.397762793 0.974539942
v 0.482337306 -0.397475964 0.994056714
v -0.071052745 -0.199999886 0.778571428
v -0.071052745 -0.199999886 0.796428571
v -0.052631553 -0.200000025 0.796428571
v -0.052631553 -0.200000025 0.778571428
v 0.501346555 -0.513159889 1.083457118
v 0.501304002 -0.494771627 1.083446883
v 0.497377895 -0.494776550 1.097435045
v 0.497396812 -0.513159188 1.097471968
v 0.482934298 -0.494793495 1.101269053
v 0.002917956 -0.402112548 1.101291632
v 0.021648481 -0.383163730 1.098558989
v 0.003508838 -0.383442625 1.101454541
v -0.163705746 -0.273717945 0.599499268
v -0.052631553 -0.568421053 1.099999975
v -0.071052745 -0.568421053 1.100000110
v -0.015796346 -0.439493838 1.099931261
v 0.002599555 -0.439528037 1.099927759
v 0.002603231 -0.421038526 1.100308238
v -0.015836413 -0.421095723 1.099972116
v 0.500004833 -0.789476936 0.849996923
v 0.500003343 -0.771052752 0.849999580
v 0.500000276 -0.771052564 0.867857360
v 0.500003297 -0.789474738 0.867856963
v 0.499967367 -0.439473684 0.671460205
v 0.499997983 -0.439473684 0.689287669
v 0.260262381 -0.693794743 0.654087486
v 0.278814121 -0.693495925 0.653926782
v 0.278697288 -0.701528112 0.668147688
v 0.260467621 -0.700130448 0.672105966
v 0.205435900 -0.255568208 0.921198356
v 0.202570002 -0.236777324 0.920850708
v 0.199722759 -0.242784495 0.933947786
v 0.203188549 -0.255674883 0.940083670
v 0.192880426 -0.231060376 0.927165250
v 0.186846401 -0.236461479 0.939292647
v 0.193223482 -0.249767735 0.945489452
v -0.199923485 -0.678949199 0.849982081
v -0.200536936 -0.678941767 0.831597842
v -0.034155887 -0.808342775 0.832272832
v -0.015570244 -0.790014662 0.828345056
v -0.015789017 -0.808577291 0.832246357
v 0.089454880 -0.628036163 0.658825451
v 0.089468135 -0.628079751 0.666163300
v -0.181912768 -0.475838417 0.653681209
v -0.182064430 -0.461167092 0.650395244
v -0.168102728 -0.462305670 0.649589500
v -0.162598895 -0.475045452 0.651573092
v 0.352631553 -0.310525210 0.599998952
v -0.071675222 -0.882604071 0.845498651
v 0.045635030 -0.378129191 1.033888816
v 0.039236241 -0.368983793 1.028078980
v 0.033561300 -0.372108794 1.040512227
v 0.039377878 -0.380892196 1.046660151
v 0.020677715 -0.363877826 1.028132675
v 0.020113985 -0.369645368 1.045712843
v 0.026398567 -0.378360505 1.051209758
v 0.463705859 -0.605263159 1.100531192
v 0.444722974 -0.605263157 1.099986560
v 0.057893258 -0.200004249 0.957161265
v 0.057875922 -0.199438319 0.975541933
v 0.076304255 -0.199459843 0.975559981
v 0.076317265 -0.200021610 0.957138822
v 0.352631553 -0.365789477 0.600000028
v 0.352631553 -0.384210526 0.600000024
v -0.163169328 -0.770905088 0.886322293
v -0.144499070 -0.771154923 0.888147642
v -0.149318512 -0.757808731 0.890468077
v -0.163652240 -0.756923169 0.889720048
v 0.168392013 -0.199655150 0.885694433
v 0.168355735 -0.200071074 0.867794765
v -0.034266447 -0.531549546 0.599882406
v -0.034194572 -0.513146119 0.599994741
v -0.015772633 -0.513152477 0.600053946
v -0.015771093 -0.531548235 0.600079768
v 0.131578948 -0.623684228 1.099999892
v 0.149999883 -0.605263139 1.100001039
v 0.131578837 -0.605263258 1.099999922
v -0.163705859 -0.199452036 0.867857143
v -0.163705859 -0.199452036 0.885714286
v -0.144722976 -0.200013867 0.885714286
v -0.144722976 -0.200013867 0.867857143
v 0.278900756 -0.454091173 0.996983072
v 0.278907817 -0.462284483 1.007533232
v 0.297602455 -0.462595359 1.006278960
v 0.297271445 -0.455787041 0.992818056
v 0.278996391 -0.471990156 1.015074412
v 0.297948572 -0.472307266 1.014394032
v 0.389474792 -0.789474792 1.100002141
v 0.444722976 -0.678947368 1.099986558
v 0.426283157 -0.660526316 1.099968366
v 0.205263158 -0.900547964 1.064816904
v 0.223684211 -0.900547964 1.064816904
v 0.223684211 -0.901353588 1.083455009
v 0.205263158 -0.901353588 1.083455009
v 0.076315789 -0.789474790 1.100001072
v 0.057894737 -0.789474790 1.100001072
v -0.053020922 -0.568936535 0.598787546
v -0.053168593 -0.549958843 0.599368501
v -0.034378539 -0.549970207 0.599700479
v -0.034538810 -0.569005034 0.598834150
v 0.500124396 -0.734139755 0.725054728
v 0.499920498 -0.734154490 0.742887695
v -0.107893042 -0.900544585 1.064817923
v -0.107892400 -0.901351055 1.083455724
v 0.035455801 -0.659043710 0.800404227
v 0.039117932 -0.641575726 0.796940612
v 0.044386990 -0.646857714 0.809311522
v 0.042531181 -0.659494136 0.811585157
v -0.199986134 -0.255277024 0.796428571
v -0.199986133 -0.255277024 0.814285714
v -0.200547964 -0.236294141 0.814285714
v -0.200547964 -0.236294141 0.796428571
v 0.499915150 -0.826235844 0.832207842
v 0.499921920 -0.826276747 0.850011145
v 0.193013595 -0.765208137 0.802405455
v 0.186814247 -0.770959669 0.814933200
v 0.183384311 -0.753132565 0.810576363
v 0.189898166 -0.752222256 0.796817890
v 0.205453394 -0.770846971 0.796979822
v 0.199831382 -0.776382043 0.808838426
v 0.200009940 -0.758371953 0.791295722
v 0.499997982 -0.605263158 1.010712331
v 0.499967366 -0.605263158 1.028539795
v 0.186842059 -0.642105298 1.099999997
v 0.205263148 -0.642105203 1.100000382
v 0.205263627 -0.623683656 1.100001724
v 0.186842177 -0.623683854 1.100001258
v 0.057873144 -0.198669286 0.993955183
v -0.123114104 -0.863425525 0.903471944
v -0.129959042 -0.863382451 0.920684497
v -0.126743321 -0.845008829 0.921956665
v -0.122962338 -0.844771692 0.903626182
v -0.113895655 -0.849240688 0.897782241
v -0.113902158 -0.858631915 0.897775104
v 0.467059450 -0.436431547 1.028328176
v 0.003724243 -0.601339466 0.636604228
v 0.017881604 -0.604708137 0.636200489
v 0.016156551 -0.610315294 0.649177239
v 0.003197580 -0.609269226 0.650612281
v 0.009036627 -0.591114880 0.631516040
v 0.015715049 -0.591354501 0.631421242
v -0.126283602 -0.642105285 1.099968405
v -0.107892779 -0.642105260 1.099998046
v -0.107892698 -0.623684206 1.099998045
v -0.126283513 -0.623684200 1.099968373
v -0.199998337 -0.513157950 1.010712337
v -0.200001679 -0.513157993 0.992858247
v 0.444721791 -0.200025402 0.653585973
v 0.131578947 -0.826283157 1.099968366
v 0.499967694 -0.550000003 1.028539836
v 0.499986514 -0.549999936 1.046415171
v 0.131578947 -0.200013867 0.653584871
v 0.131578947 -0.200032633 0.671460205
v 0.150000000 -0.200032633 0.671460205
v 0.150000000 -0.200013867 0.653584871
v -0.015789474 -0.199999999 0.832142857
v -0.015789474 -0.199999999 0.850000001
v 0.002631579 -0.200000001 0.850000000
v 0.002631579 -0.200000000 0.832142857
v 0.002482677 -0.863847705 0.831078456
v 0.168580989 -0.292178335 0.960654174
v 0.155950881 -0.297298625 0.962605901
v -0.010437537 -0.629665346 0.747337918
v 0.002414751 -0.626281247 0.742994688
v 0.002607098 -0.626356382 0.760840752
v -0.010609688 -0.629083340 0.756510259
v 0.352371880 -0.203446740 0.775203332
v 0.352535563 -0.199396027 0.760973816
v 0.339129774 -0.211820256 0.784288955
v 0.352841136 -0.213370240 0.783176268
v 0.021052632 -0.200000003 0.760714289
v 0.021052632 -0.200000000 0.778571428
v 0.039473684 -0.200000000 0.778571428
v 0.039473684 -0.200000003 0.760714289
v 0.113157895 -0.200032633 0.671460205
v 0.113157895 -0.200002016 0.689287669
v 0.131578947 -0.200002016 0.689287669
v -0.200002301 -0.549999941 0.849999976
v -0.200000450 -0.549999849 0.867857301
v -0.199999714 -0.531578895 0.867857143
v -0.199999811 -0.531578791 0.850000150
v 0.186842105 -0.255277024 0.600013442
v 0.260291321 -0.513800029 1.063409026
v 0.263299625 -0.513067017 1.081720378
v 0.265517260 -0.498432747 1.077565535
v 0.264458461 -0.499428470 1.068054026
v 0.278458312 -0.509979129 1.064019881
v 0.273028508 -0.498625900 1.069400568
v 0.277941842 -0.496379644 1.082955234
v 0.278483348 -0.508767394 1.082454907
v 0.482563921 -0.864355958 0.793046951
v -0.144721787 -0.255278213 0.600024579
v 0.168257652 -0.901071324 0.866999030
v 0.186722120 -0.901150238 0.867162809
v 0.186860619 -0.900139467 0.885723064
v 0.168417952 -0.900361767 0.885594627
v 0.499987654 -0.255276688 0.707143701
v 0.499968172 -0.255276488 0.724993982
v 0.500001106 -0.660526316 0.992858215
v 0.499997984 -0.660526316 1.010712331
v 0.482932525 -0.752631552 1.101312139
v 0.482932535 -0.734210523 1.101312149
v -0.131972598 -0.573764146 0.694336497
v -0.130856441 -0.572004293 0.703283668
v -0.200000000 -0.476315790 0.885714286
v -0.200000002 -0.476315789 0.867857143
v 0.315789474 -0.863705859 1.100531190
v 0.334210523 -0.863705859 1.100531186
v 0.334210523 -0.844722976 1.099986554
v 0.315789474 -0.844722976 1.099986558
v -0.199952703 -0.568393896 0.992850367
v -0.199940577 -0.568385958 0.974997005
v 0.002631579 -0.863705859 1.100531190
v 0.021052632 -0.863705859 1.100531189
v 0.021052632 -0.844722976 1.099986558
v 0.002631579 -0.844722976 1.099986558
v 0.039475728 -0.513155345 1.100006098
v -0.064921667 -0.268777096 1.087869135
v -0.066536293 -0.254772998 1.083015321
v -0.070044832 -0.254783300 1.097492656
v 0.352622830 -0.199518360 0.743219004
v -0.102942381 -0.752529197 0.939502120
v -0.110205950 -0.753016772 0.924494612
v 0.500003909 -0.384209991 0.760715427
v 0.499993535 -0.384208249 0.778573894
v 0.375006650 -0.306031513 0.850776505
v 0.365852148 -0.297230323 0.863201922
v 0.371118746 -0.310654784 0.864864302
v 0.352471699 -0.295761809 0.864404176
v 0.352425715 -0.311035242 0.867663894
v 0.334040443 -0.826360285 0.742947527
v 0.352313691 -0.823316092 0.743164887
v 0.353181630 -0.830414106 0.756839886
v 0.339525718 -0.831910940 0.755783473
v -0.107892722 -0.200002113 0.921428567
v -0.107892789 -0.200002148 0.939285554
v -0.089474824 -0.199997983 0.939285611
v -0.089474815 -0.199998983 0.921428471
v -0.197385786 -0.202614214 0.653576943
v -0.197622176 -0.202377824 0.635088845
v 0.500000010 -0.697368424 0.849999997
v 0.500000004 -0.678947368 0.850000000
v 0.500000000 -0.678947368 0.867857143
v 0.500000005 -0.697368421 0.867857143
v -0.199997981 -0.292107280 0.760714289
v -0.199997958 -0.292107280 0.742857168
v 0.402983316 -0.452576927 1.051211360
v 0.402909182 -0.452572370 1.059194308
v 0.408614737 -0.442598759 1.064290211
v 0.408089000 -0.443162196 1.046548892
v 0.427034038 -0.439788607 1.064672790
v 0.426888954 -0.439673525 1.046478165
v -0.199947640 -0.605237397 0.832189268
v -0.199957750 -0.605259877 0.850010770
v -0.199993560 -0.586844212 0.849997662
v 0.223684211 -0.421052632 0.600000000
v 0.223684211 -0.402631579 0.600000000
v 0.242105263 -0.402631579 0.600000000
v 0.242105263 -0.421052632 0.600000000
v 0.315735196 -0.738354472 0.684824916
v 0.333842687 -0.738468582 0.684834405
v 0.106859174 -0.445723543 1.051252815
v 0.109925795 -0.442692861 1.064876819
v 0.099579111 -0.434678379 1.064231250
v 0.266312580 -0.211314823 0.856270225
v 0.260932124 -0.201858123 0.850349513
v 0.255074498 -0.204761237 0.862617977
v 0.260805488 -0.217833267 0.865385592
v 0.246206770 -0.216847883 0.872089631
v 0.500000000 -0.642105263 0.867857143
v 0.500000000 -0.642105263 0.885714286
v 0.444721787 -0.255278213 0.600024579
v 0.223051306 -0.274195050 0.902399121
v 0.240788152 -0.278295854 0.898852299
v 0.227183815 -0.292200613 0.906499257
v 0.241992223 -0.292600595 0.902736445
v -0.071052745 -0.199999886 0.850000000
v -0.071052745 -0.199999886 0.867857144
v -0.052631553 -0.200000024 0.867857144
v -0.052631554 -0.200000025 0.850000000
v 0.500000110 -0.734210523 0.975000110
v 0.500000114 -0.715789474 0.975000110
v 0.500001106 -0.715789474 0.992858215
v 0.500001103 -0.734210523 0.992858215
v 0.131578947 -0.255277024 0.600013442
v -0.200477083 -0.863699173 1.046446656
v -0.200515728 -0.863729966 1.028559903
v 0.444722926 -0.310525228 0.600012304
v 0.156046030 -0.237273171 0.998613806
v 0.156309920 -0.217137237 0.998924157
v 0.147342425 -0.217493421 1.009035268
v 0.147281305 -0.236805118 1.008705631
v 0.132538891 -0.236669169 1.012319639
v 0.132597941 -0.217234280 1.012779637
v 0.131578947 -0.310525210 0.599998928
v -0.197396920 -0.328947438 0.602523377
v -0.201353818 -0.328947448 0.616544992
v -0.201354211 -0.310525078 0.616544658
v -0.197397326 -0.310525149 0.602522997
v -0.182932520 -0.328947330 0.598687650
v 0.091158402 -0.424712701 1.064918585
v 0.092464102 -0.423715334 1.083071140
v 0.100179467 -0.434167099 1.083362237
v 0.076820259 -0.417711177 1.064234644
v 0.081464033 -0.415773669 1.083241575
v 0.168421053 -0.734210523 1.099999997
v 0.057894155 -0.513158085 0.600003536
v -0.159091134 -0.656370063 0.975011713
v -0.157745980 -0.655383938 0.988326413
v -0.167790236 -0.647152006 0.975560026
v -0.149920768 -0.647841848 0.998758907
v 0.500547946 -0.347368450 0.635183100
v 0.205264418 -0.605263786 1.099994277
v 0.205255026 -0.586858494 1.099954840
v 0.500000121 -0.771052746 0.921428570
v -0.144724374 -0.734210518 1.099985954
v -0.163706028 -0.734210010 1.100531516
v 0.499999870 -0.439473686 0.760714286
v -0.107892677 -0.605263158 1.099998045
v -0.089474789 -0.605263158 1.100001072
v -0.089474793 -0.586842105 1.100001072
v -0.107892717 -0.586842107 1.099998044
v -0.020935420 -0.712315198 0.799989186
v -0.021150829 -0.703474577 0.800991088
v -0.015381729 -0.698049908 0.810753006
v -0.015719189 -0.716314053 0.810954967
v -0.033409274 -0.712118795 0.799203622
v -0.034079248 -0.719010983 0.813882102
v -0.034314389 -0.697915469 0.799298083
v -0.028164594 -0.692110597 0.809180249
v -0.200557651 -0.255287954 0.635195334
v -0.201372338 -0.255284867 0.616569007
v 0.168421053 -0.199999873 0.724999891
v 0.168421062 -0.200000033 0.742857177
v 0.186842095 -0.200000221 0.742857158
v 0.186842114 -0.199999895 0.724999898
v -0.198374857 -0.697222267 0.904613105
v -0.195563330 -0.692002932 0.916992388
v -0.197328490 -0.678585252 0.918294956
v -0.201371878 -0.679198694 0.904579938
v -0.187633066 -0.702444288 0.909651609
v -0.197239472 -0.789424834 1.014128780
v -0.201374841 -0.788866748 1.027744741
v -0.195872135 -0.776368497 1.015785868
v -0.182120954 -0.775106206 1.014544814
v -0.182279739 -0.789672908 1.010815406
v -0.182935259 -0.789474239 1.101310621
v -0.163707147 -0.789474895 1.100531748
v -0.182929079 -0.771051931 1.101311042
v 0.408345177 -0.400101129 0.920656120
v 0.407791108 -0.405692412 0.939257686
v 0.413641282 -0.415687019 0.944355735
v -0.144722963 -0.200013728 0.724999902
v -0.144722977 -0.200013893 0.742857168
v -0.126283158 -0.200032660 0.742857167
v -0.126283158 -0.200032521 0.724999890
v 0.057894737 -0.642105263 1.100000000
v 0.039473684 -0.642105263 1.100000000
v -0.201332061 -0.217074247 1.028535592
v -0.067192051 -0.826036699 0.835833320
v -0.075296878 -0.826196103 0.845730981
v -0.076575079 -0.813316908 0.843783146
v -0.071131895 -0.807813640 0.835561237
v -0.052953186 -0.808103508 0.832055392
v -0.052815635 -0.826415264 0.831702033
v 0.497396809 -0.476315789 0.602523502
v 0.497396809 -0.457894737 0.602523502
v 0.501353588 -0.457894737 0.616544991
v 0.501353588 -0.476315789 0.616544991
v 0.482932535 -0.476315789 0.598687848
v 0.482932535 -0.457894737 0.598687848
v 0.172337728 -0.216928714 0.942948076
v 0.168618342 -0.202058727 0.939333244
v 0.165219709 -0.202554042 0.957397347
v 0.169191059 -0.217403890 0.957510003
v -0.163705859 -0.199452028 0.939285712
v -0.163705846 -0.199452059 0.957142837
v 0.259437771 -0.898976443 0.795200675
v 0.278199041 -0.901403524 0.795679672
v 0.278478527 -0.901359154 0.813797631
v 0.260066418 -0.901254885 0.813612979
v 0.297368421 -0.402631579 0.600000000
v 0.297368421 -0.384210526 0.600000000
v 0.315789474 -0.402631579 0.600000000
v -0.071281177 -0.549976863 0.602057195
v -0.071286502 -0.531756162 0.599303597
v -0.053042889 -0.531629007 0.599167498
v 0.501353588 -0.421052632 0.616544991
v 0.500547964 -0.421052632 0.635183096
v -0.199986133 -0.255277024 0.867857143
v -0.199986133 -0.255277024 0.885714286
v -0.200547964 -0.236294141 0.885714286
v 0.499967720 -0.826283124 0.903571503
v 0.352631553 -0.844722977 1.099986532
v 0.334210523 -0.826283157 1.099968363
v 0.260034826 -0.738235116 0.703435317
v 0.273070883 -0.740076507 0.700492266
v -0.198430225 -0.753441803 0.886492168
v -0.196222129 -0.748023264 0.898976253
v -0.201604924 -0.734898799 0.886662271
v -0.182672754 -0.757380425 0.890368124
v -0.182348550 -0.748924918 0.899764769
v 0.315968726 -0.458559885 0.991915550
v 0.316424703 -0.463222743 1.006070778
v 0.334816454 -0.461520742 1.010306783
v 0.334565261 -0.455400892 0.992515660
v 0.316071106 -0.472369610 1.014519039
v 0.328853199 -0.470157863 1.015889458
v 0.407892722 -0.789474790 1.099999116
v -0.200548291 -0.513157887 1.064816914
v 0.094736842 -0.789474790 1.100001072
v 0.089884334 -0.766343226 0.820103634
v 0.091214053 -0.753111705 0.818076068
v 0.099123587 -0.752921476 0.829005952
v 0.095232381 -0.771416135 0.829566470
v -0.015789491 -0.199999595 0.903571478
v -0.015789044 -0.199998042 0.921429905
v 0.002631986 -0.199999442 0.921430439
v 0.002631655 -0.199999356 0.903571836
v 0.168421053 -0.863705859 1.100531189
v 0.223684211 -0.199452036 0.635183096
v 0.223684210 -0.200013866 0.653584870
v 0.242105263 -0.200013860 0.653584871
v 0.242105263 -0.199452036 0.635183096
v 0.094736829 -0.200000229 0.832142849
v 0.094736856 -0.200000009 0.814285726
v -0.144712051 -0.863693234 1.100540576
v 0.278849084 -0.900502101 0.832124708
v 0.278961327 -0.900092253 0.850031894
v -0.157339830 -0.729673061 0.809186603
v -0.163106780 -0.715401167 0.811243615
v -0.183009992 -0.901631587 1.010501800
v 0.113157895 -0.200000026 0.742857168
v 0.113157894 -0.200000002 0.760714288
v 0.131578948 -0.199999988 0.760714290
v 0.389356439 -0.343509844 0.871562834
v 0.389295043 -0.351912629 0.881657888
v 0.389914786 -0.361335965 0.889926104
v 0.315789474 -0.347368447 0.600000024
v 0.334210523 -0.347368447 0.600000028
v 0.371052755 -0.202603139 0.602523452
v 0.371052765 -0.198646318 0.616544993
v 0.389474906 -0.198645781 0.616544644
v 0.389474834 -0.202602660 0.602522987
v 0.371052765 -0.217067470 0.598687752
v 0.389474906 -0.217067109 0.598687234
v 0.497395362 -0.897396263 0.885717897
v 0.501353931 -0.882932950 0.903570747
v 0.497397304 -0.897397335 0.903570604
v 0.482933148 -0.901351156 0.885717293
v 0.482932932 -0.901354194 0.903570170
v 0.501143188 -0.255157602 0.779200950
v 0.501589203 -0.254692967 0.797732389
v 0.500547964 -0.660526316 1.064816904
v 0.501353588 -0.660526316 1.083455009
v 0.002631579 -0.347368447 0.600000025
v 0.021052632 -0.347368447 0.600000025
v 0.057894737 -0.202603191 0.602523502
v 0.057894737 -0.198646412 0.616544991
v 0.076315789 -0.198646412 0.616544991
v 0.076315789 -0.202603191 0.602523502
v 0.057894737 -0.217067465 0.598687848
v 0.076315789 -0.217067465 0.598687848
v 0.466611408 -0.406235435 0.992730505
v 0.462780395 -0.405787169 0.975108104
v -0.089474790 -0.199998894 0.778571428
v -0.089474790 -0.199998894 0.796428571
v -0.199999970 -0.476315785 0.957142833
v -0.199999996 -0.476315787 0.939285711
v 0.463708638 -0.494778434 1.100520449
v -0.200507723 -0.568418195 1.064820298
v -0.182925766 -0.273721180 0.598708716
v -0.084434763 -0.619173837 0.694596036
v -0.085940573 -0.620470163 0.707250900
v -0.092907821 -0.609731650 0.707439786
v -0.090164938 -0.609308259 0.689165159
v -0.077442401 -0.612416862 0.683745826
v 0.149959505 -0.512800891 1.100708807
v 0.168766133 -0.512333064 1.101348894
v 0.169404125 -0.493007857 1.101605572
v 0.150184706 -0.493980870 1.101466229
v 0.499979031 -0.623688280 0.653581279
v 0.499987406 -0.605264667 0.653582743
v 0.499970239 -0.623686787 0.671457861
v 0.444788285 -0.296848586 0.827510241
v 0.444738039 -0.288089888 0.818164946
v 0.444726585 -0.310603407 0.834688316
v 0.164166357 -0.701406140 0.827943228
v 0.166272267 -0.697331470 0.815182760
v -0.107889360 -0.200012691 0.992862216
v -0.107903006 -0.200070000 1.010704444
v 0.043826075 -0.397486146 1.083722626
v 0.058428888 -0.405407067 1.097464111
v 0.058616878 -0.401696380 1.082936165
v 0.058832215 -0.420054894 1.101544795
v 0.186210239 -0.495768833 1.028686435
v 0.205369680 -0.495390080 1.028439826
v -0.199997984 -0.292107280 0.814285714
v 0.499967365 -0.550000005 0.671460196
v -0.200000000 -0.402631579 0.921428572
v -0.199999997 -0.402631579 0.939285711
v -0.200000001 -0.384210526 0.921428572
v -0.109398165 -0.716024387 1.011778324
v -0.112294440 -0.711068658 1.024009724
v -0.105852864 -0.697359822 1.012015194
v -0.200121854 -0.605253971 0.903571761
v -0.200380775 -0.605390652 0.921433217
v -0.200004638 -0.586821975 0.921429940
v -0.199965412 -0.586822430 0.903568837
v 0.501264177 -0.420937047 0.956912971
v 0.499999997 -0.642105263 0.939285711
v 0.499999975 -0.642105263 0.957142832
v 0.033599229 -0.758119890 0.827083243
v 0.039233962 -0.771259381 0.829647736
v 0.321331375 -0.268286603 0.855658546
v 0.315233389 -0.258378614 0.850247779
v 0.310273887 -0.261087678 0.862235873
v 0.301205570 -0.251683842 0.850119753
v 0.296961397 -0.255417447 0.864912686
v 0.076133288 -0.607372918 0.774739377
v 0.062214743 -0.609103465 0.773516042
v 0.499986130 -0.734210523 1.046415130
v 0.500547960 -0.734210523 1.064816904
v 0.365637666 -0.470933922 1.051754752
v 0.367060722 -0.473373548 1.064409343
v 0.375409432 -0.462623435 1.064152620
v 0.371149805 -0.458282929 1.046568368
v 0.389875661 -0.454965668 1.063845241
v 0.389506042 -0.453869879 1.050674457
v 0.283552892 -0.766193880 0.694394080
v 0.283089128 -0.752403138 0.692730511
v 0.291847753 -0.765876458 0.693962687
v 0.297279963 -0.752901321 0.692101478
v 0.301479556 -0.758615934 0.701198633
v 0.296658762 -0.771604309 0.703550421
v 0.150071475 -0.456108566 0.956130754
v 0.149462808 -0.462341890 0.973798092
v 0.168278974 -0.463551466 0.969953631
v 0.168174352 -0.455929465 0.955933370
v 0.154787277 -0.471391905 0.980001621
v 0.168834658 -0.472912846 0.978444877
v 0.278947381 -0.200001047 0.689287667
v 0.278947919 -0.199995900 0.707143119
v 0.297368696 -0.200002914 0.707143542
v 0.297368574 -0.200000457 0.689288496
v 0.260526316 -0.421052632 0.600000000
v 0.260526316 -0.402631579 0.600000000
v 0.278947368 -0.402631579 0.600000000
v 0.278947368 -0.421052632 0.600000000
v -0.053328026 -0.255267283 1.045575350
v -0.049550101 -0.236500720 1.046535250
v -0.057125753 -0.236762092 1.059786344
v -0.056291887 -0.255251536 1.063530997
v -0.065924699 -0.250777027 1.069056933
v -0.066755525 -0.236203232 1.068023189
v 0.070882658 -0.407643384 1.069830269
v 0.073139420 -0.405622588 1.083640230
v 0.057787400 -0.402640783 1.064227445
v 0.063368686 -0.415137510 1.059406238
v 0.339848121 -0.341809220 0.890538200
v 0.351833749 -0.351417109 0.899655338
v 0.352388344 -0.345107548 0.885214618
v 0.352694979 -0.365647348 0.906947433
v 0.186846582 -0.605270181 0.599864131
v 0.205283454 -0.605271972 0.600012896
v 0.352631553 -0.697368421 1.099999975
v 0.352631554 -0.678947368 1.099999976
v 0.500001703 -0.439472977 0.814285784
v 0.500001509 -0.439472331 0.832142900
v 0.499999998 -0.549999998 0.921428573
v 0.499999915 -0.531578961 0.939285697
v 0.499999979 -0.549999997 0.939285717
v 0.315789474 -0.198646413 0.616544991
v 0.315789474 -0.199452048 0.635183085
v 0.113157895 -0.771052745 1.100000110
v -0.199987307 -0.255277074 0.707141803
v -0.199983650 -0.255276804 0.689287430
v 0.186845227 -0.200013107 0.814289431
v 0.186843762 -0.199994767 0.796430519
v -0.199999975 -0.347368447 0.814285714
v -0.201279410 -0.789487460 1.083496173
v -0.197375978 -0.789473943 1.097481595
v -0.197351311 -0.771055402 1.097496858
v -0.201325205 -0.771077248 1.083509586
v -0.126283157 -0.200032633 0.814285714
v -0.126283157 -0.200032633 0.796428571
v -0.034210523 -0.901353585 1.083455009
v -0.015789474 -0.901353588 1.083455009
v -0.015789474 -0.897396809 1.097476498
v -0.034210523 -0.897396807 1.097476497
v -0.015789474 -0.882932536 1.101312152
v -0.034210523 -0.882932535 1.101312149
v -0.015640541 -0.601097357 0.635894131
v -0.015181178 -0.609402121 0.650190080
v 0.095260358 -0.640474564 0.815418085
v 0.109102858 -0.640961119 0.811092813
v -0.197965708 -0.216851923 1.098028193
v -0.183214178 -0.216784598 1.102077417
v 0.168097535 -0.476579860 0.992385481
v 0.167977421 -0.480426661 1.009938043
v 0.173406779 -0.489696415 1.016348932
v 0.242105264 -0.899999983 0.957142797
v 0.223684233 -0.900000055 0.957142805
v -0.140590907 -0.697060018 0.811101630
v -0.015764348 -0.863719194 0.831118199
v -0.163267068 -0.771614746 1.011462006
v -0.168640862 -0.764984016 1.022769304
v -0.163365284 -0.752764215 1.026103068
v -0.157070980 -0.758426038 1.016510052
v -0.149723758 -0.747512518 1.023586184
v -0.144466171 -0.752668043 1.011089549
v -0.150432765 -0.765317822 1.005567755
v -0.163706806 -0.199454354 1.010712702
v -0.163704860 -0.199481529 1.028538891
v 0.426284075 -0.899951445 1.046416232
v 0.444721787 -0.899974645 1.046413977
v 0.444712046 -0.900557651 1.064804666
v 0.426282056 -0.900516545 1.064816795
v 0.357039449 -0.342286012 0.872464886
v 0.370575797 -0.350834285 0.885279562
v 0.371046385 -0.343882395 0.871494683
v 0.352995492 -0.863188574 0.760916816
v 0.278953937 -0.899960970 0.867869798
v 0.278947561 -0.899975998 0.885715731
v 0.260524890 -0.899973625 0.885728920
v -0.199965072 -0.384198681 0.653583801
v -0.199953450 -0.384208275 0.671460253
v -0.199967687 -0.365790533 0.671460221
v 0.497395915 -0.202603576 0.707137888
v 0.497381875 -0.202617981 0.724969585
v 0.482933418 -0.198647453 0.707138506
v 0.058280306 -0.897722035 0.834319208
v 0.058450556 -0.901569654 0.848528479
v -0.200004312 -0.476316316 0.760713190
v -0.200000682 -0.476315591 0.778571525
v -0.199999848 -0.457894662 0.778571454
v 0.499997984 -0.421052632 0.689287669
v 0.500001112 -0.421052632 0.707141785
v -0.199986130 -0.255277024 0.939285712
v -0.199986107 -0.255277023 0.957142832
v -0.200547946 -0.236294145 0.957142829
v -0.200547960 -0.236294141 0.939285711
v 0.499967480 -0.826283158 0.975000110
v 0.500000001 -0.513157895 0.796428571
v 0.499999997 -0.494736842 0.814285715
v 0.500000001 -0.513157894 0.814285714
v 0.205263021 -0.550000373 0.599998170
v 0.094736842 -0.292107280 0.600001955
v 0.113157895 -0.292107280 0.600001955
v -0.199951273 -0.660522541 0.849978575
v -0.199982491 -0.660522866 0.867911585
v -0.199968974 -0.642102342 0.850012606
v 0.297368421 -0.844722976 1.099986558
v 0.407892682 -0.568420488 1.100000429
v 0.426283272 -0.568421016 1.099969047
v 0.426282927 -0.549998780 1.099972409
v 0.407891172 -0.549996795 1.099998857
v -0.015830322 -0.199992547 0.974971412
v -0.015823631 -0.199357574 0.993284405
v 0.002840729 -0.198954233 0.993574158
v 0.002612689 -0.199823200 0.974995099
v 0.224238529 -0.862867536 0.817720552
v 0.224229328 -0.844520561 0.814686758
v 0.237666857 -0.863595620 0.810413138
v -0.071052863 -0.457894813 1.100000850
v -0.052631595 -0.457894113 1.100002798
v -0.052629955 -0.439471564 1.099999230
v -0.071052551 -0.439472883 1.100003432
v 0.223684200 -0.199999087 0.707141774
v 0.223684087 -0.199999995 0.724999765
v 0.094739340 -0.200001217 0.903573287
v 0.094738451 -0.199996283 0.885715061
v -0.183215198 -0.902142551 1.083728168
v -0.183148051 -0.897965878 1.098028043
v -0.183214828 -0.883214926 1.102076819
v -0.182932537 -0.328947245 1.101312259
v -0.197297366 -0.772158042 0.817210970
v -0.201844759 -0.772170337 0.830582634
v -0.201452837 -0.752983197 0.831519901
v -0.197154582 -0.753155583 0.816651302
v -0.182516247 -0.753597634 0.809628788
v -0.182660144 -0.772064705 0.816261421
v 0.113157881 -0.200000259 0.814285703
v 0.113157678 -0.200000173 0.832142675
v 0.131578888 -0.199997207 0.832142794
v 0.499985900 -0.807896099 0.849996928
v 0.500001668 -0.807893980 0.867855110
v 0.375290743 -0.863701485 0.774467229
v 0.389358563 -0.862392428 0.782218054
v 0.497396794 -0.897396795 0.957142835
v 0.501353687 -0.882932530 0.975000129
v 0.497396861 -0.897396861 0.975000119
v 0.482932524 -0.901353572 0.957142836
v 0.482932530 -0.901353687 0.975000129
v 0.057894737 -0.200032633 0.671460205
v 0.057894737 -0.200002016 0.689287669
v 0.076315789 -0.200002016 0.689287669
v -0.089474790 -0.199998894 0.850000000
v -0.089474790 -0.199998893 0.867857143
v 0.223684212 -0.513157880 0.600000043
v 0.242105262 -0.513157880 0.600000016
v 0.445087204 -0.824897716 0.782997078
v 0.462795465 -0.824854593 0.779604282
v 0.458151302 -0.830456336 0.792557166
v 0.449900665 -0.830387658 0.792803116
v 0.444213714 -0.810323318 0.775808067
v 0.457866026 -0.812097346 0.773929769
v -0.071374570 -0.863605455 0.846426262
v -0.058280583 -0.868159781 0.844244698
v -0.058491474 -0.877792710 0.843710576
v 0.278947368 -0.384210526 0.600000000
v 0.278947368 -0.365789477 0.600000003
v 0.297368421 -0.365789477 0.600000003
v 0.389474790 -0.660526316 1.100001073
v 0.371052745 -0.660526315 1.100000111
v 0.499999870 -0.623684180 0.724999908
v 0.500000102 -0.605263175 0.724999875
v 0.499999952 -0.623684227 0.742857152
v 0.131578947 -0.421052632 0.600000000
v 0.499999938 -0.697368429 0.832142847
v 0.499999924 -0.715789484 0.849999988
v 0.057894737 -0.199998894 0.707141785
v -0.197642484 -0.421769960 0.602292620
v -0.107737292 -0.199043003 1.064816854
v -0.107412055 -0.198232124 1.083501834
v -0.015775567 -0.549998683 0.599850460
v -0.034210568 -0.199999970 0.903571402
v -0.034210539 -0.199998732 0.921429161
v 0.131578951 -0.642105258 1.100000002
v 0.204950850 -0.509997569 1.082919681
v 0.200193669 -0.499608452 1.088013262
v 0.200468319 -0.499105396 1.096784915
v 0.205788875 -0.512278835 1.097801425
v 0.187722009 -0.493274861 1.098130061
v 0.192735535 -0.507377100 1.077661277
v 0.187772906 -0.511829485 1.101047528
v -0.200553587 -0.513134084 0.707024064
v -0.029262937 -0.637473194 0.711910064
v -0.030180157 -0.638795272 0.725318637
v -0.038262505 -0.628187863 0.725024896
v -0.015734034 -0.639507654 0.706820873
v -0.010643092 -0.629510052 0.719567168
v -0.016036966 -0.639793333 0.724732955
v -0.046455520 -0.710187994 0.800653583
v -0.052452173 -0.715335518 0.814393180
v -0.057727720 -0.702997235 0.808436781
v -0.052262283 -0.697193127 0.798971198
v -0.199997984 -0.292107280 0.885714286
v 0.444722976 -0.697368421 1.099986558
v 0.499999974 -0.550000000 0.742857168
v -0.200001106 -0.402631579 0.992858215
v -0.199997984 -0.402631579 1.010712331
v -0.200001106 -0.384210526 0.992858215
v -0.089474779 -0.697368422 1.100001074
v -0.107892770 -0.697368424 1.099998048
v 0.389445471 -0.403289138 0.920613584
v 0.389899247 -0.405489432 0.939861613
v 0.113157895 -0.697368421 1.100000000
v 0.131578947 -0.697368421 1.100000000
v 0.131578947 -0.678947369 1.100000000
v 0.113157895 -0.678947368 1.100000000
v 0.002412183 -0.737851714 0.828756641
v 0.016071005 -0.739453959 0.827802831
v -0.138461459 -0.740271617 1.016857942
v -0.125301756 -0.734650748 1.011279034
v -0.131519180 -0.746974883 1.005401604
v 0.457843052 -0.361626691 0.871969086
v 0.445022216 -0.348095750 0.867549820
v -0.199998094 -0.328947253 1.010712333
v 0.007888811 -0.360434688 1.032910312
v 0.002179018 -0.348255842 1.028202402
v -0.001776404 -0.352429060 1.045823114
v 0.006851491 -0.362357814 1.046468574
v -0.010470954 -0.342791853 1.033561384
v 0.407871976 -0.623718678 0.599840536
v 0.407892390 -0.605214809 0.600067095
v 0.426280663 -0.605237243 0.600088325
v 0.426289633 -0.623704919 0.599859080
v 0.278914517 -0.200038998 0.760680612
v 0.278952307 -0.199696595 0.778567023
v 0.113302329 -0.642413175 0.671439528
v 0.131295373 -0.645826358 0.671392494
v 0.131253209 -0.646149889 0.688681281
v 0.113610803 -0.642715213 0.689269939
v -0.182932536 -0.198646414 0.939285710
v -0.182932524 -0.198646415 0.957142832
v 0.497396709 -0.568421156 0.602522285
v 0.501353650 -0.568421177 0.616544002
v 0.482932398 -0.568420990 0.598688908
v 0.389464780 -0.661417521 0.601917414
v 0.389473244 -0.642757611 0.599341805
v 0.407809236 -0.642806612 0.598854576
v 0.407779116 -0.661895585 0.598528134
v -0.102822533 -0.734385561 0.938928426
v -0.103016216 -0.734854309 0.956650560
v -0.106546680 -0.715399772 0.956524125
v -0.107016970 -0.714924209 0.937749174
v -0.093102431 -0.739564936 0.943992235
v -0.093400228 -0.739768660 0.951817995
v 0.500003328 -0.660526580 0.724999919
v 0.499954041 -0.439476902 0.885710849
v 0.499941705 -0.439477315 0.903557149
v -0.121896635 -0.601504592 0.675352842
v -0.121108145 -0.600737368 0.683758068
v -0.126582124 -0.587017359 0.688942283
v -0.127171124 -0.588223933 0.671024852
v -0.108083770 -0.602311994 0.674984569
v -0.107610159 -0.602809057 0.689084354
v -0.109387588 -0.592367397 0.667172411
v -0.113310062 -0.592670730 0.694522118
v 0.500001439 -0.550000011 0.992858208
v 0.499997538 -0.531578797 1.010712660
v 0.499998487 -0.549999993 1.010712430
v 0.186427764 -0.454685954 0.960248120
v 0.187325812 -0.462732733 0.970541803
v 0.205218446 -0.457958466 0.974621355
v 0.200084508 -0.452193578 0.962736587
v 0.186717216 -0.472746601 0.978373888
v 0.200509519 -0.471102861 0.979816440
v 0.247616236 -0.746851662 0.712835615
v 0.241867738 -0.752862622 0.724593789
v 0.236021925 -0.740033390 0.719023968
v 0.241981330 -0.734363430 0.706685809
v 0.187180279 -0.198787620 0.886056058
v 0.186815304 -0.199666661 0.867827709
v 0.260526316 -0.863705859 1.100531189
v -0.015784773 -0.494737608 0.600019291
v -0.199999975 -0.347368447 0.885714286
v -0.126283157 -0.200032633 0.885714285
v -0.126283157 -0.200032633 0.867857143
v -0.034210523 -0.200000003 0.796428571
v -0.034210523 -0.200000003 0.778571428
v 0.500164499 -0.476323594 1.010708713
v 0.242105263 -0.899967367 1.028539795
v 0.223684211 -0.899967367 1.028539795
v 0.035814920 -0.387693724 1.082922441
v 0.034018474 -0.389093523 1.096207428
v 0.025318354 -0.379515474 1.083400950
v 0.205263158 -0.200013867 0.653584871
v -0.126283156 -0.513157895 1.099968366
v -0.107892720 -0.513157895 1.099998045
v -0.107892721 -0.494736842 1.099998051
v -0.126283157 -0.494736842 1.099968366
v -0.107892967 -0.200016350 0.653584657
v -0.089474772 -0.200012693 0.653584919
v 0.279663681 -0.379693298 0.943648703
v 0.297462066 -0.387973583 0.953750048
v 0.297692730 -0.379857743 0.943278568
v 0.297097447 -0.826312934 0.742632170
v 0.292307766 -0.831998383 0.755513726
v 0.282945145 -0.832362246 0.755742915
v 0.292536507 -0.813385284 0.736937012
v 0.190123577 -0.696960365 0.742874963
v 0.190295365 -0.697124931 0.761342198
v 0.190398184 -0.677808497 0.742991405
v 0.201393401 -0.697333945 0.742701428
v 0.199814695 -0.701947898 0.755894611
v 0.200185636 -0.683125551 0.738697002
v 0.278947366 -0.900000207 0.939285743
v 0.278947367 -0.899999949 0.957142854
v 0.260526312 -0.899999994 0.957142851
v -0.200000856 -0.384210511 0.724999905
v -0.199999877 -0.384210501 0.742857208
v -0.199999903 -0.365789475 0.742857169
v -0.200000011 -0.365789436 0.724999916
v 0.497923487 -0.202045186 0.779907805
v 0.496471145 -0.203673006 0.792515087
v 0.483229926 -0.197933168 0.780113765
v 0.483118247 -0.202415675 0.793886035
v -0.200000002 -0.476315798 0.832142851
v -0.200000011 -0.476315790 0.850000000
v -0.200000000 -0.457894736 0.850000000
v 0.499999931 -0.513157894 0.867857142
v 0.500000587 -0.494736896 0.885714273
v 0.499999926 -0.513157886 0.885714277
v 0.026494083 -0.636315968 0.766286301
v 0.021152519 -0.638359088 0.778849893
v 0.016712045 -0.628866680 0.773397861
v 0.034808237 -0.636832207 0.765830928
v 0.043162534 -0.627638910 0.778373365
v 0.035208249 -0.637742371 0.779312921
v 0.352522309 -0.656894288 0.603447064
v 0.371153689 -0.656900146 0.603438701
v 0.370514998 -0.665125867 0.613268901
v 0.353164620 -0.665110902 0.613281948
v 0.371124826 -0.642130291 0.599491797
v -0.196216558 -0.739297288 1.033237021
v -0.182506834 -0.738563977 1.032449405
v -0.200000000 -0.421052632 0.850000000
v -0.200000000 -0.421052632 0.867857143
v -0.200000000 -0.402631579 0.867857143
v -0.200000000 -0.402631579 0.850000000
v -0.182764383 -0.553292956 0.688899077
v -0.177070557 -0.555624026 0.701514022
v 0.057894737 -0.310525210 0.599998928
v 0.076315789 -0.310525210 0.599998928
v 0.094680002 -0.199484508 0.975518581
v 0.094712181 -0.200066658 0.957124358
v -0.182925349 -0.384186613 0.598703841
v 0.168421490 -0.605262002 1.100002766
v 0.039473684 -0.384210526 0.600000000
v 0.039473684 -0.365789477 0.600000003
v 0.057894737 -0.365789477 0.600000003
v 0.057894737 -0.384210526 0.600000000
v 0.501809756 -0.217024983 0.635135293
v 0.501372335 -0.217092250 0.653592458
v -0.144723991 -0.605263141 1.099986578
v -0.163708705 -0.605263686 1.100530825
v 0.499946479 -0.310530777 0.760678096
v 0.499954574 -0.328950071 0.760695623
v -0.107892718 -0.476315785 1.099998046
v -0.089474785 -0.476315790 1.100000990
v -0.089474821 -0.457894808 1.100000930
v -0.107892719 -0.457894739 1.099997929
v 0.150985474 -0.255435150 0.993728759
v 0.145493347 -0.250270759 1.006068459
v 0.131993144 -0.251894966 1.008028527
v -0.034209237 -0.457892529 1.100003824
v -0.015786424 -0.457892618 1.099991401
v -0.034207278 -0.439475569 1.099978647
v -0.182957647 -0.660523941 1.101318349
v -0.163695234 -0.660525757 1.100529060
v -0.182912975 -0.642098975 1.101313130
v 0.057898342 -0.513153486 1.099988289
v -0.202062252 -0.863556992 0.991586407
v -0.201327102 -0.863695420 1.010136351
v -0.201272546 -0.844473283 1.010034179
v -0.140317345 -0.490228082 0.636608679
v -0.143678492 -0.494180517 0.651484367
v -0.149269474 -0.480850892 0.649927472
v -0.148305665 -0.479730836 0.636528189
v 0.186759472 -0.347196912 0.942657498
v 0.171983495 -0.347778151 0.942900006
v 0.497381657 -0.897381657 1.028537535
v 0.501332061 -0.882925765 1.028535591
v 0.501372338 -0.882907761 1.046407527
v 0.497385786 -0.897385786 1.046423057
v 0.482907761 -0.901372338 1.046407527
v 0.168421053 -0.200032633 0.671460205
v 0.168421053 -0.200013867 0.653584871
v -0.197620995 -0.807663600 1.010704902
v -0.201185440 -0.807628424 1.027956829
v -0.182033919 -0.804038393 1.006733499
v -0.163705746 -0.199483455 0.671461273
v -0.144724113 -0.200048555 0.671459315
v -0.144721787 -0.200025355 0.653586023
v 0.186842218 -0.550000476 0.599999208
v 0.407892720 -0.863241227 0.782063374
v 0.407635249 -0.844178232 0.778406776
v 0.426157811 -0.844461230 0.778916806
v 0.426259004 -0.863655198 0.781205051
v 0.347358503 -0.740359852 0.683338852
v 0.500000000 -0.605263158 0.796428571
v 0.501351159 -0.292107596 0.616544284
v 0.500516545 -0.273717944 0.635183207
v 0.500544649 -0.292106834 0.635182269
v 0.500000000 -0.715789474 0.903571429
v 0.500000000 -0.697368421 0.903571429
v 0.500000001 -0.715789474 0.921428572
v 0.260526316 -0.513157892 0.600000007
v 0.057894737 -0.200000000 0.778571428
v 0.168442957 -0.605169578 0.599675534
v 0.168419808 -0.586808793 0.600021189
v -0.034222085 -0.200021089 0.974952976
v -0.199999805 -0.513161336 0.778568500
v -0.016143556 -0.641490771 0.779409752
v -0.015596660 -0.645494937 0.793315685
v -0.029144543 -0.646900625 0.791791324
v 0.297368421 -0.198646412 0.616544992
v 0.297368421 -0.199452047 0.635183095
v 0.426283143 -0.899968597 0.903570414
v 0.426283159 -0.899967491 0.921428417
v 0.407892725 -0.899998131 0.921428424
v -0.200670286 -0.623750977 0.903638660
v -0.199961183 -0.605250982 0.885701495
v 0.407892720 -0.660526316 1.099998046
v 0.500000000 -0.550000000 0.814285714
v 0.500000000 -0.550000000 0.832142857
v -0.200547964 -0.402631579 1.064816904
v -0.201353588 -0.402631579 1.083455009
v -0.200547964 -0.384210526 1.064816904
v -0.015789474 -0.199452036 0.635183096
v 0.002631579 -0.199452036 0.635183096
v 0.002631579 -0.198646412 0.616544991
v 0.113158070 -0.899966383 0.921458831
v 0.094736967 -0.899972746 0.921446415
v 0.500000000 -0.642105263 0.921428572
v 0.094736842 -0.678947368 1.100000000
v 0.113157895 -0.660526316 1.100000000
v 0.094736842 -0.660526316 1.100000000
v 0.205082090 -0.697332997 0.725327931
v 0.217542799 -0.702580036 0.719193134
v 0.090528794 -0.421770160 0.992376743
v 0.090350346 -0.407056819 0.992356763
v 0.089666251 -0.407238642 1.005985367
v 0.088747468 -0.416089079 1.005384803
v 0.079788236 -0.402870196 1.011026281
v 0.352631550 -0.863705855 1.100531172
v 0.039473684 -0.863705859 1.100531189
v 0.039473684 -0.844722976 1.099986558
v -0.197396871 -0.328947248 1.097476508
v -0.201353688 -0.328947235 1.083455001
v 0.358306442 -0.747630715 0.676448197
v 0.352819717 -0.734081432 0.674403892
v 0.371026465 -0.749057401 0.674883432
v 0.371151114 -0.756661085 0.684721738
v 0.370949371 -0.734904733 0.671239358
v 0.300940990 -0.217616594 0.833085277
v 0.294425611 -0.202635162 0.832439898
v 0.292559592 -0.204197449 0.845469180
v 0.294847968 -0.217444312 0.850936277
v 0.279728848 -0.202284953 0.847085523
v 0.280569133 -0.212845717 0.855113336
v -0.182925844 -0.198667602 1.028535556
v -0.034503616 -0.826350610 0.831916267
v 0.499999995 -0.660526323 0.796428566
v 0.315789474 -0.217067464 0.598687848
v 0.334210523 -0.217067465 0.598687851
v 0.499999934 -0.771052734 0.885714321
v 0.499999984 -0.752631555 0.903571426
v 0.500000100 -0.771052753 0.903571419
v 0.500548597 -0.549999910 1.064816788
v 0.500548095 -0.531578058 1.064816984
v 0.501355413 -0.531577845 1.083455782
v 0.501354018 -0.549999905 1.083454950
v 0.002631579 -0.236294141 0.599468810
v 0.002631579 -0.217067465 0.598687848
v 0.021052632 -0.217067465 0.598687848
v 0.021052632 -0.236294141 0.599468811
v 0.444730044 -0.439389063 1.064880781
v 0.444966657 -0.436541119 1.046651632
v -0.201449120 -0.476473555 0.670862289
v -0.197271840 -0.476402799 0.657098375
v -0.200293982 -0.568414912 0.778587161
v -0.199999949 -0.347368447 0.957142832
v -0.199999971 -0.347368447 0.939285711
v 0.131507320 -0.605409124 0.599322673
v 0.150017323 -0.586792788 0.600027912
v 0.150098526 -0.605192123 0.599518981
v -0.200547964 -0.439473684 1.064816904
v -0.034210522 -0.200000005 0.867857144
v -0.034210523 -0.200000002 0.850000000
v 0.501372151 -0.476338989 1.083426617
v 0.497385776 -0.476340131 1.097457624
v 0.482917113 -0.476335661 1.101476110
v -0.126321930 -0.199466428 1.064802865
v 0.242105263 -0.897396809 1.097476498
v 0.223684211 -0.897396809 1.097476498
v 0.242105263 -0.882932535 1.101312152
v 0.223684211 -0.882932535 1.101312152
v -0.163693235 -0.255287954 0.599459420
v 0.205263147 -0.200000084 0.724999880
v 0.334210523 -0.899997981 1.010712331
v 0.315789474 -0.899997984 1.010712331
v -0.166910016 -0.789691066 1.007255188
v -0.156949367 -0.776768478 0.998774541
v -0.107892722 -0.200001906 0.724999889
v -0.089474790 -0.199998781 0.724999890
v -0.089474792 -0.199997792 0.707141783
v 0.021052632 -0.899997985 1.010712331
v 0.002631578 -0.899997995 1.010712330
v -0.052631554 -0.550000000 1.099999975
v -0.071052745 -0.550000000 1.100000110
v 0.501174339 -0.698719868 0.634374445
v 0.501358603 -0.679398139 0.634901471
v 0.500367534 -0.678906862 0.653604697
v 0.501185859 -0.697802484 0.653204046
v 0.016500957 -0.330178662 1.005676606
v 0.020724029 -0.348113403 1.009471356
v 0.008238110 -0.342918802 1.015927086
v 0.006138910 -0.328491129 1.014026286
v -0.015816180 -0.402497959 1.100508056
v -0.162886190 -0.734624253 0.907046626
v -0.168469366 -0.721357561 0.909571205
v -0.182037574 -0.810701564 0.992875874
v -0.168992139 -0.802266134 1.005618603
v 0.260526317 -0.200013869 0.653584875
v 0.260526316 -0.199452033 0.635183097
v 0.499945574 -0.642090095 0.653598586
v 0.499954585 -0.642110860 0.671456179
v -0.199999999 -0.476315790 0.903571429
v -0.199999999 -0.476315788 0.921428572
v -0.200000001 -0.457894737 0.921428572
v -0.200000000 -0.457894737 0.903571429
v -0.071052733 -0.200013728 0.653584883
v -0.052631553 -0.200013893 0.653584869
v 0.499928964 -0.734191768 0.760720051
v 0.499991291 -0.715792329 0.760711019
v 0.500004169 -0.715791810 0.778570048
v 0.499977907 -0.734210938 0.778567720
v -0.083258405 -0.599076416 0.659432123
v -0.089580421 -0.602854995 0.671913321
v -0.094534795 -0.593045736 0.665489323
v -0.070851075 -0.605894500 0.653694557
v -0.075395491 -0.609999045 0.670514101
v -0.019397239 -0.770707986 0.827575295
v 0.260515487 -0.200061594 0.760705742
v 0.500000489 -0.513158010 0.939285537
v 0.500000577 -0.494736479 0.939285776
v 0.500000811 -0.494735785 0.957144401
v 0.500002332 -0.513157979 0.957142808
v 0.007159384 -0.628231340 0.773945500
v 0.315740583 -0.826571176 0.739622822
v 0.320416245 -0.813701593 0.736561844
v 0.329718433 -0.813576186 0.737410669
v 0.463705856 -0.900547942 0.957142832
v 0.463705828 -0.900548114 0.975000104
v 0.499986132 -0.605263158 1.046415129
v 0.500547950 -0.586842108 1.064816907
v 0.500547962 -0.605263158 1.064816904
v 0.444689080 -0.236506514 0.799751595
v 0.463399453 -0.231971590 0.801419771
v 0.463607455 -0.217050058 0.797669167
v 0.444525355 -0.217649252 0.797391538
v 0.431901723 -0.746325516 0.677107240
v 0.426524036 -0.752252302 0.686464152
v 0.420852738 -0.739210209 0.684225037
v 0.426472261 -0.733111493 0.675162199
v 0.445392120 -0.748239196 0.675669142
v 0.444727666 -0.755184401 0.689827023
v 0.444860767 -0.733486011 0.669115314
v 0.150000000 -0.900000780 0.957142229
v 0.168421054 -0.900000167 0.975000094
v 0.150000003 -0.900000230 0.975000046
v -0.200000000 -0.421052632 0.921428572
v -0.199999997 -0.421052632 0.939285711
v 0.039473684 -0.347368447 0.600000025
v 0.186842105 -0.476315790 0.600000000
v 0.186842105 -0.457894737 0.600000000
v 0.205263158 -0.457894737 0.600000000
v 0.205263158 -0.476315789 0.600000000
v 0.352630355 -0.568425136 1.099986257
v 0.371051832 -0.568419369 1.099996558
v 0.371054635 -0.550014983 1.099957680
v 0.352637250 -0.550040145 1.099945883
v -0.103313109 -0.696881216 0.974724619
v -0.106209995 -0.697335930 0.993819537
v -0.109592553 -0.678130588 0.993562195
v 0.501325582 -0.328648317 0.815018384
v 0.497721563 -0.310094042 0.829381093
v 0.498264716 -0.328445669 0.832562845
v 0.482682653 -0.324799897 0.836186039
v 0.482910318 -0.309810939 0.832659800
v 0.426283157 -0.642105263 1.099968367
v -0.182968244 -0.794673300 0.868738973
v -0.163366946 -0.790561331 0.868937989
v -0.163552279 -0.785529514 0.882273373
v -0.182666920 -0.786184990 0.883220172
v -0.182786639 -0.771859783 0.886901696
v 0.094736842 -0.199999887 0.724999890
v 0.094736842 -0.200000026 0.742857168
v 0.113157895 -0.199999887 0.724999890
v 0.131578947 -0.660526315 1.100000004
v 0.113157895 -0.642105262 1.100000005
v 0.402272340 -0.801541041 0.731083355
v 0.413448543 -0.794730554 0.737636789
v 0.407799527 -0.804141212 0.743738261
v 0.388676119 -0.803862706 0.728852896
v 0.389627464 -0.810890616 0.742651302
v 0.390091221 -0.793997157 0.720690512
v -0.201353588 -0.217067465 0.814285714
v 0.181232969 -0.739569154 0.808532318
v 0.183833040 -0.734555530 0.795810926
v -0.034210523 -0.771052745 1.100000107
v -0.015789474 -0.771052745 1.100000110
v -0.015789474 -0.752631553 1.099999976
v -0.034210523 -0.752631553 1.099999972
v -0.201121709 -0.863685771 1.064799923
v -0.201814170 -0.863754715 1.083493885
v -0.201371585 -0.844713708 1.083427806
v -0.200512264 -0.844713993 1.064814940
v 0.186843437 -0.605261362 1.100001825
v -0.125970997 -0.826751969 0.922356507
v -0.123149321 -0.826015384 0.903892449
v 0.191819526 -0.286567003 0.926763622
v 0.204235784 -0.291774429 0.923433477
v 0.204808821 -0.273671971 0.921121403
v 0.192020181 -0.278392040 0.926225265
v 0.353108793 -0.457890388 1.010645851
v 0.352901856 -0.453808158 0.996360410
v -0.126283116 -0.605263138 1.099968378
v -0.015633976 -0.751838884 0.829662576
v -0.015912281 -0.737352091 0.829155166
v 0.168421055 -0.660526316 1.099999987
v 0.186842101 -0.660526329 1.099999954
v -0.201300380 -0.807894722 1.083473840
v -0.197392827 -0.807890891 1.097474464
v -0.182935988 -0.807892222 1.101308732
v -0.163705855 -0.199452054 0.742857171
v -0.199974645 -0.255278213 0.653586023
v -0.199951445 -0.255275887 0.671459315
v -0.200516545 -0.236294254 0.671461273
v 0.463705870 -0.568421197 0.599470914
v 0.499996037 -0.292107331 0.689287684
v 0.499965871 -0.273716930 0.689287725
v 0.499970669 -0.273716719 0.707142896
v 0.500000457 -0.292107315 0.707142313
v 0.500000114 -0.697368421 0.975000110
v 0.057894746 -0.200000007 0.850000001
v 0.149998666 -0.568418587 0.600032349
v 0.168418543 -0.568423251 0.600016603
v 0.499946432 -0.384215504 0.796422429
v 0.500269166 -0.365818332 0.814273659
v 0.499949398 -0.384245982 0.814265823
v -0.199999787 -0.513157886 0.850000008
v 0.426283158 -0.899967480 0.975000109
v 0.426283133 -0.899968520 0.992858192
v 0.407892722 -0.899999088 0.992858215
v -0.201315990 -0.624825366 0.957136975
v -0.201592793 -0.625060698 0.975201649
v -0.200583770 -0.605879409 0.957126405
v 0.242105263 -0.863705859 1.100531189
v 0.500000001 -0.550000000 0.885714286
v 0.499999992 -0.549999999 0.903571428
v -0.015789474 -0.199998894 0.707141785
v 0.002631579 -0.199998894 0.707141785
v 0.002631579 -0.200002016 0.689287669
v 0.113157895 -0.900001082 0.992858228
v 0.094736842 -0.900001090 0.992858231
v 0.500001106 -0.642105263 0.992858215
v 0.094736842 -0.198646412 0.616544991
v 0.094736842 -0.202603191 0.602523502
v 0.094736842 -0.217067465 0.598687848
v 0.370776567 -0.805329888 0.724224986
v 0.371657630 -0.812588208 0.738546951
v 0.357906574 -0.814149550 0.736757845
v 0.315789474 -0.826283157 1.099968367
v -0.199993997 -0.549996514 0.975000936
v 0.021052632 -0.826283157 1.099968366
v 0.002631579 -0.826283157 1.099968366
v 0.315789474 -0.882932536 1.101312152
v -0.182917594 -0.752631246 1.101317266
v -0.110767979 -0.733800378 0.924352785
v -0.092871673 -0.747377106 0.944183518
v -0.071052756 -0.476315851 1.099999937
v -0.052631666 -0.476315908 1.100000129
v -0.183147538 -0.202033656 1.098028571
v 0.500000000 -0.660526316 0.850000000
v 0.500000000 -0.660526316 0.867857143
v 0.499998047 -0.328947257 0.689287632
v 0.499997918 -0.347368448 0.689287656
v 0.500000088 -0.752631553 0.975000110
v 0.500000227 -0.771052745 0.975000110
v -0.199996630 -0.476318871 0.742856745
v -0.199939948 -0.476315572 0.725020081
v -0.200005641 -0.568422393 0.849998067
v 0.278947368 -0.255277024 0.600013442
v 0.278947368 -0.236294141 0.599468811
v 0.297368421 -0.236294141 0.599468810
v 0.297368421 -0.255277024 0.600013442
v 0.112814877 -0.863306610 0.846816459
v 0.376160840 -0.359760836 0.891490274
v -0.034209525 -0.199999888 0.939286776
v 0.371213374 -0.442973069 0.992348892
v 0.389812294 -0.440189486 0.992258445
v 0.210768860 -0.765138679 0.784522319
v 0.205044080 -0.752826612 0.778370334
v 0.221258781 -0.770848947 0.778454547
v 0.218254058 -0.776260800 0.791611207
v 0.217345225 -0.758600518 0.773488579
v 0.352631552 -0.202603203 0.602523514
v 0.352631552 -0.217067475 0.598687862
v 0.205265725 -0.200010024 0.796431523
v 0.334210523 -0.901353585 1.083455009
v 0.315789474 -0.901353588 1.083455009
v -0.107892720 -0.200002016 0.796428571
v 0.021052632 -0.901353588 1.083455009
v 0.002631579 -0.901353588 1.083455009
v 0.132187134 -0.640930254 0.797187542
v 0.132690226 -0.626138109 0.793569498
v 0.145097889 -0.627716757 0.791891712
v 0.146477508 -0.640931651 0.793230838
v 0.444720213 -0.513172795 1.099957969
v 0.444725234 -0.494723034 1.099972413
v -0.197396002 -0.292107681 0.602524285
v -0.034210459 -0.421052597 0.599998675
v -0.034210488 -0.402631502 0.600000144
v -0.015789474 -0.402631576 0.600000120
v -0.015789412 -0.421052567 0.600000109
v -0.200002446 -0.402631831 0.724999409
v 0.072464524 -0.388463155 1.009996870
v 0.064023363 -0.378920846 0.997634791
v 0.062407090 -0.379870625 1.010955805
v 0.205222772 -0.568452867 1.099997019
v 0.444723014 -0.568421035 1.099986518
v 0.444723116 -0.549999578 1.099988111
v -0.089474791 -0.568421053 1.100001072
v -0.107892727 -0.568421053 1.099998045
v 0.057894737 -0.697368421 1.100000000
v 0.076315789 -0.697368421 1.100000000
v 0.076315789 -0.678947368 1.100000000
v 0.500000036 -0.642104964 0.725000146
v 0.499999701 -0.642105206 0.742857190
v 0.370941659 -0.696685632 0.654370723
v 0.499999761 -0.734210487 0.850000055
v -0.089341828 -0.608301469 0.725608223
v -0.076195894 -0.610474304 0.730735640
v -0.075641047 -0.609793638 0.739093848
v -0.089072574 -0.608861110 0.739230470
v 0.463693235 -0.900557651 1.046404534
v 0.229977256 -0.783495843 0.765953151
v 0.228332580 -0.784830660 0.779761863
v 0.227039975 -0.770964174 0.761060911
v 0.238932421 -0.789771360 0.760425649
v 0.238595922 -0.793185327 0.778660847
v 0.235802477 -0.776912586 0.754870755
v 0.168421053 -0.899986134 1.046415129
v 0.150000000 -0.899986134 1.046415129
v -0.200001106 -0.421052632 0.992858215
v -0.199997984 -0.421052632 1.010712331
v -0.071408392 -0.789552383 0.832191188
v -0.182925765 -0.198667939 0.671464409
v 0.497396809 -0.439473684 0.602523502
v 0.501353588 -0.439473684 0.616544991
v 0.482932535 -0.439473684 0.598687848
v 0.500000113 -0.531578947 0.724999890
v 0.500000113 -0.550000000 0.724999890
v 0.145229501 -0.268135063 0.987484224
v 0.137225610 -0.278881985 0.980246586
v 0.136724180 -0.452838499 0.961652468
v 0.426366017 -0.642619782 0.598897499
v -0.196372697 -0.785321101 0.882094185
v -0.197915657 -0.771593405 0.883321764
v -0.015777758 -0.899956465 0.885735342
v -0.034159122 -0.899954099 0.885756332
v -0.071471659 -0.513303767 0.599180275
v -0.052808703 -0.513180032 0.599519769
v 0.099863853 -0.637204294 0.604323197
v 0.094521248 -0.640200267 0.616794422
v 0.089267064 -0.630650106 0.610946750
v 0.094679904 -0.624477620 0.601831561
v 0.113099836 -0.639251040 0.602529572
v 0.112579962 -0.643215046 0.616890433
v 0.112721987 -0.624351970 0.598777596
v -0.201353588 -0.217067465 0.885714286
v 0.242105263 -0.789474790 1.100001072
v 0.260526316 -0.789474790 1.100001072
v 0.260526316 -0.771052745 1.100000110
v 0.242105263 -0.771052745 1.100000110
v 0.426283158 -0.771052745 1.099968475
v 0.407892722 -0.771052747 1.099998152
v 0.094736842 -0.771052745 1.100000110
v 0.149916402 -0.840402751 0.836312412
v 0.150830004 -0.848555326 0.846825383
v 0.136742569 -0.850648943 0.844444330
v 0.149907580 -0.826333352 0.831969902
v -0.126282529 -0.384210573 1.099970552
v -0.107890870 -0.384209563 1.099996686
v -0.107895142 -0.365787089 1.099981048
v -0.126281459 -0.365788869 1.099970932
v 0.444721293 -0.899973245 0.850005064
v 0.426284428 -0.899951362 0.849990836
v -0.199986272 -0.255277037 0.724999902
v -0.199986107 -0.255277023 0.742857168
v -0.200547946 -0.236294145 0.742857171
v -0.200548113 -0.236294172 0.724999896
v 0.487746609 -0.840146651 0.764461189
v 0.482789507 -0.845594838 0.777839774
v 0.476483996 -0.832030447 0.772604868
v 0.482876042 -0.826694819 0.762371686
v 0.496376798 -0.840631338 0.764057908
v 0.496954876 -0.826991639 0.763186769
v 0.497737964 -0.845767626 0.777111606
v 0.187125852 -0.863064047 0.835294686
v 0.181866977 -0.857401467 0.845521860
v 0.182309942 -0.848942185 0.845734227
v 0.186899089 -0.844529546 0.835946512
v 0.201543008 -0.844476101 0.828349603
v 0.204672886 -0.863483067 0.828347973
v 0.499958967 -0.292115604 0.760674388
v 0.499955857 -0.273741340 0.760704656
v 0.500640653 -0.273745387 0.778909252
v 0.500350155 -0.292128389 0.778710338
v 0.501299079 -0.364091354 0.886556407
v 0.501167344 -0.383461474 0.885959179
v -0.144805747 -0.608279255 0.743101276
v -0.126569068 -0.607845118 0.744146805
v -0.131146804 -0.610733512 0.755682416
v -0.140088917 -0.611020730 0.755417412
v 0.407893166 -0.900544648 1.064817731
v -0.198210063 -0.623925796 1.028161066
v -0.201265229 -0.624176748 1.045772786
v -0.200861764 -0.605379938 1.028377413
v 0.320902399 -0.304958570 0.873236804
v 0.310109537 -0.297639592 0.880396412
v 0.316341306 -0.307366473 0.886057333
v 0.297039940 -0.292394003 0.885838836
v 0.303418065 -0.304100930 0.891242902
v 0.113157895 -0.900547964 1.064816904
v 0.094736842 -0.900547964 1.064816904
v 0.500547964 -0.642105263 1.064816904
v 0.094736842 -0.200002016 0.689287669
v 0.205263164 -0.900000061 0.975000150
v 0.186842109 -0.900000121 0.975000155
v -0.047694958 -0.217101325 1.051230265
v -0.056194551 -0.217428443 1.060898483
v -0.120839121 -0.802072874 0.855089212
v -0.126468779 -0.804579034 0.868535501
v -0.132038543 -0.795422552 0.862887216
v -0.107404427 -0.807420152 0.849791173
v -0.111574642 -0.812068102 0.867665889
v -0.113571103 -0.795212148 0.843961204
v -0.107826677 -0.899932711 0.975066547
v -0.126250138 -0.900354550 0.975041098
v 0.463689529 -0.476194281 1.100895445
v 0.016053827 -0.637250593 0.694150393
v 0.021698088 -0.626034650 0.707403071
v 0.016169135 -0.636960200 0.702541467
v 0.002503516 -0.638991067 0.703050150
v 0.003193957 -0.627911822 0.711022442
v -0.182907761 -0.255284867 0.598669672
v 0.150358232 -0.479055691 1.097660577
v 0.169185945 -0.478290924 1.097556476
v -0.015789477 -0.384210531 0.599999998
v -0.015789474 -0.365789477 0.599999997
v 0.039473684 -0.255277024 0.600013442
v 0.039473684 -0.236294141 0.599468811
v 0.057894737 -0.236294141 0.599468811
v 0.057894737 -0.255277024 0.600013442
v -0.163705859 -0.494736842 1.100531190
v -0.144722975 -0.494736842 1.099986558
v 0.278947368 -0.844722976 1.099986558
v 0.113157895 -0.202603191 0.602523502
v 0.113157895 -0.198646412 0.616544991
v 0.131578947 -0.198646412 0.616544991
v 0.131578947 -0.202603191 0.602523502
v 0.113157895 -0.217067465 0.598687848
v 0.131578947 -0.217067465 0.598687848
v 0.352631553 -0.899999965 0.939285721
v 0.334210522 -0.899999985 0.939285709
v 0.076091519 -0.655411855 0.820332418
v 0.095221890 -0.659749798 0.818821734
v 0.089567777 -0.666003257 0.828753786
v 0.076083228 -0.664373957 0.830149121
v 0.191395440 -0.216704017 0.925435454
v 0.183087371 -0.217932712 0.935499499
v 0.174059599 -0.231119685 0.944595375
v 0.499979991 -0.347367597 0.760711412
v 0.499967479 -0.771052745 1.028539796
v 0.499967340 -0.752631554 1.028539796
v 0.499986107 -0.752631553 1.046415131
v 0.499986272 -0.771052733 1.046415117
v 0.039473891 -0.900002340 0.939284059
v 0.021052658 -0.900001651 0.939284663
v 0.173204663 -0.655794221 0.742815287
v 0.165218362 -0.645694316 0.743111296
v 0.162966114 -0.647650343 0.729794962
v 0.183553101 -0.663925288 0.743141126
v 0.168071092 -0.645277573 0.667537614
v 0.149488172 -0.645998856 0.667701997
v -0.199981635 -0.568408215 0.921428473
v -0.199986641 -0.568418434 0.903571015
v -0.050221739 -0.292048147 1.031457127
v -0.053897971 -0.273897453 1.045158170
v -0.054297476 -0.292896033 1.045107326
v 0.278824503 -0.734632348 0.688476837
v 0.297024153 -0.738342183 0.684628343
v 0.205618424 -0.198774092 0.868186096
v 0.488101541 -0.711490763 0.621944597
v 0.482657886 -0.717137789 0.631798833
v 0.496853191 -0.711943412 0.621848902
v 0.497942933 -0.698441241 0.616325751
v 0.497992420 -0.716871962 0.634558829
v -0.107892720 -0.200002016 0.867857143
v -0.034210523 -0.199998897 0.707141785
v 0.260526316 -0.384210526 0.600000000
v 0.168421052 -0.476315791 0.599999999
v 0.168421053 -0.457894737 0.600000000
v -0.199965441 -0.292107318 0.671460257
v -0.200000001 -0.402631579 0.796428570
v 0.352631553 -0.660526315 1.099999980
v 0.426280770 -0.531580605 1.099963127
v 0.407891266 -0.531582997 1.099963389
v 0.499997718 -0.421050364 0.814286268
v 0.242105263 -0.439473684 0.600000000
v 0.260526316 -0.439473684 0.600000000
v 0.500000000 -0.734210523 0.903571429
v 0.499999997 -0.734210523 0.921428572
v 0.334210523 -0.734210523 1.099999994
v 0.352631553 -0.734210523 1.099999972
v 0.352631553 -0.715789474 1.099999976
v 0.334210523 -0.715789474 1.099999997
v 0.499965442 -0.807892683 1.028539743
v 0.499934115 -0.826283466 1.028540095
v -0.015789474 -0.863705859 1.100531190
v 0.021052632 -0.734210523 1.099999997
v 0.039473684 -0.734210523 1.099999997
v 0.039473684 -0.715789474 1.100000000
v 0.021052632 -0.715789474 1.100000000
v -0.196528833 -0.203470831 1.096635393
v -0.200876665 -0.642110426 0.903900249
v -0.200547964 -0.421052632 1.064816904
v -0.201353588 -0.421052632 1.083455009
v 0.376416780 -0.408857510 0.933671031
v 0.370592766 -0.407161204 0.919812649
v 0.383875145 -0.414842203 0.945352724
v -0.182932525 -0.198646426 0.742857169
v -0.052631542 -0.899967090 1.028539808
v -0.071052534 -0.899967343 1.028540032
v 0.205610456 -0.826199480 0.829626495
v 0.205777251 -0.811960874 0.829317107
v 0.218938736 -0.812451969 0.827984327
v 0.219175854 -0.820692453 0.827746800
v 0.500000000 -0.531578947 0.796428571
v 0.500000000 -0.550000000 0.796428571
v 0.186842105 -0.200032633 0.671460205
v 0.186842105 -0.200013867 0.653584871
v -0.199967918 -0.347368662 0.671460217
v 0.094736790 -0.199998234 0.867857080
v 0.113160070 -0.199994800 0.867858557
v -0.126283466 -0.200065885 0.671459905
v -0.126284075 -0.200048555 0.653583768
v 0.463705859 -0.457894737 0.599468811
v 0.463705859 -0.476315789 0.599468811
v -0.015789392 -0.900000944 0.957142787
v -0.034211855 -0.900003514 0.957142296
v -0.199999947 -0.439473691 0.778571450
v 0.094491930 -0.638120569 0.670909281
v 0.094819625 -0.638624321 0.689708975
v -0.201353575 -0.217067476 0.957142831
v -0.201353585 -0.217067465 0.939285711
v 0.389474792 -0.900002208 0.992858217
v -0.200548113 -0.328947261 1.064816875
v -0.200548889 -0.310525102 1.064816975
v 0.205263149 -0.531579021 0.599999646
v 0.384034135 -0.667047351 0.611369350
v 0.076315789 -0.900001091 0.992858228
v 0.002631579 -0.255277024 0.600013442
v 0.021052632 -0.255277024 0.600013442
v 0.297368421 -0.826283157 1.099968366
v -0.015789474 -0.844722976 1.099986558
v 0.224645543 -0.825816813 0.815127445
v -0.163006439 -0.862929442 0.972366179
v -0.163287730 -0.845073595 0.972091389
v -0.052629930 -0.421057208 1.099963570
v 0.444722930 -0.899987333 0.903570326
v 0.444722962 -0.899986269 0.921428465
v 0.425909493 -0.435778069 1.028923119
v 0.431739656 -0.426120753 1.023793277
v 0.443883139 -0.423943658 1.028489722
v 0.438933271 -0.433274419 1.034432674
v 0.499967367 -0.494736842 0.671460205
v 0.499967367 -0.513157895 0.671460206
v 0.057894737 -0.863705859 1.100531189
v 0.057894737 -0.844722976 1.099986558
v 0.500000000 -0.586842105 0.778571428
v 0.500000000 -0.605263158 0.778571428
v 0.264768463 -0.840225498 0.747527050
v 0.264451449 -0.841216452 0.760981093
v 0.260164760 -0.826972314 0.760236127
v 0.272867244 -0.840068087 0.748381189
v 0.278637770 -0.844653198 0.761647577
v -0.182932842 -0.310525069 1.101313053
v -0.198626138 -0.734483123 0.812777396
v -0.188689034 -0.740329759 0.806757206
v 0.501706686 -0.457418528 1.064660746
v 0.500723162 -0.476329887 1.064799053
v -0.200392434 -0.421165343 0.653592003
v -0.199993029 -0.402609814 0.653585547
v 0.383805772 -0.746929960 0.676692112
v 0.389441255 -0.733652080 0.674706491
v 0.395114734 -0.739191412 0.684097358
v 0.389564892 -0.753152869 0.685790681
v -0.199997981 -0.292107280 0.939285711
v -0.199967364 -0.273716843 0.939285711
v 0.094736842 -0.200000004 0.760714289
v 0.205263158 -0.899986133 1.046415129
v 0.186842105 -0.899986133 1.046415129
v -0.107892914 -0.899985616 1.046415417
v -0.126285419 -0.899954397 1.046414086
v 0.278947368 -0.347368447 0.600000025
v 0.297368421 -0.347368447 0.600000025
v 0.352631550 -0.236294145 0.599468828
v 0.317217754 -0.498908516 1.064390169
v 0.330261069 -0.490579722 1.065034806
v 0.328712687 -0.488448468 1.051281405
v 0.463705949 -0.900548882 0.903570149
v 0.150000000 -0.457894737 0.599999999
v 0.150000000 -0.476315792 0.600000003
v 0.186842105 -0.347368447 0.600000025
v 0.186842105 -0.328947255 0.599999890
v 0.205263158 -0.328947255 0.599999890
v 0.150001794 -0.900002837 0.903563243
v 0.438957999 -0.858019731 0.784017102
v 0.440939130 -0.843304720 0.783412619
v 0.449063880 -0.844172086 0.793490514
v 0.432069461 -0.869972414 0.789926601
v -0.052631821 -0.421053523 0.599996668
v -0.052631444 -0.402631506 0.599999256
v 0.497939615 -0.897954695 0.812927055
v 0.501977681 -0.883329475 0.813304554
v 0.501787775 -0.882966668 0.831717045
v 0.497635250 -0.897604743 0.831496034
v 0.482982069 -0.901804646 0.831517262
v 0.426280832 -0.793280209 0.739092188
v 0.352631554 -0.899997958 1.010712331
v -0.125158574 -0.715452419 0.920615130
v -0.111136639 -0.715641942 0.924255543
v -0.112423740 -0.702008333 0.925348804
v 0.500965186 -0.347274107 0.814505180
v 0.501066618 -0.346846549 0.832596876
v 0.039473684 -0.899997984 1.010712330
v 0.150336222 -0.641545513 0.724494766
v 0.154980550 -0.636698862 0.741994906
v 0.146537069 -0.626330303 0.742413278
v 0.145912607 -0.628416935 0.729609343
v -0.197673973 -0.678943932 1.097520032
v -0.197682659 -0.660534782 1.097526655
v -0.182951840 -0.678950285 1.101330729
v 0.499969099 -0.715712984 0.707213371
v 0.463705859 -0.439473684 0.599468811
v 0.192170722 -0.729337847 0.766376636
v 0.189486387 -0.734375956 0.778785901
v 0.186777379 -0.716222953 0.778548859
v 0.191103184 -0.715321864 0.765066974
v 0.201745732 -0.734591267 0.760064770
v 0.199047867 -0.740391736 0.772916535
v 0.200312067 -0.716649481 0.757008560
v 0.291890781 -0.279598450 0.880147938
v 0.284573896 -0.268404158 0.873592422
v 0.278532229 -0.274126770 0.882599684
v 0.279945856 -0.287765846 0.889982279
v 0.315789481 -0.568422782 0.599999653
v 0.315789482 -0.550000469 0.599999430
v 0.334210508 -0.550000524 0.599999414
v 0.334210539 -0.568420086 0.600001573
v 0.497396816 -0.550000011 0.602523137
v 0.501353606 -0.549999988 0.616545014
v 0.482932507 -0.549999980 0.598687424
v -0.200000000 -0.384210526 0.850000000
v 0.389475546 -0.623838332 0.599701301
v -0.103446932 -0.696414955 0.956908252
v -0.109783965 -0.696845604 0.937648863
v 0.371052745 -0.900001219 0.992858215
v 0.499913854 -0.421101002 0.885677546
v 0.184094534 -0.677853883 0.793442725
v 0.182813861 -0.665290767 0.791807630
v -0.015790998 -0.476316686 0.600002355
v 0.315789474 -0.715789474 1.100000001
v 0.334210523 -0.697368421 1.099999997
v 0.315789474 -0.697368421 1.100000002
v 0.497396003 -0.807892315 1.097475717
v 0.497381657 -0.826280826 1.097461811
v 0.482925765 -0.826278820 1.101291284
v 0.482933265 -0.807892404 1.101309797
v 0.316006453 -0.366372273 0.921014600
v 0.333741177 -0.369776395 0.917220443
v 0.319656409 -0.384228715 0.925334093
v 0.333811862 -0.384583688 0.920680185
v -0.196792874 -0.638527565 0.957080261
v -0.197236881 -0.639264416 0.975541377
v -0.182251526 -0.642341927 0.956768206
v -0.182839945 -0.643361814 0.975624331
v 0.278947369 -0.199452036 0.635183099
v -0.201725006 -0.734221052 1.083297905
v -0.202043130 -0.715791084 1.083092444
v 0.297368421 -0.752631553 1.099999975
v 0.315789474 -0.752631553 1.099999976
v 0.315789474 -0.734210523 1.099999997
v 0.297368421 -0.734210523 1.099999997
v -0.182932535 -0.198646412 0.814285714
v -0.052631552 -0.897396796 1.097476486
v -0.071052754 -0.897396861 1.097476549
v -0.052631552 -0.882932525 1.101312139
v -0.071052765 -0.882932529 1.101312248
v -0.070929306 -0.347409656 1.100475970
v -0.052171067 -0.347210882 1.101069192
v -0.051908185 -0.328273309 1.101290817
v -0.070586123 -0.328826133 1.101099725
v -0.177030981 -0.710885006 0.809344144
v -0.177920916 -0.701965417 0.809071775
v -0.168619428 -0.703170808 0.809637845
v 0.495542860 -0.767644820 0.675305458
v 0.501463845 -0.753853089 0.688347026
v 0.497267217 -0.768992605 0.688565825
v 0.482587486 -0.768697659 0.674333663
v 0.482775245 -0.772680299 0.688084379
v 0.500000000 -0.550000000 0.850000000
v 0.500000001 -0.531578948 0.867857144
v 0.500000002 -0.550000000 0.867857143
v -0.199999950 -0.347368449 0.742857166
v 0.094724229 -0.200060308 0.939254347
v 0.113128179 -0.200062159 0.939245985
v -0.015789485 -0.899997977 1.010712323
v -0.015789475 -0.899967382 1.028539794
v -0.034210536 -0.899967354 1.028539783
v -0.200000000 -0.439473684 0.850000000
v -0.034210523 -0.200013870 0.653584870
v 0.389474898 -0.900548888 1.064816975
v 0.338567230 -0.480467686 1.064348465
v 0.334800264 -0.476430302 1.046069250
v 0.353087963 -0.476637149 1.064491972
v 0.352274814 -0.472574980 1.050211097
v 0.242102560 -0.899998427 0.885727576
v 0.223682769 -0.899994546 0.885687489
v 0.076315789 -0.900547964 1.064816904
v 0.371070248 -0.623997144 0.599543856
v 0.334412776 -0.901329028 0.795797790
v 0.315695670 -0.901313313 0.795833274
v 0.444722963 -0.899986272 0.975000098
v 0.444722926 -0.899987307 0.992858197
v -0.034210523 -0.292107280 0.600001958
v -0.034210523 -0.273716843 0.600031637
v -0.015789474 -0.273716843 0.600031633
v -0.015789474 -0.292107280 0.600001954
v 0.497622174 -0.202377825 0.635088841
v 0.497385777 -0.202614222 0.653576929
v 0.482975017 -0.198190242 0.635135290
v 0.389474174 -0.568419146 1.100003205
v 0.389472977 -0.549999365 1.099984013
v -0.200698311 -0.476301196 0.688899246
v -0.199984055 -0.476289804 0.707136794
v -0.199977320 -0.457890986 0.707163988
v -0.089474873 -0.439473732 1.100002342
v 0.076315754 -0.568421119 1.100000809
v 0.076316369 -0.549998497 1.100003470
v 0.500000113 -0.513157895 0.724999890
v 0.499999974 -0.494736842 0.742857168
v 0.499999975 -0.513157895 0.742857168
v 0.500000000 -0.586842105 0.850000000
v 0.500000000 -0.605263158 0.850000000
v -0.034220665 -0.421079491 1.099935216
v -0.182895179 -0.623681221 1.101313245
v -0.199998861 -0.421052822 0.724998699
v -0.200987140 -0.825781021 1.009988073
v 0.265769746 -0.378726928 0.944492554
v 0.279091254 -0.365842451 0.939123685
v 0.260856615 -0.365877195 0.942138649
v 0.223925760 -0.435453948 0.960353510
v 0.224554527 -0.421360855 0.952920160
v -0.199999088 -0.292107278 0.992858215
v -0.199996025 -0.292107309 1.010712303
v -0.199965442 -0.273716897 1.010712294
v 0.500516545 -0.863705746 1.028538727
v -0.034210661 -0.476315569 1.100001909
v 0.356871141 -0.269049339 0.799968192
v 0.365262575 -0.269217421 0.800380234
v 0.370197904 -0.255547399 0.798584910
v 0.352304905 -0.256166375 0.798334965
v -0.143780927 -0.640968357 1.011474222
v -0.143373939 -0.640144288 1.029186066
v -0.148641776 -0.626924199 1.023587572
v -0.148685725 -0.627217233 1.015908910
v -0.130165109 -0.646279100 1.015376353
v -0.129998890 -0.646604750 1.024971524
v 0.444722977 -0.899986103 0.957142835
v 0.497396860 -0.328947245 0.602523452
v 0.497397340 -0.310525166 0.602522987
v 0.501354222 -0.310525094 0.616544646
v 0.501353687 -0.328947235 0.616544997
v 0.482932529 -0.328947235 0.598687752
v 0.482932891 -0.310525094 0.598687234
v 0.407835072 -0.825191245 0.776548636
v 0.426258864 -0.824811473 0.779488555
v 0.242105263 -0.384210526 0.600000000
v -0.103095036 -0.869344164 0.854595268
v -0.089763575 -0.863484675 0.852619520
v 0.150729218 -0.347882578 0.960543795
v 0.146400275 -0.328685821 0.971227841
v 0.145139884 -0.342488701 0.969802455
v 0.137755553 -0.353248773 0.963702233
v 0.132147404 -0.347054406 0.972338586
v 0.132388823 -0.329338787 0.978847813
v 0.407892721 -0.513157878 0.600001979
v 0.407892721 -0.494736842 0.600001956
v 0.426283157 -0.494736843 0.600031635
v 0.426283156 -0.513157891 0.600031654
v 0.298349243 -0.510898009 1.063994114
v 0.094736852 -0.513158477 0.599998015
v 0.094736901 -0.494736873 0.599999987
v 0.113157902 -0.494736815 0.600000103
v 0.113157963 -0.513158208 0.599999512
v 0.407969047 -0.370266984 0.899855790
v 0.426033618 -0.368481800 0.903242193
v 0.407822951 -0.384832276 0.905955802
v 0.420904026 -0.379158528 0.908866201
v 0.226735701 -0.679754568 0.635054238
v 0.241320559 -0.683077863 0.634962697
v 0.352631550 -0.900547946 1.064816900
v 0.352631552 -0.901353574 1.083454998
v -0.089463872 -0.439445723 0.600064533
v -0.089477682 -0.421050648 0.600020784
v -0.071054337 -0.421054792 0.600000778
v -0.071053616 -0.439468221 0.600037069
v 0.260416492 -0.454835204 0.993320864
v 0.260041439 -0.462335425 1.007134694
v 0.259924741 -0.471696404 1.015584694
v 0.039473684 -0.901353588 1.083455009
v 0.407892720 -0.642105262 1.099998048
v 0.131578947 -0.900001082 0.992858228
v 0.137244669 -0.628411606 0.730227083
v 0.132164490 -0.626562179 0.742569617
v 0.094736842 -0.642105262 1.100000001
v 0.278947368 -0.771052745 1.100000110
v 0.278947368 -0.752631553 1.099999975
v 0.260526316 -0.752631553 1.099999975
v -0.196767763 -0.896326153 0.978985522
v -0.198083402 -0.897780673 0.992099104
v -0.202181011 -0.883162711 0.991703981
v -0.197993921 -0.882911575 0.977818192
v -0.183090621 -0.898318293 0.974080079
v -0.183412911 -0.901701446 0.991928881
v -0.183161843 -0.882923697 0.971280834
v 0.376349403 -0.795441450 0.719200592
v 0.389476700 -0.900016871 0.849966364
v 0.371053170 -0.899998202 0.850011242
v -0.112570691 -0.665698453 0.998759700
v -0.109851009 -0.663473416 1.011683014
v -0.124272562 -0.656582666 1.011226917
v 0.039473684 -0.826283157 1.099968366
v 0.207182446 -0.655754875 0.653874113
v 0.200815683 -0.645478494 0.648773460
v 0.220038614 -0.664224629 0.653806111
v 0.094736842 -0.697368421 1.100000000
v 0.500004761 -0.697370094 0.760713690
v 0.057894737 -0.199452036 0.635183096
v 0.132650271 -0.622379746 0.761155736
v 0.114549668 -0.619214634 0.761107477
v -0.034210523 -0.200000003 0.832142857
v 0.266028519 -0.710017771 0.677258134
v 0.259940460 -0.715180961 0.686446741
v 0.255040477 -0.703040123 0.683731467
v 0.279109088 -0.715499035 0.674469513
v 0.273211391 -0.721028555 0.683547064
v 0.118504447 -0.471330427 1.033146282
v 0.131126962 -0.474030603 1.028681417
v 0.371053440 -0.605320319 0.599956847
v 0.389475221 -0.605240195 0.600001380
v 0.371052739 -0.900548113 1.064816874
v -0.052634680 -0.899991904 0.957141060
v 0.076336660 -0.639004432 0.690018853
v 0.090451678 -0.628875811 0.693699875
v 0.081425123 -0.628942315 0.694856503
v 0.500530747 -0.513159442 1.064819610
v 0.444722972 -0.568421515 0.600014608
v -0.200000110 -0.328947255 0.939285711
v 0.444734395 -0.623657372 0.599747210
v 0.444834635 -0.642165350 0.599516605
v -0.196216096 -0.636462535 1.033515976
v -0.198092733 -0.642101360 1.046091573
v -0.182396716 -0.637228139 1.032333526
v -0.182513903 -0.646140599 1.042503569
v -0.182378935 -0.627218454 1.024775102
v 0.223684211 -0.863705859 1.100531189
v 0.131714683 -0.643768633 0.602228211
v 0.131863383 -0.646720866 0.616682718
v 0.131287291 -0.624587378 0.598445877
v 0.278947368 -0.734210523 1.099999997
v 0.297368421 -0.715789474 1.100000001
v 0.278947368 -0.715789474 1.100000001
v -0.182932535 -0.198646412 0.885714286
v 0.499971381 -0.660445661 0.653641869
v 0.210506313 -0.268548413 0.908143266
v 0.209279121 -0.255111083 0.906773799
v -0.015576754 -0.383732847 1.101058660
v 0.499974073 -0.752580494 0.760763557
v 0.500556394 -0.771136695 0.760754964
v 0.148793536 -0.480678725 1.028535909
v -0.163705868 -0.513157895 1.100531189
v -0.144722976 -0.513157895 1.099986558
v 0.039472629 -0.200027538 0.939269597
v -0.200000000 -0.439473684 0.921428572
v -0.034210523 -0.199999890 0.724999890
v -0.199965603 -0.531579373 1.028539824
v 0.499985615 -0.476312060 0.939288923
v -0.126283152 -0.200032635 0.921428582
v 0.500548005 -0.568421072 1.064816893
v 0.334210086 -0.900000436 0.867854459
v 0.315788307 -0.900001486 0.867853548
v -0.145120007 -0.793309005 0.868395660
v 0.021021142 -0.900537186 0.867340172
v 0.002632433 -0.900524086 0.867336322
v -0.144723812 -0.899969156 1.046410576
v -0.003409237 -0.635150841 0.767140793
v 0.002673570 -0.637895838 0.779837871
v -0.016512188 -0.638278481 0.761263682
v 0.304537616 -0.502720850 1.058297318
v 0.311732298 -0.509199166 1.069097227
v 0.260526316 -0.273716843 0.600031634
v 0.260526316 -0.255277024 0.600013442
v 0.278947368 -0.273716843 0.600031634
v 0.352238692 -0.440153649 0.974235061
v 0.353484947 -0.444013545 0.988281294
v 0.365905779 -0.452223024 0.997904632
v 0.186842105 -0.439473684 0.600000000
v 0.205263158 -0.439473684 0.600000000
v 0.371077980 -0.531625026 1.099985046
v 0.496265218 -0.297093112 0.827692284
v 0.483058577 -0.287760830 0.819300602
v 0.482935056 -0.296011445 0.828878474
v -0.126577952 -0.458421545 0.598703515
v -0.126259191 -0.439483024 0.599712914
v -0.107845409 -0.439429074 0.600031090
v -0.107868375 -0.458033814 0.599486345
v 0.463689887 -0.901135040 0.831578464
v 0.500000000 -0.605263158 0.903571429
v 0.500000000 -0.586842105 0.921428572
v 0.500000000 -0.605263158 0.921428572
v 0.334210431 -0.605262390 1.100002119
v 0.352631648 -0.605262860 1.100000547
v 0.352631283 -0.586840264 1.100001963
v 0.334208892 -0.586841095 1.100002073
v 0.312700112 -0.217645408 0.814097257
v 0.310214766 -0.223403653 0.826364993
v 0.303522716 -0.211772232 0.819969480
v 0.301708928 -0.236827993 0.836097132
v -0.197396809 -0.202603191 0.814285714
v 0.499967367 -0.678947368 1.028539795
v 0.499967367 -0.697368421 1.028539795
v -0.015789474 -0.734210523 1.099999997
v 0.021052631 -0.605263158 1.100000000
v 0.039473684 -0.605263157 1.100000006
v 0.039473689 -0.586842096 1.099999998
v 0.021052632 -0.586842104 1.100000011
v -0.199999966 -0.421052634 0.778571450
v -0.199999996 -0.421052631 0.796428571
v -0.201312544 -0.826277519 1.083450925
v 0.113390564 -0.255690111 1.008746763
v 0.107583578 -0.268491023 1.006055356
v 0.094765333 -0.270122944 1.007414632
v 0.094770891 -0.255960286 1.011251672
v -0.200000029 -0.513157867 0.903571429
v -0.199999987 -0.494736833 0.903571428
v -0.122180863 -0.808684674 0.922176726
v -0.122479767 -0.808065905 0.903715884
v -0.113026019 -0.812350264 0.898845606
v -0.113489332 -0.820672905 0.898303251
v -0.200544648 -0.292106834 1.064817731
v -0.201351156 -0.292107594 1.083455705
v -0.201332062 -0.273721177 1.083448430
v 0.169183208 -0.840295367 0.837113702
v 0.168896692 -0.848412573 0.846886901
v 0.168781024 -0.826205115 0.832830686
v 0.352517453 -0.696408564 0.657506015
v -0.107195794 -0.601095449 0.725614825
v -0.107554409 -0.608277229 0.739714454
v 0.444724113 -0.899951445 1.028540685
v -0.162619360 -0.625801722 1.024500245
v 0.499999046 -0.310525212 0.689287635
v 0.187359760 -0.643629275 0.654170154
v 0.181902794 -0.647026066 0.666122706
v -0.201332061 -0.217074235 0.671464409
v 0.499984363 -0.255276825 0.689287817
v 0.497396860 -0.771052755 1.097476548
v 0.497397340 -0.789474834 1.097477013
v 0.328897257 -0.674099579 0.604513166
v 0.334223161 -0.661377750 0.601999580
v 0.339625617 -0.667027380 0.611384168
v 0.334198295 -0.676407236 0.617271691
v 0.315562646 -0.675999514 0.602583941
v 0.316067818 -0.679849920 0.616101821
v 0.316079160 -0.661867215 0.598795144
v 0.205263158 -0.421052632 0.600000000
v 0.205263158 -0.402631579 0.600000000
v 0.371052750 -0.531579042 0.599999741
v 0.371052745 -0.513157896 0.599999895
v 0.389474790 -0.513157884 0.599998943
v 0.389474791 -0.531579019 0.599998884
v -0.140516078 -0.582481593 0.675157111
v -0.139670661 -0.581809008 0.684097540
v -0.145187730 -0.568641334 0.674546448
v -0.131379411 -0.569593914 0.667363470
v 0.131578947 -0.900547964 1.064816904
v 0.463705746 -0.826282056 1.100500732
v 0.463706712 -0.807893166 1.100527975
v -0.197623042 -0.897620605 1.064913345
v -0.201810874 -0.882973927 1.064867364
v -0.182975773 -0.901808155 1.064865438
v 0.113889576 -0.333022251 0.980059855
v 0.113599062 -0.324618454 0.989521260
v 0.094575324 -0.324602907 0.989284863
v 0.113527056 -0.310797785 0.990104499
v 0.094773517 -0.310373166 0.993206312
v 0.150000000 -0.826283157 1.099968366
v 0.168421053 -0.826283157 1.099968366
v 0.168421053 -0.807892720 1.099998045
v 0.150000000 -0.807892720 1.099998045
v -0.055686132 -0.292328255 1.097493259
v -0.051458920 -0.309661254 1.098382392
v 0.389474790 -0.900001229 0.921428487
v 0.371052745 -0.900000188 0.921428524
v 0.219573761 -0.491302510 1.010288392
v 0.226513875 -0.476822394 1.010810816
v 0.076315218 -0.899980775 0.921442911
v 0.076315789 -0.660526316 1.100000000
v -0.089509947 -0.347397935 1.099971509
v -0.089455337 -0.328979073 1.100162260
v 0.499967367 -0.365789477 0.671460207
v 0.499967369 -0.384210526 0.671460205
v -0.182905014 -0.734210218 1.101328329
v 0.057894737 -0.734210523 1.099999997
v 0.057894737 -0.715789474 1.100000000
v -0.020390774 -0.292030641 1.024133745
v -0.016638358 -0.310769501 1.025281733
v -0.035277789 -0.310871271 1.030505787
v -0.036089269 -0.292487845 1.027697578
v 0.407895216 -0.899999428 0.849963130
v -0.200149292 -0.623676071 0.832160389
v -0.200308150 -0.605253294 0.814287779
v -0.029052746 -0.728663795 0.820532431
v -0.034747664 -0.733418414 0.830887233
v -0.039181919 -0.721546436 0.827448646
v -0.015079106 -0.729843578 0.818976961
v -0.199983648 -0.292107033 0.653584656
v -0.199951445 -0.273715925 0.653583768
v 0.500000000 -0.642105263 0.850000000
v 0.297368421 -0.217067465 0.598687848
v 0.260522982 -0.509820301 1.049146930
v 0.463705828 -0.328947261 0.599468666
v 0.463705855 -0.347368450 0.599468828
v 0.150000000 -0.328947255 0.599999890
v 0.150000000 -0.347368447 0.600000025
v 0.017185789 -0.369885402 1.064479240
v 0.025449197 -0.379806091 1.064987790
v 0.006690768 -0.361728166 1.064640067
v 0.149982863 -0.199688524 0.903562007
v -0.052631554 -0.292107280 0.600001979
v -0.052631554 -0.273716842 0.600031660
v 0.057668488 -0.626412294 0.707479696
v 0.039956650 -0.623091290 0.707303683
v 0.444750662 -0.475966537 1.100463135
v 0.352631553 -0.255277023 0.600013468
v -0.034210528 -0.384210525 0.600000087
v 0.499964495 -0.771055663 0.814284420
v 0.500003778 -0.752631750 0.832142421
v 0.500001211 -0.771055333 0.832139316
v 0.297368421 -0.899997984 1.010712331
v 0.131850659 -0.475781467 1.098282169
v 0.499986115 -0.844722975 0.939285723
v 0.278895545 -0.679499942 0.616699261
v 0.278902102 -0.682240219 0.635528331
v 0.260294253 -0.682548338 0.635291227
v 0.284860729 -0.341695551 0.927122842
v 0.273997761 -0.333956151 0.934502248
v 0.278932312 -0.347408395 0.936747649
v 0.117419408 -0.674426972 0.800564154
v 0.113633346 -0.679651356 0.810380045
v 0.109297920 -0.660573466 0.809881167
v 0.117459353 -0.660523474 0.800209411
v 0.125877462 -0.673877734 0.801235689
v 0.131342708 -0.660579155 0.799765582
v 0.135744648 -0.666804385 0.808679671
v 0.131325043 -0.679014647 0.810765696
v 0.444722378 -0.531580183 1.099986839
v -0.197496068 -0.678789251 0.798776154
v -0.201374254 -0.678946528 0.812956837
v -0.201191030 -0.660515045 0.813609529
v -0.197401466 -0.660389028 0.799395137
v -0.182681694 -0.660195685 0.795855956
v -0.182874508 -0.678238758 0.795420067
v 0.021731066 -0.202341243 1.012218298
v 0.039925238 -0.202762849 1.007947601
v 0.021665024 -0.217438004 1.014891243
v 0.039900832 -0.217453459 1.011954295
v 0.113159196 -0.550002563 1.099988584
v 0.131582451 -0.550010986 1.099970740
v 0.131565569 -0.531613305 1.099955031
v 0.113153820 -0.531610137 1.099952917
v -0.200001106 -0.439473684 0.992858215
v -0.197398574 -0.549999994 1.097476538
v -0.197396712 -0.531578899 1.097476552
v -0.182932436 -0.549999927 1.101312226
v -0.182932377 -0.531578943 1.101312154
v -0.126281413 -0.200026481 0.992859669
v 0.315789475 -0.899999942 0.939285708
v -0.125567693 -0.734073528 0.917715175
v 0.002631640 -0.900001293 0.939284790
v -0.071340960 -0.770962779 0.828995554
v 0.131297576 -0.641546030 0.653858107
v 0.149619035 -0.291801840 0.971167641
v 0.146148219 -0.310393470 0.970470034
v 0.407867426 -0.771790445 0.692115255
v 0.425773428 -0.767277351 0.693041023
v 0.407963688 -0.752663717 0.688642524
v 0.497396809 -0.421052632 0.602523502
v 0.482932535 -0.421052632 0.598687848
v 0.407892652 -0.200017848 0.707127990
v 0.426283618 -0.200046120 0.707135754
v 0.223684211 -0.292107280 0.600001955
v 0.223684211 -0.273716843 0.600031634
v 0.242105263 -0.273716843 0.600031634
v 0.242105263 -0.292107280 0.600001955
v 0.501363980 -0.734835375 0.688932260
v 0.500587524 -0.734331061 0.707168527
v 0.482442349 -0.400806793 1.007986240
v 0.487747668 -0.386903729 1.006478657
v 0.487693147 -0.386646816 0.999401139
v 0.495795435 -0.387283927 0.999340585
v 0.495633125 -0.386872774 1.006366869
v 0.496412626 -0.400200543 1.007450618
v 0.260526266 -0.200002090 0.689287558
v 0.499991594 -0.807823601 0.814359539
v 0.500336900 -0.826258017 0.814276681
v 0.500000115 -0.605263158 0.975000110
v 0.500001094 -0.586842105 0.992858214
v 0.500001106 -0.605263158 0.992858215
v 0.094760520 -0.605883375 0.599346479
v 0.113059388 -0.605682783 0.599085964
v -0.015789474 -0.347368446 0.600000024
v -0.197396809 -0.202603191 0.885714286
v 0.168425951 -0.899987386 0.903616739
v 0.497396809 -0.678947368 1.097476498
v 0.497396809 -0.697368421 1.097476498
v 0.482932535 -0.697368421 1.101312152
v 0.482932535 -0.678947368 1.101312152
v 0.450053284 -0.322753158 0.837687368
v 0.463925409 -0.324716343 0.836293484
v 0.463462533 -0.310595938 0.832162775
v 0.247147885 -0.895881775 0.800544104
v 0.245734662 -0.897074087 0.814659635
v 0.239153130 -0.882591207 0.814047957
v 0.467726565 -0.434943078 1.015560455
v 0.476812224 -0.434822904 1.016695573
v 0.481666006 -0.420932598 1.014383703
v 0.462532684 -0.421115781 1.010779172
v -0.157966836 -0.471575607 0.603575702
v -0.159095182 -0.472445521 0.617214703
v -0.167480183 -0.462465954 0.617103663
v -0.163899285 -0.458659360 0.601584792
v -0.145542035 -0.477497836 0.601348587
v -0.149344943 -0.480983914 0.616830741
v -0.145405352 -0.458953242 0.598684502
v -0.200000539 -0.513158067 0.975000100
v -0.200000064 -0.494736821 0.975000103
v -0.083862773 -0.544563989 0.605001630
v -0.089666446 -0.550215935 0.617002117
v -0.093606971 -0.532289127 0.613197615
v -0.085855009 -0.531081539 0.602874227
v -0.077593842 -0.555520984 0.611070423
v 0.242105263 -0.752631553 1.099999975
v -0.071052745 -0.771052745 1.100000220
v -0.052631553 -0.771052745 1.100000085
v -0.052631553 -0.752631553 1.099999951
v -0.071052745 -0.752631553 1.100000085
v -0.149820419 -0.748583687 0.801097462
v -0.149931754 -0.740303175 0.801456337
v -0.144486140 -0.753495248 0.810447670
v -0.162502858 -0.748891929 0.799209852
v -0.163108453 -0.756979325 0.809067341
v -0.162811506 -0.735318306 0.798709071
v -0.002230905 -0.260013757 1.023649119
v -0.002480400 -0.268235298 1.024020137
v 0.002631579 -0.734210523 1.099999997
v 0.002631579 -0.715789474 1.100000000
v 0.002971177 -0.698354918 0.811152255
v 0.439272265 -0.316100675 0.844131026
v 0.444735470 -0.325849530 0.849815039
v 0.425737302 -0.314373944 0.846266159
v 0.427030902 -0.324328608 0.854046600
v 0.113157895 -0.200013867 0.653584871
v -0.201353574 -0.217067475 0.742857169
v -0.200001106 -0.310525210 0.850000000
v 0.187466836 -0.826358643 0.832741852
v 0.500155214 -0.255295327 0.760719296
v 0.496979192 -0.350035094 0.886372030
v 0.483083201 -0.350023404 0.885948072
v 0.156571637 -0.653680659 0.785098764
v 0.150223199 -0.659581235 0.797593618
v 0.153947708 -0.640812738 0.779440265
v 0.169670550 -0.656572386 0.779326231
v 0.169280423 -0.663614362 0.793555160
v 0.163440954 -0.647181125 0.774093004
v 0.371052745 -0.494736840 0.599999894
v 0.328535033 -0.204822218 0.790893651
v 0.333656943 -0.218285650 0.793086065
v 0.315442612 -0.202347170 0.796208343
v 0.319572815 -0.217496032 0.800297073
v 0.039473684 -0.217067465 0.598687848
v 0.075915275 -0.328590533 0.989291886
v 0.071472834 -0.346895671 0.987811279
v 0.057590920 -0.347649189 0.995257230
v -0.107510893 -0.660504010 0.781034349
v 0.229198841 -0.527479764 1.068060247
v 0.223839610 -0.516486901 1.082411391
v 0.229805542 -0.527137881 1.077240460
v 0.278947368 -0.826283157 1.099968366
v 0.058199578 -0.438929544 1.101338841
v 0.077298257 -0.438348473 1.101449051
v 0.077483736 -0.419628432 1.098513474
v 0.499999964 -0.384210551 0.724999814
v 0.500002569 -0.365789317 0.742857958
v 0.500000819 -0.384210609 0.742857078
v 0.356599482 -0.383989215 0.907137239
v 0.347003495 -0.371114572 0.915823858
v 0.348337380 -0.384993074 0.916627961
v 0.500001974 -0.457894280 0.849999920
v 0.463708611 -0.198855140 0.761246640
v 0.482989469 -0.198189577 0.761342966
v -0.199998094 -0.292107278 0.724999889
v -0.199967479 -0.273716842 0.724999890
v 0.057894737 -0.899997983 1.010712330
v 0.499967364 -0.734210523 1.028539795
v 0.334420255 -0.310126760 0.870940659
v 0.333938709 -0.292652506 0.864716371
v -0.026905232 -0.340790820 1.088591397
v -0.037030723 -0.328324608 1.097216147
v -0.033908423 -0.346843900 1.098417214
v 0.002631579 -0.200000025 0.742857168
v 0.021052632 -0.200000025 0.742857168
v -0.200000176 -0.550001103 0.903571454
v 0.167747955 -0.492305372 1.028751190
v 0.297370088 -0.899971672 0.867857145
v 0.151476376 -0.198180901 0.976011069
v 0.407892720 -0.384210526 0.600001954
v 0.407892720 -0.365789477 0.600001958
v 0.426283157 -0.365789477 0.600031637
v 0.426283157 -0.384210526 0.600031633
v 0.056997378 -0.619598304 0.779009251
v 0.371033329 -0.384659851 0.902571413
v 0.370832300 -0.365667631 0.900576412
v 0.352889975 -0.900844432 0.795827403
v 0.168421053 -0.439473684 0.600000000
v 0.497396796 -0.347368448 0.602523514
v 0.501353574 -0.347368448 0.616545002
v 0.482932525 -0.347368448 0.598687861
v 0.297368421 -0.901353588 1.083455009
v -0.144849021 -0.439735113 0.599073455
v -0.162944341 -0.730600261 1.043402237
v -0.162894767 -0.716590287 1.047023972
v 0.499983650 -0.844723196 1.010712570
v 0.500544648 -0.863706712 1.010712763
v 0.426283054 -0.513185698 1.099905727
v 0.407914489 -0.513209272 1.099914958
v -0.200082434 -0.678960264 0.867912968
v -0.200988741 -0.679023509 0.886204062
v -0.200690519 -0.660558124 0.886116572
v 0.094734903 -0.531587040 1.099961895
v 0.094712359 -0.513206185 1.099943182
v -0.071052755 -0.402632231 0.599997027
v 0.266281885 -0.285843730 0.892140093
v 0.254979503 -0.279849097 0.897650736
v 0.260397632 -0.292667210 0.900170302
v 0.260526371 -0.642105253 1.100000328
v 0.278947341 -0.642105286 1.100000506
v 0.278947473 -0.623684064 1.099999719
v 0.260526483 -0.623683834 1.099998121
v 0.113349201 -0.198364938 0.994201367
v 0.132650813 -0.198151219 0.994435545
v 0.081931208 -0.268295262 1.005413733
v 0.076264930 -0.255173923 1.007986466
v 0.499968520 -0.789474767 1.028539772
v 0.210819351 -0.857783504 0.819597608
v 0.209519534 -0.844615541 0.818521916
v 0.218582438 -0.869313720 0.826322196
v 0.039473684 -0.697368421 1.100000000
v 0.021052632 -0.697368421 1.100000000
v 0.186842105 -0.826283157 1.099968366
v 0.205263158 -0.807892720 1.099998045
v 0.186842105 -0.807892720 1.099998045
v 0.094736895 -0.568420281 1.100001704
v 0.094737617 -0.549997471 1.099998289
v 0.130418819 -0.733766000 0.830457281
v -0.200521169 -0.384190930 0.635183359
v -0.102767194 -0.801831103 0.837083387
v -0.108087165 -0.789862584 0.831127393
v -0.088967483 -0.803527141 0.836249149
v -0.089768689 -0.811746516 0.845815489
v -0.089891043 -0.789548508 0.832115821
v 0.499967367 -0.421052632 0.671460205
v 0.407896366 -0.202017460 0.779537605
v 0.425983022 -0.198687710 0.779933030
v 0.499963438 -0.826284890 0.867853928
v 0.499999081 -0.807892673 0.885714311
v 0.499969327 -0.826283579 0.885713308
v -0.197396797 -0.202603203 0.957142831
v -0.197396807 -0.202603193 0.939285711
v 0.246690857 -0.803337195 0.761598132
v 0.245950013 -0.807358910 0.779028023
v 0.256023876 -0.812025211 0.760405443
v 0.255192241 -0.812881612 0.773940261
v 0.150000000 -0.439473684 0.600000000
v 0.458655376 -0.434472269 1.083651937
v 0.467377364 -0.423024012 1.083465524
v 0.482484415 -0.418247955 1.083530174
v -0.201100161 -0.734297522 0.868151003
v -0.200563586 -0.715683643 0.867838888
v 0.444722976 -0.494736842 0.600013443
v 0.444722975 -0.513157896 0.600013446
v -0.199967705 -0.513157886 1.028539785
v -0.199986654 -0.513157887 1.046415092
v -0.199986180 -0.494736839 1.046415131
v -0.052630874 -0.900189897 0.885741097
v -0.071415789 -0.900911806 0.885620438
v 0.076211393 -0.310489412 0.992857569
v 0.500547961 -0.549999979 0.635183188
v 0.499986133 -0.531578949 0.653584865
v 0.499986118 -0.549999999 0.653584879
v 0.205263158 -0.789474790 1.100001072
v 0.223684211 -0.789474790 1.100001072
v 0.223684211 -0.771052745 1.100000110
v 0.205263158 -0.771052745 1.100000110
v -0.030133435 -0.677926353 0.811502795
v -0.107892721 -0.789474790 1.099999114
v -0.089474793 -0.789474792 1.100002140
v -0.089474791 -0.771052745 1.100001181
v -0.107892714 -0.771052746 1.099998154
v -0.163705894 -0.384210525 1.100531098
v -0.144723049 -0.384210583 1.099986728
v -0.144722696 -0.365789558 1.099987671
v -0.163705926 -0.365789508 1.100531101
v -0.196893925 -0.454090109 0.635489390
v -0.201550141 -0.440043556 0.635181514
v -0.181967774 -0.457902183 0.635961939
v -0.182254905 -0.863614300 0.974568849
v -0.169755718 -0.876958083 0.969124460
v -0.200000114 -0.328947255 0.921428572
v -0.200001106 -0.310525210 0.921428572
v 0.502045176 -0.438078258 1.064298598
v 0.020918900 -0.697939399 0.811229600
v 0.026664484 -0.684329562 0.808696531
v -0.138332388 -0.672446573 0.932324504
v -0.144081722 -0.662472096 0.937992904
v -0.125420925 -0.677487109 0.938002907
v -0.131752086 -0.665674204 0.943356128
v 0.463078254 -0.363460865 0.884930115
v -0.182162724 -0.605741763 0.745205381
v -0.163174488 -0.605652291 0.739479417
v 0.186842105 -0.310525210 0.599998928
v 0.205263158 -0.310525210 0.599998928
v -0.145077213 -0.901193759 0.974597531
v -0.164504286 -0.901219680 0.973854356
v 0.500548332 -0.586842687 0.635181405
v 0.500545625 -0.605265358 0.635179985
v -0.126283153 -0.328947215 0.600031570
v -0.126283134 -0.310525234 0.600030528
v -0.107892722 -0.310525212 0.600000883
v -0.107892723 -0.328947251 0.600001892
v -0.052631538 -0.384210462 0.600000197
v 0.499964259 -0.457886775 0.921429426
v 0.499989327 -0.476313497 0.921428794
v 0.445001707 -0.362065106 0.903841426
v 0.260526316 -0.292107280 0.600001955
v 0.278947368 -0.292107280 0.600001955
v 0.297368204 -0.605262553 1.099996790
v 0.297374114 -0.586848542 1.099959294
v -0.199997984 -0.292107280 0.778571428
v -0.199997984 -0.292107280 0.796428571
v -0.199967367 -0.273716843 0.796428571
v 0.501407801 -0.864073103 0.813540181
v -0.202327171 -0.697264062 1.082988885
v -0.200000000 -0.384210526 0.903571429
v -0.199999997 -0.365789477 0.903571429
v 0.205283358 -0.899986222 0.885703165
v 0.205266139 -0.899939448 0.903603216
v 0.186850889 -0.899941898 0.903626510
v 0.057894737 -0.901353588 1.083455009
v 0.002631579 -0.200000000 0.814285714
v 0.021052632 -0.200000000 0.814285714
v 0.497953196 -0.402244044 0.939587193
v 0.500872610 -0.421294476 0.939221214
v 0.151060721 -0.700821973 0.830168479
v 0.297368424 -0.899999946 0.939285746
v 0.161898688 -0.483297057 1.023001918
v 0.154871560 -0.490116042 1.032964428
v 0.302525961 -0.249786964 0.837972531
v -0.144630821 -0.738341092 0.907545597
v -0.131431930 -0.739940051 0.909334913
v -0.143530554 -0.730152415 0.917221994
v -0.144185591 -0.715488252 0.920827218
v -0.197571153 -0.642099326 1.097490217
v 0.187468858 -0.696705342 0.779029440
v 0.352631432 -0.899988403 0.867861031
v 0.334210522 -0.531579021 0.599999927
v 0.039464501 -0.900709593 0.867333139
v 0.501372338 -0.844715133 1.083430993
v 0.501809758 -0.863755170 1.083496190
v 0.002649065 -0.549983739 0.599686139
v 0.002635386 -0.531562808 0.600007343
v 0.021051658 -0.531579313 0.599984005
v 0.021030371 -0.549973700 0.599653016
v 0.223684211 -0.384210526 0.600000000
v -0.201067307 -0.771060788 1.064662321
v -0.201628716 -0.752523513 1.064351844
v -0.125579930 -0.656329526 0.782647953
v -0.113026085 -0.666153865 0.790945672
v -0.126761335 -0.663219450 0.792996621
v -0.126410357 -0.646116827 0.774825353
v 0.191557880 -0.507856937 1.069056650
v 0.426282056 -0.199483469 0.635183193
v 0.444712047 -0.199442363 0.635195330
v 0.389484426 -0.531603464 1.099939882
v 0.223684211 -0.439473684 0.600000000
v 0.021052632 -0.678947368 1.100000000
v -0.107885012 -0.421032321 0.600071109
v -0.176813772 -0.747462851 0.799780809
v -0.182775052 -0.734834364 0.797891925
v 0.076317163 -0.200000850 0.921425919
v 0.045157278 -0.729874046 0.800126198
v 0.038973056 -0.734741119 0.810861810
v 0.035117176 -0.716445340 0.809748812
v 0.043577536 -0.715635944 0.799399355
v 0.058020314 -0.734977650 0.798569537
v 0.053925942 -0.716123969 0.798773452
v 0.061665702 -0.715796005 0.808748911
v 0.058089655 -0.735334762 0.808783329
v -0.182922039 -0.605264446 1.101310845
v -0.015789474 -0.715789474 1.100000001
v 0.057371216 -0.659495379 0.818641940
v 0.062853040 -0.664303199 0.829009460
v 0.063316985 -0.673146114 0.828269251
v -0.089474702 -0.899971141 1.028539848
v 0.371136589 -0.426059961 0.952677449
v 0.500000113 -0.623684211 0.975000110
v 0.469444323 -0.353302648 0.879913175
v 0.477084903 -0.359790144 0.891184011
v 0.499997959 -0.807892720 0.957142832
v 0.499967341 -0.826283158 0.957142832
v 0.101271774 -0.616133092 0.755130656
v -0.197381698 -0.202618387 1.028537530
v -0.029584090 -0.324595610 1.033925554
v -0.015707009 -0.329428504 1.030867791
v -0.200376255 -0.642121243 0.831983987
v -0.071042437 -0.899938664 0.957148608
v 0.407892715 -0.531578925 0.600001947
v -0.015789474 -0.255277024 0.600013442
v 0.334211456 -0.199992364 0.724983603
v 0.352634666 -0.199966933 0.725037383
v 0.021052632 -0.199999887 0.724999890
v 0.039473684 -0.199999887 0.724999890
v -0.199962435 -0.439473245 0.707159450
v 0.126588888 -0.316065304 0.988238556
v 0.127365971 -0.324665243 0.988664792
v -0.031603103 -0.236580305 1.013053323
v -0.017019445 -0.236394342 1.009129566
v -0.016571747 -0.222211161 1.013629451
v -0.029469861 -0.223661159 1.015336861
v -0.052430179 -0.623296399 0.725485309
v -0.070644684 -0.619980761 0.725737988
v -0.200005047 -0.531580817 0.814284501
v 0.076317875 -0.531575295 1.099992387
v 0.026913995 -0.617915207 0.622395371
v 0.025386588 -0.619185515 0.636622596
v 0.023393369 -0.605181094 0.617660746
v 0.038550527 -0.627868172 0.635007256
v -0.200001219 -0.328947255 0.992858215
v -0.200002208 -0.310525208 0.992858217
v 0.500000000 -0.568421053 0.850000000
v 0.376314459 -0.305216206 0.837182102
v 0.389347162 -0.310716231 0.850344825
v 0.388611178 -0.307164253 0.835579896
v 0.057894739 -0.605263152 1.100000000
v 0.057894736 -0.586842110 1.099999910
v -0.195332626 -0.813395540 0.997469233
v 0.091107612 -0.734402148 0.818167301
v 0.076284188 -0.735537388 0.810100199
v 0.149636325 -0.365418271 0.953856194
v 0.143963025 -0.378237666 0.950433078
v 0.136528641 -0.389069735 0.943866670
v -0.107635809 -0.583345061 0.657175998
v -0.108183543 -0.568917635 0.650828771
v 0.426742504 -0.425222058 0.956237141
v 0.440824584 -0.417980168 0.956513596
v 0.497396003 -0.292107685 0.602524283
v 0.500000023 -0.402631577 0.724999889
v -0.163691605 -0.900544119 1.046410163
v 0.500001098 -0.586842120 0.707141771
v 0.500000922 -0.605263140 0.707141802
v -0.167639576 -0.646181061 0.956662511
v 0.499999968 -0.678947376 0.814285706
v 0.499999784 -0.697368375 0.814285730
v 0.500313167 -0.457928506 0.992830901
v 0.499947533 -0.476337104 0.992819549
v 0.260529157 -0.605226123 0.600054644
v 0.260525609 -0.586841766 0.600003532
v 0.278947308 -0.586841351 0.599998965
v 0.168421053 -0.328947255 0.599999890
v 0.168421053 -0.347368447 0.600000025
v -0.201283159 -0.513489929 0.688373432
v -0.201158804 -0.494863627 0.688608512
v 0.403058329 -0.869342910 0.790751047
v 0.393607315 -0.868765805 0.791528893
v -0.199997984 -0.292107280 0.867857143
v -0.199967367 -0.273716843 0.867857143
v -0.200000114 -0.384210526 0.975000110
v -0.200000110 -0.365789477 0.975000110
v -0.089476092 -0.402633816 0.599995355
v 0.242080737 -0.199826655 0.814271183
v 0.242105301 -0.642105169 1.100000362
v 0.242105274 -0.623683983 1.099998331
v 0.388767278 -0.399141738 0.906226543
v 0.402886134 -0.397378652 0.908229009
v 0.389472639 -0.385401607 0.902286798
v 0.498029015 -0.420376792 1.011614058
v -0.071052745 -0.199999887 0.814285714
v -0.052631553 -0.200000025 0.814285714
v -0.197643491 -0.863556630 0.978120878
v 0.315788600 -0.605262168 1.100003529
v 0.315788299 -0.586843836 1.099988432
v -0.163212881 -0.716133812 0.918944309
v 0.002631579 -0.605263158 1.100000000
v 0.002631578 -0.586842106 1.100000001
v -0.163256578 -0.659589236 0.796151892
v -0.163705851 -0.531578952 1.100531185
v 0.500001051 -0.789474672 0.885714452
v 0.389757187 -0.203464954 0.775275927
v 0.439401562 -0.249698809 0.801822147
v 0.444729473 -0.255643732 0.811025846
v 0.450063203 -0.242509734 0.808746036
v 0.464002060 -0.240459868 0.810969178
v 0.463468994 -0.255023468 0.814807647
v 0.278947415 -0.568422159 0.599997696
v 0.297368428 -0.550000130 0.599999662
v 0.297368594 -0.568422730 0.599997986
v 0.444722969 -0.200019490 0.707140655
v -0.089962771 -0.901479871 0.885338732
v 0.076280961 -0.198640501 0.994152772
v 0.297368421 -0.697368421 1.100000001
v -0.167943030 -0.825810680 0.970333301
v 0.205263158 -0.897396809 1.097476498
v 0.191664693 -0.673811456 0.725402720
v 0.201387446 -0.682149353 0.724856233
v -0.089474835 -0.897397346 1.097477012
v -0.107892319 -0.897396000 1.097475710
v -0.089474906 -0.882932891 1.101312767
v 0.499986134 -0.623684210 1.046415129
v -0.107909903 -0.347370388 1.099949806
v -0.125993818 -0.772241207 0.813611975
v -0.125842860 -0.753825459 0.813435582
v -0.107325563 -0.753762399 0.813670817
v -0.107453709 -0.771670667 0.816563881
v 0.057946488 -0.202700894 1.007872952
v 0.057942942 -0.217279188 1.012125561
v -0.162602196 -0.494168498 0.654102683
v 0.164175306 -0.346909091 0.952509196
v 0.162365158 -0.360566251 0.950452010
v 0.463706787 -0.199453752 0.689288513
v 0.150000000 -0.200002016 0.689287669
v 0.279153425 -0.897334797 0.781893690
v 0.297049015 -0.901228804 0.795713210
v 0.021052632 -0.200000000 0.796428571
v 0.039473684 -0.200000000 0.796428571
v 0.371078876 -0.513089698 1.100501078
v 0.297507747 -0.785503223 0.711264294
v 0.315604766 -0.784839029 0.711455594
v -0.200001301 -0.550000488 0.885714398
v -0.200000228 -0.531578917 0.885714276
v -0.071052747 -0.292107278 0.600001848
v -0.071052745 -0.273716842 0.600031525
v 0.500000000 -0.568421053 0.921428571
v 0.334209491 -0.568438632 1.099971058
v 0.499967367 -0.660526316 1.028539795
v 0.021052640 -0.568421042 1.099999993
v -0.127234577 -0.477128848 0.598496739
v 0.058097603 -0.789287995 0.832524949
v 0.076486087 -0.789501636 0.832342517
v 0.339866428 -0.285699995 0.856129679
v 0.371076803 -0.203610683 0.774774858
v 0.371100129 -0.213580762 0.783253353
v 0.499993107 -0.402628951 0.796430091
v -0.197381657 -0.202618343 0.671462465
v 0.500000000 -0.678947368 0.885714286
v 0.500000000 -0.697368421 0.885714286
v 0.463705932 -0.310525102 0.599467914
v -0.199972224 -0.513156236 0.760711601
v -0.200003989 -0.494740334 0.760710574
v 0.407517338 -0.437898662 1.083078093
v 0.426665809 -0.438140552 1.083301538
v 0.094081692 -0.365530710 0.974050768
v 0.112547320 -0.365520088 0.971540322
v 0.113303954 -0.347459149 0.974653729
v -0.199969559 -0.605262584 0.867851301
v -0.200000368 -0.586843706 0.867856400
v 0.389474790 -0.494736840 0.599998929
v 0.110480354 -0.442149858 1.083164748
v 0.118335717 -0.452754978 1.083372062
v -0.199986134 -0.384210526 1.046415129
v -0.199986130 -0.365789477 1.046415130
v -0.107895033 -0.402633687 0.600012002
v -0.107893389 -0.384212219 0.599998279
v 0.218483690 -0.256121683 0.898424200
v 0.076315794 -0.494736964 0.599998958
v 0.076315195 -0.513158579 0.599996846
v 0.500000000 -0.623684211 0.903571429
v 0.500000000 -0.642105263 0.903571429
v 0.389335537 -0.369906935 0.898886793
v 0.211077452 -0.691462192 0.694187856
v 0.209184809 -0.692752924 0.707647735
v 0.220066872 -0.700904260 0.706635110
v -0.071052745 -0.199999894 0.885714286
v -0.052631551 -0.200000040 0.885714277
v 0.211438805 -0.783542097 0.802031445
v 0.205474945 -0.789503625 0.811971101
v 0.224560209 -0.789427082 0.796671806
v 0.218697748 -0.794667965 0.809219533
v 0.112668265 -0.292215935 0.989510798
v 0.039365395 -0.568480980 0.599181250
v 0.039478803 -0.549991127 0.599847424
v 0.057916209 -0.549975843 0.600049974
v 0.057897514 -0.568488108 0.599689569
v 0.117813164 -0.641190668 0.801030378
v 0.076315789 -0.642105263 1.100000001
v -0.163690979 -0.255287349 1.100537978
v -0.144724611 -0.255276428 1.099948688
v -0.144729098 -0.236307319 1.100510060
v -0.163686769 -0.236312297 1.101095146
v -0.200548881 -0.310525083 0.635183029
v 0.500001081 -0.789474790 0.957142833
v 0.247931179 -0.784122763 0.730454530
v 0.244439175 -0.789407676 0.742258067
v 0.238707268 -0.771631836 0.742074407
v 0.246102767 -0.770187671 0.728791980
v 0.259941121 -0.789739227 0.726624722
v 0.253787001 -0.795605105 0.736375375
v 0.131578319 -0.899966637 0.921458870
v 0.407774676 -0.313497068 0.850355149
v 0.413405800 -0.322765816 0.856089164
v 0.100063854 -0.416816768 0.961408777
v 0.112254110 -0.420966469 0.959001354
v 0.112459862 -0.402825713 0.959340657
v 0.099767516 -0.407782012 0.961725097
v 0.444532435 -0.198374458 0.779904049
v -0.089419093 -0.899942409 0.957184447
v 0.150000000 -0.310525210 0.599998928
v 0.500547964 -0.457894737 0.635183096
v 0.165719474 -0.202289878 0.975524573
v 0.169454802 -0.217098943 0.975557797
v -0.163705834 -0.199452049 0.975000101
v -0.144723111 -0.200013877 0.974999964
v 0.407893166 -0.863706712 1.100527975
v 0.426282056 -0.863705746 1.100500732
v 0.426284075 -0.844724113 1.099952931
v 0.407892967 -0.844723196 1.099984151
v -0.200547964 -0.236294141 0.903571429
v -0.196860547 -0.564160966 0.693412446
v -0.198207404 -0.569585182 0.706384177
v -0.198069498 -0.550709196 0.688095022
v -0.187794773 -0.563580413 0.693855104
v -0.182365367 -0.568424734 0.703869690
v 0.154465795 -0.784312986 0.819242780
v 0.149884132 -0.771559361 0.816907981
v 0.164106666 -0.783765863 0.819968984
v 0.168878426 -0.771254803 0.817924885
v 0.173846817 -0.776551110 0.827415385
v -0.034210523 -0.642105263 1.099999997
v -0.015789474 -0.642105263 1.100000000
v -0.015789474 -0.623684211 1.100000000
v -0.034210523 -0.623684211 1.099999997
v 0.150000010 -0.200000012 0.760714300
v -0.015787949 -0.200006537 0.939285708
v 0.487882594 -0.858580215 0.783090575
v 0.476475867 -0.850722047 0.790898076
v 0.496575129 -0.858932810 0.782784351
v 0.500983538 -0.845817653 0.795152482
v 0.498024944 -0.864214885 0.795662599
v 0.315789474 -0.421052632 0.600000000
v 0.334210523 -0.402631579 0.600000003
v 0.334210523 -0.421052632 0.600000003
v 0.407926762 -0.737420681 0.685856214
v 0.296189007 -0.425596482 0.970684866
v 0.284120927 -0.433802740 0.981142666
v 0.297700154 -0.440309393 0.977450082
v 0.039473688 -0.200000016 0.867857132
v 0.131578959 -0.200000010 0.778571441
v 0.242105263 -0.255277024 0.600013442
v -0.199998704 -0.549995913 0.957143299
v -0.200001744 -0.531579788 0.957142812
v 0.394199760 -0.784283229 0.694149165
v 0.389499143 -0.786983867 0.706169437
v 0.384334423 -0.776805405 0.701134404
v 0.389792265 -0.771454168 0.691990661
v 0.403133854 -0.784552054 0.694004176
v 0.499925452 -0.789458537 0.814317217
v 0.500001072 -0.568421057 0.992858200
v 0.371052739 -0.199451901 0.635183127
v 0.389474898 -0.199451124 0.635183016
v 0.007320039 -0.692187011 0.801884381
v 0.016531448 -0.691959156 0.801878031
v 0.496194107 -0.241629189 0.810317974
v 0.497660315 -0.254851519 0.811769414
v 0.482661231 -0.240174767 0.811937186
v 0.482938361 -0.254643566 0.815650623
v 0.497396809 -0.660526316 1.097476498
v 0.223684211 -0.310525210 0.599998928
v 0.468474948 -0.407772792 1.005690840
v 0.463121816 -0.399323547 0.943010807
v -0.089474790 -0.292107278 0.600000884
v -0.089474792 -0.310525208 0.599997856
v 0.094736842 -0.863705859 1.100531189
v 0.113157895 -0.863705859 1.100531189
v 0.113157895 -0.844722976 1.099986558
v 0.094736842 -0.844722976 1.099986558
v -0.015789474 -0.605263158 1.100000000
v -0.071052745 -0.789474790 1.100001182
v 0.499981924 -0.402652663 0.867806422
v -0.120019842 -0.544641026 0.641683342
v -0.123285340 -0.550029855 0.653987685
v -0.128819539 -0.531227832 0.654472290
v -0.122079285 -0.530662680 0.640105037
v -0.108286915 -0.549883619 0.635659764
v -0.113322069 -0.555862558 0.647785620
v -0.112178912 -0.532255907 0.631855863
v 0.187469746 -0.421331499 0.937808828
v 0.205961588 -0.421299496 0.941054295
v 0.205603124 -0.403331030 0.941661917
v 0.187248621 -0.403103989 0.937492534
v -0.107943854 -0.200088857 1.028510151
v -0.089505585 -0.199705163 1.028506083
v -0.197396796 -0.202603204 0.742857169
v 0.186163804 -0.495447018 1.046480542
v 0.499999975 -0.678947368 0.957142832
v 0.499999975 -0.697368421 0.957142832
v 0.021238965 -0.826859032 0.836072749
v 0.039267356 -0.826853414 0.835959787
v 0.021232935 -0.807437299 0.836439085
v 0.026356046 -0.802460344 0.845680032
v 0.034164798 -0.802382942 0.845593461
v 0.039272408 -0.807172639 0.836281002
v -0.199999846 -0.513157734 0.832142971
v -0.199999829 -0.494736834 0.832142857
v -0.200546173 -0.605684278 0.939289840
v -0.200009905 -0.586870136 0.939290851
v 0.191892349 -0.360417198 0.952287430
v 0.190681658 -0.351635287 0.952031293
v 0.204369957 -0.347494773 0.942173719
v 0.199503883 -0.352886152 0.952546252
v 0.204876064 -0.365449362 0.954408489
v 0.500000113 -0.642105263 0.975000110
v -0.071051822 -0.200002515 0.957146303
v -0.052631030 -0.200013974 0.957139593
v 0.366324643 -0.471970972 1.082829533
v 0.373177395 -0.457248377 1.083008758
v 0.383232068 -0.451528844 1.077323337
v 0.278967957 -0.675925466 0.602495121
v 0.297684791 -0.676044283 0.602479644
v 0.297494192 -0.679659513 0.616764003
v 0.297572550 -0.661909508 0.598483575
v 0.352631550 -0.531579043 0.599999869
v 0.352631545 -0.550000070 0.599999515
v -0.200002209 -0.310525210 0.707141783
v 0.348594464 -0.260179278 0.812572364
v 0.356580833 -0.270426275 0.813290447
v 0.339343530 -0.250220018 0.800500163
v 0.072157243 -0.406912169 1.096142469
v 0.500002068 -0.439473089 0.850001388
v 0.334443940 -0.785392653 0.711041821
v 0.353015363 -0.789416845 0.709958748
v 0.182155749 -0.776084626 0.827375591
v 0.168373261 -0.752518877 0.817565074
v 0.315789474 -0.200013836 0.653584847
v 0.334210525 -0.200013796 0.653584919
v -0.144616054 -0.772206775 0.813250681
v 0.168425069 -0.200014094 0.832147173
v -0.126329075 -0.255287009 1.099956146
v -0.107737522 -0.236257733 1.101096500
v -0.126326721 -0.236300240 1.100512900
v -0.144722976 -0.200013867 0.832142857
v -0.039095852 -0.314998541 1.095913495
v 0.365697631 -0.877147793 0.765480071
v 0.367307454 -0.862494453 0.764266032
v 0.371208171 -0.882291993 0.777979517
v -0.058446972 -0.727698454 0.820729431
v -0.048387261 -0.720518316 0.827682210
v -0.052774485 -0.733293028 0.830734955
v -0.071364601 -0.733969655 0.818175550
v -0.065244289 -0.739159905 0.827578788
v -0.070720013 -0.715306719 0.814984194
v 0.071076077 -0.896117887 0.836236793
v 0.072605074 -0.882673176 0.834848452
v 0.080465578 -0.883184136 0.845368334
v 0.076475608 -0.898120408 0.848982145
v 0.389691426 -0.420987734 0.954523478
v 0.211458431 -0.747184837 0.747817537
v 0.208931171 -0.748663574 0.761280093
v 0.223479637 -0.752754168 0.742916590
v 0.219874360 -0.757002014 0.760015889
v 0.500001106 -0.457894737 0.707141785
v 0.241431152 -0.518515694 1.059226562
v 0.242259969 -0.509917866 1.049122837
v 0.241854755 -0.529646747 1.067404568
v 0.463803087 -0.202377823 0.602305033
v 0.463755170 -0.198190240 0.616503810
v 0.483214937 -0.197857626 0.616271236
v 0.483148070 -0.202034165 0.601971895
v 0.463755170 -0.217024982 0.598245642
v 0.483214936 -0.216785064 0.597923209
v -0.163691416 -0.199442417 1.046404942
v -0.144725007 -0.200042097 1.046414509
v 0.094736842 -0.365789477 0.600000003
v 0.113157895 -0.365789477 0.600000003
v 0.365387480 -0.353550195 0.897688500
v -0.200210164 -0.697314685 0.867812153
v 0.260526055 -0.899989603 0.903573382
v -0.199999511 -0.365789936 0.689287601
v 0.058026793 -0.901106508 0.867212402
v 0.389474790 -0.402631579 0.599998928
v 0.389474790 -0.384210526 0.599998928
v 0.407892720 -0.402631579 0.600001955
v 0.002631579 -0.202603191 0.602523502
v 0.021052632 -0.202603191 0.602523502
v -0.200548113 -0.236294172 0.975000104
v -0.089474767 -0.273716867 0.600030516
v -0.021535958 -0.334524645 1.068840385
v -0.020258727 -0.334236258 1.078364094
v -0.015119795 -0.346962507 1.082922006
v -0.015789474 -0.236294141 0.599468810
v 0.136492637 -0.766010231 0.818611519
v 0.126632164 -0.752351915 0.828524855
v 0.134669913 -0.752684201 0.817769003
v 0.150173394 -0.752701796 0.817246629
v 0.002634212 -0.476312258 1.100000100
v 0.021056348 -0.476317003 1.099975729
v 0.021034822 -0.457934703 1.099921794
v 0.002630968 -0.457903800 1.099953827
v 0.211431364 -0.831453324 0.820137558
v 0.150002450 -0.199993630 0.832145241
v 0.099971283 -0.452853942 1.005834994
v 0.112843336 -0.455094898 1.010790321
v -0.015542345 -0.198898016 1.011960423
v 0.003515721 -0.199122970 1.012534211
v 0.223684212 -0.199997950 0.742857160
v 0.242106767 -0.199995394 0.742858560
v 0.051410134 -0.631247836 0.629220659
v -0.126283091 -0.807892681 1.099966499
v -0.107892694 -0.807892691 1.099996146
v -0.126283091 -0.789474768 1.099969498
v 0.013935829 -0.315777214 1.003746235
v -0.157467096 -0.728542790 0.916210183
v 0.499969438 -0.844722488 0.867860057
v 0.113209135 -0.771131141 0.833074722
v 0.112518412 -0.752357410 0.833301491
v -0.201494884 -0.752740729 0.849786861
v 0.113157836 -0.199997514 0.849999945
v 0.131581403 -0.199993837 0.850002104
v 0.371335924 -0.767699884 0.692870503
v 0.370714825 -0.775574098 0.702719187
v 0.371052761 -0.200027142 0.707123067
v 0.389473900 -0.200021112 0.707126933
v 0.501354222 -0.882932891 0.992858327
v 0.497397340 -0.897397340 0.992858258
v 0.482932891 -0.901354222 0.992858327
v 0.150000000 -0.421052632 0.600000000
v 0.076315789 -0.199998894 0.707141785
v 0.076282780 -0.620625366 0.602685427
v 0.075599240 -0.629030813 0.612875017
v 0.076206212 -0.605616027 0.599033153
v 0.131578943 -0.494736807 0.600000048
v 0.463705859 -0.697368421 1.100531190
v 0.463705859 -0.678947368 1.100531189
v -0.034629770 -0.603123503 0.601868290
v -0.015398819 -0.602875477 0.601994864
v -0.015785804 -0.602072939 0.617479442
v -0.034087881 -0.602677308 0.617413700
v -0.034667809 -0.588640029 0.597856755
v -0.015184407 -0.588461931 0.598344078
v -0.020805033 -0.591885841 0.622641828
v -0.028747762 -0.591733089 0.622697522
v 0.150000000 -0.697368421 1.100000000
v 0.150000000 -0.678947368 1.100000001
v 0.407893166 -0.199455366 0.635182255
v 0.500000012 -0.623684215 0.760714287
v -0.089474791 -0.752631553 1.100001047
v 0.497250210 -0.383540555 0.936203561
v 0.482051320 -0.398380831 0.943270794
v 0.482376435 -0.383817224 0.937030323
v -0.107190293 -0.202385868 1.097704199
v -0.088288495 -0.202067081 1.098016602
v -0.107426036 -0.217001102 1.101742238
v -0.088520678 -0.216637616 1.102000207
v 0.149553532 -0.440886722 0.940464697
v 0.168031168 -0.440711902 0.940875164
v 0.168008826 -0.421814894 0.937291419
v 0.149144791 -0.421673451 0.937518546
v -0.200926761 -0.605550084 1.010858211
v -0.200323356 -0.586817142 1.010726620
v 0.496022251 -0.425197645 1.051448817
v 0.497611038 -0.422750539 1.064523944
v 0.499986133 -0.642105263 1.046415129
v -0.070787517 -0.198808012 1.028833384
v -0.051946549 -0.198779387 1.029685607
v -0.163110968 -0.513056142 0.657035342
v -0.143857607 -0.512287588 0.654617105
v -0.001399876 -0.352038047 1.063870080
v 0.279191339 -0.199121761 0.796553045
v 0.297961949 -0.198976140 0.796806562
v -0.200001106 -0.310525210 0.778571428
v 0.500548082 -0.568421017 0.635183114
v -0.107060285 -0.716038649 0.975488267
v 0.156561911 -0.654374465 0.719190554
v 0.500093996 -0.439495754 0.921419409
v 0.315786048 -0.200030229 0.724971682
v -0.144722957 -0.347368737 0.600012855
v -0.144722948 -0.328947222 0.600013265
v -0.126283124 -0.347368369 0.600031337
v -0.137977171 -0.764738406 0.896872745
v -0.144177258 -0.751772251 0.899707630
v -0.131716108 -0.776433773 0.891114659
v -0.124985996 -0.770794228 0.902767657
v -0.129542973 -0.752781287 0.906756881
v 0.168748549 -0.198805517 0.903869620
v 0.187791133 -0.198601316 0.904486375
v -0.199999975 -0.347368447 0.903571429
v -0.144722976 -0.200013866 0.903571428
v -0.126283156 -0.200032626 0.903571429
v -0.121325873 -0.877779296 0.890962198
v -0.123969048 -0.882391968 0.902947383
v -0.120628003 -0.867972847 0.891354055
v -0.112632870 -0.882450613 0.884718054
v -0.114779043 -0.888301681 0.897637408
v 0.182810385 -0.479255018 1.096024432
v 0.075428722 -0.421348360 1.029110816
v 0.469230650 -0.766170856 0.676566840
v 0.467434977 -0.767722744 0.689316140
v 0.458794039 -0.756597929 0.689757290
v 0.463172585 -0.753064090 0.674156099
v 0.499999916 -0.457894739 0.778571427
v 0.482933697 -0.198648209 0.689289168
v 0.260526315 -0.900000106 0.975000118
v 0.265911732 -0.249856712 0.873708009
v 0.279710278 -0.254767496 0.871500912
v 0.279094279 -0.236942597 0.868563240
v 0.260643903 -0.236262881 0.871261822
v -0.199999995 -0.365789478 0.760714286
v 0.057894902 -0.900000807 0.939283720
v 0.339453898 -0.324216293 0.872816208
v 0.352111170 -0.329651754 0.869925434
v 0.371052745 -0.384210526 0.599999890
v 0.371052745 -0.365789477 0.599999893
v 0.389474790 -0.365789477 0.599998931
v 0.500003279 -0.421051563 0.796429066
v -0.200557650 -0.236306767 1.046404535
v 0.076315789 -0.365789477 0.600000003
v 0.076315789 -0.384210526 0.600000000
v 0.500001351 -0.494737084 0.903571453
v -0.015665436 -0.568995717 0.598896204
v 0.002759922 -0.568659850 0.599172236
v 0.108742129 -0.383769808 0.970370900
v 0.093672300 -0.384999286 0.974034958
v 0.076308397 -0.513169450 1.099937109
v 0.223652236 -0.200051837 0.814244103
v 0.223684295 -0.642105171 1.100000576
v 0.223684669 -0.623683901 1.099999782
v 0.094689407 -0.198610450 0.994132842
v 0.501332164 -0.217074238 0.671464488
v 0.500516635 -0.236294285 0.671461291
v -0.163705657 -0.826282082 1.100500811
v -0.144724066 -0.826284074 1.099952941
v -0.144723098 -0.807892974 1.099984193
v -0.163707005 -0.807893217 1.100528008
v 0.113125084 -0.200048559 0.921421123
v 0.131560248 -0.199862608 0.921416996
v -0.200248645 -0.844737689 1.028532643
v 0.094902460 -0.789286126 0.832675066
v 0.501809758 -0.882975018 1.064864705
v 0.497622176 -0.897622176 1.064911155
v 0.482975018 -0.901809758 1.064864705
v 0.076315789 -0.200000000 0.778571428
v -0.089474116 -0.199995300 0.957144618
v -0.105159643 -0.897237302 0.884970802
v 0.371052739 -0.863705828 1.100531334
v 0.371052733 -0.844722963 1.099986692
v 0.500000000 -0.623684211 0.832142857
v 0.499999997 -0.715789474 0.939285711
v 0.057894737 -0.200000001 0.796428571
v 0.297368417 -0.200013900 0.653584835
v 0.260033190 -0.480214535 1.024888440
v 0.279098192 -0.480672378 1.024077614
v 0.260377845 -0.490511105 1.032618986
v -0.197396809 -0.402631579 1.097476499
v -0.182932533 -0.402631579 1.101312155
v -0.034210515 -0.513157904 1.099999892
v -0.015789659 -0.494736919 1.100000896
v -0.034210597 -0.494736969 1.099999837
v -0.015789474 -0.200013866 0.653584871
v -0.201311775 -0.605234236 1.083485848
v -0.201291484 -0.586835300 1.083461143
v 0.384310185 -0.820485806 0.748857392
v 0.395101033 -0.813952643 0.755524562
v 0.370458475 -0.822068547 0.746795218
v -0.089060720 -0.734652519 0.814167121
v -0.088647749 -0.715550396 0.814427711
v -0.137841110 -0.653282685 1.005498117
v 0.134896883 -0.420808567 0.941675384
v 0.134885987 -0.402937020 0.942050185
v 0.126419473 -0.402512080 0.951640693
v 0.126315321 -0.421614102 0.951725801
v -0.182907450 -0.198627021 1.046407511
v 0.500001113 -0.568421054 0.707141784
v 0.500000009 -0.660526318 0.814285714
v 0.501328618 -0.439342525 0.993092306
v 0.168421053 -0.310525210 0.599998928
v 0.497397843 -0.531577209 1.097478194
v 0.497396839 -0.549999887 1.097476831
v 0.482932439 -0.549999583 1.101312680
v 0.126239979 -0.360112748 0.969598040
v -0.163705796 -0.328947286 0.599468567
v -0.144722926 -0.310525217 0.600012318
v -0.200000088 -0.347368447 0.975000110
v -0.126283233 -0.200030379 0.975000011
v 0.283870919 -0.784372083 0.712328496
v 0.278258666 -0.790164701 0.721359234
v -0.034210525 -0.200000048 0.885714270
v -0.071052745 -0.623684211 1.100000110
v -0.052631554 -0.623684211 1.099999975
v -0.089474788 -0.660526316 1.100001072
v -0.071052743 -0.660526316 1.100000110
v -0.071052743 -0.642105263 1.100000110
v -0.089474782 -0.642105263 1.100001071
v 0.499926472 -0.678858689 0.671528824
v 0.149108685 -0.402287784 0.938041625
v 0.260526316 -0.899986133 1.046415129
v -0.200000000 -0.384210526 0.832142857
v -0.199999997 -0.365789477 0.832142857
v 0.242105266 -0.200032639 0.671460212
v 0.260526312 -0.200032729 0.671460198
v 0.500000053 -0.623684131 0.689287697
v -0.199999997 -0.457894737 0.939285711
v -0.121295471 -0.789998406 0.943290808
v -0.128946539 -0.789290853 0.956920950
v -0.122026032 -0.775059602 0.957621002
v -0.119579119 -0.776802318 0.944738869
v -0.110972602 -0.767347915 0.956684070
v 0.499929465 -0.421076003 0.867849724
v -0.071052745 -0.200032521 0.671460204
v -0.052631554 -0.200032660 0.671460204
v 0.499987972 -0.494734933 0.975002042
v 0.445010710 -0.660750921 0.602329291
v 0.463484666 -0.660135986 0.602393690
v 0.463621163 -0.641949943 0.599147063
v 0.321052296 -0.434298392 0.962192412
v 0.310119749 -0.427774071 0.968268355
v 0.315595122 -0.440738900 0.971175810
v 0.444738965 -0.273880404 0.814126599
v 0.426382038 -0.274297583 0.814056855
v 0.236864253 -0.203776365 0.881079304
v 0.238480995 -0.217441863 0.882413031
v 0.224379631 -0.201473313 0.886532919
v 0.501621724 -0.790287921 0.742052995
v 0.367036079 -0.453485730 1.010706577
v 0.501389537 -0.217093114 0.742858213
v 0.500558245 -0.236309856 0.742803290
v 0.352631642 -0.568417869 0.600004028
v 0.444721787 -0.844721787 1.099975421
v 0.131578947 -0.844722976 1.099986558
v -0.197623189 -0.863803137 1.097694855
v -0.197388499 -0.844731012 1.097464913
v -0.182974860 -0.863755187 1.101754458
v -0.182907946 -0.844715189 1.101330433
v -0.107909863 -0.734832557 0.810615533
v 0.462477543 -0.738471964 0.666785269
v 0.330225603 -0.472247419 1.028756412
v 0.338351485 -0.461740280 1.028273267
v 0.352577710 -0.457836587 1.028459100
v 0.076315779 -0.200000174 0.849999990
v 0.168421043 -0.200000214 0.760714278
v -0.169063345 -0.519502610 0.665033879
v -0.163705859 -0.199452040 0.760714289
v -0.144722976 -0.200013870 0.760714288
v -0.162381582 -0.636194659 1.032812107
v 0.407893166 -0.236293288 0.599472025
v 0.426282056 -0.236294254 0.599499268
v -0.200544648 -0.236293288 0.689287237
v 0.499961130 -0.273715732 0.724999992
v 0.499997984 -0.715789474 1.010712331
v 0.057894730 -0.200000120 0.867857128
v 0.297364920 -0.200038088 0.724990660
v 0.426283103 -0.899965442 1.010712294
v 0.407892691 -0.899996025 1.010712303
v 0.094736842 -0.384210526 0.600000000
v 0.113157895 -0.384210526 0.600000000
v -0.015789474 -0.199999886 0.724999890
v 0.002631579 -0.199999886 0.724999890
v 0.113157895 -0.899997979 1.010712335
v 0.094736842 -0.899997981 1.010712333
v 0.186842106 -0.678947368 1.099999999
v 0.205263157 -0.678947370 1.099999987
v 0.205263143 -0.660526327 1.099999965
v -0.071052745 -0.310525210 0.599998818
v -0.126283401 -0.678947355 1.099968306
v -0.107892783 -0.678947368 1.099998060
v -0.107892791 -0.660526316 1.099998062
v -0.126283372 -0.660526330 1.099968409
v 0.352631552 -0.200013750 0.653584989
v 0.039473684 -0.200013867 0.653584871
v -0.199967549 -0.531511543 0.742927574
v 0.500000000 -0.568421053 0.778571428
v 0.063925439 -0.396511846 1.034411936
v 0.058808392 -0.383487978 1.028703715
v 0.053515565 -0.388211935 1.045669959
v 0.060831763 -0.402773145 1.047044765
v 0.058318336 -0.807494554 0.832123046
v 0.408517795 -0.436609180 0.960437170
v 0.408371978 -0.421400477 0.953984519
v 0.500000000 -0.660526316 0.885714286
v -0.200004138 -0.568421547 0.867857473
v 0.254301182 -0.527559515 1.068871483
v 0.444722976 -0.365789477 0.600013446
v -0.199986107 -0.347368447 1.046415131
v -0.126321321 -0.200089091 1.046407433
v 0.223693271 -0.605209979 0.600038103
v 0.223683500 -0.586826058 0.600023794
v 0.242104862 -0.586836935 0.600013040
v 0.242111067 -0.605206319 0.600056428
v -0.034208876 -0.200025313 0.957128024
v 0.463705853 -0.568421027 1.100531177
v 0.463705862 -0.549999477 1.100531713
v 0.375094063 -0.443224394 1.010668603
v 0.389665706 -0.439078959 1.010972777
v 0.079337873 -0.365886655 0.977666010
v 0.039480014 -0.531577157 0.600029933
v 0.057898239 -0.531572450 0.600039544
v 0.205253776 -0.200064518 0.814274009
v 0.499986133 -0.402631579 0.653584871
v -0.144722895 -0.789474793 1.099987776
v -0.107892720 -0.200002016 0.814285714
v -0.089474790 -0.199998894 0.814285714
v 0.500003872 -0.678948237 0.742857034
v 0.500000327 -0.697372610 0.742854218
v 0.131578951 -0.513157931 0.599999724
v -0.182926960 -0.826278865 1.101291036
v 0.235825242 -0.758094460 0.737056627
v 0.127384801 -0.462856256 1.010105533
v 0.260528024 -0.200012557 0.742859175
v -0.199997982 -0.457894737 1.010712331
v -0.071052745 -0.199999912 0.742857168
v -0.052631553 -0.200000051 0.742857168
v 0.500000010 -0.715789477 0.867857139
v 0.499991284 -0.494756172 1.046411253
v 0.499970890 -0.513158788 1.046414408
v -0.048741945 -0.306031360 1.032912183
v 0.002197320 -0.826334195 0.832042217
v 0.002262111 -0.808444600 0.831986993
v -0.199967367 -0.402631579 1.028539795
v 0.500547964 -0.439473684 0.635183096
v 0.168421053 -0.202603191 0.602523502
v 0.168421053 -0.198646412 0.616544991
v 0.186842105 -0.202603191 0.602523502
v 0.168421053 -0.217067465 0.598687848
v 0.186842105 -0.217067465 0.598687848
v 0.143715496 -0.465014500 0.986856525
v -0.144731153 -0.202614214 0.602534187
v -0.144715133 -0.198627662 0.616569007
v -0.126280826 -0.202618343 0.602538189
v -0.144715133 -0.217092239 0.598669672
v -0.126278820 -0.217074235 0.598708716
v 0.389474906 -0.882932891 1.101312766
v 0.407892404 -0.882933265 1.101309797
v 0.389474898 -0.863705932 1.100532086
v -0.085559543 -0.568200783 0.621342966
v -0.095748205 -0.555930847 0.629982117
v -0.075840110 -0.569597957 0.612815448
v 0.154963624 -0.747107058 0.827438858
v 0.164272974 -0.748255995 0.827882309
v 0.431917352 -0.709177444 0.641919597
v 0.426730605 -0.712596810 0.653846716
v 0.421040375 -0.703120046 0.648164345
v 0.426374817 -0.697101041 0.638795217
v 0.445363459 -0.711831297 0.639864868
v 0.444310113 -0.718722082 0.653612494
v 0.444708687 -0.697251450 0.633164361
v 0.039460300 -0.476339041 1.099917728
v 0.039411100 -0.457954239 1.099963003
v -0.075548876 -0.203419444 1.096456744
v -0.073927896 -0.216566541 1.097680213
v -0.163641428 -0.772338881 0.816378044
v 0.426115497 -0.802444614 0.747347330
v 0.444611530 -0.804103081 0.743322202
v 0.444778163 -0.806736261 0.761374973
v 0.425926852 -0.806385398 0.762444112
v 0.439029086 -0.795255405 0.737198448
v -0.163705859 -0.199452036 0.832142857
v -0.200547960 -0.236294141 0.760714289
v 0.371052733 -0.255277037 0.600013308
v 0.371052739 -0.236294172 0.599468666
v 0.389474898 -0.236294068 0.599467914
v 0.389474772 -0.255277074 0.600012304
v 0.501448558 -0.273568462 0.797109447
v 0.501353588 -0.715789474 1.083455009
v 0.057896224 -0.200031450 0.939258554
v 0.426278820 -0.901332061 1.083448446
v 0.407892404 -0.901351159 1.083455716
v -0.201693296 -0.623914247 1.064602057
v 0.150000000 -0.198646412 0.616544991
v 0.150000000 -0.202603191 0.602523502
v 0.150000000 -0.217067465 0.598687848
v -0.015789474 -0.200000000 0.796428571
v 0.002631579 -0.200000000 0.796428571
v 0.113157895 -0.901353588 1.083455009
v 0.094736842 -0.901353588 1.083455009
v 0.094736842 -0.199998894 0.707141785
v -0.112254125 -0.812513598 0.885783828
v -0.126196593 -0.804817221 0.885918648
v 0.450046159 -0.802616682 0.730037108
v 0.444535794 -0.793145330 0.724582928
v 0.464043607 -0.804833168 0.728019969
v 0.463464090 -0.808199999 0.742477192
v 0.463484717 -0.794962182 0.720054860
v 0.168421053 -0.697368421 1.100000000
v 0.168421053 -0.678947367 1.100000003
v -0.144722598 -0.697368281 1.099986255
v -0.144721225 -0.678947331 1.099985868
v -0.163695038 -0.678947830 1.100531457
v 0.113157895 -0.199452036 0.635183096
v 0.131578947 -0.199452036 0.635183096
v -0.113547791 -0.518044172 0.629792756
v 0.499951482 -0.255275902 0.671459271
v 0.499999975 -0.660526316 0.957142832
v 0.499976546 -0.328969839 0.778529128
v -0.089474767 -0.200031480 0.671460228
v 0.500547946 -0.752631550 1.064816900
v 0.186409320 -0.436238959 0.941845743
v -0.199973182 -0.568403249 0.939286640
v -0.033885331 -0.202125831 1.029500088
v -0.053407087 -0.274120525 1.063764039
v 0.206250733 -0.198538012 0.886662622
v 0.186268071 -0.643548413 0.598464677
v 0.186735108 -0.624202186 0.598911275
v 0.205284445 -0.624088094 0.599354020
v 0.205105031 -0.643113381 0.598509248
v 0.371052745 -0.734210523 1.100000107
v 0.371052745 -0.715789474 1.100000110
v -0.107892720 -0.200002013 0.885714286
v -0.089474790 -0.199998893 0.885714289
v -0.200000001 -0.402631579 0.814285714
v 0.407768521 -0.439225445 1.010871889
v 0.229038175 -0.747061528 0.730170699
v 0.099401104 -0.679654323 0.818721314
v 0.090891385 -0.679327684 0.829371795
v -0.201142421 -0.605538888 0.796131126
v -0.200343766 -0.586835370 0.796428821
v 0.128239595 -0.461213969 1.083131678
v -0.015314198 -0.365659847 1.098439912
v -0.034045652 -0.365616564 1.100675424
v 0.500000000 -0.642105263 0.832142857
v -0.201353589 -0.457894737 1.083455009
v 0.205113504 -0.882576771 0.830606129
v 0.223886908 -0.882926289 0.828978182
v -0.071321777 -0.701013558 0.810380350
v -0.126283469 -0.826283466 1.099936129
v -0.197396809 -0.421052632 1.097476498
v -0.182932535 -0.421052632 1.101312154
v -0.158120984 -0.655108395 0.937812687
v -0.101456974 -0.820072264 0.855541906
v -0.088783537 -0.825973515 0.853024936
v -0.162762604 -0.738986094 1.033256906
v 0.500001106 -0.439473684 0.707141785
v 0.500000000 -0.531578947 0.814285714
v 0.168421053 -0.200002017 0.689287669
v -0.199998189 -0.347368410 0.689287668
v -0.144723196 -0.200016350 0.689287430
v -0.034210460 -0.900001813 0.975000189
v 0.278667967 -0.310896837 0.903182897
v 0.260085885 -0.310640053 0.906220051
v 0.094500909 -0.639253796 0.706834598
v 0.089150395 -0.628880823 0.702328091
v 0.113724175 -0.642408243 0.707616552
v -0.201353687 -0.217067470 0.975000129
v 0.246598793 -0.825481639 0.783234364
v 0.239118336 -0.807587037 0.792965588
v 0.256476281 -0.826283346 0.775081046
v -0.101885399 -0.544584999 0.623613570
v -0.104261404 -0.530732437 0.621263681
v 0.389474772 -0.844722926 1.099987696
v 0.135849928 -0.739046316 0.819286618
v 0.021003855 -0.439525719 1.100121941
v -0.163705937 -0.347369077 0.599468376
v 0.444722977 -0.899986102 0.939285738
v 0.426283157 -0.899967334 0.939285733
v -0.163705859 -0.199452037 0.903571429
v 0.218651802 -0.359979658 0.945333908
v 0.223984588 -0.346687676 0.942937052
v -0.052631554 -0.642105263 1.099999975
v -0.200547964 -0.236294141 0.832142857
v 0.499997984 -0.494736842 0.689287669
v 0.259658366 -0.844995757 0.775312622
v 0.273200841 -0.850227458 0.773633003
v -0.132214608 -0.857422414 0.933807478
v -0.128467121 -0.844696300 0.939798025
v -0.034288693 -0.863758057 0.831242555
v -0.034660145 -0.844842719 0.831204417
v -0.015936178 -0.844746023 0.831662457
v 0.297368421 -0.421052632 0.600000000
v 0.247225897 -0.452805817 0.979969479
v 0.255669647 -0.453335814 0.980588582
v -0.015789474 -0.200000013 0.867857140
v 0.186842105 -0.900547964 1.064816904
v -0.122232220 -0.808103974 0.939650662
v -0.130123325 -0.807935486 0.953340379
v -0.112502779 -0.803019505 0.934781060
v 0.311591226 -0.508356125 1.078157682
v 0.316157264 -0.497733491 1.083198182
v 0.330374526 -0.489770094 1.083315074
v 0.334210523 -0.439473684 0.600000003
v 0.352631553 -0.421052632 0.600000025
v 0.439642618 -0.765176062 0.695099023
v 0.450056573 -0.757878463 0.702216732
v 0.445101794 -0.770683593 0.704545239
v -0.177499994 -0.896835945 0.961328581
v -0.177722586 -0.887993677 0.961319322
v 0.150000002 -0.660526312 1.100000004
v 0.426283157 -0.734210523 1.099968363
v 0.444722976 -0.715789474 1.099986558
v 0.426283157 -0.715789474 1.099968367
v 0.113157895 -0.199998894 0.707141785
v 0.131578947 -0.199998894 0.707141785
v 0.076315789 -0.863705859 1.100531189
v 0.076315789 -0.844722976 1.099986558
v 0.113157895 -0.734210523 1.099999997
v 0.131578947 -0.715789474 1.100000000
v 0.113157895 -0.715789474 1.100000000
v 0.496290702 -0.803448692 0.729302541
v 0.497626607 -0.804830426 0.742227745
v 0.482708190 -0.805399865 0.727755203
v 0.482770388 -0.808960668 0.741458897
v 0.501391815 -0.882897607 0.849996904
v 0.497393838 -0.897382663 0.849977579
v 0.482908090 -0.901373343 0.850015214
v 0.334210523 -0.899967364 1.028539795
v 0.499932908 -0.255285289 0.742809324
v 0.495889194 -0.334523583 0.844341686
v 0.482336774 -0.333011890 0.846022019
v -0.089474790 -0.199998919 0.742857168
v 0.039473684 -0.899967367 1.028539795
v 0.021052632 -0.899967367 1.028539795
v 0.155420202 -0.636843854 0.760950755
v 0.147049106 -0.625873233 0.761031706
v 0.165034542 -0.645693304 0.760335504
v 0.167949085 -0.402571029 0.937079962
v -0.200001957 -0.568401002 1.010710420
v 0.154905671 -0.489949219 1.041861763
v 0.167882735 -0.491774427 1.045668330
v -0.015937826 -0.826301270 0.832124538
v 0.497406963 -0.623669073 0.602531335
v 0.501354413 -0.623660798 0.616594950
v 0.482932935 -0.623680230 0.598496160
v -0.103065729 -0.752464851 0.956988504
v -0.092997819 -0.747566456 0.951970400
v 0.499916880 -0.715745601 0.725019329
v -0.107892776 -0.200000298 0.957142727
v 0.182416293 -0.716245545 0.792121222
v 0.482827245 -0.642144273 0.598005235
v 0.482589398 -0.660868194 0.598431699
v 0.407892967 -0.255276804 0.600015849
v 0.426284075 -0.255275887 0.600047069
v -0.200000000 -0.402631579 0.885714286
v 0.094736842 -0.255277024 0.600013442
v 0.094736842 -0.236294141 0.599468811
v 0.113157895 -0.236294141 0.599468811
v 0.113157895 -0.255277024 0.600013442
v -0.125671044 -0.582961217 0.707358304
v -0.111046783 -0.589953100 0.707961276
v -0.139294015 -0.654308362 0.784432061
v -0.144559398 -0.659686339 0.794058118
v -0.150099416 -0.647780133 0.791176003
v -0.144901526 -0.644998733 0.778784508
v 0.039449843 -0.439343489 1.100547336
v 0.499997981 -0.734210523 1.010712331
v 0.309758598 -0.353316461 0.915728669
v 0.302691969 -0.342074228 0.909135097
v 0.297441380 -0.347117662 0.921486863
v 0.303377581 -0.359972248 0.926698250
v -0.197602163 -0.639473265 0.993430328
v -0.201615609 -0.625008004 0.993469530
v 0.278947367 -0.200013908 0.653584867
v -0.168209960 -0.777247042 0.826150515
v -0.177783536 -0.777492656 0.825755769
v -0.182932535 -0.198646412 0.832142857
v 0.090430170 -0.425414142 1.096456415
v 0.095572463 -0.438649292 1.098541917
v 0.073125043 -0.402805423 1.028780958
v -0.104308674 -0.715671643 0.810374351
v 0.499999876 -0.439473778 0.778571379
v 0.468973410 -0.838395031 0.784792477
v 0.462814408 -0.844163433 0.794895905
v 0.499999971 -0.531578945 0.885714285
v 0.168449015 -0.862718172 0.847484806
v 0.279483741 -0.221594075 0.864672987
v -0.199999976 -0.347368447 0.760714289
v -0.201124332 -0.789349560 1.045898572
v -0.034210525 -0.899986145 1.046415129
v -0.201372350 -0.217092254 1.046407528
v 0.223684210 -0.476315790 0.599999999
v 0.223684211 -0.457894737 0.600000000
v 0.242105263 -0.457894737 0.600000000
v 0.242105263 -0.476315790 0.600000000
v 0.242103777 -0.899985026 0.903581418
v 0.223681530 -0.899969317 0.903584524
v 0.039473684 -0.421052632 0.599999996
v 0.039473684 -0.402631579 0.599999999
v 0.057894737 -0.402631579 0.600000000
v 0.057894737 -0.421052632 0.600000000
v 0.444722976 -0.384210526 0.600013442
v 0.444723196 -0.899983650 1.010712570
v 0.131578947 -0.365789477 0.600000003
v 0.260283780 -0.900855624 0.832066154
v -0.197380387 -0.384175807 0.602538487
v -0.201331021 -0.384173729 0.616552727
v -0.201350325 -0.365784581 0.616544506
v -0.197395841 -0.365784854 0.602524869
v -0.182933399 -0.365787489 0.598690786
v 0.497381733 -0.202618293 0.671462618
v -0.199977020 -0.457897470 0.725010376
v 0.499986133 -0.421052632 0.653584871
v 0.223684205 -0.660526320 1.100000048
v 0.499999997 -0.494736842 0.760714289
v -0.200000500 -0.402631576 0.742857197
v 0.247520599 -0.359964968 0.945241576
v -0.200854300 -0.826180072 1.028330851
v -0.199934115 -0.273716534 1.028540095
v 0.223684211 -0.200032623 0.671460206
v 0.094736650 -0.200000161 0.849999868
v 0.463705932 -0.900548889 0.992858320
v 0.500548889 -0.310525102 0.635183025
v 0.500548114 -0.328947261 0.635183126
v 0.167989628 -0.643568882 0.601835286
v 0.168386294 -0.623949300 0.598962030
v 0.150000000 -0.900001090 0.992858230
v 0.297837757 -0.508985037 1.079011910
v 0.407514976 -0.273962061 0.814191346
v 0.223881684 -0.679346210 0.653583370
v -0.066746221 -0.601917334 0.603421935
v -0.068270316 -0.602799021 0.616520250
v -0.075167570 -0.587945201 0.616688348
v -0.068160067 -0.588303534 0.602349706
v -0.054075318 -0.603753224 0.601838068
v -0.054062275 -0.606782501 0.616519253
v -0.053800398 -0.588693306 0.598022855
v 0.389709771 -0.882237515 0.793524550
v 0.407693435 -0.882355363 0.792725429
v 0.501353697 -0.882932527 0.921428480
v 0.497396886 -0.897396851 0.921428426
v 0.482932537 -0.901353686 0.921428406
v 0.352631552 -0.897396796 1.097476486
v 0.334210523 -0.897396807 1.097476497
v 0.352631552 -0.882932525 1.101312139
v 0.334210523 -0.882932535 1.101312149
v 0.076315789 -0.199452036 0.635183096
v 0.039473684 -0.897396809 1.097476498
v 0.021052632 -0.897396809 1.097476498
v 0.039473684 -0.882932535 1.101312152
v 0.021052632 -0.882932535 1.101312152
v -0.015788830 -0.476314115 1.100004558
v -0.201344221 -0.568422285 1.083453299
v -0.083829094 -0.618189417 0.720190651
v 0.297584296 -0.236350197 0.850645341
v -0.089282301 -0.700143250 0.811385750
v 0.500003054 -0.715789856 0.796428602
v 0.057894737 -0.200013867 0.653584871
v 0.131341755 -0.863498971 0.847046752
v 0.150083249 -0.863115260 0.850451469
v 0.463696667 -0.623655348 0.599181973
v 0.181137916 -0.242548139 0.951435723
v 0.187617333 -0.255884119 0.955172401
v 0.171387737 -0.236659744 0.957309973
v -0.199999975 -0.402631579 0.957142832
v 0.371052765 -0.901353687 1.083455003
v 0.501353585 -0.734210523 1.083455009
v 0.002631583 -0.421052630 0.600000123
v 0.002631575 -0.402631583 0.600000002
v 0.021052631 -0.402631579 0.599999992
v 0.021052627 -0.421052634 0.600000003
v 0.482932522 -0.568421097 1.101312175
v -0.182932912 -0.347369223 0.598687527
v 0.278948236 -0.200009862 0.725001879
v -0.148507104 -0.696307271 0.801173032
v -0.144427951 -0.677805965 0.800166846
v -0.138886781 -0.683378896 0.810336766
v -0.164280235 -0.697598982 0.799263067
v -0.163395470 -0.677892468 0.796444693
v 0.150003727 -0.568419474 1.099988865
v 0.168416275 -0.568434795 1.099952898
v 0.168374239 -0.550080578 1.099927855
v 0.149989546 -0.550029614 1.099920285
v 0.131457198 -0.642021405 0.635850229
v 0.113066654 -0.642880793 0.635161716
v -0.182932535 -0.198646412 0.903571429
v -0.144722818 -0.568421049 1.099986560
v -0.144722967 -0.550000004 1.099986554
v -0.163705675 -0.549999995 1.100531192
v -0.089474778 -0.623684211 1.100001072
v 0.499900861 -0.660507152 0.671475657
v 0.201849875 -0.269327778 0.939839408
v 0.190989808 -0.277647623 0.939757899
v 0.500000023 -0.531579005 0.957142746
v 0.057850688 -0.457895017 1.100333695
v -0.199999975 -0.347368447 0.832142857
v -0.199999997 -0.439473684 0.939285711
v 0.242105261 -0.900000100 0.975000116
v 0.223684210 -0.900000069 0.975000122
v -0.144839082 -0.789718422 0.882488042
v 0.150163674 -0.624084579 0.598722012
v 0.149563393 -0.643623176 0.602339046
v 0.186842104 -0.494736843 0.600000010
v 0.205263159 -0.494736840 0.600000011
v 0.205263160 -0.513157891 0.600000035
v 0.444715133 -0.901372338 1.083430993
v 0.278947368 -0.789474790 1.100001072
v 0.297368421 -0.789474790 1.100001072
v 0.297368421 -0.771052745 1.100000110
v 0.497394361 -0.202610586 0.742884256
v -0.199999904 -0.457894742 0.796428576
v 0.495694955 -0.730573488 0.639277935
v 0.501221467 -0.716988405 0.652431775
v 0.482916542 -0.731212689 0.638692650
v 0.499999986 -0.494736851 0.832142862
v 0.463692083 -0.900558116 0.850021288
v 0.499999997 -0.586842105 0.939285711
v 0.463317834 -0.332030086 0.849513405
v 0.186842105 -0.697368421 1.100000001
v -0.197384412 -0.826280161 1.097459805
v -0.126283684 -0.697368403 1.099968271
v -0.197396011 -0.292107676 1.097475729
v -0.197381701 -0.273719184 1.097461846
v -0.182933314 -0.292107625 1.101310255
v -0.182925761 -0.273721284 1.101291913
v 0.094733265 -0.200015506 0.921426873
v 0.034092452 -0.794747117 0.846134632
v 0.039083217 -0.789470801 0.836440763
v 0.463687094 -0.901133457 1.064798714
v 0.500002785 -0.310525231 0.707142067
v 0.500001476 -0.328947266 0.707141802
v 0.150000000 -0.900547964 1.064816904
v -0.201351159 -0.217066735 0.689287975
v 0.388172846 -0.440813994 1.083614462
v 0.394933419 -0.444690251 1.069801499
v 0.131578947 -0.901353588 1.083455009
v -0.163803087 -0.202377824 0.602305033
v -0.163755170 -0.198190242 0.616503810
v -0.163755170 -0.217024982 0.598245642
v -0.197966344 -0.897966160 1.083663474
v -0.202144493 -0.883215305 1.083727905
v 0.223578161 -0.492079029 1.028675693
v 0.228881438 -0.482037432 1.023254526
v 0.241713853 -0.480127271 1.025332582
v 0.241310571 -0.471903687 1.015529534
v 0.241507804 -0.490503699 1.032661441
v -0.071052745 -0.513157892 1.100000118
v -0.052631549 -0.513157889 1.099999969
v -0.052631553 -0.494736877 1.099999816
v -0.071052739 -0.494736839 1.100000072
v 0.057894737 -0.199999887 0.724999890
v 0.499997969 -0.365789476 0.689287672
v 0.407909816 -0.809883934 0.761529411
v -0.030019824 -0.638388392 0.743179053
v -0.037950715 -0.627952537 0.743206521
v -0.015928052 -0.639307441 0.742818126
v 0.426283110 -0.899932445 0.867888770
v 0.407892492 -0.899964761 0.867882183
v -0.199945358 -0.623676551 0.850029717
v 0.247501905 -0.231149763 0.873756135
v 0.094513368 -0.897181243 0.853388129
v 0.113051118 -0.897348093 0.853425493
v 0.113150287 -0.901344282 0.866740783
v 0.094691674 -0.901170818 0.867242251
v 0.094643871 -0.882207771 0.849878920
v 0.112830200 -0.882688836 0.849928872
v 0.408060897 -0.328382690 0.865438998
v 0.426440618 -0.332591537 0.864419793
v 0.393914528 -0.407454561 0.952645337
v 0.403022744 -0.407849350 0.952069362
v -0.052631566 -0.899986096 1.046415116
v -0.121407238 -0.673585461 0.956449560
v -0.130764666 -0.664131337 0.957257402
v -0.112662654 -0.683599194 0.943033852
v 0.278947368 -0.439473684 0.600000000
v 0.297368421 -0.439473684 0.600000000
v 0.017181201 -0.369029350 1.083300272
v 0.003843651 -0.361870517 1.083469839
v -0.034211925 -0.457895868 0.600007665
v -0.034211204 -0.439474420 0.599996596
v -0.015789456 -0.439473650 0.599998643
v -0.015790408 -0.457895109 0.599996920
v 0.131552355 -0.642829717 0.706973325
v 0.292232096 -0.297901223 0.898053057
v 0.297956304 -0.310365929 0.901121165
v 0.278416833 -0.296215683 0.899541543
v -0.182932521 -0.198646315 0.975000135
v 0.389474790 -0.734210523 1.100001069
v 0.389474790 -0.715789474 1.100001072
v 0.426283153 -0.605263158 1.099968331
v 0.444722970 -0.586842115 1.099986483
v 0.426283171 -0.586842162 1.099968205
v 0.076315789 -0.734210523 1.099999997
v 0.076315789 -0.715789474 1.100000000
v 0.500000172 -0.660526050 0.742857421
v 0.500000496 -0.752631349 0.850000238
v 0.499965523 -0.531578609 1.028539647
v -0.196101921 -0.582579285 0.711457848
v -0.197352641 -0.583702995 0.724579265
v -0.201485814 -0.569561119 0.724116817
v -0.182477719 -0.583586590 0.710779980
v -0.199997984 -0.439473684 1.010712331
v -0.066933024 -0.844261031 0.835682115
v -0.074500012 -0.844604273 0.846069927
v -0.053026147 -0.845091492 0.831588716
v -0.034210523 -0.200000003 0.814285714
v 0.242105263 -0.899986133 1.046415129
v 0.223684211 -0.899986133 1.046415129
v 0.205263158 -0.200032632 0.671460205
v 0.334210523 -0.899999976 0.957142831
v 0.315789474 -0.899999976 0.957142830
v 0.021373147 -0.789894538 0.836565070
v 0.026375135 -0.794938261 0.846236694
v 0.002412194 -0.789797892 0.828719459
v -0.107892683 -0.200034558 0.671460257
v 0.021052606 -0.900000003 0.957142766
v 0.002631656 -0.899999903 0.957142745
v 0.408431472 -0.676035466 0.602517583
v 0.425891360 -0.675536891 0.602862526
v 0.426781739 -0.679392236 0.617396971
v 0.407892254 -0.679488872 0.616829375
v 0.426484959 -0.661497468 0.598651321
v 0.463705857 -0.531578940 0.599468742
v 0.463705859 -0.513157896 0.599468811
v 0.482932536 -0.513157895 0.598687856
v 0.482932537 -0.531578949 0.598687784
v 0.388861132 -0.288606522 0.817563416
v 0.388460211 -0.274005646 0.813796523
v 0.497402299 -0.642166815 0.602210113
v -0.199999999 -0.457894737 0.867857143
v 0.044895659 -0.629440482 0.791548176
v 0.021594659 -0.622546594 0.725096449
v 0.003041868 -0.626605586 0.725607953
v 0.463705827 -0.900548114 0.921428458
v 0.499997973 -0.586842105 1.010712329
v 0.168421541 -0.899980658 0.921442662
v 0.149999514 -0.899972789 0.921446201
v -0.158338370 -0.471183936 0.636768155
v -0.166917571 -0.461151515 0.636520220
v -0.200001140 -0.494736822 0.992858213
v 0.500141264 -0.310542472 0.778581297
v -0.201353585 -0.217067465 0.760714289
v 0.223684211 -0.328947255 0.599999890
v 0.242105263 -0.328947255 0.599999890
v 0.242105263 -0.347368447 0.600000025
v -0.163706712 -0.199455352 0.689287237
v 0.444712046 -0.236306765 0.599459420
v 0.389474790 -0.899999088 1.010712332
v 0.371052747 -0.899998094 1.010712333
v 0.131578947 -0.236294141 0.599468811
v 0.076315789 -0.899997982 1.010712332
v -0.197385786 -0.255268847 0.602534187
v -0.201809758 -0.236244830 0.616503810
v -0.197622176 -0.236196913 0.602305033
v -0.182975018 -0.236244830 0.598245642
v -0.066987129 -0.236826857 1.083108072
v 0.499951430 -0.273715924 0.653583767
v 0.224418613 -0.516316908 1.097082315
v 0.205819918 -0.530704794 1.101128207
v 0.224648858 -0.530689474 1.101114402
v -0.144720950 -0.660526332 1.099986081
v 0.499998618 -0.365788004 0.760716978
v 0.407892721 -0.899997958 0.939285722
v -0.200833083 -0.624031658 0.921416971
v 0.113157921 -0.899997150 0.939289996
v 0.094736882 -0.899997356 0.939287194
v 0.186236277 -0.897550365 0.834334034
v 0.204963836 -0.897294486 0.835317095
v 0.186179847 -0.901653763 0.848402730
v 0.186331227 -0.882718552 0.831311677
v 0.224512514 -0.442194204 0.974958442
v 0.151680999 -0.201185592 0.994450265
v 0.242280803 -0.528940360 1.082408873
v 0.261260967 -0.729650659 0.692942632
v 0.370605186 -0.274192280 0.813416825
v 0.260526316 -0.457894737 0.600000000
v 0.260526316 -0.476315790 0.600000000
v 0.334242738 -0.900246258 0.814277349
v 0.499999976 -0.752631553 0.921428572
v 0.297368421 -0.897396809 1.097476498
v 0.173216618 -0.656882482 0.604165218
v 0.172061546 -0.657836739 0.617073252
v 0.164254926 -0.647520407 0.617676280
v 0.186450907 -0.658006923 0.602384974
v 0.186631532 -0.658016344 0.616773231
v 0.334210523 -0.771052745 1.100000107
v 0.352631553 -0.771052745 1.100000085
v 0.352631553 -0.752631553 1.099999951
v 0.334210523 -0.752631553 1.099999972
v 0.444583465 -0.438895818 1.083378502
v 0.499951445 -0.844724113 1.028540685
v -0.199950671 -0.568374171 0.796466751
v -0.201417426 -0.660664363 0.904101779
v 0.407892720 -0.734210523 1.099998042
v 0.407892720 -0.715789474 1.099998046
v -0.201353588 -0.439473684 1.083455009
v 0.227606891 -0.692892193 0.640346276
v 0.227867741 -0.693752051 0.653546412
v 0.235598510 -0.692933474 0.640904510
v 0.245894817 -0.685217220 0.647793832
v 0.241376367 -0.694572591 0.653600488
v 0.094736842 -0.734210523 1.099999997
v 0.094736842 -0.715789474 1.100000000
v 0.205263026 -0.200000156 0.742857041
v 0.315789474 -0.899967368 1.028539795
v 0.044352207 -0.637777734 0.640356425
v 0.042806939 -0.639341484 0.653921212
v 0.034861352 -0.628346873 0.653413461
v 0.057178005 -0.640435069 0.635212497
v -0.107892720 -0.200002042 0.742857168
v 0.002631579 -0.899967368 1.028539795
v -0.199930573 -0.402613369 0.671461933
v 0.413182072 -0.204512886 0.792048266
v 0.426519388 -0.202587633 0.793785156
v 0.426086689 -0.217711871 0.796707882
v 0.315789474 -0.292107280 0.600001954
v 0.315789474 -0.273716843 0.600031633
v 0.334210523 -0.273716843 0.600031637
v 0.334210523 -0.292107280 0.600001958
v 0.499997900 -0.807892668 0.903571528
v 0.501353574 -0.586842107 1.083455009
v 0.002631579 -0.292107280 0.600001955
v 0.002631579 -0.273716843 0.600031634
v 0.021052632 -0.273716843 0.600031634
v 0.021052632 -0.292107280 0.600001955
v -0.197396860 -0.202603133 0.975000120
v 0.236462651 -0.794735282 0.791390103
v 0.168421053 -0.900001091 0.992858228
v 0.463247927 -0.438264069 1.098782201
v 0.468924254 -0.424811611 1.096723742
v 0.482558743 -0.422629497 1.098323121
v 0.482603666 -0.437676227 1.102349467
v -0.200547929 -0.494736838 1.064816911
v -0.183148070 -0.202034165 0.601971895
v -0.183214936 -0.197857626 0.616271235
v -0.183214936 -0.216785064 0.597923209
v -0.107944927 -0.513002984 0.617267335
v -0.095852078 -0.518453753 0.611424762
v 0.062788800 -0.637559461 0.622787555
v 0.076691203 -0.639151386 0.620908945
v 0.075602835 -0.642839243 0.635103737
v -0.162956983 -0.748420248 0.898800758
v 0.499967369 -0.531578948 0.671460205
v -0.105923459 -0.677979355 1.011675299
v -0.196933522 -0.785409106 0.817811082
v -0.197440292 -0.787053730 0.830391179
v -0.188214312 -0.784811954 0.818490568
v -0.182421656 -0.787626726 0.830737248
v -0.201353588 -0.217067465 0.832142857
v -0.065867959 -0.618670050 0.658536447
v -0.067529405 -0.620804937 0.671117813
v -0.053151379 -0.620725051 0.657034854
v -0.052919171 -0.624341729 0.670463478
v 0.389475156 -0.899975136 0.867872563
v -0.200001103 -0.310525210 0.939285711
v 0.076418436 -0.901010665 0.867046897
v 0.389518871 -0.328979665 0.867803583
v -0.125600672 -0.827106168 0.940184855
v 0.463705859 -0.494736842 0.599468812
v 0.150000002 -0.494736828 0.600000038
v 0.150000014 -0.513157808 0.599999923
v 0.463150348 -0.361263604 0.903787380
v 0.389474906 -0.901354222 1.083455354
v 0.076315789 -0.901353588 1.083455009
v 0.352631553 -0.402631579 0.600000025
v 0.500913150 -0.365597659 0.832238895
v 0.173798312 -0.697029208 0.801188990
v 0.163945870 -0.683779267 0.809913989
v 0.170183240 -0.678341514 0.800349298
v 0.183556114 -0.696801476 0.792685844
v 0.499990590 -0.457897750 0.939290502
v 0.186817694 -0.568463932 1.099937368
v 0.186798178 -0.550057383 1.100152722
v -0.199967367 -0.273716843 0.814285714
v -0.197410494 -0.715806826 1.097457271
v -0.197573733 -0.697371501 1.097444563
v 0.321551449 -0.396944179 0.926863185
v 0.312671781 -0.384361412 0.939510227
v 0.094736842 -0.199452036 0.635183096
v 0.186842423 -0.899984294 0.921434901
v 0.057894737 -0.897396809 1.097476498
v 0.057894737 -0.882932535 1.101312152
v 0.477848036 -0.378621934 0.927967408
v -0.121626695 -0.895710890 0.908346893
v -0.127071910 -0.898161630 0.921067807
v -0.131375880 -0.882690333 0.916713940
v -0.108467449 -0.898433969 0.903359782
v -0.150245635 -0.618626559 0.748096143
v -0.144867986 -0.623872603 0.757714616
v -0.163197130 -0.619824944 0.746840128
v -0.163418221 -0.627486668 0.760062342
v 0.370642932 -0.329285177 0.867706042
v 0.334210681 -0.900002377 0.885713481
v 0.500001081 -0.752631553 0.992858215
v 0.039451097 -0.899973682 0.885745512
v 0.021045198 -0.899962041 0.885729815
v 0.346594345 -0.335026546 0.879698779
v 0.337001542 -0.329019931 0.885666217
v 0.168301267 -0.656706507 0.675247819
v 0.187156111 -0.660226024 0.671713998
v 0.149201550 -0.646543595 0.616979358
v 0.497385786 -0.844731153 1.097465813
v 0.497622176 -0.863803087 1.097694967
v 0.482975018 -0.863755170 1.101754358
v 0.482907761 -0.844715133 1.101330328
v 0.315789474 -0.789474790 1.100001072
v 0.315789474 -0.771052745 1.100000110
v -0.052536943 -0.365793242 1.100738230
v -0.071069974 -0.365821535 1.100124305
v 0.315789474 -0.897396809 1.097476498
v 0.228806831 -0.305445071 0.908600046
v 0.218758576 -0.293060956 0.916666730
v 0.209044841 -0.310700619 0.924794034
v 0.002631579 -0.897396809 1.097476498
v 0.002631579 -0.882932535 1.101312152
v 0.070468598 -0.389737803 1.023697329
v 0.371052980 -0.899981479 0.867869794
v 0.112865798 -0.697338181 0.817490851
v 0.131764388 -0.692840549 0.819264243
v -0.112653866 -0.802989899 0.926509231
v 0.499998094 -0.807892722 0.975000112
v -0.197385834 -0.202614168 1.046423042
v 0.168421053 -0.900547964 1.064816904
v 0.278947368 -0.310525210 0.599998928
v 0.297368421 -0.292107280 0.600001955
v -0.182933265 -0.198648841 0.689287975
v -0.052633440 -0.900004907 0.974998950
v -0.071056859 -0.899987266 0.974997006
v 0.062377889 -0.637234281 0.702637382
v 0.076423794 -0.627440335 0.707197525
v 0.076711597 -0.638727803 0.707044059
v 0.371052772 -0.605263181 1.100000311
v 0.389474822 -0.586841964 1.100002113
v 0.371052673 -0.586841121 1.100001887
v 0.352458043 -0.674227780 0.622016220
v 0.334045812 -0.682141095 0.635201409
v 0.076315772 -0.586842186 1.099999911
v 0.499999975 -0.531578947 0.742857168
v -0.201354192 -0.347369427 0.616544613
v -0.197397382 -0.347369386 0.602523031
v -0.034193066 -0.899919917 0.903608469
v 0.131580761 -0.568419515 1.100002530
v -0.199988941 -0.439474145 0.725001892
v 0.094687904 -0.642889770 0.634746027
v -0.201353588 -0.217067465 0.903571429
v -0.070219069 -0.618973682 0.743650274
v -0.051493017 -0.622661187 0.743848565
v 0.389474790 -0.900001088 0.939285722
v -0.199999088 -0.310525210 1.010712332
v 0.076315811 -0.899999055 0.939285353
v 0.388950483 -0.314680515 0.864191373
v -0.065238359 -0.858143096 0.837472408
v -0.052743070 -0.863773929 0.834781064
v 0.407892702 -0.550000511 0.600001060
v 0.426283157 -0.531578907 0.600031609
v 0.426283171 -0.550000109 0.600030850
v 0.444244773 -0.333274383 0.863153312
v 0.211187054 -0.445532985 0.969126683
v 0.205819460 -0.440120306 0.956042301
v 0.217988321 -0.451772333 0.980895545
v 0.421714257 -0.435850221 0.961239692
v 0.431220697 -0.426369611 0.974079240
v 0.497396808 -0.513157894 0.602523514
v 0.497396808 -0.494736842 0.602523502
v 0.501353588 -0.494736842 0.616544990
v 0.482932535 -0.494736842 0.598687850
v -0.144712633 -0.900558971 1.064803448
v -0.163688099 -0.901132404 1.064796917
v 0.500000125 -0.586842107 0.724999889
v 0.498143582 -0.364039987 0.904496439
v 0.407810466 -0.259829352 0.809931857
v 0.426548400 -0.259795166 0.809819523
v 0.426064083 -0.251453807 0.800234280
v 0.500855878 -0.457784385 1.010951677
v 0.315789474 -0.439473684 0.600000000
v -0.067894453 -0.568897384 0.602500697
v 0.260526316 -0.807892720 1.099998045
v 0.278947368 -0.807892720 1.099998045
v 0.002631655 -0.439473644 0.600000112
v -0.199967367 -0.273716843 0.885714286
v -0.200001103 -0.365789477 0.992858215
v 0.186842106 -0.900001091 0.992858229
v -0.126220861 -0.899921682 0.992934500
v 0.297368421 -0.899967367 1.028539795
v 0.002977436 -0.730282407 0.819494240
v 0.021243542 -0.734020266 0.818351254
v 0.003280328 -0.716207495 0.814504381
v 0.020903502 -0.716514239 0.814645569
v -0.001587995 -0.330236519 1.024584924
v -0.121338079 -0.617608307 0.749099000
v -0.126756062 -0.623358882 0.757724807
v -0.107422927 -0.618927962 0.747583604
v -0.034766762 -0.619866505 0.657200910
v -0.015627903 -0.619678384 0.657591678
v -0.034617017 -0.624283241 0.670276101
v 0.412566384 -0.876416030 0.783706357
v 0.421970444 -0.876990205 0.783103261
v 0.426165795 -0.883190418 0.792321924
v 0.039473675 -0.900000365 0.957142740
v 0.330229633 -0.314499811 0.885880005
v 0.173287693 -0.655415498 0.761168392
v 0.131711855 -0.897394301 0.853294818
v 0.131568380 -0.882810921 0.849774241
v 0.439595261 -0.673668802 0.605153687
v 0.426286512 -0.200076365 0.724953952
v 0.076315789 -0.236294141 0.599468811
v 0.076315789 -0.255277024 0.600013442
v 0.156183111 -0.672649029 0.802982944
v 0.150129222 -0.678490035 0.811829066
v 0.145364054 -0.666271348 0.808912246
v 0.076282879 -0.202614352 1.008125481
v 0.168389008 -0.531573709 1.100319970
v 0.149940566 -0.531610182 1.099984334
v -0.144722987 -0.531578948 1.099986558
v 0.371052745 -0.900000096 0.939285721
v 0.328563185 -0.839231311 0.749132736
v 0.334300861 -0.844734609 0.758477539
v 0.315814738 -0.840856257 0.747640227
v 0.315773444 -0.848503399 0.756819944
v 0.500547964 -0.623684210 1.064816904
v 0.189671028 -0.291900568 0.939264062
v 0.499983650 -0.807892967 1.046415343
v 0.302638005 -0.876702000 0.746255408
v 0.297823852 -0.863285472 0.760688101
v 0.302358508 -0.868456242 0.746982113
v 0.309711703 -0.876661035 0.745605096
v 0.309946079 -0.868474032 0.746302027
v -0.197527734 -0.641966992 0.921301743
v -0.182932535 -0.198646415 0.760714289
v -0.071052721 -0.899986039 1.046415132
v 0.278947368 -0.457894737 0.600000000
v 0.039473684 -0.200000001 0.814285714
v -0.199999995 -0.439473689 0.796428576
v -0.200000536 -0.531579192 0.903571443
v 0.407892782 -0.586842233 1.099998199
v 0.039683094 -0.622117368 0.724910140
v -0.201354223 -0.310525095 1.083455344
v 0.500000001 -0.568421052 0.939285712
v 0.113157889 -0.605263196 1.099999887
v 0.113157769 -0.586841939 1.100000448
v 0.094736825 -0.586842161 1.100000145
v 0.334210523 -0.789474790 1.100001069
v -0.089474790 -0.531578948 1.100001072
v -0.071052745 -0.531578948 1.100000111
v -0.089474790 -0.513157895 1.100001075
v 0.223986740 -0.384359300 0.957649372
v 0.242146802 -0.383894324 0.958397317
v 0.241548937 -0.365631518 0.954105385
v 0.223725818 -0.365207657 0.955061586
v 0.334555521 -0.729669248 0.676070352
v 0.334591371 -0.714995457 0.671949169
v 0.352628812 -0.716009029 0.668335944
v 0.500000000 -0.586842105 0.796428571
v -0.197396003 -0.202603997 0.689288062
v 0.500000000 -0.678947368 0.903571429
v 0.502018166 -0.457322792 1.083489954
v -0.200004088 -0.494737753 0.778570817
v -0.199967340 -0.273716842 0.957142833
v 0.256012159 -0.527897158 1.082794605
v -0.200547960 -0.365789477 1.064816904
v 0.375839457 -0.287298230 0.818846057
v -0.126282004 -0.900517619 1.064816862
v 0.242105263 -0.826283157 1.099968366
v 0.242105263 -0.807892720 1.099998045
v 0.223684211 -0.807892720 1.099998045
v 0.458543629 -0.425230472 1.028326530
v 0.500001219 -0.789474790 0.975000110
v 0.297368421 -0.273716843 0.600031634
v 0.131578980 -0.899997210 0.939289947
v -0.041748263 -0.317685266 1.040035046
v -0.035686268 -0.330450126 1.045938490
v -0.051632662 -0.311356410 1.045411685
v -0.048886428 -0.324392777 1.050007805
v 0.444429790 -0.202581598 0.793768713
v 0.352631554 -0.273716842 0.600031660
v 0.352631554 -0.292107280 0.600001979
v 0.039473684 -0.273716843 0.600031634
v 0.039473684 -0.292107280 0.600001955
v -0.197804080 -0.715751640 0.798699989
v -0.201464452 -0.716112589 0.812642796
v -0.201631074 -0.697493349 0.812642982
v -0.197765152 -0.697478798 0.798760083
v -0.182709572 -0.715800530 0.798527012
v -0.182597674 -0.697481866 0.798496092
v -0.052609837 -0.476301497 0.600031467
v -0.052627716 -0.457890079 0.600045501
v -0.034203753 -0.476314260 0.600036893
v -0.052594687 -0.899941783 0.903627384
v -0.126193941 -0.674146288 0.801194716
v -0.108037179 -0.678729243 0.796471249
v 0.205304814 -0.549822122 1.100549859
v 0.187069072 -0.531257662 1.100936093
v -0.118977337 -0.765799882 0.914791549
v -0.121209032 -0.751957098 0.916907706
v -0.112490452 -0.775915460 0.908440569
v -0.126283166 -0.550000000 1.099968366
v -0.107892721 -0.550000000 1.099998045
v -0.107892720 -0.531578947 1.099998045
v -0.126283157 -0.531578947 1.099968366
v 0.463752539 -0.198210312 0.779889230
v -0.197361534 -0.734220142 1.097512884
v 0.149999988 -0.200000239 0.778571416
v 0.501323264 -0.753420331 0.706833828
v 0.297367686 -0.899997358 0.885712774
v 0.500930878 -0.844972086 0.813978299
v 0.168421051 -0.494736841 0.600000017
v 0.482858241 -0.361229484 0.904341073
v 0.389505588 -0.259686132 0.809552013
v 0.039473678 -0.199999918 0.885714344
v -0.200000000 -0.439473684 0.867857143
v -0.200002407 -0.531580023 0.975000323
v 0.338461818 -0.479697450 1.083200662
v 0.352118734 -0.476199582 1.083110473
v 0.499998034 -0.568421055 1.010712330
v 0.315797620 -0.900122775 0.814294647
v -0.139290806 -0.802973060 0.872927954
v -0.139082243 -0.802701438 0.881141371
v -0.130476500 -0.790137653 0.889382294
v -0.144707671 -0.900352305 0.992893909
v 0.021052632 -0.752631553 1.099999975
v 0.002631579 -0.752631553 1.099999975
v 0.076837249 -0.697916733 0.817877464
v 0.070391051 -0.684318202 0.821371288
v 0.076459596 -0.678624081 0.830750105
v 0.081400254 -0.691903902 0.828078966
v 0.500194383 -0.402636088 0.885669618
v 0.315768235 -0.715389286 0.671918706
v -0.130375454 -0.550264157 0.667218587
v -0.131287658 -0.536810192 0.666418454
v 0.500000000 -0.586842105 0.867857143
v -0.197396807 -0.202603193 0.760714289
v 0.500000113 -0.678947368 0.975000110
v -0.199999997 -0.494736852 0.849999992
v 0.242105263 -0.310525210 0.599998928
v 0.500001106 -0.623684211 0.992858215
v -0.071055454 -0.200041177 0.974990359
v -0.052638379 -0.200045076 0.974957360
v 0.371121334 -0.789748660 0.709650137
v 0.071273815 -0.366350127 0.987738224
v 0.061945357 -0.365661177 0.996476032
v -0.202142374 -0.216785064 0.616271235
v -0.197965835 -0.216851930 0.601971895
v -0.200001222 -0.310525210 0.724999890
v 0.346881936 -0.261048529 0.826874996
v 0.340450738 -0.267167443 0.838377523
v 0.499987307 -0.789474772 1.046415081
v -0.089474789 -0.494736838 1.100001078
v 0.302693791 -0.839076643 0.749020376
v 0.296928424 -0.844898458 0.758404001
v 0.055168693 -0.365986220 1.010060451
v 0.131578947 -0.899997979 1.010712335
v -0.197613719 -0.897607614 1.010253014
v -0.201787834 -0.883022351 1.010147541
v -0.124369479 -0.659666747 1.029682825
v -0.110864000 -0.664748238 1.024126379
v -0.089474591 -0.899987205 1.046415319
v 0.497396809 -0.384210526 0.602523502
v 0.497396807 -0.365789477 0.602523503
v 0.501353585 -0.365789477 0.616544991
v 0.482932535 -0.365789477 0.598687851
v 0.114232176 -0.618670493 0.779453302
v 0.133160137 -0.621883344 0.779494067
v 0.500000114 -0.457894737 0.724999890
v 0.463687095 -0.198866548 0.635201285
v -0.195839498 -0.618930247 0.765022837
v -0.198078831 -0.624027897 0.778483140
v -0.182479488 -0.622000140 0.759775794
v -0.188607718 -0.611464830 0.754756502
v -0.163686863 -0.198869107 1.064799536
v -0.144728810 -0.199460980 1.064803806
v 0.426283181 -0.568422184 0.600030918
v -0.201380234 -0.715772903 0.886028736
v -0.200850685 -0.697214493 0.885910938
v -0.071038621 -0.457870683 0.600038096
v -0.052633012 -0.439475325 0.600006856
v 0.039473684 -0.752631553 1.099999975
v 0.186842105 -0.844722976 1.099986558
v -0.125497534 -0.752885906 0.993127521
v -0.119961604 -0.758984659 0.981105000
v -0.113317403 -0.765751333 0.970419168
v -0.126284078 -0.844724113 1.099952930
v 0.093408612 -0.443477953 1.010162710
v 0.150004495 -0.200013998 0.850004241
v 0.002870533 -0.221690245 1.014769982
v 0.003195431 -0.212844820 1.025780949
v -0.015575874 -0.213178999 1.025262613
v -0.015261906 -0.202610000 1.026237614
v 0.003475773 -0.203175890 1.026489443
v 0.499926203 -0.752607271 0.778585216
v 0.297368421 -0.899999947 0.957142833
v 0.148936786 -0.480452694 1.046274107
v 0.499985969 -0.844723579 0.885712463
v 0.039461581 -0.199994744 0.957150196
v -0.199985907 -0.531579092 1.046414928
v 0.500000997 -0.789474786 0.903571443
v -0.076692567 -0.674037428 0.783414246
v -0.065520071 -0.666712675 0.790110410
v -0.070979949 -0.679317230 0.793087821
v -0.089235972 -0.675524085 0.781814961
v -0.089231796 -0.682727547 0.792310968
v 0.501353552 -0.568421077 1.083454973
v 0.315789103 -0.900003975 0.885713669
v 0.002630743 -0.899977598 0.885724175
v -0.144723035 -0.402631586 1.099986439
v -0.163705858 -0.402631576 1.100531155
v 0.444718014 -0.785030365 0.711887375
v 0.407892965 -0.200016285 0.653584694
v 0.426284076 -0.200048538 0.653583732
v 0.408219120 -0.711553958 0.657530741
v 0.426185904 -0.719584506 0.667655064
v 0.408278420 -0.718833013 0.668338119
v -0.197396809 -0.202603191 0.832142857
v 0.499986133 -0.678947368 1.046415129
v 0.402585963 -0.316357193 0.862596567
v 0.284006393 -0.728371923 0.676850744
v 0.297436413 -0.729845996 0.674795821
v 0.296831585 -0.715759697 0.671588804
v -0.199999990 -0.494736831 0.921428572
v -0.200302572 -0.586822786 1.028520480
v -0.144687774 -0.660338015 0.956660727
v -0.070184869 -0.198731073 1.047089458
v -0.051768560 -0.201725467 1.047531214
v 0.260526316 -0.328947255 0.599999890
v 0.260526316 -0.310525210 0.599998928
v 0.278947368 -0.328947255 0.599999890
v -0.200001106 -0.310525210 0.796428571
v -0.107306452 -0.716345758 0.993783387
v 0.426287202 -0.456726852 1.101319309
v 0.407375249 -0.456247822 1.101710233
v 0.315775726 -0.683913237 0.631239488
v 0.500324572 -0.439567098 0.939257089
v 0.038847772 -0.351778864 1.005930773
v 0.026067490 -0.360080925 1.015805283
v 0.040155664 -0.362147043 1.014346067
v 0.315795050 -0.199835138 0.742856205
v 0.334214785 -0.199660648 0.743017150
v -0.015789474 -0.789474790 1.100001072
v -0.034210523 -0.789474790 1.100001069
v 0.310240955 -0.371329552 0.933878847
v 0.297537640 -0.365876474 0.936661028
v 0.193474000 -0.653331592 0.659709414
v 0.075393393 -0.421755605 1.046508994
v 0.463419654 -0.771028262 0.704055751
v 0.458293541 -0.757841947 0.702515976
v 0.499999915 -0.457894806 0.796428556
v 0.463706383 -0.199453215 0.707140620
v -0.199934115 -0.273716534 0.671459905
v -0.200000001 -0.365789477 0.778571428
v 0.057894770 -0.900000592 0.957142453
v 0.499961774 -0.402637549 0.814283501
v -0.201133459 -0.236312908 1.064798710
v 0.230482826 -0.820368575 0.802715394
v 0.221207923 -0.808172754 0.815325416
v 0.228985895 -0.806591781 0.801226395
v 0.297295378 -0.900525228 0.814139427
v -0.089435902 -0.457880632 0.599873324
v 0.150282659 -0.199077843 0.921547181
v 0.113858984 -0.457109606 1.098498907
v 0.095659991 -0.456978061 1.101422606
v 0.223675266 -0.199700601 0.832129535
v 0.242224109 -0.199167294 0.832364159
v 0.216915172 -0.279372130 0.914369301
v 0.499986105 -0.844722977 0.957142832
v -0.200495883 -0.660519211 0.831784705
v 0.254834844 -0.371323184 0.951605537
v 0.076315789 -0.199999999 0.796428571
v -0.034210523 -0.310525210 0.599998931
v 0.241884453 -0.306428354 0.907198325
v 0.407892007 -0.199998781 0.724969950
v -0.052631554 -0.347368449 0.600000042
v -0.052631553 -0.328947255 0.599999913
v -0.034210523 -0.328947255 0.599999893
v -0.034210523 -0.347368447 0.600000025
v -0.089930756 -0.900870598 0.903595761
v 0.500000000 -0.623684211 0.850000000
v 0.499925399 -0.807879610 0.832167020
v -0.197396809 -0.202603191 0.903571429
v 0.242022534 -0.898174866 0.832019293
v 0.236567930 -0.888077475 0.826685020
v -0.196075019 -0.729520318 0.799793860
v 0.131578846 -0.586841638 1.100002158
v -0.197336570 -0.605256451 1.097481447
v -0.197384022 -0.586843684 1.097474533
v 0.463705859 -0.365789477 0.599468814
v 0.094735670 -0.531578900 0.599998395
v 0.113157767 -0.531580149 0.599998188
v 0.241967788 -0.715541218 0.692020436
v -0.196116196 -0.545218850 0.675313781
v -0.201460675 -0.532467769 0.688189185
v -0.197611504 -0.531936405 0.673980410
v -0.182602794 -0.546194535 0.674597517
v -0.182718501 -0.532003019 0.670126513
v -0.200001106 -0.310525210 0.867857143
v 0.389474788 -0.550000546 0.599998350
v 0.500000114 -0.568421052 0.724999891
v 0.076322962 -0.549981739 0.600067703
v 0.094734603 -0.549985867 0.600025240
v 0.488122512 -0.351294040 0.898795611
v 0.496624579 -0.351079917 0.899197333
v 0.500986208 -0.438989423 1.011545411
v 0.334210599 -0.623684205 1.099999991
v 0.315789429 -0.623684094 1.100001042
v -0.144723015 -0.200010904 0.992858113
v 0.260526316 -0.826283157 1.099968366
v -0.052631554 -0.807892720 1.099998021
v -0.071052746 -0.807892722 1.099998152
v -0.107891944 -0.402631397 1.100001078
v -0.126283211 -0.402631646 1.099969103
v -0.003607265 -0.316119404 1.022011564
v 0.499916514 -0.678926586 0.689305388
v 0.500004428 -0.457893887 0.867858017
v -0.199967340 -0.273716842 0.742857167
v -0.199999997 -0.365789477 0.850000000
v 0.057894737 -0.899967367 1.028539794
v 0.315674711 -0.729531305 0.675430186
v 0.371052754 -0.550000069 0.599999433
v 0.371052614 -0.568417907 0.600003812
v 0.463693235 -0.844712046 1.100540580
v 0.501167713 -0.789918063 0.760403816
v 0.057894737 -0.273716843 0.600031634
v 0.057894737 -0.292107280 0.600001955
v 0.389474773 -0.200012552 0.653585026
v 0.192963709 -0.802022859 0.821361314
v 0.191083259 -0.788674404 0.819084104
v 0.206182938 -0.803715419 0.819189413
v 0.366734158 -0.453234354 1.028855854
v 0.501768231 -0.217030194 0.761115024
v 0.500944987 -0.236304395 0.760826657
v -0.089499503 -0.365794437 1.099945244
v 0.468977635 -0.728781545 0.640912245
v 0.463870749 -0.731492337 0.653270900
v 0.457485445 -0.721738385 0.648298110
v 0.463251023 -0.716751872 0.637708055
v -0.009266763 -0.358931291 1.088826168
v -0.020827849 -0.352601540 1.095421855
v 0.113606349 -0.202381440 1.008411136
v 0.132228544 -0.202269388 1.008590665
v 0.113737253 -0.217159835 1.012750384
v 0.228649572 -0.352668971 0.952265338
v 0.237661906 -0.352505632 0.952180766
v 0.076315646 -0.200000157 0.867857051
v -0.089207900 -0.199035146 1.046526699
v 0.211470627 -0.397745661 0.951327504
v 0.208969308 -0.383958735 0.953939258
v 0.218467751 -0.407820557 0.944019052
v 0.224150910 -0.403185901 0.953897644
v 0.365801119 -0.895433262 0.783102848
v 0.376635184 -0.887939415 0.790609001
v 0.371085763 -0.898136680 0.796547021
v -0.089461894 -0.899923516 0.975012108
v 0.500000000 -0.623684211 0.921428572
v 0.352631569 -0.623684261 1.099999872
v 0.297225422 -0.682479169 0.635187732
v 0.229439104 -0.876863678 0.820170137
v 0.113157988 -0.568419663 1.100001957
v -0.071045137 -0.476312706 0.599750107
v -0.071157686 -0.900330891 0.903642837
v 0.357841119 -0.709604423 0.659738421
v 0.347245811 -0.702441117 0.666789457
v 0.371358954 -0.711415873 0.658012677
v 0.370745712 -0.720477224 0.666289456
v 0.039473684 -0.771052745 1.100000110
v 0.076394968 -0.807560261 0.831941630
v 0.334210520 -0.200032053 0.671460729
v 0.039473684 -0.200032633 0.671460205
v -0.197507010 -0.457756162 0.653708427
v -0.200847468 -0.439790305 0.653602086
v -0.199919575 -0.531539830 0.760734086
v 0.500000000 -0.568421053 0.796428571
v 0.254351409 -0.242638939 0.879567666
v 0.241280228 -0.236886367 0.882255322
v 0.500000000 -0.660526316 0.903571429
v 0.502366842 -0.437761455 1.083554708
v -0.053528163 -0.655988833 0.782515964
v -0.052103969 -0.663827836 0.792873721
v 0.264711095 -0.439889129 0.989353985
v 0.278454117 -0.439460807 0.990622459
v -0.200547946 -0.347368450 1.064816901
v 0.375698579 -0.261630828 0.807811318
v 0.444723003 -0.549999980 0.600013216
v 0.297368399 -0.642105265 1.100000315
v 0.371052732 -0.200013539 0.653585056
v 0.499967367 -0.402631579 0.671460205
v -0.163960196 -0.901371573 0.992490479
v 0.499986610 -0.586842044 0.653584882
v 0.021553012 -0.236467176 1.010755510
v 0.002496587 -0.236935641 1.009814528
v 0.500000912 -0.678947226 0.760714508
v 0.426691395 -0.384478164 0.918452352
v 0.431392120 -0.370755368 0.916412885
v 0.255715142 -0.684640530 0.647994099
v 0.125265268 -0.464437538 1.023480108
v 0.112877634 -0.458253418 1.028759028
v -0.199999997 -0.365789477 0.921428572
v 0.242107615 -0.200010046 0.760716382
v -0.119708957 -0.690644489 0.932214408
v 0.500000005 -0.623684210 0.778571429
v -0.199967366 -0.457894737 1.028539795
v 0.497421883 -0.401657546 0.957309797
v 0.482281594 -0.398325601 0.957458239
v -0.071052745 -0.199999890 0.760714289
v -0.052631553 -0.200000029 0.760714289
v 0.500499218 -0.494763655 1.064823024
v 0.383502135 -0.875995568 0.784699230
v 0.169056221 -0.236615001 0.975237365
v 0.394878737 -0.674186860 0.604425076
v 0.389485744 -0.676282965 0.617522174
v 0.499976478 -0.789479133 0.832141388
v 0.389471257 -0.199965221 0.725034875
v 0.186842105 -0.365789477 0.600000003
v 0.205263158 -0.384210526 0.600000000
v -0.126283323 -0.365790374 0.600029721
v -0.034210523 -0.660526316 1.099999997
v -0.201496705 -0.752649552 1.083448400
v 0.076317039 -0.200033514 0.939252856
v 0.439617642 -0.721613871 0.665780164
v 0.168406047 -0.200079462 0.849985580
v -0.126283150 -0.568421056 1.099968364
v -0.163705859 -0.199452036 0.850000000
v -0.144722976 -0.200013867 0.850000000
v 0.497621613 -0.273346212 0.811533618
v 0.482899739 -0.273141245 0.815503386
v 0.497396809 -0.715789474 1.097476498
v 0.482932536 -0.715789474 1.101312152
v 0.315789099 -0.586834620 0.600014660
v 0.334210955 -0.586827159 0.600017387
v 0.310299464 -0.204547552 0.809338615
v 0.297940453 -0.201426619 0.814796056
v 0.150000000 -0.199452036 0.635183096
v -0.015789474 -0.200000000 0.814285714
v -0.089474791 -0.807892722 1.099999116
v 0.039473684 -0.200000025 0.742857168
v -0.200002384 -0.531578934 0.832142896
v 0.021195982 -0.620073775 0.653805257
v 0.260537585 -0.499593567 1.041493144
v 0.094722978 -0.807742187 0.832100406
v 0.113171180 -0.807894110 0.832175247
v 0.500000000 -0.568421053 0.867857143
v 0.172917170 -0.895988382 0.835709659
v 0.167798258 -0.898173406 0.848650042
v 0.164101436 -0.882294599 0.845390246
v 0.171879491 -0.883113589 0.834798621
v 0.500545119 -0.236293199 0.689287925
v 0.500000113 -0.660526316 0.975000110
v -0.031588370 -0.217380217 1.028852087
v -0.038922397 -0.204163756 1.042809037
v -0.037713453 -0.216786703 1.043554213
v -0.101907960 -0.673251729 0.784437304
v 0.371052394 -0.199960793 0.725071576
v 0.219096240 -0.203517808 0.899123313
v 0.206079942 -0.201500944 0.904251631
v 0.499999804 -0.402631636 0.742857070
v -0.107892718 -0.200002016 0.903571435
v -0.089474790 -0.199998933 0.903571427
v -0.197965835 -0.202034165 0.616336054
v -0.196529078 -0.203470922 0.603364669
v 0.500000010 -0.678947371 0.832142856
v 0.444801648 -0.457303713 1.101142333
v -0.200136532 -0.494685311 0.707142137
v 0.407995341 -0.439231603 1.028914247
v 0.126412277 -0.462809190 1.096294411
v 0.106896585 -0.445298877 1.015078841
v 0.106842158 -0.445864763 1.024335837
v 0.052618114 -0.353581172 1.004720117
v -0.197396809 -0.457894737 1.097476498
v -0.071052745 -0.199999887 0.832142857
v -0.052631553 -0.200000026 0.832142857
v -0.158414987 -0.655406800 0.956756395
v 0.168421052 -0.199998893 0.707141785
v 0.260526316 -0.660526328 1.100000070
v -0.144722926 -0.200012693 0.707141803
v 0.247065251 -0.728154506 0.695293781
v 0.236247843 -0.721644314 0.701545072
v 0.242105263 -0.678947370 1.099999994
v 0.218943961 -0.417083644 0.943332365
v -0.052631554 -0.678947368 1.099999975
v -0.071052744 -0.678947368 1.100000110
v -0.126305625 -0.273711124 1.099918134
v 0.169195162 -0.198847000 0.921968545
v -0.163705859 -0.199452035 0.921428571
v -0.144722975 -0.200013856 0.921428573
v 0.113327568 -0.789389651 0.833457208
v 0.131659874 -0.808105270 0.832376907
v 0.401834746 -0.819831334 0.767010357
v 0.412642089 -0.812239495 0.774334939
v 0.150000000 -0.199998895 0.707141785
v -0.015789488 -0.200000042 0.885714240
v -0.163158091 -0.531961326 0.667783887
v 0.223684211 -0.202603191 0.602523502
v 0.223684211 -0.198646412 0.616544991
v 0.242105263 -0.198646412 0.616544991
v 0.242105263 -0.202603191 0.602523502
v -0.020992301 -0.590930524 0.631005354
v -0.028874964 -0.590807399 0.630970139
v 0.498036509 -0.808645564 0.759582822
v 0.482594958 -0.812787285 0.755923470
v 0.499986133 -0.660526316 1.046415129
v 0.463085679 -0.403083502 0.957068232
v -0.176781504 -0.618309768 0.748195830
v 0.371052745 -0.421052632 0.599999890
v 0.500532697 -0.623676751 0.635196547
v -0.107891374 -0.199996937 0.975002118
v -0.089472590 -0.200007405 0.975004530
v 0.168421053 -0.365789477 0.600000003
v 0.063484276 -0.416078323 1.050764965
v -0.144723380 -0.365791283 0.600013465
v 0.407103928 -0.441181637 1.097434253
v 0.426378300 -0.442153386 1.097406250
v 0.260526316 -0.347368447 0.600000025
v -0.199972978 -0.586838801 0.885712443
v -0.126825178 -0.491603065 0.602475439
v -0.113827918 -0.500842367 0.611653974
v -0.126873981 -0.497711848 0.617239979
v 0.108554269 -0.444063056 1.096469442
v -0.071052745 -0.328947256 0.599999774
v 0.352631549 -0.642105274 1.099999956
v -0.071052748 -0.199999933 0.903571387
v -0.052631559 -0.200000055 0.903571384
v 0.499967368 -0.715789474 1.028539795
v 0.039473684 -0.623684211 1.100000000
v 0.021052632 -0.623684211 1.100000000
v 0.278947350 -0.200032689 0.671460130
v 0.297368424 -0.200032320 0.671460183
v -0.199987292 -0.310525216 0.653584918
v 0.070390966 -0.408462046 1.041348318
v 0.500000809 -0.439473749 0.796428553
v 0.333752705 -0.443255151 0.974015720
v 0.168420898 -0.200000146 0.778571253
v -0.200702049 -0.789508465 1.064804189
v -0.144722976 -0.200013866 0.778571428
v -0.034210522 -0.900547961 1.064816905
v 0.150000000 -0.365789477 0.600000003
v 0.229212873 -0.710119696 0.695028251
v 0.226383115 -0.715561884 0.707065294
v 0.444722976 -0.421052632 0.600013442
v 0.223684208 -0.678947370 1.099999988
v 0.242105263 -0.660526316 1.100000066
v 0.168421053 -0.844722976 1.099986558
v 0.150000000 -0.844722976 1.099986558
v 0.499986133 -0.457894737 0.653584871
v 0.164576744 -0.203566894 0.988827169
v 0.166471370 -0.217256138 0.990189308
v -0.163687051 -0.863687091 1.101098763
v -0.144721779 -0.844721785 1.099975418
v -0.163693129 -0.844712051 1.100540620
v 0.426283466 -0.899934115 1.028540095
v -0.163706066 -0.199451239 0.992858246
v 0.389360941 -0.711382500 0.657792829
v 0.389379039 -0.720300990 0.667261073
v -0.200547964 -0.236294141 0.921428572
v 0.057894737 -0.771052745 1.100000110
v 0.057894737 -0.752631553 1.099999975
v -0.138140581 -0.683824745 1.035326524
v -0.015795080 -0.200051326 0.957115116
v 0.223684216 -0.200002025 0.689287677
v 0.242105256 -0.200002173 0.689287658
v 0.186842105 -0.236294141 0.599468811
v -0.159183697 -0.826127993 0.960680536
v -0.158004437 -0.812878485 0.961874203
v -0.144699875 -0.807994487 0.959467009
v -0.126282056 -0.236294254 0.599499268
v -0.040030180 -0.653538860 0.785380649
v -0.034687699 -0.659415347 0.797696415
v -0.052631553 -0.310525210 0.599998953
v 0.296516348 -0.511467126 1.101631323
v 0.278599080 -0.512147235 1.098535068
v 0.389065398 -0.438769884 1.028894426
v -0.067941170 -0.602535944 0.635509470
v 0.497396797 -0.897396795 0.939285726
v 0.482932523 -0.901353573 0.939285737
v -0.089474790 -0.199998894 0.832142857
v 0.039567986 -0.255064289 1.007390323
v 0.039528932 -0.236346576 1.010884896
v 0.147128200 -0.626513200 0.779579562
v -0.197401228 -0.568421976 1.097475583
v 0.293654694 -0.236912704 0.864322469
v 0.500001012 -0.623683924 0.707142022
v -0.107930271 -0.199847443 1.046393100
v -0.126596898 -0.637734164 0.764554564
v 0.315789474 -0.457894737 0.600000000
v 0.334210523 -0.457894737 0.600000003
v 0.002631597 -0.457894689 0.599999069
v 0.021052696 -0.457894709 0.600000036
v 0.330642540 -0.328844533 0.899737229
v 0.315995112 -0.328902279 0.903957416
v -0.200000114 -0.402631579 0.975000110
v 0.076314483 -0.531576691 0.600012338
v -0.199975315 -0.586867368 0.957138945
v 0.497396807 -0.734210523 1.097476497
v 0.373977851 -0.456483134 1.097482060
v 0.388359705 -0.456027256 1.101591349
v 0.002631579 -0.623684211 1.100000000
v -0.158411957 -0.600607625 0.711655192
v -0.158927962 -0.601945057 0.723985401
v -0.163312674 -0.587201305 0.710470837
v -0.150031579 -0.600244028 0.712074961
v -0.144366663 -0.586776199 0.709956873
v -0.139062162 -0.592422302 0.719709603
v -0.144774897 -0.602322272 0.724905362
v 0.278938993 -0.200059373 0.742846431
v 0.297352338 -0.200033274 0.742821089
v -0.201682582 -0.623684410 1.083469175
v -0.052631553 -0.789474790 1.100001048
v -0.182932536 -0.198646412 0.921428572
v -0.055428500 -0.255288983 1.082920787
v -0.056498112 -0.242504490 1.087902134
v -0.056481421 -0.241175806 1.096663625
v -0.056551141 -0.250105522 1.095497491
v -0.069895653 -0.236359568 1.097778427
v 0.201037645 -0.260131604 0.953176243
v 0.200538608 -0.268483641 0.953117465
v 0.187480675 -0.273606776 0.954771159
v 0.499991123 -0.439473780 0.867860158
v 0.315789493 -0.200032110 0.671460522
v 0.182847371 -0.292078679 0.953713902
v 0.038980516 -0.387087772 1.064286361
v 0.352632188 -0.586833687 0.600021121
v 0.026341143 -0.600188055 0.604342069
v 0.017093718 -0.590577315 0.617588279
v 0.020943023 -0.586429062 0.602340704
v 0.038995100 -0.587306990 0.598995874
v 0.444731153 -0.897385786 1.097465813
v 0.426280826 -0.897381657 1.097461811
v 0.426278820 -0.882925765 1.101291284
v -0.200001678 -0.365789446 0.707141788
v 0.497630329 -0.202362410 0.761372726
v 0.076627515 -0.457581506 1.101174586
v -0.113249877 -0.784650118 0.818768254
v -0.102347265 -0.777558011 0.826025317
v -0.126761197 -0.786352583 0.816889097
v -0.200548889 -0.236294068 0.992858320
v 0.463617880 -0.810495535 0.760453837
v 0.229229991 -0.765467319 0.747934585
v 0.223685697 -0.199995440 0.760715615
v 0.497622176 -0.236196913 0.602305033
v 0.497965835 -0.216851930 0.601971895
v 0.502142374 -0.216785064 0.616271236
v 0.501809759 -0.236244830 0.616503810
v 0.482975018 -0.236244830 0.598245642
v 0.351867003 -0.222210745 0.791740256
v 0.333501791 -0.236867134 0.798713068
v 0.351519067 -0.237843055 0.795211447
v 0.463755170 -0.901809758 1.083496190
v 0.150000000 -0.901353588 1.083455009
v 0.426283157 -0.402631579 0.600031634
v 0.265231750 -0.426274359 0.988620206
v 0.273562506 -0.426323680 0.988157607
v 0.094736842 -0.402631579 0.600000000
v 0.113157895 -0.402631579 0.600000000
v -0.201537046 -0.752931456 0.868616634
v 0.387761057 -0.441325389 1.097359834
v 0.241839949 -0.454770711 0.993065808
v -0.140212899 -0.489741598 0.603575529
v -0.140927124 -0.491122501 0.617129715
v -0.089474792 -0.328947260 0.599998820
v -0.070669201 -0.692819475 0.800311818
v -0.053319986 -0.679182072 0.796309289
v 0.501351159 -0.882933265 1.010712025
v 0.497396003 -0.897396003 1.010711938
v 0.242473324 -0.549674667 1.100772493
v 0.388450221 -0.297482289 0.826882576
v 0.076315789 -0.199999887 0.724999890
v 0.168421053 -0.199452036 0.635183096
v -0.144712046 -0.199442349 0.635195334
v -0.102842728 -0.563038162 0.640848699
v 0.500000005 -0.715789474 0.885714286
v 0.426592337 -0.810431214 0.775710969
v -0.199986134 -0.402631579 1.046415129
v 0.370965791 -0.399787141 0.905874362
v 0.223704896 -0.623808049 0.599674048
v 0.242122440 -0.623655203 0.599882224
v 0.497547015 -0.422382500 1.083221103
v 0.094165669 -0.403243541 0.974130826
v 0.096973005 -0.420907240 0.973849139
v -0.121290339 -0.673630705 0.974562600
v 0.389474790 -0.771052745 1.100001182
v 0.371052745 -0.771052745 1.100000220
v 0.444722978 -0.531578933 0.600013407
v -0.002267595 -0.352537071 1.077886665
v 0.131578982 -0.531579952 0.599998057
v 0.297368170 -0.623683970 1.100001726
v 0.132198775 -0.638398427 0.724856113
v 0.113454919 -0.639596509 0.725374829
v 0.499986125 -0.568420986 0.653585017
v 0.499984521 -0.531578293 1.046415183
v 0.187385819 -0.201800252 0.921753755
v 0.002311291 -0.844861308 0.832002652
v 0.021314136 -0.844443845 0.835757272
v -0.199999975 -0.347368447 0.921428572
v -0.089474790 -0.200000912 0.689287668
v 0.488000591 -0.692973746 0.603488837
v 0.483073298 -0.679586072 0.601186330
v 0.496615876 -0.693350932 0.602890245
v 0.497103421 -0.679876545 0.601719124
v 0.501394200 -0.680124802 0.615835594
v -0.200000000 -0.457894737 0.885714286
v -0.122192507 -0.789461528 0.903150727
v -0.111937635 -0.785143834 0.908552038
v -0.071052755 -0.202603140 0.602523452
v -0.052631552 -0.202603204 0.602523514
v 0.333871942 -0.399424474 0.924847449
v 0.500000322 -0.494737017 0.921428357
v 0.352101759 -0.493922611 1.101385535
v 0.333910316 -0.493185765 1.098318138
v 0.316256477 -0.479913146 1.027392029
v 0.039478246 -0.494733654 1.099985310
v 0.021055033 -0.494733749 1.100004969
v -0.200000000 -0.402631579 0.903571429
v 0.094761909 -0.202543902 1.008164907
v 0.501351470 -0.217066372 0.689288632
v 0.500537111 -0.328944977 0.796591461
v -0.182689616 -0.794650094 0.850565990
v 0.463687094 -0.236312906 0.598901241
v -0.199901077 -0.844748209 1.046475266
v 0.389474790 -0.421052632 0.599998928
v 0.502142374 -0.883214936 1.083728765
v 0.497965835 -0.897965835 1.083663946
v 0.483214936 -0.902142374 1.083728765
v 0.003090967 -0.587616709 0.601997344
v 0.007337568 -0.590821888 0.617442388
v 0.020946289 -0.568309999 0.599227498
v 0.076315789 -0.421052632 0.599999999
v 0.463705859 -0.715789474 1.100531190
v 0.168421053 -0.715789474 1.100000000
v 0.150000000 -0.715789474 1.100000000
v -0.088586637 -0.236074748 1.101755650
v 0.499934068 -0.273716538 0.671459863
v 0.499999975 -0.715789474 0.957142832
v 0.334912340 -0.273234694 0.850869298
v 0.057894737 -0.623684210 1.100000003
v 0.426283158 -0.899967336 0.957142838
v -0.201106360 -0.624198889 0.939215175
v 0.174235153 -0.868612529 0.837911830
v -0.038417535 -0.236494611 1.027716973
v -0.048118408 -0.242171867 1.033612256
v 0.150000000 -0.236294141 0.599468811
v 0.223834074 -0.457522856 0.993191158
v 0.228040693 -0.444921138 0.987820639
v 0.237410362 -0.444768001 0.987279905
v 0.260548380 -0.623650672 0.600033725
v 0.500000003 -0.660526315 0.832142858
v 0.444905194 -0.442653438 1.097491335
v -0.200001081 -0.347368447 0.992858215
v -0.197396808 -0.439473684 1.097476498
v 0.448827480 -0.407689302 0.955625199
v -0.089474790 -0.199998897 0.760714289
v 0.334210523 -0.328947255 0.599999893
v 0.246389226 -0.844633538 0.782947130
v -0.199999976 -0.457894737 0.957142832
v -0.071052747 -0.200001906 0.689287667
v -0.052631554 -0.200002042 0.689287669
v 0.499960498 -0.494738977 0.992851720
v 0.497396807 -0.586842110 1.097476487
v 0.482932538 -0.586842119 1.101312142
v -0.163706762 -0.365789845 0.599471273
v -0.052631553 -0.660526316 1.099999975
v 0.292443647 -0.352535328 0.933909103
v 0.045178300 -0.260083341 0.997724720
v 0.057598381 -0.250972689 1.006515934
v 0.057803847 -0.235791112 1.011429349
v 0.205098793 -0.328831202 0.935545379
v -0.034623671 -0.897442739 0.834062112
v -0.034333869 -0.882808905 0.830660609
v 0.371052745 -0.402631579 0.599999890
v 0.339784056 -0.463672556 1.041059249
v 0.352938330 -0.461717370 1.042682981
v 0.315664952 -0.454493249 0.978277728
v 0.328483635 -0.453328096 0.979638378
v 0.463676162 -0.287821115 0.818627321
v 0.463570971 -0.273626714 0.815048255
v 0.297368620 -0.586840381 0.600005317
v 0.426167041 -0.897372443 0.799559899
v -0.163705859 -0.199452036 0.778571428
v 0.389474834 -0.897397340 1.097477013
v 0.371052755 -0.897396860 1.097476548
v 0.371052765 -0.882932529 1.101312248
v 0.076315789 -0.897396809 1.097476498
v 0.076315789 -0.882932535 1.101312152
v -0.200548888 -0.236294068 0.707141680
v 0.499911988 -0.273718761 0.742836549
v 0.328603790 -0.691487794 0.641422260
v 0.339701353 -0.683788929 0.648628632
v 0.315782104 -0.693158675 0.639871642
v 0.186842105 -0.715789474 1.100000000
v -0.198349278 -0.624549019 1.011174472
v 0.241717942 -0.498912287 1.042581828
v -0.157281229 -0.525658932 0.659428871
v -0.143300903 -0.527185663 0.658388332
v -0.144054706 -0.535393563 0.667780893
v 0.407892683 -0.273716897 0.600033500
v 0.426283466 -0.273716534 0.600063868
v 0.094736842 -0.273716843 0.600031634
v 0.113157895 -0.273716843 0.600031634
v 0.051327308 -0.390778506 1.058676735
v 0.045120740 -0.396828478 1.069786476
v -0.089474834 -0.202602660 0.602522987
v 0.499997958 -0.752631554 1.010712331
v -0.199997972 -0.568422294 0.885714694
v 0.260471910 -0.531844376 1.097965841
v 0.151031082 -0.692342688 0.819731269
v 0.374853244 -0.442486110 1.028740271
v -0.089408561 -0.767499940 0.817782618
v -0.088799673 -0.775475639 0.827541799
v -0.089138849 -0.753077065 0.814202205
v -0.126283606 -0.715789484 1.099968282
v 0.352808299 -0.844370183 0.761125189
v 0.223684210 -0.494736841 0.600000002
v 0.242105263 -0.494736843 0.599999999
v 0.095378435 -0.617434117 0.783598951
v 0.106661517 -0.397583605 0.968839760
v 0.444722976 -0.402631579 0.600013442
v 0.057652593 -0.587444762 0.598774048
v 0.499986133 -0.439473684 0.653584871
v -0.089474787 -0.678947369 1.100001074
v -0.144722933 -0.273712984 1.099936141
v -0.163704535 -0.273717835 1.100500407
v 0.113337873 -0.641753838 0.653438586
v 0.094431560 -0.638657655 0.653715886
v -0.201353588 -0.217067464 0.921428572
v 0.426283071 -0.899965263 0.885717478
v -0.200547964 -0.236294141 0.778571428
v 0.497403397 -0.368487516 0.923084627
v 0.482746896 -0.367870161 0.922880722
v 0.282778577 -0.497690266 1.096030371
v 0.297402085 -0.497236277 1.098097730
v 0.297560731 -0.497841414 1.087033672
v 0.407892315 -0.897396003 1.097475717
v -0.074793524 -0.752610731 0.818291835
v -0.067065130 -0.753184908 0.828817198
v 0.113157895 -0.897396809 1.097476498
v 0.094736842 -0.897396809 1.097476498
v 0.113157895 -0.882932535 1.101312152
v 0.094736842 -0.882932535 1.101312152
v 0.292614279 -0.223164176 0.863280687
v 0.149986873 -0.897338932 0.853168847
v 0.149427856 -0.882337182 0.850105281
v 0.457787064 -0.335164003 0.862033315
v 0.371052747 -0.292107278 0.600001848
v 0.389474790 -0.292107278 0.600000884
v 0.321404111 -0.231208945 0.801750853
v 0.501353574 -0.752631552 1.083454998
v 0.021052636 -0.439473685 0.600000091
v 0.328790667 -0.315975346 0.898768650
v 0.316410715 -0.313800973 0.900057978
v 0.076315789 -0.292107280 0.600001955
v -0.199960217 -0.568390037 0.957144088
v 0.463705857 -0.586842115 1.100531179
v 0.439546542 -0.684346269 0.630026219
v 0.425964941 -0.683508348 0.631657810
v 0.374816839 -0.442815129 1.096876550
v 0.375049398 -0.443406197 1.088592844
v -0.054755874 -0.273877665 1.083234590
v 0.223917472 -0.549551316 1.101031700
v 0.192158144 -0.647744759 0.622922741
v 0.187177947 -0.644819393 0.636152596
v 0.136680583 -0.435215440 0.943525282
v -0.200000000 -0.402631579 0.832142857
v 0.039200235 -0.844467225 0.835552980
v 0.302828899 -0.453027897 0.980459756
v 0.291359252 -0.868531424 0.773270696
v -0.196635135 -0.638042848 0.938865879
v 0.358058676 -0.398173866 0.907848202
v 0.260526316 -0.494736843 0.599999999
v 0.302778844 -0.691225932 0.641675562
v 0.292559909 -0.684018952 0.648639337
v 0.095256488 -0.638781942 0.721899220
v 0.352123189 -0.403737163 0.920096165
v -0.197397341 -0.310525165 1.097476984
v 0.224065451 -0.896777976 0.835738097
v 0.496529078 -0.203470922 0.603364669
v 0.497965835 -0.202034165 0.616336055
v 0.168421053 -0.236294141 0.599468811
v 0.497647206 -0.457274196 1.097876417
v 0.482856355 -0.457195396 1.102305956
v -0.163687094 -0.236312906 0.598901241
v -0.144712046 -0.236306765 0.599459420
v 0.242622128 -0.531047308 1.097756847
v -0.052631554 -0.531578946 1.099999982
v 0.315911006 -0.497476831 1.097540936
v 0.463705855 -0.900547942 0.939285743
v 0.002631711 -0.494735966 1.100003647
v 0.149999877 -0.899997444 0.939287107
v 0.497381413 -0.897382383 0.867887559
v 0.482924978 -0.901332627 0.867895887
v -0.157802440 -0.636826648 0.766281634
v -0.144323995 -0.637983017 0.765026675
v 0.297368421 -0.457894737 0.600000000
v 0.389474790 -0.752631553 1.100001048
v 0.371052745 -0.752631553 1.100000085
v 0.204942904 -0.657791924 0.602089295
v 0.499951756 -0.715781603 0.742856836
v -0.112441151 -0.591326380 0.720449952
v -0.125289975 -0.589884711 0.721459691
v 0.284478925 -0.857053996 0.767043495
v -0.196275771 -0.637335689 1.006059504
v 0.497314832 -0.661072518 0.601691196
v -0.002264574 -0.601092391 0.603785780
v -0.000281097 -0.601135010 0.617708336
v 0.339308558 -0.480887984 1.096340064
v 0.352266933 -0.479563996 1.097648112
v 0.186842375 -0.586845922 1.099978938
v -0.158065624 -0.784402251 0.819282080
v -0.144123472 -0.786515990 0.817023095
v -0.126283058 -0.586842104 1.099968367
v -0.003542041 -0.636848048 0.729405501
v -0.003690663 -0.636625637 0.738333473
v 0.497396484 -0.202603532 0.689288856
v 0.076315789 -0.402631579 0.600000000
v -0.103924444 -0.600888779 0.707484461
v 0.211272468 -0.463332985 0.987245691
v 0.039473686 -0.457894738 0.599999995
v -0.108100772 -0.696888959 0.800110583
v -0.089355893 -0.693321925 0.800310446
v -0.144724612 -0.715789322 1.099986194
v 0.407756786 -0.897008217 0.800105014
v 0.426283158 -0.752631554 1.099968340
v 0.407892720 -0.752631554 1.099998021
v 0.081026399 -0.637627615 0.720317388
v -0.034210520 -0.531578942 1.100000006
v -0.076580729 -0.765528544 0.819797717
v 0.334210523 -0.310525210 0.599998931
v 0.463650037 -0.785563648 0.711057559
v 0.497396770 -0.568421108 1.097476463
v 0.205263158 -0.202603191 0.602523502
v -0.139689094 -0.794420177 0.962394111
v -0.107892315 -0.202603997 0.602524283
v 0.298004240 -0.480963284 1.024025524
v 0.113157895 -0.752631553 1.099999975
v 0.094736842 -0.752631553 1.099999975
v 0.487891306 -0.387458819 0.969567203
v 0.487992155 -0.387784647 0.962025581
v 0.495635492 -0.388094442 0.962188411
v 0.495667568 -0.387849254 0.969690039
v 0.209910195 -0.324085774 0.926258596
v 0.201255303 -0.311494565 0.934636455
v 0.003314514 -0.619243314 0.657674912
v -0.057461285 -0.203787734 1.059484475
v -0.138370466 -0.850624411 0.945078894
v 0.371052744 -0.642105264 1.100000106
v 0.043582046 -0.273623353 0.996185819
v -0.120082171 -0.507324535 0.623191268
v 0.131578947 -0.897396809 1.097476498
v -0.196528976 -0.896529165 1.096635231
v -0.197965797 -0.883148148 1.098028042
v 0.469055506 -0.673405999 0.604692737
v 0.229271281 -0.728858895 0.712117416
v 0.265242459 -0.518103041 1.096201417
v 0.016403419 -0.370774476 1.096403086
v 0.003179790 -0.368781137 1.097561137
v -0.197781023 -0.586849744 0.742602058
v -0.197387196 -0.402661657 0.602527419
v -0.034184741 -0.494730538 0.600043120
v 0.150001148 -0.586839900 1.100004486
v -0.038422496 -0.678369281 0.800966499
v -0.030001017 -0.664977103 0.810360812
v 0.076315789 -0.771052745 1.100000110
v -0.197396809 -0.202603191 0.921428572
v -0.066266210 -0.896796778 0.835973923
v -0.065647577 -0.888119276 0.836210437
v -0.053037478 -0.897215719 0.834509601
v -0.052924973 -0.882688534 0.834239379
v 0.497396812 -0.531578946 0.602523520
v 0.389321193 -0.896705057 0.800287243
v 0.463716587 -0.202714133 0.793667789
v 0.371052745 -0.273716842 0.600031525
v 0.389474767 -0.273716867 0.600030516
v 0.076315789 -0.273716843 0.600031634
v -0.195130015 -0.655330286 1.051794930
v 0.168423592 -0.586838496 1.099998547
v 0.039473684 -0.328947255 0.599999890
v 0.297302881 -0.328598794 0.906347512
v 0.145826803 -0.203590818 1.007009994
v 0.190961036 -0.711572578 0.729359911
v 0.190593413 -0.710374907 0.737460778
v 0.191437998 -0.702269213 0.730318268
v 0.172639661 -0.655482376 0.630353309
v 0.181633959 -0.655205243 0.629869560
v -0.197244910 -0.660430716 0.917847926
v 0.200352017 -0.434074013 0.943863226
v 0.090391332 -0.692224383 0.827506421
v -0.119712510 -0.722147989 1.016826333
v -0.112626318 -0.729202165 1.006194244
v 0.075575519 -0.618031740 0.783701983
v 0.168420846 -0.550001812 0.599999652
v 0.334210523 -0.807892720 1.099998042
v 0.106915350 -0.709946075 0.820142252
v 0.094137068 -0.715788308 0.817939172
v 0.095030618 -0.697854110 0.818327774
v 0.039473684 -0.807892720 1.099998045
v 0.021052632 -0.807892720 1.099998045
v -0.195999699 -0.636622819 0.783964019
v -0.088884043 -0.618438834 0.747313386
v 0.408046475 -0.729414283 0.676484691
v 0.463705844 -0.549999935 0.599468652
v 0.497797045 -0.437871667 1.098318926
v 0.021052632 -0.328947255 0.599999890
v -0.089474790 -0.550000000 1.100001072
v 0.310725664 -0.389381138 0.951929528
v 0.162325436 -0.482529585 1.051623660
v 0.149999171 -0.550002607 0.600000775
v -0.052635833 -0.494727419 0.599836617
v -0.122741588 -0.716648670 0.800121599
v -0.121083137 -0.702221464 0.801837188
v -0.112241557 -0.715950635 0.799706588
v 0.150137650 -0.808403549 0.832207532
v -0.197341016 -0.752638310 1.097513462
v 0.328729464 -0.261237082 0.845153319
v 0.136235186 -0.655519818 0.675733508
v 0.136662956 -0.655590217 0.683721301
v 0.149550502 -0.656528577 0.675578039
v 0.154015109 -0.453558774 0.943294653
v 0.163400884 -0.453218125 0.943704718
v 0.192522208 -0.672771554 0.676593710
v 0.315789474 -0.807892720 1.099998046
v 0.113698063 -0.236934033 1.012396721
v 0.077013625 -0.715938136 0.813743710
v 0.463555440 -0.457086725 1.101582855
v 0.371219838 -0.674209916 0.622079580
v -0.034210524 -0.365789481 0.600000001
v 0.039473681 -0.439473686 0.600000009
v 0.389474790 -0.642105261 1.100001072
v -0.052808423 -0.751561711 0.833537100
v 0.426282641 -0.586839884 0.600050339
v -0.089359908 -0.513191429 0.602129007
v 0.260526316 -0.844722976 1.099986558
v -0.119921841 -0.740178837 0.998692526
v 0.014279490 -0.354134859 1.021752005
v 0.130976878 -0.440377350 0.955862972
v 0.118205746 -0.434752350 0.961966924
v -0.144722916 -0.586842058 1.099986596
v 0.198750425 -0.297116375 0.933187897
v -0.140382508 -0.896031886 0.925625348
v -0.141958405 -0.882926309 0.923870051
v 0.371052744 -0.623684248 1.100000060
v 0.173713346 -0.715190731 0.800565606
v 0.297368421 -0.807892720 1.099998045
v 0.334210523 -0.678947368 1.100000000
v 0.449837909 -0.426094435 1.041357680
v -0.034525951 -0.751161905 0.833736866
v 0.315789474 -0.202603191 0.602523502
v 0.334210523 -0.202603193 0.602523504
v 0.076315789 -0.752631553 1.099999975
v 0.370679178 -0.237216484 0.795686525
v -0.022185417 -0.335812894 1.040597642
v 0.463705859 -0.421052632 0.599468811
v -0.085839693 -0.844465151 0.854229252
v 0.426283156 -0.623684208 1.099968371
v 0.113157901 -0.623684213 1.099999987
v -0.083493732 -0.581607475 0.622983814
v -0.121518618 -0.729561406 0.801151829
v -0.113570533 -0.729621912 0.800775994
v 0.450412332 -0.728317263 0.658730454
v 0.242105263 -0.844722976 1.099986558
v 0.283474866 -0.684097001 0.648441101
v 0.002631579 -0.807892720 1.099998045
v -0.010464636 -0.784453433 0.818596666
v -0.011321868 -0.770922576 0.817464747
v -0.002724303 -0.784371465 0.818289778
v -0.001770867 -0.770888978 0.817260170
v 0.052710763 -0.371434485 1.023076733
v 0.242105263 -0.365789477 0.600000003
v 0.039473684 -0.310525210 0.599998928
v 0.389522823 -0.513222829 1.100085653
v 0.236993460 -0.518836645 1.087929807
v 0.237577912 -0.518096999 1.096671339
v -0.197381658 -0.273719174 0.602538189
v 0.346659261 -0.409597436 0.933225722
v -0.071198952 -0.494802306 0.599253165
v 0.241672567 -0.461642786 1.007483262
v 0.039473684 -0.789474790 1.100001072
v 0.426509386 -0.236982406 0.796714041
v -0.157846153 -0.562656465 0.676792155
v -0.163484811 -0.549468798 0.674421693
v -0.144701408 -0.550392221 0.671516070
v 0.495831980 -0.424133507 1.096799265
v 0.021052632 -0.310525210 0.599998928
v 0.449803402 -0.350226164 0.916726270
v 0.449960176 -0.350496853 0.908875329
v 0.457806430 -0.350843085 0.908620864
v 0.457575754 -0.350742672 0.916393885
v -0.126219090 -0.600311876 0.729643345
v 0.181453278 -0.204272448 0.933781694
v 0.149999952 -0.531579280 0.599998639
v 0.260526316 -0.365789477 0.600000003
v 0.463688493 -0.296546732 0.827648986
v 0.202138815 -0.217387132 0.918145990
v 0.174798345 -0.728835863 0.801963245
v 0.192940435 -0.747401610 0.783971346
v 0.497965835 -0.883148070 1.098028105
v 0.496529078 -0.896529078 1.096635331
v 0.483148070 -0.897965835 1.098028105
v 0.483214936 -0.883214936 1.102076791
v 0.044340434 -0.765956318 0.820174520
v 0.039400775 -0.753309306 0.817177723
v 0.357330084 -0.802506187 0.712236960
v 0.366313508 -0.801975955 0.712423700
v -0.136726723 -0.653168410 1.035688276
v 0.039473684 -0.202603191 0.602523502
v 0.414056974 -0.389949551 0.915211266
v -0.139017382 -0.758233449 0.998401413
v 0.497396809 -0.402631579 0.602523502
v 0.450447476 -0.408900915 0.969508636
v -0.163709235 -0.716083426 0.799597934
v -0.150159582 -0.710960270 0.802132153
v 0.469214799 -0.820059225 0.766377193
v 0.136954628 -0.657221033 0.604185272
v 0.137117081 -0.657303235 0.611505577
v 0.144753225 -0.656858972 0.604237141
v 0.144822933 -0.656928596 0.611566661
v 0.026599848 -0.747184783 0.820987024
v -0.139655819 -0.868806701 0.926353673
v -0.052631559 -0.365789480 0.600000069
v 0.301817492 -0.820133823 0.730657374
v 0.311231927 -0.820352423 0.729995858
v 0.376353367 -0.444975578 1.041185116
v 0.389735289 -0.443173595 1.042864582
v 0.273547973 -0.261052300 0.879729923
v -0.195628829 -0.600479514 0.748062992
v 0.371052056 -0.586833768 0.600020086
v 0.463803087 -0.897622176 1.097694967
v 0.150000000 -0.897396809 1.097476498
v 0.165883388 -0.236243597 0.989845425
v 0.163381057 -0.250412135 0.987861906
v 0.265074507 -0.691142514 0.641576739
v 0.274392701 -0.690953921 0.641704613
v 0.371025950 -0.222559843 0.792266243
v 0.488267469 -0.371032514 0.934845865
v 0.496850681 -0.370150391 0.935392306
v 0.035594675 -0.273408016 1.006658085
v 0.033761105 -0.286635356 1.004854868
v 0.020299866 -0.288450901 1.005913745
v -0.197368494 -0.623664044 1.097492704
v -0.119329565 -0.795564323 0.915707837
v 0.496474022 -0.896592346 0.800194207
v 0.497862471 -0.883478126 0.798841626
v 0.497396796 -0.752631552 1.097476486
v -0.057641211 -0.279216849 1.095677262
v 0.228680549 -0.463096725 1.006054105
v -0.010495775 -0.757359819 0.819292774
v -0.002447554 -0.757233472 0.819166569
v 0.338852821 -0.820654177 0.731022851
v 0.347898070 -0.820505283 0.730297105
v -0.121485147 -0.582263594 0.659451711
v -0.122391259 -0.568635247 0.657015982
v 0.187740392 -0.444227997 0.952400992
v 0.297368421 -0.202603191 0.602523502
v 0.088561037 -0.427406693 1.051582588
v 0.264760186 -0.895968754 0.783064585
v 0.125545844 -0.286203083 0.986255354
v 0.016766081 -0.204263098 1.025301964
v 0.016701809 -0.211895977 1.025143621
v 0.117635339 -0.857440451 0.837665791
v 0.126725126 -0.857614086 0.837523351
v -0.195682502 -0.804904233 0.855278650
v -0.195825111 -0.804920608 0.863318116
v -0.188035414 -0.805179189 0.855336313
v -0.188155401 -0.805259125 0.863297726
v 0.291602154 -0.335016119 0.916104553
v 0.328435809 -0.279152686 0.861742587
v 0.339659094 -0.445854570 0.986365161
v 0.200548990 -0.203759699 0.916603522
v 0.063116390 -0.748297309 0.799693176
v 0.072471895 -0.749118344 0.799820371
v 0.071098011 -0.740184283 0.799926892
v -0.102320861 -0.507416708 0.605139853
v 0.173755701 -0.446478991 0.950326090
v -0.040481909 -0.230755389 1.041082080
v 0.487465373 -0.427199918 1.023840354
v 0.496580865 -0.426759066 1.023924514
v 0.143664500 -0.446607823 0.950162087
v 0.125444471 -0.445748612 0.968877329
v 0.450439277 -0.691087275 0.623966429
v 0.211987302 -0.427472213 0.949900173
v -0.120293344 -0.672502941 0.987975312
v 0.118039418 -0.637110108 0.737540777
v 0.127469506 -0.636156097 0.737160967
v 0.107051663 -0.427236185 0.968540878
v -0.176843791 -0.813215406 0.979868825
v 0.322113091 -0.482565424 1.040164790
v 0.247751961 -0.802110032 0.747197200
v -0.156913160 -0.839582766 0.962872311
v 0.162586559 -0.286559618 0.968673833
v 0.291447083 -0.445214021 0.987900934
v -0.120732863 -0.839977805 0.891218952
v -0.120722245 -0.830435085 0.891313846
f 1 2 3 4
f 5 6 7 8
f 9 10 11 12
f 13 14 15 16
f 17 18 19 20
f 21 22 23 24
f 25 26 23 22
f 27 24 23 26
f 28 29 30 31
f 32 33 34 35
f 36 37 38 39
f 40 41 42 43
f 44 45 46 47
f 48 49 50 51
f 52 53 54 55
f 56 57 58 59
f 60 61 62 63
f 60 64 65 61
f 66 67 68 69
f 70 71 72 73
f 74 75 72 71
f 76 77 78 79
f 80 81 82 83
f 84 85 86 87
f 88 89 90 91
f 92 93 94 95
f 92 96 97 93
f 98 99 100 101
f 102 103 104 105
f 106 107 108 109
f 106 110 111 107
f 107 111 112 108
f 113 114 115 116
f 113 116 117 118
f 119 120 121 122
f 123 124 125 126
f 127 123 126 128
f 129 130 131 132
f 133 134 135 136
f 137 138 139 140
f 141 142 143 144
f 145 146 147 148
f 149 150 151 152
f 153 154 155 156
f 157 158 159 160
f 161 162 163 164
f 165 166 167 168
f 169 170 171 172
f 173 174 175 176
f 177 178 179 180
f 181 182 183 184
f 185 186 187 188
f 189 190 191 192
f 193 194 195 196
f 196 195 197 198
f 199 200 201 202
f 203 204 205 206
f 207 208 209 210
f 211 212 213 214
f 215 216 217 218
f 219 220 221 222
f 220 223 224 221
f 225 226 227 228
f 229 230 231 232
f 233 234 235 236
f 237 238 239 240
f 241 237 240 110
f 242 243 244 245
f 246 247 248 249
f 250 251 252 253
f 254 255 256 257
f 258 259 260 261
f 262 263 264 265
f 266 267 268 269
f 270 271 272 273
f 274 275 276 277
f 278 279 280 281
f 282 283 284 285
f 282 286 287 283
f 288 289 290 291
f 292 293 294 295
f 296 297 298 299
f 300 301 302 303
f 304 305 306 307
f 308 309 310 311
f 312 313 314 315
f 316 317 318 319
f 320 321 322 323
f 324 325 326 327
f 328 329 330 331
f 332 333 334 335
f 336 337 338 339
f 340 341 342 343
f 344 345 346 347
f 348 349 350 351
f 352 353 354 355
f 356 357 358 359
f 360 361 362 363
f 364 365 366 367
f 363 362 366 365
f 361 367 366 362
f 368 369 370 371
f 372 373 374 375
f 376 377 378 379
f 380 381 382 383
f 384 385 386 387
f 388 389 390 391
f 392 393 394 395
f 396 397 398 399
f 400 401 402 403
f 404 405 406 407
f 408 409 410 411
f 412 413 414 415
f 416 417 418 419
f 420 421 422 423
f 424 425 422 421
f 426 427 428 429
f 430 431 432 433
f 434 435 436 437
f 438 439 440 441
f 442 443 444 445
f 446 447 448 449
f 450 451 452 453
f 454 455 456 457
f 458 459 460 461
f 462 463 464 465
f 466 467 468 469
f 470 471 472 473
f 474 475 476 369
f 474 477 478 475
f 479 480 481 482
f 483 484 485 486
f 487 488 489 490
f 491 8 492 493
f 494 495 496 497
f 498 16 499 500
f 501 502 503 504
f 505 506 507 508
f 509 510 511 512
f 513 31 514 515
f 516 517 518 519
f 520 521 522 523
f 524 525 526 527
f 528 529 526 525
f 530 527 526 529
f 531 39 532 533
f 534 535 536 537
f 538 539 540 541
f 542 543 544 545
f 546 547 548 549
f 550 551 552 553
f 554 555 556 557
f 558 559 560 561
f 554 558 561 555
f 557 556 560 559
f 554 557 559 558
f 562 563 564 565
f 566 567 568 569
f 570 571 568 567
f 572 569 568 571
f 573 574 575 576
f 577 578 579 580
f 581 582 583 584
f 585 586 587 588
f 589 590 591 592
f 593 594 595 596
f 597 598 599 521
f 600 601 602 603
f 604 605 606 150
f 607 608 609 610
f 611 612 551 613
f 611 614 615 612
f 616 617 618 619
f 350 620 621 622
f 623 624 625 626
f 627 628 629 630
f 627 631 632 628
f 633 634 635 636
f 637 638 639 640
f 641 642 643 644
f 645 646 647 648
f 649 650 651 652
f 653 654 655 656
f 657 658 659 660
f 660 659 661 662
f 663 664 665 666
f 667 668 669 670
f 671 214 672 673
f 674 675 676 677
f 678 679 680 681
f 682 683 684 685
f 686 687 688 689
f 690 691 692 693
f 693 692 694 695
f 691 236 694 692
f 696 697 698 699
f 700 701 702 703
f 704 705 706 707
f 708 709 710 711
f 712 713 714 715
f 716 717 718 719
f 720 721 722 723
f 724 723 722 725
f 460 726 727 293
f 728 729 730 731
f 732 733 734 735
f 736 109 108 737
f 738 739 740 741
f 742 743 744 745
f 746 747 748 325
f 749 750 751 752
f 753 754 755 756
f 757 758 759 760
f 761 762 763 764
f 765 766 767 768
f 769 770 771 772
f 773 774 775 776
f 769 773 776 770
f 769 772 774 773
f 777 778 779 780
f 781 782 783 784
f 785 786 787 788
f 789 790 791 792
f 793 794 795 796
f 797 798 799 800
f 801 383 802 803
f 804 805 806 807
f 808 809 810 811
f 812 813 814 815
f 816 817 818 819
f 819 818 820 821
f 822 823 824 825
f 826 827 828 829
f 829 828 830 831
f 826 829 831 832
f 833 834 835 836
f 837 838 839 840
f 841 842 843 844
f 844 843 845 846
f 847 848 849 850
f 851 852 853 854
f 854 853 855 856
f 857 858 859 860
f 861 862 863 864
f 865 866 867 868
f 869 870 871 872
f 873 74 71 874
f 875 876 877 878
f 879 880 881 882
f 883 879 882 884
f 883 885 880 879
f 886 887 888 889
f 890 891 892 893
f 894 895 896 897
f 898 894 897 899
f 898 900 895 894
f 901 902 903 904
f 905 906 907 908
f 909 910 911 912
f 913 914 915 916
f 917 918 919 920
f 921 922 923 924
f 925 102 105 926
f 927 928 929 930
f 927 930 931 932
f 933 934 935 936
f 937 938 939 940
f 941 119 122 942
f 943 821 944 945
f 946 947 948 949
f 950 951 952 953
f 954 955 956 957
f 958 959 960 961
f 958 962 963 959
f 964 965 966 967
f 968 969 970 971
f 972 973 974 975
f 976 977 978 979
f 980 936 981 982
f 983 984 985 986
f 987 988 989 990
f 987 991 992 988
f 990 989 993 994
f 987 990 994 991
f 995 996 997 998
f 999 185 188 1000
f 1000 188 85 84
f 1001 1002 1003 1004
f 1001 1004 1005 1006
f 1007 1008 1009 1010
f 1011 1012 1013 1014
f 1015 1016 1017 1018
f 1019 1020 1021 1022
f 1023 1024 1025 1026
f 1027 1028 1029 1030
f 1027 254 1031 1028
f 1027 1030 255 254
f 1032 1033 1034 965
f 1035 1036 1037 1038
f 1039 270 273 1040
f 1041 1042 1043 1044
f 1045 1046 165 1047
f 1048 1049 1050 1051
f 1052 1053 1054 1055
f 1056 1057 1058 624
f 1059 1060 1061 1062
f 1063 1062 1061 1064
f 1065 1066 1067 1068
f 1069 1070 1071 1072
f 1073 1074 1075 1076
f 1077 1078 1079 631
f 1080 1081 1082 634
f 1083 1084 1085 1086
f 1087 1088 1089 1090
f 1091 1092 1093 1094
f 1095 1096 1097 1098
f 1099 1100 1101 1102
f 1099 344 1103 1100
f 1099 1102 345 344
f 814 348 351 1104
f 1105 1014 1106 1107
f 1108 1109 1110 1111
f 1112 1113 1114 1115
f 1116 1117 1118 1119
f 1116 1119 1120 1121
f 1122 1123 1124 1125
f 1126 1127 1128 1129
f 1130 1131 1132 1133
f 3 1134 1135 1136
f 831 830 1137 1138
f 1138 1137 1139 1140
f 831 1138 1140 1141
f 1142 1143 1144 1145
f 1146 1142 1145 1147
f 1146 1148 1143 1142
f 11 1149 1150 1151
f 1152 392 395 1153
f 1154 1155 1156 1157
f 1158 1159 1160 1161
f 1157 1156 1160 1159
f 1154 1157 1159 1158
f 1162 1163 1164 1165
f 1166 1167 10 9
f 1168 1169 1170 1171
f 1172 426 429 1173
f 1174 1175 1176 1177
f 1178 1179 1180 1181
f 1182 1183 1184 1185
f 1186 1187 1188 124
f 1189 1190 1191 1192
f 1193 1194 1195 1196
f 1197 1198 1199 1200
f 1201 1202 1203 1204
f 1205 1206 1207 1208
f 1209 1210 1211 1212
f 1213 1214 1215 1216
f 1217 1218 1219 1220
f 1221 1222 1223 1224
f 1225 1226 1227 1228
f 1225 44 47 1226
f 1229 450 453 1230
f 1231 1232 1233 762
f 1234 462 465 1235
f 1236 1237 973 1238
f 1239 1240 1241 1242
f 1236 1239 1242 1237
f 1236 1238 1240 1239
f 1243 807 1244 1245
f 1246 1247 1248 1249
f 1250 1251 1252 1253
f 1254 1255 1256 1257
f 1258 1259 1260 1261
f 1262 1263 1264 1265
f 1266 1267 1268 1269
f 1270 98 101 1271
f 1272 1273 412 1274
f 1275 1276 1277 1278
f 985 1279 1280 1281
f 1282 1283 1284 1285
f 1286 1287 1288 1289
f 1289 1288 683 682
f 1290 1291 1292 1293
f 1294 1295 134 133
f 1296 1297 1298 1299
f 1299 1298 1300 1301
f 1296 1299 1301 1302
f 14 1303 1304 15
f 1305 1306 1307 1308
f 1309 1310 1311 900
f 1312 1313 1314 1315
f 1313 1316 1317 1314
f 1318 1319 1320 1321
f 1322 1323 1324 1325
f 1326 1327 1328 1329
f 1330 772 771 1331
f 1330 1332 1333 772
f 1334 1335 1336 1337
f 252 1338 1335 1334
f 1339 1340 1341 1342
f 1343 1344 1341 1340
f 1345 1342 1341 1344
f 1346 1347 1348 1349
f 1346 1350 1351 1347
f 1346 1349 1352 1350
f 1353 1354 1355 782
f 1356 1357 534 1358
f 1359 1360 1361 1362
f 1363 812 815 1364
f 1365 1366 1367 1368
f 1143 649 652 1144
f 130 653 656 131
f 1369 1370 1371 1372
f 1373 1374 1371 1370
f 1375 1373 1370 1369
f 1376 1377 1378 1379
f 1380 837 840 1381
f 146 671 673 147
f 1382 320 323 1383
f 1384 674 677 1385
f 1386 1387 1388 1389
f 1390 1391 1392 1393
f 1390 1348 1394 1391
f 1395 686 689 1396
f 1397 1398 1399 1400
f 374 1401 1402 1403
f 386 872 1404 1405
f 1406 1407 1408 1409
f 1199 1410 1411 1412
f 466 469 373 1413
f 1414 1413 373 372
f 1415 1416 1417 1418
f 1419 1420 1421 1422
f 1423 1424 1425 1426
f 230 708 711 231
f 1427 1428 1429 1430
f 1431 1432 1433 1434
f 1434 1433 725 1435
f 1432 724 725 1433
f 1436 1437 1438 1439
f 1440 1441 1442 1443
f 1444 1445 1446 1447
f 1448 1447 1446 1449
f 1450 1451 1452 1453
f 81 1454 1455 82
f 1456 1111 1457 1458
f 1459 1460 1461 1462
f 1463 1464 1465 1466
f 1467 1468 1469 1470
f 1467 1471 1472 1468
f 1467 1470 1473 1471
f 1474 801 803 1475
f 1476 1477 1478 1479
f 1480 1481 1482 1483
f 1484 1485 1486 1487
f 1488 1489 1490 1491
f 1492 1493 1494 1495
f 1496 1497 1498 1499
f 1500 487 490 1501
f 338 1 4 1502
f 1503 1504 1505 1506
f 1507 1166 9 1508
f 1509 1510 1511 1512
f 1513 1514 1515 1516
f 1513 1517 1518 1514
f 1513 1516 1519 1517
f 1520 1521 1522 1523
f 1524 1525 1526 1527
f 1524 1528 1529 1525
f 393 1530 1531 394
f 1532 1533 1534 1535
f 1536 40 43 1537
f 200 909 912 201
f 1538 1539 1540 1541
f 1542 60 63 1543
f 1542 1544 64 60
f 405 917 920 406
f 1545 1546 1547 1548
f 1548 1547 1549 1550
f 1545 1548 1550 1551
f 1552 1553 1554 1555
f 423 422 1556 1557
f 1558 1559 1560 1561
f 1562 1563 1564 1565
f 1566 1562 1565 1567
f 1568 1569 833 1570
f 1571 1261 1260 1572
f 1573 1574 1575 1576
f 1577 1578 1579 1580
f 1581 1582 1583 1584
f 591 1581 1584 1585
f 1586 1587 955 954
f 475 1588 1589 476
f 475 478 1590 1588
f 1591 1592 969 968
f 297 972 975 298
f 1593 1594 1595 1596
f 1596 1595 1597 1598
f 1599 1600 1601 1602
f 1603 1604 1605 1606
f 1607 1608 1605 1604
f 1609 1606 1605 1608
f 1610 1611 1612 1613
f 1614 604 150 149
f 1615 1616 1617 1618
f 1619 1620 1621 1622
f 1623 1624 1625 1626
f 357 1171 1627 358
f 39 38 1628 532
f 1629 1630 1631 1632
f 1633 1634 1635 1636
f 1637 1638 1639 1640
f 1641 1642 1643 1644
f 1645 1646 1647 1648
f 1442 1649 1650 1651
f 86 1652 1653 1654
f 1655 1656 1657 1658
f 1659 1660 1661 1662
f 1663 1664 1665 1666
f 1663 1667 550 1664
f 1668 1669 1670 1671
f 1668 1672 1673 1669
f 1668 1671 1674 1672
f 1675 1676 251 250
f 1677 1678 1679 1680
f 1681 1682 1683 1684
f 1685 1686 1001 1687
f 1687 1001 1006 1247
f 1685 1687 1247 1246
f 1688 1689 1690 1691
f 1692 1693 1694 1695
f 1696 1697 1698 1699
f 1696 1700 1701 1697
f 1702 1703 1704 1705
f 1373 1706 1707 1374
f 596 595 1708 1709
f 598 300 303 599
f 1710 1711 321 320
f 1712 1713 1714 1715
f 1716 1715 1714 1717
f 1718 1385 1719 1720
f 1721 746 325 324
f 1722 1723 1724 1725
f 486 485 1724 1723
f 1726 486 1723 1722
f 610 609 1727 1728
f 1729 328 331 1730
f 1731 1130 1133 1732
f 1733 1734 1735 1736
f 16 15 1737 499
f 1738 1739 1740 1741
f 1742 1743 1744 1745
f 1746 1747 1748 1749
f 31 30 1750 514
f 1751 1752 1753 1754
f 1755 1756 1757 1758
f 1759 1760 1757 1756
f 1761 1762 1763 1764
f 687 1765 1766 688
f 1767 1768 1769 235
f 695 694 1769 1768
f 236 235 1769 694
f 543 1730 1770 544
f 57 1771 1772 58
f 64 1773 1774 65
f 1775 1776 1777 1778
f 1779 1780 1781 1782
f 1783 1784 1785 1786
f 1787 1788 1789 1790
f 67 1791 1087 68
f 79 78 1792 1793
f 1794 1795 1796 1797
f 1794 1225 1228 1795
f 1794 1797 44 1225
f 895 416 1798 896
f 895 1799 417 416
f 1800 1801 1802 1803
f 1804 1805 1802 1801
f 1806 1807 1808 1809
f 293 727 246 294
f 1810 1811 1812 1813
f 116 115 1814 1815
f 116 1815 1816 117
f 1817 1479 1818 1819
f 760 759 1820 1821
f 1822 479 482 1823
f 1824 1825 484 483
f 1826 1827 1828 1829
f 1830 1767 1831 1832
f 150 606 127 151
f 1833 1834 1835 1836
f 1833 1837 1838 1834
f 1833 1836 1839 1837
f 1840 1841 1842 1843
f 1844 1845 1846 1847
f 798 1516 1515 799
f 1848 1849 1850 1807
f 1851 509 512 1852
f 1853 1854 1855 1856
f 178 1857 1858 179
f 1859 1860 1861 1862
f 192 191 531 1863
f 1864 1865 1866 1867
f 1868 1869 1870 1871
f 1871 1870 161 1872
f 1873 1874 1875 1876
f 842 1877 1878 843
f 843 1878 388 845
f 222 221 1879 1880
f 221 224 396 1879
f 858 1881 189 859
f 1882 1883 1884 1885
f 1886 1887 578 577
f 1888 1889 1890 1891
f 1888 1892 1893 1889
f 1888 1891 1894 1892
f 243 1895 1896 244
f 251 1897 1338 252
f 1694 1898 1899 1587
f 1900 1901 1902 1903
f 1904 1905 1906 1907
f 277 276 1294 1908
f 1909 1910 1911 1912
f 291 290 1913 1914
f 1914 1913 1915 1916
f 1917 1918 1919 1920
f 1921 1922 1923 1924
f 1925 1926 1927 1928
f 307 306 1927 1926
f 315 314 1929 1930
f 325 748 258 326
f 1931 1932 1933 1934
f 1935 1936 1937 1938
f 1939 1940 1941 1942
f 1939 1943 1944 1940
f 1945 1946 1947 1948
f 1949 1950 1951 1952
f 345 1953 1954 346
f 351 350 622 1955
f 1956 1957 1958 1959
f 1960 1059 1062 1961
f 1110 1961 1062 1063
f 359 358 1962 1963
f 1549 1964 1965 1083
f 813 1966 348 814
f 387 386 1405 1967
f 395 394 1968 1969
f 399 398 516 1970
f 1971 1972 1973 1974
f 1975 1976 1973 1972
f 997 1977 356 1978
f 1979 1980 1981 1982
f 409 1983 1984 410
f 413 1985 1986 414
f 1987 1988 1986 1985
f 1989 1990 1991 1992
f 431 1993 1994 432
f 1995 1996 1997 1998
f 1999 2000 2001 2002
f 2003 2004 2005 2006
f 2007 2008 2009 2010
f 441 440 2011 2012
f 2013 2014 2015 2016
f 2017 2018 2019 2020
f 459 2021 726 460
f 477 2022 2023 478
f 624 1058 2024 625
f 493 492 2025 2026
f 1068 1067 2027 2028
f 500 499 2029 2030
f 1094 1093 2031 2032
f 2033 2034 2035 2036
f 2033 2037 2038 2034
f 2039 2040 2041 2042
f 512 511 2043 2044
f 1107 1106 2045 2046
f 1861 2047 2048 2049
f 2050 2051 2052 2053
f 669 2054 2055 2056
f 533 532 2057 2058
f 2059 2060 2061 2062
f 2063 2064 2065 2066
f 977 2067 2068 978
f 2069 1272 1274 2070
f 2071 2072 2073 2074
f 2072 2075 2076 2073
f 2077 2078 2079 2080
f 2081 1536 1537 2082
f 2083 2084 2085 2086
f 576 575 546 2087
f 2088 1542 1543 271
f 2088 2089 1544 1542
f 2090 2091 2092 2093
f 2094 2095 2096 2097
f 1206 2094 2097 1207
f 2098 2099 2100 2101
f 2102 2103 1488 2104
f 2105 2102 2104 2106
f 2105 2107 2103 2102
f 2108 2109 2110 2111
f 1226 2108 2111 1227
f 1226 47 2109 2108
f 2112 2113 2114 2115
f 762 1233 2116 763
f 2117 925 926 2118
f 2119 2120 2121 2122
f 594 1322 1325 595
f 608 2123 2124 609
f 2125 2126 2127 2128
f 2129 2130 2131 2091
f 634 1082 2132 635
f 2133 2134 604 1614
f 642 1359 1362 643
f 2135 2136 2137 2138
f 2135 2139 2140 2136
f 2141 2142 2143 2144
f 2145 2146 1624 1623
f 2147 999 1000 2094
f 2094 1000 84 2095
f 699 698 2148 2149
f 2150 2151 2152 451
f 2153 2154 1012 1011
f 2155 2156 2157 463
f 701 2158 2159 702
f 2160 2161 2162 2163
f 707 706 2164 2165
f 715 714 2166 2167
f 1435 725 2168 2169
f 721 2170 2171 722
f 2169 2168 2171 2170
f 725 722 2171 2168
f 741 740 2172 2173
f 2174 2175 2176 2177
f 2178 2179 2180 2181
f 2181 2180 2182 2183
f 2178 2181 2183 2184
f 2185 2186 1416 1415
f 758 2187 2188 759
f 2189 1039 1040 2190
f 772 1333 2191 774
f 2192 2193 1432 1431
f 2193 2194 724 1432
f 524 2195 2196 525
f 2031 2197 1721 2198
f 2199 2200 1057 1056
f 2201 2202 2203 2204
f 790 249 2205 791
f 2206 2207 2208 2209
f 809 261 2210 810
f 815 814 1104 2211
f 2212 2213 2214 2215
f 2216 2217 2214 2213
f 2218 1108 1111 1456
f 2219 2220 2221 2222
f 2223 2224 2225 2226
f 2223 2227 2228 2224
f 2223 2226 1122 2227
f 2229 2230 2231 2232
f 2233 2234 2235 2236
f 1377 2237 2238 1378
f 834 2239 2240 835
f 2241 2242 2243 2244
f 2245 2246 2247 2248
f 848 2249 2250 849
f 2251 2252 2253 2254
f 2255 2256 2257 2258
f 2251 2255 2258 2252
f 2251 2254 2256 2255
f 1388 1152 1153 2259
f 862 2260 2261 863
f 2262 2184 2261 2260
f 2263 2264 2265 2266
f 889 888 2267 2268
f 900 1311 1799 895
f 904 903 2269 2270
f 2271 2272 2273 2274
f 2275 95 94 614
f 2275 2276 2277 95
f 930 929 2278 2279
f 930 2279 905 931
f 2280 2281 1738 2282
f 1066 2283 2284 1067
f 2285 2286 1546 1545
f 2285 1234 1235 2286
f 2285 1545 1551 1234
f 2287 2288 2289 2290
f 2291 2292 2288 2287
f 2293 2294 2295 2296
f 2297 2298 2299 2300
f 2301 2302 2303 2304
f 1350 2305 2306 1351
f 1350 1352 937 2305
f 1462 1461 1065 2307
f 1114 2308 2309 2310
f 2310 2309 1250 2311
f 2312 2313 2314 2315
f 2316 2317 2318 2319
f 969 2320 2321 970
f 2322 2323 2324 2325
f 2326 2327 2328 2329
f 2330 2331 2332 2333
f 1477 1851 1852 1478
f 2334 1577 1580 2335
f 2336 2337 2338 2339
f 986 985 1281 467
f 2340 2341 2342 2343
f 998 997 1978 2344
f 1485 192 1863 1486
f 1493 2345 2346 1494
f 2347 2348 2349 2350
f 1004 1003 2351 2352
f 2353 2354 2355 709
f 720 2356 2357 721
f 1398 2358 995 1399
f 2359 2360 2361 2362
f 2363 2364 1887 1886
f 2365 2366 2367 2368
f 2369 2368 2367 2370
f 2371 2372 2373 2374
f 2375 2371 2374 1553
f 1553 2374 2373 1554
f 566 569 2376 2377
f 2378 2379 2376 569
f 2380 2381 2382 2383
f 2380 2383 2384 2385
f 1070 2386 2387 1071
f 2388 2389 2390 2391
f 1443 1442 1651 2392
f 1565 1564 2393 2394
f 1567 1565 2394 2395
f 1088 1659 1662 1089
f 1092 2396 2397 1093
f 2398 2399 2400 2134
f 2401 2402 2403 2404
f 2405 2406 2407 2408
f 1111 1110 1063 1457
f 2409 2410 2411 2412
f 2413 2414 2415 2416
f 2417 2418 2415 2414
f 2419 359 1963 2420
f 1123 2421 1080 1124
f 1466 1465 2422 2423
f 2424 2425 2426 2427
f 2428 2429 2430 2431
f 2432 2433 2434 2435
f 2436 1376 1379 41
f 2437 2438 2439 910
f 2440 1384 1385 1718
f 2441 2442 2443 2444
f 2445 2446 2447 2448
f 2441 2445 2448 2442
f 2441 2444 2446 2445
f 2449 1395 1396 918
f 2450 2377 2451 2452
f 2453 2454 2455 2456
f 1171 1170 2457 1627
f 2458 2459 1988 1987
f 2460 2461 1917 2462
f 1512 1511 2463 2410
f 1181 1180 2464 2465
f 1634 1995 1998 1635
f 1192 1191 1931 2466
f 2467 2468 2004 2003
f 2469 2470 2471 2472
f 2473 2474 2475 2476
f 2469 2473 2476 2470
f 2472 2471 2475 2474
f 2470 2476 2475 2471
f 1222 2477 2478 1223
f 1025 2479 2480 2481
f 1539 2482 2483 1540
f 2484 2485 2486 2487
f 1672 2488 2489 1673
f 1672 1674 2490 2488
f 1680 1679 2491 2492
f 1247 1006 1005 2493
f 1247 2493 1353 1248
f 1820 2494 1459 2495
f 2496 2497 2498 2499
f 2500 2501 2502 2503
f 1281 1280 2504 2505
f 2506 1476 1479 1817
f 2507 2508 2509 2510
f 1283 2511 2512 1284
f 2513 2514 2515 2516
f 1291 2517 2518 1292
f 2519 2520 2521 2522
f 2519 2523 2524 2520
f 2519 2522 2525 2523
f 15 1304 1380 1737
f 1308 1307 2526 2527
f 2528 2529 2530 2531
f 1743 2532 1386 1744
f 1315 1314 2533 2534
f 1314 1317 2535 2533
f 1758 1757 2536 2537
f 1760 2538 2536 1757
f 1626 1625 2539 2540
f 65 1774 2541 2542
f 2543 2492 2544 2545
f 2546 2547 2548 2549
f 2550 2551 2552 2553
f 2554 2555 2556 2557
f 2558 2559 2560 2561
f 2301 2562 2563 2302
f 2564 2565 2563 2562
f 2566 2302 2563 2565
f 1349 2567 2568 1352
f 2569 2570 2571 2572
f 2569 2573 2574 2570
f 2569 2572 2575 2573
f 2576 2577 816 2578
f 2579 2580 2581 2582
f 2583 2584 2585 2586
f 2587 2588 2589 1824
f 2590 2591 2589 2588
f 2592 2590 2588 2587
f 2312 2593 2594 2313
f 2595 2596 2594 2593
f 2597 2313 2594 2596
f 2598 2599 2600 2601
f 1813 1812 2602 2603
f 2604 2605 2606 2607
f 2608 2609 2610 2611
f 2612 2613 2614 2615
f 2616 2617 2614 2613
f 2618 2619 2620 2621
f 1695 1694 1587 1586
f 2622 2623 2624 2625
f 1937 2625 2624 2626
f 2627 2350 2628 2629
f 1951 2630 1592 1591
f 1385 677 1363 1719
f 1400 1399 2631 2632
f 2633 2634 2635 2636
f 2637 2638 2639 2640
f 1867 1866 2154 2153
f 1407 2641 2642 1408
f 2643 2644 2645 2646
f 2647 2648 2649 2650
f 2651 2652 2649 2648
f 2653 2650 2649 2652
f 1418 1417 2654 2655
f 2656 561 2657 2658
f 238 2659 2660 239
f 2661 2662 2663 2664
f 1441 2665 1649 1442
f 1892 2189 2190 1893
f 1892 1894 2666 2189
f 2667 2668 2669 2670
f 2671 2672 2669 2668
f 2673 2670 2669 2672
f 1458 1457 2674 2675
f 1460 1999 2002 1461
f 2676 2677 2678 2679
f 1907 1906 2680 2681
f 2682 2683 2684 2685
f 1809 1808 2686 2687
f 2688 2689 2690 2691
f 2692 2427 2693 2694
f 2695 2696 2697 2698
f 2699 2700 2701 2702
f 2703 2704 2701 2700
f 1479 1478 2705 1818
f 2509 2706 2218 2707
f 2708 2709 2710 2711
f 1483 1482 2712 2713
f 2714 2715 2716 2717
f 1489 2718 2719 1490
f 2720 1731 1732 2721
f 2722 2723 2724 2725
f 346 1954 2723 2722
f 2726 2727 2728 2729
f 1504 2730 2731 1505
f 2732 2733 2734 2735
f 2732 2736 2737 2733
f 2732 2735 2738 2736
f 1620 2739 2740 1621
f 2741 2742 2743 2744
f 1847 1846 2745 2677
f 2746 2747 2748 2749
f 2746 2749 2750 2751
f 2752 2178 2184 2262
f 2753 2754 2755 2756
f 2753 2757 2758 2754
f 2759 2760 2761 2762
f 1523 1522 2763 2764
f 2765 580 1752 1751
f 394 1531 1507 1968
f 1860 2766 2047 1861
f 1533 2767 2768 1534
f 2769 2770 2771 2772
f 2773 2774 2775 2776
f 1544 2777 1773 64
f 1555 1554 2778 2779
f 2780 2781 2782 2783
f 2006 2005 2784 2785
f 2786 2787 2784 2005
f 2016 2015 2292 2291
f 2788 2789 2790 2791
f 2792 2793 2794 2770
f 2795 2796 2797 2798
f 1587 1899 2799 955
f 2800 2801 2802 2803
f 2804 2805 2806 2807
f 2803 2802 2806 2805
f 2800 2803 2805 2804
f 2801 2807 2806 2802
f 478 2023 2808 1590
f 1592 2809 2320 969
f 2810 2811 2812 2813
f 2814 2112 2115 2815
f 1600 2816 2817 1601
f 492 2818 2819 2025
f 1943 2820 2821 1944
f 1613 1612 2822 2823
f 2824 2825 2826 2827
f 1618 1617 2828 2829
f 2830 2831 2832 2833
f 358 1627 2834 1962
f 2835 2836 2837 1628
f 532 1628 2837 2057
f 2838 2785 1865 1864
f 1640 1639 2839 2840
f 1784 2841 2842 1785
f 2843 24 2844 2845
f 27 2846 2844 24
f 2847 2845 2844 2846
f 2848 2849 2850 2851
f 2852 2853 2854 2855
f 1644 1643 2856 2857
f 2857 2856 226 225
f 2858 2859 2860 2861
f 1648 1647 2862 2863
f 2864 2865 2866 2867
f 2867 2866 2868 2869
f 2870 2871 2872 77
f 2873 2874 2875 2876
f 1671 2877 2878 1674
f 2590 2879 2880 2591
f 1802 2881 2880 2879
f 1803 1802 2879 2590
f 2882 2883 2884 2885
f 2101 2100 2884 2883
f 2886 2885 2884 2100
f 2887 2160 2163 2888
f 1676 2889 1897 251
f 80 2890 2891 81
f 2892 2893 2891 2890
f 2894 2895 2896 2897
f 2898 2899 2900 2901
f 1693 2902 1898 1694
f 1699 1698 2903 2904
f 595 1325 2905 1708
f 2906 2907 2908 2909
f 2910 2909 2908 2911
f 609 2124 2912 1727
f 2913 2914 2915 2916
f 2913 2916 1949 2917
f 2881 2918 2919 2920
f 2921 2922 2919 2918
f 499 1737 2923 2029
f 2032 2031 2198 2924
f 2925 2926 852 2927
f 2925 1956 1959 2926
f 2926 1959 2928 852
f 1739 2929 48 1740
f 2930 2440 1718 2931
f 1857 2932 56 1858
f 1745 1744 2933 2934
f 1747 156 2935 1748
f 2936 2937 2938 2939
f 2940 2941 2942 2943
f 2944 2940 2943 2945
f 2946 2947 2942 2941
f 2944 2946 2941 2940
f 1764 1763 2948 2949
f 2950 2951 2952 2953
f 2954 2955 2956 2957
f 2954 2958 384 2955
f 2955 384 387 2956
f 2959 2960 2380 2961
f 2961 2380 2385 2962
f 2959 2961 2962 2963
f 2964 2965 1742 2966
f 2967 2968 1972 1971
f 2969 1975 1972 2968
f 2970 2971 2972 2973
f 1778 1777 2974 2975
f 1790 1789 2976 194
f 2977 2978 2979 2980
f 2977 2980 2981 2982
f 2156 229 232 2157
f 2983 2984 2985 2986
f 2987 2988 2984 2983
f 2989 2990 2991 2992
f 2093 2092 2991 2990
f 2993 2994 2018 2017
f 759 2188 2494 1820
f 2995 2996 2997 2998
f 2999 3000 1904 3001
f 3002 3003 3004 2715
f 3005 2280 2282 3006
f 3007 3008 3009 289
f 1827 3010 177 1828
f 2826 3011 2506 3012
f 1836 3013 3014 1839
f 3015 3016 2469 3017
f 3015 3018 3019 3016
f 3016 3019 2473 2469
f 3020 3021 3022 3023
f 3024 3025 3022 3021
f 1852 512 2044 3026
f 1856 1855 219 3027
f 1862 1861 2049 3028
f 3029 3030 3031 3032
f 2136 3029 3032 2137
f 2136 2140 3030 3029
f 3033 3034 3035 3036
f 1872 161 164 3037
f 3038 3039 3040 3041
f 2144 2143 3042 3043
f 845 388 391 3044
f 859 189 192 1485
f 3045 2081 2082 3046
f 3047 3048 2084 2083
f 3049 404 407 1700
f 3050 3051 3052 1127
f 3053 3054 2565 2564
f 3055 2566 2565 3054
f 1901 2359 2362 1902
f 1905 3056 3057 1906
f 3058 3059 3060 3061
f 3062 3058 3061 3063
f 3064 445 3065 3066
f 3067 3064 3066 3068
f 3069 2365 2368 3070
f 1918 3071 3072 1919
f 1922 3073 3074 1923
f 3075 3076 3077 3078
f 3079 3075 3078 3080
f 945 944 3081 3082
f 3082 3081 2617 2616
f 3083 3084 2619 2618
f 1934 1933 3085 3086
f 1938 1937 2626 3087
f 1948 1947 3088 471
f 1950 3089 2630 1951
f 3090 3091 3092 3093
f 3090 296 299 3091
f 3090 3093 3094 296
f 3095 3096 3097 3098
f 2321 2398 2134 2133
f 3099 3100 408 3101
f 2215 2214 3102 3103
f 2217 3104 3102 2214
f 994 993 3105 3106
f 3107 3108 2146 2145
f 1978 356 359 2419
f 3109 2349 3110 3111
f 2348 3112 3110 2349
f 530 3113 3114 527
f 1982 1981 438 3115
f 1983 3116 242 1984
f 3117 3118 2598 3119
f 3120 3121 908 3122
f 3123 3124 3125 3126
f 1993 3127 2612 1994
f 3128 2453 2456 3129
f 2266 2265 3130 3131
f 3132 3133 3134 2009
f 3135 3136 3134 3133
f 2010 2009 3134 3136
f 2096 87 3137 3138
f 3139 2460 2462 3140
f 3141 3142 3143 3144
f 3144 3143 3145 3146
f 3147 1837 1839 3148
f 3149 3150 3151 3152
f 3147 3149 3152 1837
f 3147 3148 3150 3149
f 3153 3154 3155 3156
f 3157 3158 3155 3154
f 3159 3160 3161 3162
f 3163 3164 3165 3166
f 1067 2284 458 2027
f 3167 3168 3169 3170
f 3171 3170 3169 3172
f 2392 1651 594 593
f 2921 3173 3174 2922
f 3175 3111 3174 3173
f 3176 3175 3173 2921
f 1093 2397 2197 2031
f 3177 2403 3178 3179
f 2402 3180 3178 2403
f 3181 2484 2487 3182
f 2408 2407 608 607
f 3183 2201 2204 3184
f 2040 3185 3186 2041
f 3187 619 3188 3189
f 3190 3191 2207 2206
f 2049 2048 498 3192
f 2053 2052 3193 3194
f 2423 2422 3195 3196
f 2425 2741 2744 2426
f 2062 2061 3197 638
f 3198 3199 3200 3201
f 3199 2964 2966 3200
f 2431 2430 3202 3203
f 3204 3205 3206 3207
f 3207 3206 3208 3209
f 3210 2753 2756 3211
f 3212 652 651 3213
f 2074 2073 3214 658
f 2073 2076 3215 3214
f 3216 3217 529 528
f 3218 530 529 3217
f 2152 218 3219 3220
f 2084 3221 2063 2085
f 2089 3222 2777 1544
f 3223 3224 3225 3226
f 3226 3225 3227 3228
f 3223 3226 3228 3229
f 3230 3231 2272 2271
f 3232 3233 3234 3235
f 3236 3179 3237 3238
f 47 46 3239 2109
f 2176 3240 3241 3242
f 3243 3244 3245 705
f 2113 3246 3247 2114
f 3248 2046 3247 3246
f 61 3249 3250 62
f 61 65 2542 3249
f 3251 3252 3253 713
f 3254 2546 2549 3255
f 3256 3257 3258 3259
f 2120 3260 641 2121
f 3261 735 3262 3263
f 2486 3264 758 757
f 2123 3265 3266 2124
f 3267 3268 663 3269
f 1252 2824 2827 3270
f 2134 2400 605 604
f 3271 3272 3273 3274
f 3275 3276 3277 3278
f 3279 3280 1841 3281
f 3282 3283 3284 3285
f 3286 3287 2323 2322
f 2412 2411 3288 3289
f 2635 2347 2350 2627
f 3290 841 844 3291
f 3291 844 846 3292
f 2535 857 860 3293
f 3294 3295 3296 3297
f 3294 3297 3298 3299
f 3300 3301 3302 1464
f 3303 2637 2640 3304
f 3305 884 882 3306
f 2545 2544 2364 2363
f 3307 893 3308 3309
f 3310 3307 3309 3311
f 3312 3313 3314 447
f 3315 3316 2895 2894
f 2187 3317 3318 2188
f 3319 3320 3321 3322
f 3319 3323 3324 3320
f 2666 3325 3326 3327
f 3328 3329 3330 3000
f 2204 2203 3331 3332
f 3333 3334 847 3335
f 261 260 3336 2210
f 167 3337 2858 3338
f 2499 2498 3339 3313
f 2226 2225 865 3340
f 2226 3340 1123 1122
f 3341 3342 2418 2417
f 2716 2688 2691 3343
f 3344 3345 3034 3033
f 3346 2424 2427 2692
f 3347 3348 3349 3350
f 1725 3351 3349 3348
f 3352 1725 3348 3347
f 3353 3350 3349 3351
f 2236 2235 875 3354
f 3355 3356 3357 975
f 3358 974 3359 3360
f 3355 3358 3360 3356
f 3355 975 974 3358
f 3361 3362 3363 3364
f 3361 2944 2945 3362
f 3361 3364 2946 2944
f 2244 2243 886 3365
f 2508 3366 2706 2509
f 2249 3367 700 2250
f 3368 3369 901 3370
f 2259 1153 3371 3372
f 1399 995 998 2631
f 3373 3374 2968 2967
f 3375 3376 3377 3378
f 2264 3379 3380 2265
f 3228 3227 927 3381
f 3381 927 932 3382
f 3228 3381 3382 3383
f 2304 3384 2459 3385
f 2270 2269 738 3386
f 3387 3388 3389 3390
f 3391 2128 3389 3388
f 3392 3393 3394 3395
f 3396 3397 2468 2467
f 3398 3399 3400 3401
f 3402 3403 2994 2993
f 2288 3404 3405 2289
f 2292 3406 3404 2288
f 3407 3408 3409 3410
f 3411 3412 3413 3414
f 3411 3415 3416 3412
f 2294 1038 3417 2295
f 2298 3418 3419 2299
f 1352 2568 938 937
f 3420 3421 3422 3423
f 3420 3424 3425 3421
f 3420 3423 3426 3424
f 3421 3425 3427 3422
f 3428 1055 3429 3430
f 3431 3432 3433 3434
f 3435 3436 3433 3432
f 1461 2002 1066 1065
f 3437 3438 3439 3440
f 3437 1836 1835 3438
f 3437 3440 3013 1836
f 2687 2686 3441 3442
f 2311 1250 1253 3443
f 2690 3444 1092 1091
f 2319 2318 3445 1074
f 2698 2697 3446 3447
f 2702 2701 3021 3020
f 2704 3024 3021 2701
f 1478 1852 3026 2705
f 2621 2620 3448 3449
f 467 1281 2505 468
f 1482 1862 3028 2712
f 2341 3450 861 2342
f 2439 670 3451 3452
f 3109 3453 3454 2349
f 3455 2628 3454 3453
f 2350 2349 3454 2628
f 2231 3456 3039 3038
f 3457 3458 3459 3460
f 2247 3461 3462 539
f 3463 2170 3464 3465
f 721 2357 3464 2170
f 2258 3466 3467 3468
f 2258 2257 3469 3466
f 3470 3471 1048 3472
f 3470 3473 3474 3471
f 3470 3472 3475 3473
f 217 3476 3477 3478
f 3479 3480 3481 3482
f 2366 3483 3484 2367
f 3485 3486 3484 3483
f 2370 2367 3484 3486
f 3487 3488 3489 1179
f 3490 1204 3491 3492
f 3493 3494 3495 1208
f 3496 1207 3497 3498
f 3493 3496 3498 3494
f 3493 1208 1207 3496
f 3499 3500 3501 3502
f 3499 1271 3503 3500
f 2383 2382 1116 3504
f 3504 1116 1121 3505
f 2383 3504 3505 2384
f 3506 3507 3508 3509
f 3510 1942 1941 3511
f 2406 3512 3513 2407
f 1457 1063 1064 2674
f 2679 2678 3514 3515
f 2421 3516 1081 1080
f 2427 2426 3517 2693
f 3518 3519 3520 3521
f 2514 3522 3523 2515
f 2435 2434 3524 3525
f 536 1269 3526 3527
f 3528 3529 3530 3531
f 3532 2906 2909 3533
f 143 3532 3533 3534
f 3534 3533 2909 2910
f 3535 3536 2633 3537
f 3538 3539 2432 3540
f 1627 2457 3541 2834
f 3542 3543 3544 1297
f 3545 3546 3547 3548
f 3545 1992 1991 3546
f 1635 1998 3549 3550
f 3551 3552 3553 3554
f 183 3551 3554 3555
f 2855 2854 1319 1318
f 2772 2771 3556 3557
f 3558 3559 2960 2959
f 3558 2959 2963 3560
f 227 3561 3562 3563
f 2485 3564 3264 2486
f 3565 3566 3567 3568
f 2876 2875 3164 3163
f 1674 2878 3569 2490
f 2605 3570 1282 2606
f 3571 1337 3572 3573
f 3574 3575 1290 3576
f 2494 3577 1460 1459
f 2791 2790 3578 1874
f 3579 3580 2484 3181
f 3581 2540 3276 3275
f 2503 2502 1305 3582
f 284 3583 3584 3585
f 3586 3587 3191 3190
f 302 3588 3589 3590
f 665 3591 3123 3592
f 2510 2509 2707 3593
f 2511 3594 3595 2512
f 3596 3597 1312 3598
f 125 3599 3600 3601
f 330 982 3602 3603
f 2517 3604 3128 2518
f 3605 3378 3606 3607
f 2522 3608 3609 2525
f 3610 3611 3612 3613
f 1734 3610 3613 1735
f 140 3614 3612 3611
f 1735 3613 3612 3614
f 1737 1380 1381 2923
f 2825 3615 3011 2826
f 1744 1386 1389 2933
f 2831 3616 3617 2832
f 2937 1397 1400 2938
f 2534 2533 3618 3619
f 2533 2535 3293 3618
f 3620 2490 3569 3621
f 3620 3622 3623 2490
f 3620 3621 3624 3622
f 3625 3626 3627 3628
f 171 3629 3627 3626
f 3630 3628 3627 3629
f 197 3631 3231 3230
f 2982 2981 2656 3632
f 2555 1426 3633 2556
f 2559 3634 3635 2560
f 3636 1430 3637 3638
f 3639 3640 3641 3642
f 3643 3644 3645 3646
f 2869 2868 3647 3648
f 2572 2571 3649 3650
f 2572 3650 2661 2575
f 2586 2585 3651 1437
f 2601 2600 3652 3653
f 3654 1501 3655 3656
f 2611 2610 3657 1451
f 2897 2896 3658 3659
f 2623 3660 3661 2624
f 2626 2624 3661 3662
f 3663 2537 3342 3341
f 2710 1115 3664 3665
f 3665 3664 3666 3667
f 2630 3668 2809 1592
f 280 3669 3287 3286
f 481 967 3670 3671
f 828 3672 3223 3673
f 3673 3223 3229 1137
f 828 3673 1137 830
f 318 3674 3675 3676
f 496 979 3677 3678
f 2632 2631 3679 3680
f 3681 3682 3683 3684
f 983 986 3685 3686
f 3687 3686 3685 3688
f 2636 2635 2627 3689
f 2473 3690 3691 2474
f 3692 3560 3693 827
f 3041 3040 3694 3695
f 3696 3099 3101 3697
f 3698 3699 3700 3701
f 540 3702 3703 1187
f 3704 3705 3706 3707
f 3708 3709 3710 1525
f 3708 3711 3712 3709
f 3708 1525 1529 3711
f 561 560 3713 2657
f 3714 2603 3397 3396
f 3715 3716 3717 3718
f 2782 1208 3495 3719
f 3720 3721 3722 2848
f 3723 3310 3311 3724
f 3725 1535 3726 3727
f 3728 3729 3730 3731
f 3732 3733 3734 3735
f 3732 3736 3737 3733
f 3732 3735 3738 3736
f 3739 1230 3740 3741
f 3742 3743 3118 3117
f 1906 3057 1440 2680
f 3061 3060 1563 1562
f 3063 3061 1562 1566
f 1923 3074 3744 3519
f 3745 3746 3747 3748
f 3749 3750 3751 3752
f 3753 3754 3755 1572
f 3753 1572 1260 1259
f 3756 1576 3757 3758
f 3759 3758 3757 3760
f 2707 2218 1456 3761
f 3762 3763 3764 3765
f 3765 3764 2682 3766
f 3767 3768 3050 3769
f 2715 3004 2688 2716
f 3606 3770 3346 3771
f 3772 961 3773 3774
f 3775 3772 3774 3776
f 3775 3777 961 3772
f 2729 2728 3778 1594
f 2735 2734 3779 3780
f 3781 3782 3783 3784
f 3785 3786 3787 3788
f 2744 2743 2930 3789
f 2749 2748 3790 3791
f 3792 3793 3794 3795
f 3023 3022 3796 3797
f 2762 2761 2936 3798
f 3799 3800 3379 2264
f 1129 1128 2951 2950
f 3801 3802 2741 2425
f 3803 3804 3199 3198
f 3804 3805 2964 3199
f 684 3806 2971 2970
f 3807 3808 3809 1642
f 2015 3810 3406 2292
f 3811 3812 3813 3814
f 2899 3815 1599 2900
f 1177 1176 3816 2142
f 3655 3817 3818 3580
f 3819 1658 3820 3821
f 2798 2797 1610 3822
f 3156 3155 3432 3431
f 3158 3435 3432 3155
f 3162 3161 1678 1677
f 730 3823 3824 3825
f 3826 3827 1615 3828
f 3666 2311 3443 3829
f 754 3830 3831 755
f 583 3832 3833 3834
f 751 1368 3835 3836
f 2816 3837 1619 2817
f 3078 3077 3838 3839
f 3080 3078 3839 3840
f 35 3841 3842 3843
f 2827 2826 3012 3844
f 2829 2828 1520 3845
f 2833 2832 3846 3847
f 1251 3848 2824 1252
f 2966 1742 1745 3849
f 2840 2839 3411 3850
f 2839 3851 3415 3411
f 3852 3853 3283 3282
f 661 3854 1756 1755
f 3215 1759 1756 3854
f 2859 3855 3856 2860
f 51 50 3857 3858
f 59 58 3859 3860
f 878 877 3861 3862
f 77 2872 3863 78
f 3864 3865 3866 3867
f 897 896 1798 3868
f 3238 3237 3054 3053
f 3869 3055 3054 3237
f 1321 1320 3870 3345
f 87 86 1654 3137
f 3146 3145 2865 2864
f 89 3871 3872 90
f 3873 2736 2738 3874
f 3873 3875 3876 2736
f 3873 3874 3877 3875
f 3878 2209 3059 3058
f 3879 3878 3058 3062
f 718 3880 1811 1810
f 105 104 3881 3882
f 1325 1324 1675 2905
f 114 2751 2750 115
f 744 3883 3084 3083
f 122 121 3884 3885
f 2124 3266 1692 2912
f 3886 3887 3888 3889
f 3890 1938 3087 3891
f 2916 2915 1761 3892
f 2916 3892 1950 1949
f 3893 3894 3895 3896
f 212 3095 3098 213
f 134 3897 3479 135
f 140 139 3898 3614
f 3899 3900 3898 139
f 2931 1718 1720 3901
f 3272 3902 3903 3273
f 156 155 1783 2935
f 2939 2938 3904 3905
f 3906 3907 3908 1776
f 3909 3333 3335 3910
f 3911 799 1515 1514
f 168 167 3338 3912
f 3913 3914 3915 3916
f 170 2883 3629 171
f 2882 3630 3629 2883
f 184 183 3555 3917
f 3918 3919 3875 3920
f 3918 3921 3922 3919
f 3918 3920 3923 3921
f 202 201 3924 3925
f 3926 3927 3369 3368
f 2980 3928 555 2981
f 226 3929 3561 227
f 2984 3930 3931 2985
f 2988 3932 3930 2984
f 245 244 3933 3934
f 1448 1449 3532 3935
f 3936 1448 3935 142
f 142 3935 3532 143
f 2188 3318 3577 2494
f 3937 2315 3154 3153
f 3409 3392 3395 3938
f 3000 3330 1905 1904
f 263 3939 3940 264
f 263 3762 3765 3939
f 3939 3765 3766 3940
f 267 3043 3300 268
f 273 272 3941 3942
f 3003 3943 3944 3004
f 3945 3946 3947 3948
f 3945 3949 3950 3946
f 3945 3948 3951 3949
f 289 3009 3952 290
f 2203 2510 3593 3331
f 3953 3954 3955 3956
f 3026 2044 3957 3958
f 3028 2049 3192 3959
f 419 3960 3961 3962
f 419 418 3963 3960
f 3964 3965 3966 3967
f 371 370 3968 3969
f 1153 395 1969 3371
f 1481 1859 1862 1482
f 3970 3971 3972 3973
f 3974 3975 3976 3977
f 3978 3979 1900 3980
f 3974 3978 3980 3975
f 3974 3977 3979 3978
f 3981 3982 3983 3984
f 3981 3984 3985 3986
f 3987 3988 3989 3990
f 415 414 3991 3992
f 3993 3994 3995 3996
f 1195 3232 3235 3997
f 3998 3999 1945 4000
f 4001 2008 4002 4003
f 2007 4004 4002 2008
f 4005 4003 4002 4004
f 445 444 1826 3065
f 1219 1691 4006 4007
f 3071 4008 1960 3072
f 447 3314 4009 448
f 453 452 4010 4011
f 3168 4012 4013 3169
f 3172 3169 4013 2413
f 4014 4015 4016 2483
f 4014 4017 4018 4015
f 4014 2483 4019 4017
f 455 3036 1509 456
f 465 464 4020 4021
f 3087 2626 3662 4022
f 4023 737 4024 4025
f 1242 4023 4025 4026
f 1242 1241 737 4023
f 4026 4025 4024 4027
f 471 3088 1853 472
f 3089 4028 3668 2630
f 484 4029 4030 485
f 3098 3097 4030 4029
f 4031 4032 1922 1921
f 4033 4034 4035 4036
f 4037 4038 1019 397
f 1253 1252 3270 4039
f 4040 4041 4042 4043
f 4044 4040 4043 4045
f 523 522 4046 4047
f 4048 4049 4050 4051
f 4048 1145 3212 4049
f 2651 4052 4053 2652
f 4054 2652 4053 2989
f 537 536 3527 4055
f 539 3462 3702 540
f 4056 4057 4058 4059
f 545 544 4060 4061
f 553 4062 4063 4064
f 553 552 4065 4062
f 565 564 4066 4067
f 3126 3125 4068 4069
f 4070 873 4071 4072
f 3148 1839 3014 4073
f 3148 4073 4074 3150
f 1184 4075 2099 2098
f 4076 4077 629 628
f 4078 4079 3681 4080
f 4076 4078 4080 4077
f 4076 628 4079 4078
f 1211 4081 3316 3315
f 582 4082 3832 583
f 3164 4083 3328 3165
f 4084 4085 3746 3745
f 1329 1328 2050 4086
f 1651 1650 1322 594
f 586 4087 2059 587
f 2407 3513 2123 608
f 3184 2204 3332 4088
f 3274 3273 4089 4090
f 3185 4091 2069 3186
f 4092 2876 3163 4093
f 619 618 3715 3188
f 2426 2744 3789 3517
f 4094 3574 3576 4095
f 4096 4097 4098 4099
f 638 3197 1979 639
f 644 643 4100 4101
f 3209 3208 4102 574
f 2434 2762 3798 3524
f 4103 4104 4105 4106
f 658 3214 4107 659
f 659 4107 3854 661
f 3214 3215 3854 4107
f 664 4108 3591 665
f 670 669 2056 3451
f 4109 4110 3597 3596
f 2452 2451 4111 4112
f 4112 4111 3374 3373
f 2451 4113 3374 4111
f 683 4114 3806 684
f 689 688 4115 4116
f 4117 4118 4119 4120
f 703 702 4121 4122
f 3557 3556 4123 4124
f 705 3245 4125 706
f 2962 2385 3224 3223
f 2963 2962 3223 3672
f 4126 3289 1848 4127
f 3563 3562 4128 4129
f 792 791 4130 4131
f 711 710 4132 4133
f 713 3253 4134 714
f 4135 3398 3401 4136
f 717 3196 3880 718
f 3259 3258 4137 4138
f 731 730 3825 4139
f 735 734 2039 3262
f 739 4140 4141 740
f 743 3203 3883 744
f 3264 4142 2187 758
f 3500 3407 4143 3501
f 3500 3503 3408 3407
f 752 751 3836 4144
f 4145 3643 3646 4146
f 3270 2827 3844 4147
f 4148 2833 3847 547
f 3280 4149 1842 1841
f 4150 4151 1965 1964
f 3285 3284 4152 697
f 3588 4153 4154 3589
f 817 4155 4156 818
f 818 4156 4157 820
f 4155 4158 4157 4156
f 3529 3852 3282 3530
f 827 3693 3672 828
f 836 835 4159 4160
f 3616 4161 4162 3617
f 850 849 4163 4164
f 4165 4166 4167 2252
f 4168 2258 3468 4169
f 4165 4168 4169 4166
f 4165 2252 2258 4168
f 3293 860 1484 4170
f 3297 3296 2185 4171
f 3297 4171 4172 3298
f 864 863 4173 4174
f 866 4175 4176 867
f 4177 4178 4179 4180
f 3622 4177 4180 3623
f 3622 3624 4178 4177
f 887 4181 4182 888
f 893 892 2119 3308
f 1876 1875 4183 3768
f 912 911 4184 4185
f 914 3278 1844 915
f 920 919 4186 4187
f 3329 4188 4189 3330
f 2560 3635 3879 4190
f 1556 4191 4192 4193
f 924 923 4194 4153
f 811 810 4195 4196
f 4197 4198 4199 1703
f 936 935 4200 981
f 4201 4202 4203 2022
f 3568 4201 2022 4204
f 3568 3567 4202 4201
f 4205 4206 3894 3893
f 4207 4208 4209 4210
f 1589 4207 4210 4211
f 961 960 4212 3773
f 967 966 4213 3670
f 1924 1923 3519 3518
f 4214 4215 4216 870
f 4217 3756 3758 4218
f 3676 3675 2337 2336
f 979 978 4219 3677
f 4220 4221 4222 4223
f 4220 4064 4063 4221
f 3378 3377 3770 3606
f 1002 4224 4225 1003
f 4224 4226 3538 4225
f 1018 1017 2293 4227
f 4130 4228 3932 2988
f 4229 4230 4231 4232
f 4229 4233 4234 4230
f 4229 4232 4235 4233
f 1024 3449 2479 1025
f 2007 2010 4236 4004
f 4237 4238 4236 2010
f 4239 4004 4236 4238
f 4240 4241 4242 4243
f 3404 4244 4245 3405
f 3406 4246 4244 3404
f 3509 3508 2316 4247
f 3408 4248 3392 3409
f 3414 3413 4249 4250
f 965 1034 4251 966
f 1038 1037 3909 3417
f 3418 4252 2334 3419
f 1049 4253 4254 1050
f 1055 1054 2340 3429
f 2002 2001 2283 1066
f 3444 4255 2396 1092
f 1074 3445 2241 1075
f 4256 4099 4257 4258
f 3656 3655 3580 3579
f 1090 1089 4259 4260
f 4261 4260 4259 4262
f 2401 4263 4264 2402
f 4265 4266 4264 4263
f 4267 4268 3827 3826
f 4267 4269 4270 4268
f 1583 4271 3587 3586
f 1115 1114 2310 3664
f 3664 2310 2311 3666
f 1117 4272 4273 1118
f 4274 4275 4276 4277
f 1597 4278 2429 2428
f 1133 1132 4279 4280
f 4280 4279 4281 4282
f 3460 3459 3528 1020
f 4283 4284 4285 4286
f 4287 4288 4289 3048
f 4290 2448 4291 4292
f 4293 4290 4292 4294
f 4293 2442 2448 4290
f 4295 160 4296 4297
f 3482 3481 4298 174
f 4299 3515 2129 4300
f 1766 4301 4302 4303
f 1179 3489 4304 1180
f 1183 3442 4075 1184
f 1187 3703 4305 1188
f 1196 1195 3997 4306
f 1204 1203 2297 3491
f 1210 3447 4081 1211
f 4193 4192 4307 4308
f 4308 4307 4309 4310
f 1884 2177 4311 4312
f 3729 2369 2370 3730
f 1220 1219 4007 4313
f 1271 101 4314 3503
f 1228 1227 4315 4316
f 3823 4317 4318 3824
f 4319 4320 4321 4322
f 3519 3744 2405 3520
f 3522 4323 4324 3523
f 4325 1754 4324 4323
f 3750 4326 4327 3751
f 4328 4329 4330 275
f 1269 1268 3987 3526
f 3531 3530 4331 1008
f 1169 4332 4333 1170
f 4334 311 4335 4336
f 1285 1284 4337 4338
f 3537 2633 2636 4339
f 3540 2432 2435 4340
f 1295 4341 3897 134
f 1297 3544 4342 1298
f 4343 3463 4344 4345
f 4346 2192 1431 4347
f 4348 4349 4350 2529
f 3552 4351 66 3553
f 3853 4352 3535 3283
f 4353 4354 4355 4356
f 4357 4358 4359 4360
f 4357 4361 4362 4358
f 4363 3723 3724 4317
f 4364 4365 4366 4367
f 4368 4369 4365 4364
f 1366 3739 3741 1367
f 3566 4370 4371 3567
f 2875 4372 4083 3164
f 1891 1890 113 4373
f 4373 113 118 4374
f 1891 4373 4374 1894
f 4375 1552 4376 4377
f 4378 4375 4377 4379
f 4379 4377 4376 4380
f 4381 4382 4383 4384
f 424 2804 4385 425
f 4386 4387 4388 4389
f 2566 4390 4391 2302
f 4392 4393 4391 4390
f 1337 1336 2513 3572
f 90 3872 2577 2576
f 1347 4394 1394 1348
f 1347 1351 4395 4394
f 3580 3818 2485 2484
f 104 4396 4397 3881
f 4398 4399 4400 4401
f 4402 4403 2700 2699
f 4404 2703 2700 4403
f 121 2329 4405 3884
f 3593 2707 3761 4406
f 1368 1367 4407 3835
f 4408 4223 4222 4409
f 3607 3606 3771 4410
f 3955 4411 4412 4413
f 4414 4415 4416 4417
f 4414 4418 4419 4415
f 4414 4417 4420 4418
f 3841 3775 3776 3842
f 3841 4421 3777 3775
f 1379 1378 4422 4423
f 2202 2507 2510 2203
f 1958 4424 4425 4426
f 2832 3617 4427 3846
f 2938 1400 2632 3904
f 1391 4428 4429 1392
f 1391 1394 4430 4428
f 3907 4431 3605 3908
f 3705 4432 2554 3706
f 2222 2221 4433 3076
f 187 4409 4434 4435
f 4436 3659 2774 2773
f 4437 4438 4439 2646
f 4437 4440 4441 4438
f 4437 2646 2645 4440
f 4442 2592 2587 4443
f 2981 555 561 2656
f 4314 4444 4445 4248
f 1422 1421 4446 4396
f 1426 1425 2604 3633
f 231 711 4133 4447
f 240 4135 4136 4448
f 240 239 2660 4135
f 4448 4136 4449 4450
f 3640 4451 2622 3641
f 2014 4452 3810 2015
f 1437 3651 2500 1438
f 3653 3652 312 4453
f 1501 490 3817 3655
f 1451 3657 4109 1452
f 3938 3395 4454 4455
f 4456 4457 3999 3998
f 4456 4458 4459 4457
f 4456 3998 4460 4458
f 3766 2682 2685 3018
f 3667 3666 3829 4461
f 3949 4462 4463 3950
f 3949 3951 4464 4462
f 4465 4277 4466 4467
f 1915 4468 2696 2695
f 3682 603 4469 3683
f 4470 4471 2647 3794
f 3689 2627 2629 4472
f 1491 1490 4473 4474
f 1497 4443 4475 1498
f 4476 4477 4038 4037
f 1510 916 4478 1511
f 3701 3700 4479 646
f 2339 2338 4480 4082
f 1521 473 4481 1522
f 3716 4482 430 3717
f 4483 2020 2853 2852
f 1535 1534 4484 3726
f 1537 43 4485 4486
f 201 912 4185 3924
f 1541 1540 4487 3763
f 1543 63 4488 4489
f 2356 572 571 2357
f 406 920 4187 4490
f 4491 2782 3719 4492
f 4493 4491 4492 3583
f 4493 2783 2782 4491
f 425 4385 4494 422
f 422 4494 4191 1556
f 4385 4495 4191 4494
f 4496 4497 3864 4498
f 4499 4500 3871 89
f 3797 4501 3871 4500
f 3746 4502 4503 3747
f 3752 3751 4504 620
f 1576 1575 4505 3757
f 4506 4507 4505 1575
f 3760 3757 4505 4507
f 4508 4509 4510 4511
f 1582 3695 4271 1583
f 3004 3944 2689 2688
f 476 1589 4211 4512
f 4513 756 4514 4515
f 4516 4517 4518 4519
f 1607 4520 4521 1608
f 4522 3625 4521 4520
f 4523 1608 4521 3625
f 1594 3778 4524 1595
f 1595 4524 4278 1597
f 1602 1601 4525 4526
f 3784 3783 4527 1530
f 4528 4529 4530 4531
f 4532 4533 4087 586
f 3788 3787 4534 778
f 141 144 4535 4536
f 806 141 4536 4537
f 4537 4536 4535 4538
f 1611 4539 4540 1612
f 3791 3790 4541 4542
f 3791 4542 4543 4544
f 4545 4546 4547 786
f 3960 4548 4549 3961
f 3960 3963 4550 4548
f 4551 800 799 3911
f 4552 3913 3916 4553
f 2433 2759 2762 2434
f 4554 184 3917 3233
f 855 4360 4359 4555
f 50 825 4556 3857
f 564 4557 4558 4066
f 1689 202 3925 1690
f 1642 3809 4559 1643
f 3812 4560 2814 3813
f 1658 1657 4217 3820
f 1662 1661 4561 4562
f 6 4562 4561 7
f 4563 4564 4565 4566
f 4567 4563 4566 4568
f 4567 4569 4564 4563
f 4570 4571 2874 2873
f 4572 4573 4574 4575
f 4576 4577 1943 4578
f 4576 3423 3422 4577
f 4576 4578 4579 3423
f 4577 3422 2820 1943
f 1691 1690 4580 4006
f 4581 4261 4262 4582
f 1697 4583 4584 1698
f 1697 1701 4585 4583
f 767 4586 4587 4588
f 4588 4587 4589 4590
f 4591 4592 4593 4594
f 1374 1707 4595 4596
f 37 4596 4595 38
f 599 303 4597 4598
f 2195 4599 4600 2196
f 1730 331 4601 1770
f 1776 3908 4602 1777
f 4603 4283 4286 4604
f 1741 1740 4605 4606
f 3849 1745 2934 4607
f 4102 2830 2833 4148
f 4104 4608 4609 4105
f 1414 372 4610 4611
f 4612 4611 4610 4613
f 2238 371 3969 4614
f 209 4615 2870 4616
f 4617 4618 4619 2945
f 4617 4620 3800 4618
f 4617 2945 2943 4620
f 1762 4621 4622 1763
f 3855 4623 2887 3856
f 688 1766 4303 4115
f 58 1772 2898 3859
f 1780 3834 2496 1781
f 78 3863 2795 1792
f 3865 1585 4624 3866
f 4625 2800 2804 424
f 1709 1708 4626 4627
f 1728 1727 4628 4629
f 2673 2672 4630 4631
f 3390 4632 4630 2672
f 1807 1850 4633 1808
f 4634 4635 4320 4319
f 108 112 4636 4637
f 3891 3087 4022 4638
f 2561 2560 4190 4639
f 3894 4640 4031 3895
f 4641 1047 4642 4643
f 1823 482 4644 2054
f 1825 4645 4029 484
f 213 3098 4029 4645
f 4146 3646 4034 4033
f 1829 1828 4646 891
f 2306 4647 4648 4649
f 4650 1831 4651 4652
f 1767 235 4651 1831
f 234 4652 4651 235
f 4653 4654 4655 4656
f 4657 4658 4659 4660
f 4653 4657 4660 4654
f 4653 4656 4658 4657
f 3273 3903 4661 4089
f 3284 3537 4339 4152
f 4662 4663 4664 4665
f 4662 4665 4666 4667
f 1845 4668 4669 1846
f 4670 4671 4669 4668
f 4672 4673 4674 4675
f 2333 2332 4676 1096
f 1854 4677 4678 1855
f 4677 4679 4680 4678
f 4681 2274 3108 3107
f 2346 523 4047 4682
f 4683 3850 4215 4214
f 2355 545 4061 4684
f 3928 4685 556 555
f 4686 565 4067 3399
f 1555 2779 4687 4688
f 1910 4688 4687 1911
f 4689 4690 963 962
f 4689 4691 3733 4690
f 882 881 4370 3566
f 3930 4692 3005 3931
f 3932 4693 4692 3930
f 1887 4694 4695 578
f 244 1896 4334 3933
f 4696 4697 4698 4699
f 4700 1018 4227 4701
f 2617 4702 4703 4704
f 2614 4705 4706 4707
f 4704 4703 4706 4705
f 2617 4704 4705 2614
f 4702 4707 4706 4703
f 4708 2325 3160 3159
f 3330 4189 3056 1905
f 4131 4130 2988 2987
f 1903 1902 4709 4710
f 923 3067 3068 4194
f 4711 1224 4712 4713
f 3948 4714 4715 3951
f 4032 4716 3073 1922
f 290 3952 4717 1913
f 1913 4717 4468 1915
f 4196 4195 4085 4084
f 935 2813 4718 4200
f 1920 1919 4719 4720
f 4721 4720 4719 4722
f 4723 4724 4725 3104
f 4726 4727 4728 1028
f 4726 2995 2998 4727
f 4726 1028 1031 2995
f 4729 4730 4731 4732
f 4733 4734 4735 4736
f 4733 4737 4738 4734
f 4733 4736 4739 4737
f 1932 4740 4741 1933
f 4742 4743 4744 4745
f 4742 3002 4746 4743
f 4742 4745 3003 3002
f 3956 3955 4413 4747
f 4748 4749 4750 4751
f 4752 4753 2083 4754
f 4755 4752 4754 4756
f 4757 3047 2083 4753
f 4755 4757 4753 4752
f 4276 4096 4099 4256
f 374 1403 4758 4759
f 375 374 4759 75
f 73 72 4758 1403
f 75 4759 4758 72
f 4760 4103 4106 4761
f 2942 1100 1103 4762
f 4723 3104 4763 4764
f 2217 4765 4763 3104
f 4766 4764 4763 4765
f 449 448 2792 4767
f 3973 3972 4768 1287
f 1980 1076 4769 1981
f 3984 4770 4117 3985
f 3988 4771 3069 3989
f 414 1986 4772 3991
f 1988 4773 4772 1986
f 4774 4775 3889 4776
f 4774 4777 4778 4775
f 4774 4776 4779 4777
f 2028 2027 4780 4573
f 2786 2005 4781 4782
f 2004 4783 4781 2005
f 4784 4782 4781 4783
f 1034 731 4139 4251
f 2067 752 4144 2068
f 4034 4785 3079 4035
f 765 768 4786 4787
f 4788 4787 4786 1279
f 4789 1331 771 770
f 190 4604 36 191
f 4790 1342 4791 4792
f 1345 3347 4791 1342
f 4039 3270 4147 4793
f 4794 4795 4796 3112
f 4797 1358 4798 4799
f 4800 3180 4801 4802
f 2402 4264 4801 3180
f 4266 4802 4801 4264
f 2042 2041 4803 1202
f 1106 4804 4805 2045
f 2051 4806 4807 2052
f 1132 3204 3207 4279
f 4279 3207 3209 4281
f 1145 1144 652 3212
f 978 2068 4808 4219
f 4057 4809 3139 4058
f 4001 4810 4811 2008
f 4812 1372 4813 4814
f 4284 4814 4813 4285
f 4815 2481 2788 4816
f 4069 4068 1189 4817
f 3218 4818 3113 530
f 2082 1537 4486 4819
f 271 1543 4489 272
f 873 874 3167 4071
f 2091 2131 4820 2092
f 4821 4822 4823 4824
f 2097 2096 3138 4825
f 1207 2097 4825 3497
f 4800 4826 4827 3180
f 1227 2111 4828 4315
f 4085 4829 4502 3746
f 4830 4364 4367 4831
f 4832 4368 4364 4830
f 2118 926 4833 2308
f 4739 4834 4509 4508
f 4835 4836 929 928
f 2122 2121 4837 4838
f 4090 4089 4839 4840
f 4841 4842 4843 3268
f 4844 4675 211 4845
f 4400 4846 4206 4205
f 4847 1454 4848 4849
f 81 2891 4848 1454
f 2893 4849 4848 2891
f 4850 4851 4852 4853
f 2130 4854 4855 2131
f 807 4856 4857 1244
f 807 806 4537 4856
f 4856 4537 4538 4857
f 4099 4098 3183 4257
f 4326 3271 3274 4327
f 643 1362 4858 4100
f 4859 3986 3985 4860
f 4859 3279 4861 3986
f 4859 4860 3280 3279
f 4106 4105 4862 4863
f 4864 504 4865 4866
f 4332 4867 4868 4333
f 856 855 4555 4460
f 4869 1412 989 988
f 867 4176 3243 4870
f 4871 4017 4019 4872
f 4871 4873 4874 4017
f 4871 4872 4875 4873
f 2641 4876 3254 2642
f 2154 4877 4878 1012
f 702 2159 3261 4121
f 706 4125 1326 2164
f 4879 3304 4880 4881
f 791 2205 4228 4130
f 4138 4137 4882 4883
f 4883 4882 3403 3402
f 4884 4885 3922 3921
f 4884 4886 4887 4885
f 810 2210 4888 4195
f 740 4141 4545 2172
f 2177 2176 3242 4311
f 2179 4889 4890 2180
f 2180 4890 4891 2182
f 2186 4892 4893 1416
f 3503 4314 4248 3408
f 4384 4383 4894 4895
f 4896 4897 4898 1559
f 2190 1040 4899 4900
f 838 4747 380 839
f 768 767 4588 4786
f 4786 4588 4590 4901
f 4902 1570 4903 4904
f 4905 4906 4907 4908
f 2947 4909 1100 2942
f 4910 4911 4912 4913
f 4914 4915 4916 4917
f 2224 4918 4919 2225
f 2224 2228 4920 4918
f 2230 4124 3456 2231
f 4420 4921 4150 4922
f 3530 3282 3285 4331
f 1378 2238 4614 4422
f 835 2240 1406 4159
f 2242 4923 4924 2243
f 2246 4129 3461 2247
f 3617 4162 1480 4427
f 2252 4167 4886 2253
f 863 2261 4925 4173
f 4926 4927 1156 1155
f 872 4928 4929 1404
f 872 871 4930 4928
f 4928 4930 4931 4929
f 888 4182 3256 2267
f 2304 2303 4932 3384
f 4933 1632 1631 4934
f 1421 1196 4306 4446
f 2327 1220 4313 2328
f 4198 4935 4936 4199
f 4202 3319 3322 4203
f 3567 4371 3319 4202
f 2286 1235 4937 4938
f 2290 2289 4939 4940
f 4941 4942 4943 4944
f 4206 4945 4640 3894
f 2300 2299 4946 4947
f 2302 4391 4948 2303
f 4949 4496 4498 4950
f 675 4951 4952 676
f 1351 2306 4649 4395
f 4953 4954 4955 1682
f 4208 4956 1503 4209
f 1118 4273 4957 1686
f 2317 4958 4959 2318
f 2812 4960 4961 4962
f 2329 2328 4963 4405
f 1020 3528 3531 1021
f 4964 2776 1174 4965
f 2335 1580 4966 4967
f 989 4968 3105 993
f 3096 3353 3351 3097
f 1494 2346 4682 4969
f 3218 3217 4970 4818
f 1498 4475 4970 3217
f 4971 4818 4970 4475
f 4972 1609 1608 4523
f 4973 4974 4683 4975
f 4975 4683 4214 4976
f 1003 4225 4977 2351
f 4225 3538 3540 4977
f 4477 3457 3460 4038
f 709 2355 4684 710
f 4232 4231 4978 3471
f 4232 3471 3474 4235
f 43 42 4979 4485
f 4241 2307 4980 4242
f 63 62 4981 4488
f 69 68 4982 4983
f 4984 4985 4986 4987
f 2874 4988 4372 2875
f 2381 4989 4990 2382
f 4991 4789 4992 4993
f 4991 4994 1331 4789
f 4995 3352 3347 1345
f 1564 4996 4997 2393
f 1089 1662 4562 4259
f 4262 4259 4562 6
f 3751 4327 4998 4504
f 4503 4570 2873 4999
f 1167 4863 5000 10
f 4510 5001 4399 4398
f 5002 3298 4172 5003
f 5002 4755 4756 3298
f 5002 5003 4757 4755
f 2410 2463 5004 2411
f 5005 5006 5007 5008
f 5009 5010 5011 5012
f 5005 5009 5012 5006
f 5005 5008 5010 5009
f 124 1188 3599 125
f 4277 4276 4256 4466
f 4282 4281 573 29
f 4340 2435 3525 5013
f 4527 4760 4761 5014
f 4286 4285 4596 37
f 41 1379 4423 42
f 910 2439 3452 911
f 2448 2447 4700 4291
f 1160 5015 5016 5017
f 1156 2725 5015 1160
f 918 1396 5018 919
f 160 159 3490 4296
f 2377 2376 5019 2451
f 2379 88 5019 2376
f 4548 3984 3983 4549
f 4548 4550 4770 3984
f 2456 2455 4711 5020
f 174 4298 1645 175
f 3384 4932 5021 2459
f 2459 5021 4773 1988
f 4932 5022 4773 5021
f 180 179 5023 5024
f 1180 4304 3506 2464
f 188 5025 86 85
f 188 187 4435 5025
f 5025 4435 1652 86
f 194 2976 5026 195
f 195 5026 3631 197
f 5027 5028 4611 4612
f 208 5029 4615 209
f 218 217 3478 3219
f 101 100 4444 4314
f 232 231 4447 5030
f 1540 2483 4016 4487
f 110 240 4448 111
f 4575 4574 4381 5031
f 4320 152 5032 4321
f 1679 5033 5034 2491
f 2497 5035 5036 2498
f 275 4330 5037 276
f 4380 1910 5038 5039
f 4586 4380 5039 4587
f 1909 4589 5038 1910
f 4587 5039 5038 4589
f 279 2953 3669 280
f 5040 5041 5042 5043
f 299 298 5044 5045
f 2501 1793 5046 2502
f 303 302 3590 4597
f 1170 4333 5047 2457
f 311 310 1746 4335
f 5048 5049 2754 5050
f 5048 1468 5051 5049
f 5048 5050 1469 1468
f 313 5052 5053 314
f 317 2973 3674 318
f 331 330 3603 4601
f 1284 2512 5054 4337
f 5055 2843 5056 5057
f 2520 4233 4235 2521
f 4529 5058 5059 4530
f 1298 4342 3558 5060
f 5060 3558 3560 3692
f 1298 5060 3692 1300
f 4345 4344 4652 234
f 3030 5061 1197 3031
f 2140 5062 5061 3030
f 2529 4350 1787 2530
f 3283 3535 3537 3284
f 1633 1636 5063 5064
f 5065 1633 5064 2580
f 2580 5064 5063 2581
f 5066 1525 3710 3426
f 5066 5067 1526 1525
f 1975 5068 5069 1976
f 4365 5070 3571 4366
f 4369 253 5070 4365
f 2549 2548 4797 5071
f 407 406 4490 5072
f 411 410 5073 5074
f 1552 1555 4688 4376
f 4380 4376 4688 1910
f 4382 295 789 4383
f 3866 4624 3634 2559
f 2553 2552 5075 4269
f 4627 4626 4368 4832
f 2557 2556 5076 5077
f 433 432 5078 5079
f 4387 327 808 4388
f 5080 5081 5082 1232
f 4629 4628 5083 5084
f 2570 5085 5086 2571
f 3306 3565 5087 5088
f 3306 882 3566 3565
f 439 5089 5090 440
f 2599 5091 5092 2600
f 4399 5093 4846 4400
f 1812 5094 169 2602
f 5095 4850 4853 5096
f 5097 5098 4392 5099
f 2615 2614 4707 5100
f 4731 5100 4707 4702
f 2619 5101 5102 2620
f 369 476 4512 370
f 4417 4416 3542 5103
f 4417 5103 4921 4420
f 4413 4412 4465 381
f 482 481 3671 4644
f 5104 4516 4519 5105
f 5106 4976 869 385
f 497 496 3678 4301
f 5107 4528 4531 5108
f 3908 3605 3607 4602
f 4666 2036 2035 5109
f 4680 5110 4476 223
f 2640 2639 3636 5111
f 1866 5112 4877 2154
f 1925 1928 4877 5112
f 5113 5114 5115 3728
f 3728 5115 5116 3729
f 5114 5117 5116 5115
f 5118 2495 5119 5120
f 578 4695 5121 579
f 1893 2190 4900 5122
f 3395 3394 2013 4454
f 2677 2745 5123 2678
f 3951 4715 3654 4464
f 4467 4466 5124 337
f 1302 1301 5125 4151
f 510 4581 4582 511
f 2766 4591 4594 2047
f 521 599 4598 522
f 603 602 3696 4469
f 2711 2710 3665 5126
f 5126 3665 3667 162
f 1490 2719 3704 4473
f 612 5127 552 551
f 612 615 5128 5127
f 2721 1732 5129 5130
f 5130 5129 5131 389
f 1621 2740 3725 5132
f 5133 4603 4604 190
f 5134 5135 5136 5137
f 1846 4669 5138 2745
f 4671 5139 5138 4669
f 646 4479 3742 647
f 5140 2664 3547 3546
f 1635 3550 5141 5142
f 1636 1635 5142 5063
f 5063 5142 5141 4375
f 1522 4481 4896 2763
f 580 579 5143 1752
f 1534 2768 3639 4484
f 2770 2794 5144 2771
f 5145 1795 5146 2996
f 5145 257 1796 1795
f 2789 5147 5148 2790
f 4502 626 4570 4503
f 620 4504 5149 621
f 4699 4698 4496 4949
f 5150 5151 2079 2078
f 5150 3152 1669 5151
f 2796 5152 5153 2797
f 4509 636 5001 4510
f 5154 5155 4635 4634
f 737 108 4637 4024
f 756 755 5156 4514
f 4519 4518 3749 5157
f 2813 2812 4962 4718
f 4724 3759 3760 4725
f 1601 2817 5158 4525
f 4531 4530 1168 5159
f 4737 4739 4508 5160
f 778 4534 3803 779
f 1612 4540 3698 2822
f 786 4547 2071 787
f 4868 4672 4675 4844
f 825 824 3811 4556
f 5161 2138 2137 5162
f 5163 4811 2846 27
f 4810 2847 2846 4811
f 2785 2784 5164 1865
f 2787 5165 5164 2784
f 1785 2842 3819 5166
f 1643 4559 5167 2856
f 2856 5167 3929 226
f 2861 2860 5168 5169
f 1708 2905 5170 4626
f 876 5171 5172 877
f 2866 5173 5174 2868
f 4569 764 1270 4564
f 5175 5176 5177 766
f 2871 5178 5179 2872
f 4573 4780 5180 4574
f 2591 2880 5181 5182
f 2881 2920 5181 2880
f 902 5183 5184 903
f 5185 5186 1382 5093
f 80 83 5187 2890
f 4470 2890 5187 4471
f 2924 2198 5188 5189
f 2888 2163 5190 5191
f 3869 4827 5192 3055
f 4826 5099 5192 4827
f 5193 5194 615 614
f 5193 93 5195 5194
f 5193 614 94 93
f 2895 5196 5197 2896
f 4582 4262 6 5
f 5198 5199 2737 2736
f 5198 5200 5201 5199
f 5198 2736 3876 5200
f 1698 4584 3785 2903
f 926 105 3882 4833
f 1909 1912 5202 4589
f 4590 4589 5202 805
f 4594 4593 14 13
f 5203 5204 5205 5206
f 942 122 3885 3205
f 4656 4655 3213 5207
f 4656 5207 3886 4658
f 821 820 4732 944
f 1777 4602 5208 2974
f 5209 5210 5211 5212
f 4907 3956 4747 838
f 2914 2165 5213 2915
f 524 527 4599 2195
f 1740 48 51 4605
f 1858 56 59 5214
f 5215 5216 5217 5218
f 5215 5219 5220 5216
f 5215 5218 1834 5219
f 4105 4609 3906 4862
f 982 981 5221 3602
f 2216 5222 4765 2217
f 5223 4766 4765 5222
f 5224 5225 5226 5227
f 4873 2980 2979 4874
f 4873 4875 3928 2980
f 1012 4878 5228 1013
f 2157 232 5030 5229
f 1727 2912 5230 4628
f 2986 2985 5231 2239
f 2992 2991 5232 5233
f 2092 4820 5232 2991
f 4635 149 152 4320
f 2994 5234 5235 2018
f 1028 4728 3281 1029
f 1040 273 3942 4899
f 5236 5237 5238 5239
f 1047 165 168 4642
f 3646 3645 4785 4034
f 3008 2268 5240 3009
f 1828 177 180 4646
f 4089 4661 3890 4839
f 5241 5242 2233 5243
f 5244 3510 3511 5245
f 5241 5244 5245 5242
f 5241 5243 3510 5244
f 4665 4664 208 207
f 4665 207 2036 4666
f 4675 4674 212 211
f 1096 4676 3926 1097
f 1855 4678 220 219
f 4678 4680 223 220
f 5246 403 402 5247
f 5248 5249 5250 1214
f 5246 5248 1214 403
f 5246 5247 5249 5248
f 1014 1013 4804 1106
f 5251 5252 5253 5254
f 4915 3964 3967 4916
f 1127 3052 5255 1128
f 3034 5256 913 3035
f 3046 2082 4819 3240
f 5257 2808 5258 3975
f 5259 3980 5260 5261
f 5257 5259 5261 2808
f 5257 3975 3980 5259
f 5262 3001 5263 5264
f 4691 5265 3734 3733
f 1700 407 5072 1701
f 720 723 5266 2356
f 5267 5268 5266 723
f 1175 457 5269 1176
f 3051 269 5270 3052
f 4697 1072 5271 4698
f 1190 5272 5273 1191
f 5274 5275 5276 5277
f 5278 4689 962 958
f 5274 5278 958 5275
f 5274 5277 4689 5278
f 1902 2362 5279 4709
f 1224 1223 5280 4712
f 3059 5281 5282 3060
f 5283 4762 1103 344
f 5284 347 4927 4926
f 5283 5284 4926 4762
f 5283 344 347 5284
f 4195 4888 4829 4085
f 1230 453 4011 3740
f 3070 2368 5285 5286
f 2369 5287 5285 2368
f 5288 5286 5285 5287
f 1919 3072 5289 4719
f 4722 4719 5289 1109
f 4936 957 4696 5290
f 944 4732 5291 3081
f 3081 5291 4702 2617
f 4732 4731 4702 5291
f 4736 1125 4834 4739
f 1235 465 4021 4937
f 1974 1973 361 360
f 1973 5292 367 361
f 4943 971 5293 5294
f 1237 3358 974 973
f 1237 1242 4026 3358
f 3358 4026 4027 974
f 1933 4741 2330 3085
f 4747 4413 381 380
f 4951 5104 5105 4952
f 4751 4750 393 392
f 5295 5296 5297 5298
f 5299 5107 5108 996
f 4761 4106 4863 1167
f 4911 5300 4748 4912
f 1274 412 415 5301
f 5302 5303 5304 5305
f 5302 5306 5307 5303
f 5302 5305 5308 5306
f 5309 5310 5311 5312
f 3108 5313 5314 2146
f 1287 4768 5315 1288
f 1288 5315 4114 683
f 3113 5316 1343 3114
f 1293 1292 5317 5318
f 5319 5320 2390 2389
f 5321 5322 5323 5324
f 5319 5321 5324 5320
f 1981 4769 439 438
f 1306 5325 5326 1307
f 3124 5327 5328 3125
f 2027 458 461 4780
f 1998 5329 5330 3549
f 1997 5331 5332 5333
f 1998 1997 5333 5329
f 3549 5330 5332 5331
f 5329 5333 5332 5330
f 3129 2456 5020 5334
f 1319 5335 5336 1320
f 3142 5337 5338 3143
f 3143 5338 5339 3145
f 5340 5341 5342 4647
f 5340 940 5343 5341
f 4242 4980 5344 5345
f 4836 1249 2278 929
f 1327 176 5346 1328
f 1279 4786 4901 1280
f 4353 4356 5347 5348
f 5349 1603 5347 4356
f 2922 3174 5350 4796
f 3111 3110 5350 3174
f 3112 4796 5350 3110
f 1358 534 537 4798
f 1362 1361 4056 4858
f 2041 3186 5351 4803
f 5352 5353 34 33
f 5352 1673 2489 5353
f 4866 4865 4905 1303
f 5249 2733 5354 5250
f 5249 5355 2734 2733
f 3191 5356 5357 2207
f 2052 4807 3970 3193
f 5358 4754 5135 5134
f 2422 5359 1182 3195
f 4281 3209 574 573
f 5360 2058 5361 5362
f 2430 5363 1209 3202
f 70 73 5041 5040
f 1372 1371 5364 4813
f 1374 4596 5364 1371
f 4285 4813 5364 4596
f 5365 5366 3305 5367
f 2109 5365 5367 2110
f 2109 3239 5366 5365
f 5368 3362 5369 5370
f 5371 5368 5370 5372
f 5371 5373 3362 5368
f 5374 5375 5376 5377
f 3249 5374 5377 3250
f 3249 2542 5375 5374
f 1396 689 4116 5018
f 2451 5019 5378 4113
f 88 91 5378 5019
f 5379 5380 4233 2520
f 5379 5381 5382 5380
f 5379 2520 2524 5381
f 1409 1408 5383 309
f 1339 1342 5384 5385
f 4790 5386 5384 1342
f 4822 593 596 4823
f 5387 5388 5389 5390
f 5391 5387 5390 5392
f 3231 5393 5394 2272
f 5395 607 610 5396
f 3869 3237 5397 4827
f 3179 3178 5397 3237
f 3180 4827 5397 3178
f 1416 4893 5398 1417
f 3242 3241 1492 5399
f 3244 136 5400 3245
f 62 3250 5401 4981
f 5402 5403 4821 5404
f 1430 1429 4094 3637
f 5405 3601 2219 5406
f 3644 5405 5406 3645
f 3255 2549 5071 154
f 3257 2531 5407 3258
f 5293 5408 5155 5154
f 2121 641 644 4837
f 2127 5409 5410 5411
f 1369 1372 5410 5409
f 2126 1369 5409 2127
f 4812 5411 5410 1372
f 3867 3866 2559 2558
f 3268 4843 664 663
f 4846 1383 4945 4206
f 4853 4852 675 674
f 5032 5412 3643 4145
f 5413 401 5414 5415
f 5413 5247 402 401
f 5413 5415 5416 5247
f 4327 3274 4090 4998
f 5417 5418 5419 5420
f 4860 3985 4117 5421
f 5421 4117 4120 4149
f 4860 5421 4149 3280
f 1464 3302 5422 1465
f 2597 5423 5424 2313
f 3276 5425 5426 3277
f 4333 4868 4844 5047
f 3287 5427 5428 2323
f 1468 1472 5429 5051
f 5430 5431 4910 5432
f 986 467 5433 3685
f 466 1413 5433 467
f 3688 3685 5433 1413
f 1412 1411 4968 989
f 1495 1494 4969 3476
f 3690 5434 5106 3691
f 3690 4973 4975 5434
f 5434 4975 4976 5106
f 1506 1505 5435 443
f 5436 5437 5414 401
f 3295 265 5438 3296
f 3301 5439 5440 3302
f 5441 5277 5276 5442
f 5441 3623 4180 5277
f 3304 2640 5111 4880
f 2544 5443 5444 2364
f 3309 3308 5445 5446
f 3311 3309 5446 5447
f 2210 3336 5448 4888
f 3313 3339 5449 3314
f 1546 4922 4150 1547
f 1547 4150 1964 1549
f 4383 789 792 4894
f 1559 4898 2608 1560
f 1471 5450 5451 1472
f 1471 1473 5452 5450
f 4388 808 811 5453
f 3366 5454 5455 2706
f 5456 5457 5458 5459
f 5456 5460 5461 5457
f 5459 5458 5462 5463
f 3376 5464 5465 3377
f 1563 5466 4996 1564
f 1570 833 836 4903
f 4908 4907 838 837
f 3335 847 850 5467
f 4913 4912 5468 1387
f 1580 1579 5469 4966
f 5470 4966 5469 5471
f 4917 4916 858 857
f 2225 4919 866 865
f 3342 5472 5473 2418
f 5474 5475 5473 5472
f 4921 1302 4151 4150
f 298 975 3357 5044
f 3362 2945 4619 5369
f 2243 4924 887 886
f 5057 5056 5222 2216
f 5476 5477 5478 5479
f 1616 5480 5481 1617
f 2261 5482 5483 4925
f 2183 2182 5483 5482
f 2184 2183 5482 2261
f 1622 1621 5132 5484
f 1624 5485 5486 1625
f 5487 5140 3546 5488
f 3390 3389 5489 4632
f 2128 2127 5489 3389
f 3397 5490 5491 2468
f 4935 954 957 4936
f 1646 640 5492 1647
f 2289 3405 5493 4939
f 4942 968 971 4943
f 3412 508 5494 3413
f 1664 5495 4220 1665
f 1664 550 553 5495
f 5495 553 4064 4220
f 2299 3419 5496 4946
f 676 4952 813 812
f 5084 5083 4198 4197
f 1678 5497 5033 1679
f 5498 5499 4941 5500
f 1682 4955 2726 1683
f 2683 5501 5502 2684
f 2683 5503 5504 5501
f 5501 5504 5505 5502
f 2686 5506 5507 3441
f 1686 4957 1002 1001
f 2318 4959 5508 3445
f 2697 5509 5510 3446
f 5511 5512 2746 5513
f 5511 5514 5515 5512
f 5513 2746 2751 114
f 5511 5513 114 5514
f 1725 1724 5516 3351
f 485 4030 5516 1724
f 3097 3351 5516 4030
f 1732 1133 4280 5129
f 5129 4280 4282 5131
f 4976 4214 870 869
f 4038 3460 1020 1019
f 1736 1735 5517 1804
f 5518 5519 5520 5521
f 5518 4293 4294 5519
f 5518 5521 2442 4293
f 1749 1748 5522 733
f 1752 5143 5523 1753
f 3471 4978 1049 1048
f 3478 3477 1822 5524
f 5525 5526 5527 5528
f 3480 588 5529 3481
f 2307 1065 1068 4980
f 956 1069 1072 4697
f 544 1770 5530 4060
f 5531 5532 2847 4810
f 5533 5534 5535 5403
f 1786 1785 5166 5536
f 1788 788 5537 1789
f 68 1087 1090 4982
f 4985 1091 1094 4986
f 3521 3520 5538 5539
f 3492 3491 5540 617
f 1795 1228 4316 5146
f 5455 4722 1109 1108
f 5120 5119 4241 4240
f 2382 4990 1117 1116
f 2227 4736 4735 2228
f 2227 1122 1125 4736
f 5541 3343 4984 5542
f 2579 2582 5176 5543
f 5544 5543 5176 5175
f 2457 5047 5545 3541
f 5001 5185 5093 4399
f 1811 5546 5094 1812
f 5547 5095 5096 5548
f 2678 5123 5549 3514
f 5008 5007 1155 1154
f 5010 1158 1161 5011
f 5008 1154 1158 5010
f 4466 4256 4258 5124
f 2515 3523 5550 5551
f 5014 4761 1167 1166
f 5552 5553 5554 5555
f 3031 1197 1200 5437
f 2725 2724 1147 5015
f 1849 5556 5557 1850
f 3543 2904 5558 3544
f 179 1858 5214 5023
f 5162 2137 3032 5559
f 1865 5164 5112 1866
f 5165 1925 5112 5164
f 3554 3553 5560 5561
f 3555 3554 5561 5562
f 1874 3578 5563 1875
f 2854 5564 5335 1319
f 5081 1821 5118 5082
f 1885 1884 4312 4960
f 4564 3499 3502 4565
f 4564 1270 1271 3499
f 4574 5180 4382 4381
f 1889 5565 5514 1890
f 1889 1893 5122 5565
f 5189 5188 4387 4386
f 3615 5566 5567 3011
f 2606 1282 1285 5568
f 3576 1290 1293 5569
f 2790 5148 5570 3578
f 276 5037 1295 1294
f 2502 5046 1306 1305
f 314 5053 4348 1929
f 3587 5571 5356 3191
f 4404 5572 5573 2703
f 5574 420 5573 5572
f 2512 3595 4295 5054
f 3597 5575 1313 1312
f 5575 5576 1316 1313
f 5577 2420 5578 5579
f 3599 5580 1779 3600
f 2521 4235 3474 3473
f 1946 5581 5582 1947
f 5583 3776 5584 880
f 5585 5583 880 885
f 5585 3842 3776 5583
f 5586 5587 5373 5371
f 1959 5588 4357 2928
f 1959 1958 4426 5588
f 5588 4426 4361 4357
f 3967 3966 5133 1881
f 3648 3647 2179 2178
f 2581 5063 4375 4378
f 2385 2384 3225 3224
f 5589 5590 5591 5592
f 5225 5592 5591 5226
f 3631 5593 5393 3231
f 410 1984 5594 5073
f 4626 5170 4369 4368
f 2556 3633 5595 5076
f 432 1994 5596 5078
f 4628 5230 5597 5083
f 3642 3641 5598 5599
f 5600 5599 5598 1936
f 2571 5086 4328 3649
f 2581 4378 4379 5601
f 2582 2581 5601 5176
f 5176 5601 4379 5177
f 440 5090 3007 2011
f 5602 1952 5603 5499
f 2600 5092 5604 3652
f 5093 1382 1383 4846
f 5096 4853 674 1384
f 2018 5235 5605 2019
f 3055 5192 4390 2566
f 5099 4392 4390 5192
f 5606 5607 1838 1837
f 5606 5150 2078 5607
f 5606 1837 3152 5150
f 2896 5197 5608 3658
f 5609 5610 1398 1397
f 5105 4519 5157 1966
f 5108 4531 5159 1977
f 5611 5612 5613 5614
f 3684 3683 5615 1016
f 5589 5479 5616 5590
f 223 4476 4037 224
f 2056 2055 2117 5617
f 2060 5618 5619 2061
f 3040 5620 5621 3694
f 3697 3101 5622 1036
f 3699 3086 5623 3700
f 5624 5625 5626 5627
f 5627 5626 5628 1639
f 5624 5627 1639 1638
f 2070 1274 5301 5629
f 3702 5630 5631 3703
f 3718 3717 5632 1053
f 2495 1459 1462 5119
f 5633 5634 1079 1078
f 5633 4455 5635 5634
f 5636 572 5637 5638
f 2356 5266 5637 572
f 5268 5638 5637 5266
f 2215 3103 5639 5640
f 2886 2100 5641 5642
f 2099 5643 5641 2100
f 1713 5642 5641 5643
f 2104 1488 1491 5644
f 3060 5282 5466 1563
f 3797 3796 5645 4501
f 511 4582 5 2043
f 2115 2114 5646 5647
f 4243 4242 5345 5648
f 2047 4594 13 2048
f 5237 1265 5649 5238
f 389 5131 28 390
f 4750 3784 1530 393
f 5296 1278 5650 5297
f 3786 5651 5652 3787
f 5651 5653 5654 5652
f 5135 2086 5655 5136
f 3736 5521 5520 3737
f 3736 3738 5656 5521
f 3025 5657 5658 3022
f 3022 5658 5659 3796
f 2142 3816 5660 2143
f 2146 5314 5485 1624
f 1128 5255 5661 2951
f 2573 5487 5662 2574
f 2573 2575 5140 5487
f 3806 5663 5664 2971
f 5665 4358 1355 1354
f 5665 4555 4359 4358
f 5666 1566 1567 5667
f 451 2152 3220 452
f 463 2157 5229 464
f 3808 3194 5668 3809
f 2163 2162 4513 5190
f 3814 3813 5669 1267
f 2900 1599 1602 5670
f 5341 4567 4568 5342
f 5341 5343 4569 4567
f 1176 5269 5671 3816
f 714 4134 4532 2166
f 4698 5271 4497 4496
f 3152 3151 1670 1669
f 2797 5153 1611 1610
f 5155 1614 149 4635
f 3161 5672 5497 1678
f 3825 3824 5673 5674
f 5675 5395 5396 5676
f 755 3831 3187 5156
f 3832 5677 5678 3833
f 3836 3835 5679 5680
f 2817 1619 1622 5158
f 5159 1168 1171 357
f 5681 5682 5683 3802
f 5294 5293 5154 5684
f 5685 5686 5687 5688
f 2207 5357 5689 2208
f 2220 1782 5690 2221
f 2234 1439 5691 2235
f 849 2250 5692 4163
f 5693 5694 5695 5696
f 2667 2670 5695 5694
f 5320 5324 5697 1310
f 91 5698 5699 5378
f 2860 3856 5700 5168
f 2912 1692 1695 5230
f 877 5172 3251 3861
f 2872 5179 5701 3863
f 4780 461 292 5180
f 5385 5384 2800 4625
f 5386 5702 2800 5384
f 4823 596 1709 5703
f 903 5184 5704 2269
f 2272 5394 5705 2273
f 2198 1721 324 5188
f 5706 5707 5708 5709
f 1320 5336 5710 3870
f 3902 5711 5712 3903
f 4501 5645 5713 3871
f 3871 5713 5714 3872
f 138 5544 5175 5715
f 2209 2208 5281 3059
f 5204 5716 5717 5205
f 3880 5718 5546 1811
f 2282 1738 1741 5719
f 2742 5547 5548 2743
f 2965 5720 1743 1742
f 3883 5721 5722 3084
f 5212 5211 1760 1759
f 2296 2295 5723 5724
f 2915 5213 1762 1761
f 4389 4388 5453 5725
f 5726 5552 5555 3805
f 5218 5217 5727 3438
f 5218 3438 1835 1834
f 1496 2314 5728 1497
f 2313 5424 5728 2314
f 2323 5428 5729 2324
f 3910 3335 5467 1424
f 2331 1561 5730 2332
f 2337 5731 5732 2338
f 3912 3338 5733 1428
f 2343 2342 5734 5735
f 5736 4612 4613 4070
f 5737 5738 5321 5319
f 3927 1453 5739 3369
f 2362 2361 4641 5279
f 2364 5444 4694 1887
f 2985 3931 5740 5231
f 4248 4445 3393 3392
f 5741 5742 2229 5743
f 5744 5741 5743 5745
f 3157 3154 5746 1499
f 2315 2314 5746 3154
f 1496 1499 5746 2314
f 5450 3948 3947 5451
f 5450 5452 4714 3948
f 5747 5748 2245 5749
f 5750 5747 5749 5751
f 5239 5238 509 1851
f 5752 5753 5236 5754
f 5755 1527 5756 4743
f 5755 4743 4746 5757
f 5416 5758 5759 5355
f 5247 5416 5355 5249
f 5254 5253 5299 2358
f 4916 3967 1881 858
f 5760 5761 5762 5763
f 5760 5764 5765 5761
f 5760 5763 5766 5764
f 5418 5767 5768 5419
f 2416 2415 5769 5770
f 2418 5473 5769 2415
f 5475 5770 5769 5473
f 5771 4756 4754 5358
f 1465 5422 5359 2422
f 5772 5773 5774 5775
f 5772 4212 5776 5773
f 2429 5777 5363 2430
f 3971 1684 5778 3972
f 3980 1900 1903 5260
f 5779 5780 5781 5782
f 3990 3989 5783 1574
f 2462 1917 1920 5784
f 1511 4478 5785 2463
f 5488 3546 1991 1990
f 1191 5273 1932 1931
f 5277 4180 4691 4689
f 2394 2393 5388 5387
f 2395 2394 5387 5391
f 2468 5491 4783 2004
f 3997 3235 5786 5787
f 3999 5788 1946 1945
f 1223 2478 3428 5280
f 4043 4042 5789 5790
f 4045 4043 5790 5791
f 2479 5792 5793 2480
f 4007 4006 5794 5795
f 3072 1960 1961 5289
f 1109 5289 1961 1110
f 957 956 4697 4696
f 3314 5449 5796 4009
f 4015 4018 5797 5798
f 1125 1124 633 4834
f 971 970 5408 5293
f 5799 5773 5776 5800
f 5799 5801 5802 5773
f 5799 5800 5803 5801
f 4952 5105 1966 813
f 5454 4721 4722 5455
f 5298 5297 1860 1859
f 996 5108 1977 997
f 5464 5804 5805 5465
f 54 5806 5807 5808
f 4041 5809 5810 4042
f 4912 4748 4751 5468
f 5305 5304 1990 1989
f 5305 1989 5811 5308
f 5312 5311 1996 1995
f 2516 2515 5551 5812
f 1292 2518 5813 5317
f 4055 3527 5814 1656
f 3462 5815 5630 3702
f 4059 4058 5816 1660
f 1307 5326 3487 2526
f 5477 5817 5309 5478
f 3125 5328 5818 4068
f 3032 3031 5437 5436
f 1625 5486 5819 2539
f 2488 5441 5442 2489
f 2488 2490 3623 5441
f 4980 1068 2028 5344
f 4072 4071 5820 1706
f 2492 2491 5443 2544
f 4075 5821 5643 2099
f 5822 5823 5824 5825
f 4097 5826 5827 4098
f 4081 5828 5829 3316
f 1328 5346 2051 2050
f 1121 1120 4836 4835
f 4087 5830 2060 2059
f 2577 5831 817 816
f 5832 5381 2524 2523
f 5832 3438 5727 5381
f 5832 2523 3439 3438
f 5833 5834 4050 4049
f 5833 4049 4655 4654
f 2584 5835 5836 2585
f 3186 2069 2070 5351
f 1824 2589 5837 1825
f 2591 5182 5837 2589
f 1303 4905 4908 1304
f 205 4472 5838 5839
f 5355 5759 992 991
f 5355 991 3779 2734
f 2607 2606 5568 5840
f 2609 1880 5841 2610
f 5432 4910 4913 2532
f 4095 3576 5569 1771
f 5362 5361 5474 2538
f 4592 4864 4866 4593
f 5842 3986 4861 5843
f 5373 5844 3363 3362
f 5553 5845 5430 5554
f 5375 898 899 5376
f 2542 2541 898 5375
f 4110 5846 5575 3597
f 5846 5847 5576 5575
f 1405 5848 2552 2551
f 1405 1404 4929 5848
f 5849 1815 4018 4017
f 5849 5850 1816 1815
f 5849 4017 4874 5850
f 5851 4835 928 927
f 3225 5851 927 3227
f 1408 2642 5852 5383
f 4122 4121 5853 3594
f 3556 5854 278 4123
f 1417 5398 4841 2654
f 3245 5400 5855 4125
f 3289 3288 1849 1848
f 3562 5856 316 4128
f 4133 4132 494 5857
f 5403 5535 4822 4821
f 1830 1832 5858 5859
f 4136 5860 5861 4449
f 4136 3401 5862 5860
f 3258 5407 5863 4137
f 5408 2133 1614 5155
f 5864 1843 5865 4885
f 5864 4885 4887 5866
f 5539 5538 5395 5675
f 5867 5306 5308 5868
f 5867 4743 5756 5306
f 5867 5868 4744 4743
f 5566 5754 5869 5567
f 5412 128 3644 3643
f 5415 5414 4869 5870
f 5416 987 988 5758
f 5870 4869 988 987
f 5415 5870 987 5416
f 5420 5419 5871 2634
f 5872 5602 5499 5498
f 1808 4633 5506 2686
f 5047 4844 4845 5545
f 3589 4154 5873 5874
f 2696 5875 5509 2697
f 1997 5876 5877 5331
f 5613 5878 5610 5609
f 1316 4914 4917 1317
f 2727 2012 5879 2728
f 1505 2731 4879 5435
f 4160 4159 5880 1895
f 5437 1200 4869 5414
f 4166 5881 5866 4167
f 4166 4169 5882 5881
f 2747 5883 5884 2748
f 3296 5438 2186 2185
f 5885 5886 5887 3222
f 3166 3165 2999 5888
f 5889 5890 2194 2193
f 2774 5891 454 2775
f 1875 5563 266 4183
f 4185 4184 2708 5892
f 2681 2680 5534 5533
f 5893 5894 5625 5624
f 5893 5624 1638 5895
f 3278 3277 1845 1844
f 4492 3494 1954 1953
f 4492 3719 3495 3494
f 4495 5896 5897 4191
f 4191 5897 5898 4192
f 5083 5597 4935 4198
f 2706 5455 1108 2218
f 5899 5264 5900 2021
f 5901 3737 5902 5903
f 4690 5901 5903 963
f 4690 3733 3737 5901
f 5904 4418 4420 5905
f 5904 2286 4938 4418
f 5905 4420 4922 1546
f 5904 5905 1546 2286
f 5460 2717 5541 5461
f 3377 5465 5906 3770
f 5907 2026 5908 5909
f 2793 5910 5911 2794
f 1387 5468 1152 1388
f 4161 5912 5913 4162
f 5914 2030 5915 5916
f 5917 2104 5644 5918
f 5919 5917 5918 5920
f 5919 2106 2104 5917
f 4210 4209 5921 5922
f 4211 4210 5922 5923
f 3670 4213 1419 5924
f 2815 2115 5647 5925
f 4218 3758 5926 1985
f 3759 5927 5926 3758
f 1987 1985 5926 5927
f 3675 5928 5731 2337
f 3677 4219 5929 5930
f 4221 5931 5932 4222
f 4221 4063 5933 5931
f 5479 5478 5934 5616
f 1617 5481 5935 2828
f 4971 5936 5937 4818
f 4749 3781 3784 4750
f 5938 2658 5738 5737
f 5939 2287 2290 5940
f 5941 2291 2287 5939
f 1639 5628 5942 2839
f 2839 5942 5943 3851
f 4227 2293 2296 5944
f 2853 5945 5564 2854
f 4230 3780 5946 4231
f 3449 3448 5792 2479
f 5119 1462 2307 4241
f 5634 5635 5947 5948
f 1647 5492 4953 2862
f 5949 5666 5667 5950
f 3405 4245 4902 5493
f 3508 5951 2317 2316
f 3413 5494 3753 4249
f 4249 3753 1259 1258
f 5952 5953 5954 5955
f 5869 5239 1851 1477
f 3419 2334 2335 5496
f 3422 5956 2821 2820
f 3422 3427 5957 5956
f 5958 5959 5960 5961
f 5958 4991 4993 5959
f 5958 5961 4994 4991
f 5871 5962 2348 2347
f 5499 5603 4942 4941
f 5502 5505 4974 4973
f 2901 2900 5670 5963
f 2401 2404 5964 4263
f 5965 5966 5964 2404
f 5967 4263 5964 5966
f 3445 5508 2242 2241
f 4268 5968 5969 3827
f 4268 4270 851 5968
f 4271 5970 5571 3587
f 3299 5771 5971 5972
f 3299 3298 4756 5771
f 4278 5973 5777 2429
f 4604 4286 37 36
f 2849 5585 885 2850
f 2849 3843 3842 5585
f 2920 2919 5974 5975
f 2922 4796 5974 2919
f 4795 5975 5974 4796
f 4310 4309 3142 3141
f 1735 3614 5976 5517
f 5655 5977 5587 5586
f 5521 5656 2443 2442
f 1748 2935 5978 5522
f 5979 5980 3321 3320
f 5979 3975 5258 5980
f 5979 3320 3976 3975
f 4297 4296 5981 3830
f 5982 4549 3983 3982
f 1763 4622 3807 2948
f 2951 5661 716 2952
f 2882 2885 5983 3630
f 5528 5527 5983 2885
f 3481 5529 5984 4298
f 2960 5985 2381 2380
f 3515 3514 2130 2129
f 2971 5664 742 2972
f 4303 4302 941 5986
f 5534 1443 2392 5535
f 3703 5631 581 4305
f 1789 5537 5987 2976
f 3520 2405 2408 5538
f 3491 2297 2300 5540
f 5988 5989 5990 5991
f 4312 4311 5992 5993
f 5994 5995 5996 5997
f 4824 4823 5703 5998
f 5548 5096 1384 2440
f 3824 4318 5999 5673
f 5676 5396 6000 2200
f 2998 2997 3045 6001
f 6002 6003 6004 6005
f 6002 6005 6006 3516
f 3523 4324 6007 5550
f 1754 1753 6007 4324
f 4329 3862 6008 4330
f 3006 2282 5719 6009
f 5683 6010 5547 2742
f 5934 5312 1995 1634
f 5555 5554 5720 2965
f 4336 4335 6011 2158
f 5687 5611 5614 2760
f 4341 2167 6012 3897
f 6013 4345 234 233
f 3544 5558 6014 4342
f 4349 2173 6015 4350
f 3553 66 69 5560
f 3851 5943 3416 3415
f 3039 6016 5620 3040
f 2143 5660 6017 3042
f 3424 3709 3093 3425
f 3424 3426 3710 3709
f 4317 3724 6018 4318
f 4367 4366 6019 6020
f 1821 1820 2495 5118
f 6021 6022 5823 5822
f 1367 3741 6023 4407
f 5180 292 295 4382
f 1890 5514 114 113
f 2804 2807 6024 4385
f 5188 324 327 4387
f 2212 2215 5640 6025
f 3011 5567 1476 2506
f 5709 5708 5081 5080
f 3872 5714 5831 2577
f 4394 6026 4430 1394
f 6027 6028 6029 6030
f 6027 6031 6032 6028
f 6027 6030 6033 6031
f 6034 5088 5087 6035
f 3066 3065 6036 6037
f 3068 3066 6037 6038
f 3881 4397 6039 6040
f 6040 6039 6041 6042
f 3076 4433 6043 3077
f 3084 5722 5101 2619
f 3884 4405 6044 6045
f 6045 6044 6046 6047
f 4409 4222 5932 4434
f 5579 5578 6048 4352
f 5211 5362 2538 1760
f 1947 5582 6049 3088
f 3091 6050 3913 3092
f 3091 299 5045 6050
f 6050 5045 3914 3913
f 4972 4523 6051 3135
f 5587 6052 5844 5373
f 1881 5133 190 189
f 3101 408 411 5622
f 3706 2554 2557 6053
f 2221 5690 6054 4433
f 3505 1121 4835 5851
f 2384 3505 5851 3225
f 6055 3962 3961 6056
f 3659 3658 5891 2774
f 5590 5065 2580 5591
f 5226 5591 2580 2579
f 4455 4454 6057 5635
f 2653 2652 6058 6059
f 4054 6060 6058 2652
f 1445 6059 6058 6060
f 1984 242 245 5594
f 3118 6061 2599 2598
f 4396 4446 6062 4397
f 3633 2604 2607 5595
f 1994 2612 2615 5596
f 5230 1695 1586 5597
f 3641 2622 2625 5598
f 1936 5598 2625 1937
f 1952 1951 1591 5603
f 3140 2462 5784 6063
f 6064 6065 6066 6067
f 3652 5604 313 312
f 5711 6068 5600 5712
f 3536 5420 2634 2633
f 4457 2352 5788 3999
f 6069 2917 5602 5872
f 3160 6070 5672 3161
f 6071 6072 6073 3221
f 6074 6075 6072 6071
f 6076 6077 6078 6079
f 3950 4463 6080 6081
f 4468 6082 5875 2696
f 1164 6083 6084 6085
f 1977 5159 357 356
f 5614 5613 5609 6086
f 3683 4469 6087 5615
f 5590 5616 1633 5065
f 3794 2647 2650 6088
f 3795 3794 6088 6089
f 2474 2475 384 2958
f 2474 3691 5106 2475
f 2475 5106 385 384
f 224 4037 397 396
f 3189 3188 6090 2477
f 5767 148 6091 5768
f 2061 5619 6092 3197
f 3700 5623 6093 4479
f 2338 5732 1023 4480
f 3717 430 433 5632
f 2020 2019 5945 2853
f 3220 3219 6094 6095
f 3763 4487 6096 3764
f 3764 6096 2683 2682
f 4462 4464 6097 6098
f 1256 6099 6100 6101
f 3235 3234 6102 5786
f 6033 2714 2717 5460
f 6103 6104 6105 4411
f 2114 3247 6106 5646
f 2046 2045 6106 3247
f 3252 2527 6107 3253
f 2048 13 16 498
f 3802 5683 2742 2741
f 4987 4986 5716 5204
f 6108 4080 6109 2446
f 6110 6108 2446 2444
f 6110 4077 4080 6108
f 5801 5919 5920 5802
f 5801 5803 2106 5919
f 3263 3262 6111 158
f 5238 5649 510 509
f 4512 4211 5923 6112
f 4515 4514 6113 2454
f 5297 5650 2766 1860
f 4724 6114 5927 3759
f 2458 1987 5927 6114
f 5804 6115 5681 5805
f 4533 2465 5830 4087
f 3787 5652 6116 4534
f 5652 5654 5726 6116
f 5806 6117 5685 5807
f 4546 6118 6119 4547
f 6118 6120 6121 6119
f 5636 2378 569 572
f 2411 5004 6122 3288
f 5324 5323 6123 6124
f 5324 6124 5161 5697
f 2575 2661 2664 5140
f 3233 3917 6125 3234
f 3857 4556 6126 6127
f 1690 3925 6128 4580
f 3809 5668 6129 4559
f 5707 757 760 5708
f 3813 2814 2815 5669
f 3145 5339 6130 6131
f 6131 6130 5173 2866
f 3145 6131 2866 2865
f 3848 6042 2825 2824
f 3316 5829 5196 2895
f 5790 5789 5742 5741
f 5791 5790 5741 5744
f 4006 4580 6132 5794
f 6133 6134 5748 5747
f 6135 6133 5747 5750
f 4583 6136 6137 4584
f 4583 4585 3290 6136
f 4599 6138 6139 4600
f 4600 6139 6140 6141
f 6138 6142 6140 6139
f 5688 5687 2760 2759
f 6143 6144 6145 6146
f 3338 2858 2861 5733
f 2498 5036 6147 3339
f 4606 4605 6148 2547
f 3345 3870 5256 3034
f 3774 5772 5775 6149
f 3774 3773 4212 5772
f 2235 5691 876 875
f 3356 6150 6151 3357
f 3356 3360 6152 6150
f 4614 3969 6153 6154
f 4615 6155 2871 2870
f 2250 700 703 5692
f 3369 5739 902 901
f 6156 5528 2885 2886
f 6157 6158 6159 6160
f 6157 6161 6162 6158
f 5223 6163 6164 4766
f 2564 2562 6164 6163
f 4113 5378 6165 3374
f 2969 2968 6166 5699
f 3374 6165 6166 2968
f 5378 5699 6166 6165
f 3856 2887 2888 5700
f 4115 4303 5986 6167
f 4639 4190 5780 5779
f 4930 6168 6169 4931
f 4930 6170 1571 6168
f 5850 4874 2979 2978
f 2269 5704 739 738
f 3903 5712 1935 4661
f 6171 3166 5888 6172
f 5715 5175 766 765
f 4631 4630 6173 3455
f 4632 6174 6173 4630
f 6175 6176 6177 6178
f 3401 3400 6179 5862
f 4005 4004 6180 6181
f 4239 6182 6180 4004
f 5858 6181 6180 6182
f 5716 2032 2924 5717
f 2743 5548 2440 2930
f 3403 6183 5234 2994
f 5826 6184 6185 5827
f 6186 2675 6187 6188
f 2761 6086 2937 2936
f 4608 6189 6190 4609
f 2295 3417 6191 5723
f 4643 4642 6192 2638
f 3430 3429 6193 2767
f 6194 6195 6196 5242
f 6194 6197 1629 6195
f 6194 5242 5245 6197
f 2332 5730 6198 4676
f 6199 6200 2978 2977
f 6199 2977 2982 6201
f 2620 5102 6202 3448
f 5878 5251 5254 5610
f 2342 861 864 5734
f 2274 2273 5313 3108
f 3452 3451 6203 6204
f 3456 6205 6016 3039
f 4682 4047 6206 6207
f 5321 6208 6209 5322
f 5738 6210 6208 5321
f 4054 2989 2992 6060
f 3461 6211 5815 3462
f 4684 4061 6212 6213
f 6214 6215 6216 6217
f 6214 3410 6218 6215
f 4180 4179 5265 4691
f 6219 6220 6221 6222
f 3931 3005 3006 5740
f 6223 2212 6025 6224
f 6225 5939 5940 601
f 5947 5941 5939 6225
f 3488 2823 6226 3489
f 4701 4227 5944 2718
f 2325 2324 6070 3160
f 3498 3497 6227 2723
f 3494 3498 2723 1954
f 4027 4024 6228 6229
f 4194 3068 6038 6230
f 3729 5116 5287 2369
f 5117 5288 5287 5116
f 4713 4712 6231 2739
f 4200 4718 6232 6233
f 3507 648 5951 3508
f 4734 6234 6235 4735
f 4734 4738 3548 6234
f 4740 2764 6236 4741
f 5754 5236 5239 5869
f 5468 4751 392 1152
f 5912 5295 5298 5913
f 5419 5768 5962 5871
f 3527 3526 6237 5814
f 448 4009 2793 2792
f 3972 5778 6238 4768
f 5780 3062 3063 5781
f 3989 3069 3070 5783
f 1704 6239 6240 6241
f 2771 5144 5854 3556
f 3559 780 5985 2960
f 3561 6242 5856 3562
f 5950 5667 6243 2889
f 970 2321 2133 5408
f 4251 4139 6244 6245
f 5955 5954 6246 2902
f 2068 4144 6247 4808
f 6248 2949 6249 6250
f 6248 6250 6251 4028
f 3171 3172 6252 2836
f 5465 5805 3801 5906
f 3573 3572 6253 823
f 3347 3350 6254 4791
f 6255 6256 6254 3350
f 5808 5807 6257 3539
f 4799 4798 6258 2841
f 2540 2539 5425 3276
f 3590 3589 5874 6259
f 3591 6260 3124 3123
f 3603 3602 6261 6262
f 2518 3128 3129 5813
f 6208 6124 6123 6209
f 6208 2266 3131 6124
f 4530 5059 1169 1168
f 6263 6264 1882 6265
f 6263 6266 5842 6264
f 4058 3139 3140 5816
f 2481 2480 2789 2788
f 5478 5309 5312 5934
f 4068 5818 1190 1189
f 4818 5937 5316 3113
f 4093 3163 3166 6171
f 4071 3167 3170 5820
f 4346 6267 2193 2192
f 5535 2392 593 4822
f 2131 4855 6268 4820
f 4790 4792 6269 5386
f 6270 4073 3014 3013
f 6270 4438 4441 4073
f 5823 3181 3182 5824
f 4353 5348 6271 4354
f 3497 4825 1148 6227
f 4098 5827 2201 3183
f 5991 5990 6272 6273
f 4315 4828 2436 6274
f 4831 4367 6020 2929
f 1120 1246 1249 4836
f 3638 3637 6275 2932
f 2308 4833 6276 2309
f 2309 6276 1251 1250
f 6277 6278 6279 6021
f 6277 6280 6281 6278
f 6277 6021 5822 6280
f 6282 6283 6284 6285
f 2868 5174 6286 3647
f 4838 4837 6287 4351
f 4049 3212 3213 4655
f 2585 5836 6288 3651
f 4842 2957 6289 4843
f 6290 5907 5909 6291
f 2610 5841 6292 3657
f 6293 6294 6026 4394
f 6295 4395 6296 6297
f 6293 6295 6297 6294
f 6293 4394 4395 6295
f 6298 5914 5916 6299
f 2537 2536 5472 3342
f 2538 5474 5472 2536
f 4593 4866 1303 14
f 3669 6300 5427 3287
f 3671 3670 5924 6301
f 5554 5430 5432 5720
f 6302 6303 6304 5051
f 6302 6305 241 6303
f 6302 5051 5429 6305
f 3674 6306 5928 3675
f 3678 3677 5930 6307
f 5210 5360 5362 5211
f 5886 3632 5938 5887
f 4176 6308 3244 3243
f 2642 3254 3255 5852
f 1928 1927 6309 4877
f 4877 6309 6310 4878
f 1927 6311 6310 6309
f 3707 3706 6053 1046
f 3709 3712 3094 3093
f 6312 6313 6314 6315
f 2603 2602 5490 3397
f 4125 5855 1327 1326
f 4881 4880 6316 3010
f 3724 3311 5447 6018
f 4847 4849 6182 4239
f 5859 5858 6182 4849
f 3727 3726 6317 1060
f 6318 6319 6320 6321
f 4137 5863 6322 4882
f 4882 6322 6183 3403
f 4885 5865 6323 3922
f 3741 3740 6324 6023
f 5538 2408 607 5395
f 4311 3242 5399 5992
f 3743 1098 6061 3118
f 4889 6325 6326 4890
f 4890 6326 6327 4891
f 6325 6328 6327 6326
f 4385 6024 5896 4495
f 4897 3027 6329 4898
f 6330 6331 6134 6133
f 6332 6330 6133 6135
f 5868 5308 5811 6333
f 5868 6333 6334 4744
f 5567 5869 1477 1476
f 6335 6305 5429 1472
f 6335 6336 6337 6305
f 6335 1472 5451 6336
f 4162 5913 1481 1480
f 2634 5871 2347 2635
f 2685 2684 5502 6338
f 6338 5502 4973 3690
f 4904 4903 6339 3116
f 3754 3122 6340 3755
f 1317 4917 857 2535
f 6048 5417 5420 3536
f 6341 6342 3295 3294
f 6343 3299 5972 6344
f 6341 6343 6344 6342
f 6341 3294 3299 6343
f 3768 4183 3051 3050
f 3776 3774 6149 5584
f 2728 5879 6345 3778
f 6346 6347 3712 3711
f 6346 6348 6349 6347
f 6346 3711 437 6348
f 4422 4614 6154 6350
f 4159 1406 1409 5880
f 4923 4453 6351 4924
f 5377 6157 6160 6352
f 5377 5376 6161 6157
f 3053 2564 6163 6353
f 4167 5866 4887 4886
f 2748 5884 6354 3790
f 3165 3328 3000 2999
f 4895 4894 6355 6220
f 6056 3961 4549 5982
f 5725 5453 6356 6357
f 2303 4948 6358 4932
f 2680 1440 1443 5534
f 4446 4306 6359 6062
f 2328 4313 6360 4963
f 5264 5263 6361 5900
f 2717 2716 3343 5541
f 5603 1591 968 4942
f 3770 5906 2424 3346
f 6067 6066 5995 5994
f 3821 3820 6362 1273
f 5909 5908 3366 2508
f 6363 3106 6364 6365
f 6363 6365 4253 6366
f 4947 4946 6367 4482
f 5916 5915 3376 3375
f 6031 5456 5459 6032
f 6031 6033 5460 5456
f 3827 5969 1616 1615
f 6077 6368 6369 6078
f 4954 3115 6370 4955
f 4209 1503 1506 5921
f 4273 6371 6372 4957
f 6371 52 55 6372
f 6373 4265 6374 570
f 3077 6043 6375 3838
f 4962 4961 2150 6376
f 4405 4963 6377 6044
f 6044 6377 6378 6046
f 364 367 5471 6379
f 5292 5470 5471 367
f 2776 2775 1175 1174
f 6380 6381 6382 5512
f 6380 6383 2155 6381
f 6380 5512 5515 6383
f 5616 5934 1634 1633
f 2828 5935 1521 1520
f 6384 3993 3996 6385
f 6386 6384 6385 6387
f 6386 4934 3993 6384
f 3236 3238 6388 5532
f 2658 2657 6210 5738
f 4231 5946 6366 4978
f 4485 4979 597 6389
f 5635 6057 5941 5947
f 3858 3857 6127 1357
f 3860 3859 6390 1360
f 4488 4981 6391 6392
f 3236 5532 6393 3179
f 5531 6394 6393 5532
f 3177 3179 6393 6394
f 2691 2690 1091 4985
f 6395 6396 613 1667
f 6395 4066 4558 6396
f 6098 6021 6279 6397
f 6098 6097 6022 6021
f 4983 4982 6398 6399
f 6400 6399 6398 6401
f 5953 3840 4044 5954
f 6104 6402 6403 6105
f 2148 206 6404 6405
f 3882 3881 6040 6406
f 6406 6040 6042 3848
f 6407 2892 6408 693
f 6409 693 6408 3793
f 3885 3884 6045 6410
f 6410 6045 6047 6411
f 1188 4305 5580 3599
f 3897 6012 3480 3479
f 3614 3898 6412 5976
f 3900 5694 6412 3898
f 5693 5976 6412 5694
f 5977 2066 6052 5587
f 42 4423 6413 4979
f 6414 6415 1411 1410
f 6414 4654 4660 6415
f 6416 5895 1638 1637
f 2935 1783 1786 5978
f 4296 3490 3492 5981
f 4298 5984 1646 1645
f 5024 5023 6417 3260
f 3917 3555 5562 6125
f 2976 5987 6418 5026
f 5026 6418 5593 3631
f 3919 5200 3876 3875
f 3919 3922 6323 5200
f 3925 3924 6419 6128
f 5029 3269 6155 4615
f 5989 4999 4092 5990
f 3219 3478 5524 6094
f 6420 4950 6421 333
f 3929 6422 6242 3561
f 5030 4447 6423 6424
f 111 6425 4636 112
f 4448 4450 6426 6427
f 111 4448 6427 6425
f 6425 6427 6426 4636
f 5995 3518 3521 5996
f 6428 355 6429 6430
f 4566 6431 797 6432
f 4566 4565 3502 6431
f 5058 379 6433 5059
f 3934 3933 6434 3367
f 5396 610 1728 6000
f 6005 6004 6435 6436
f 6005 6436 6069 6006
f 3043 3042 3301 3300
f 3942 3941 2353 6437
f 6438 6076 6079 4673
f 4330 6008 6439 5037
f 3946 3950 6081 6440
f 2953 2952 6300 3669
f 3009 5240 6441 3952
f 5045 6442 3915 3914
f 5045 5044 6443 6442
f 4597 3590 6259 6444
f 6141 6140 5572 4404
f 6142 5574 5572 6140
f 4335 1746 1749 6011
f 5052 3386 6445 5053
f 2973 2972 6306 3674
f 2760 5614 6086 2761
f 6144 5577 5579 6145
f 4601 3603 6262 6446
f 2843 2845 6447 5056
f 6388 6353 6447 2845
f 4342 6014 3559 3558
f 4350 6015 1788 1787
f 3969 3968 921 6153
f 6448 3325 6200 6199
f 6448 6449 3326 3325
f 6448 6199 6201 6449
f 6450 5031 6451 6452
f 4766 6164 6453 4764
f 2562 3385 6453 6164
f 3434 3433 6454 6455
f 6455 6454 6267 4346
f 3433 6456 6267 6454
f 6457 2578 6458 5068
f 5068 6458 943 5069
f 4366 3571 3573 6019
f 3001 1904 1907 5263
f 6459 6460 6461 1569
f 6221 6462 6460 6459
f 6065 1921 1924 6066
f 5072 4490 6463 6464
f 5074 5073 6465 3334
f 3992 3991 6466 1578
f 305 6467 6468 6469
f 6025 5640 6468 6467
f 5708 760 1821 5081
f 5079 5078 6470 3450
f 6172 5888 5262 6471
f 6030 6029 5757 6472
f 6030 6472 2714 6033
f 6473 6474 6103 3954
f 6177 3896 6064 6475
f 5089 3365 6476 5090
f 3065 1826 1829 6036
f 6042 6041 3615 2825
f 5091 3370 6477 5092
f 6184 6290 6291 6185
f 4011 4010 2437 6478
f 6047 6046 3616 2831
f 6189 6298 6299 6190
f 3036 3035 1510 1509
f 4021 4020 2449 6479
f 4352 6048 3536 3535
f 3088 6049 1854 1853
f 370 4512 6112 3968
f 4644 3671 6301 6480
f 6481 6482 3380 3379
f 6481 6483 6484 6482
f 4523 3625 3628 6051
f 4723 4764 6114 4724
f 4301 3678 6307 4302
f 5245 3511 1941 1940
f 3687 3688 6485 3388
f 3391 3388 6485 5028
f 6486 6487 3995 3994
f 6486 6488 1332 6487
f 6486 3994 4553 6488
f 4047 4046 1032 6206
f 6489 6490 1238 6491
f 6489 436 3211 6490
f 4454 2013 2016 6057
f 6492 6035 5087 3565
f 6493 3568 4204 6494
f 6492 6493 6494 6035
f 6492 3565 3568 6493
f 4061 4060 6495 6212
f 5531 4810 6496 6394
f 4001 4003 6496 4810
f 4062 6497 5933 4063
f 4062 4065 1051 6497
f 6158 6498 933 6159
f 6158 6162 6499 6498
f 4464 3654 3656 6097
f 6500 5633 1078 1077
f 6215 6500 1077 6216
f 6215 6218 5633 6500
f 4695 6501 1105 5121
f 4036 4035 6502 6503
f 6504 6505 6506 4775
f 6504 6365 6364 6505
f 6504 4775 4778 6365
f 5712 5600 1936 1935
f 4080 3681 3684 6109
f 2917 1949 1952 5602
f 3018 2685 6338 3019
f 3019 6338 3690 2473
f 2745 5138 6507 5123
f 5139 681 6507 5138
f 6079 6078 6508 6509
f 4082 4480 5677 3832
f 6085 6084 6510 5110
f 522 4598 6511 4046
f 4469 3696 3697 6087
f 5127 3472 4065 552
f 5127 5128 3475 3472
f 3188 3715 3718 6090
f 6512 2848 2851 6513
f 6514 6512 6513 6515
f 6514 3720 2848 6512
f 5768 6091 4794 5962
f 4754 2083 2086 5135
f 5132 3725 3727 6516
f 3197 6092 1980 1979
f 3792 3795 6089 6517
f 4101 4100 6518 1791
f 4479 6093 3743 3742
f 6519 1797 6520 6521
f 6522 6523 45 44
f 6519 6522 44 1797
f 6521 6520 45 6523
f 6519 6521 6523 6522
f 4108 6524 6260 3591
f 3451 2056 5617 6203
f 4114 6525 5663 3806
f 4116 4115 6167 6526
f 6099 3745 3748 6100
f 4518 6430 3750 3749
f 6272 4093 6171 6527
f 5147 4965 6528 5148
f 3253 6107 6529 4134
f 3196 3195 5718 3880
f 4986 1094 2032 5716
f 5152 4817 6530 5153
f 4139 3825 5674 6244
f 354 6186 6188 6531
f 3262 2039 2042 6111
f 4024 4637 6532 6228
f 4140 3619 6533 4141
f 3203 3202 5721 3883
f 4144 3836 5680 6247
f 4514 5156 6534 6113
f 378 6535 6536 6537
f 4718 4962 6376 6232
f 5805 5681 3802 3801
f 6538 1819 6283 6282
f 4534 6116 3804 3803
f 6116 5726 3805 3804
f 5807 5685 5688 6257
f 6539 6540 6143 6541
f 4547 6119 2072 2071
f 6119 6121 2075 2072
f 6542 6543 6544 6545
f 6124 3131 2138 5161
f 4556 3811 3814 6126
f 6546 3621 3569 2878
f 6546 6547 6548 3621
f 4164 4163 6549 3570
f 4559 6129 6550 5167
f 5167 6550 6422 3929
f 4458 5665 1354 4459
f 4458 4460 4555 5665
f 5169 5168 6551 3575
f 4174 4173 6552 3660
f 4175 1908 6308 4176
f 5171 3582 6553 5172
f 4181 1930 6554 4182
f 3308 2119 2122 5445
f 5386 6269 6555 5702
f 5183 3598 6556 5184
f 6557 6223 6224 6271
f 3182 2487 5707 5706
f 5827 6185 2202 2201
f 5194 3608 5128 615
f 5194 5195 3609 3608
f 4187 4186 2720 6558
f 503 6559 6560 6561
f 4153 4194 6230 4154
f 4833 3882 6406 6276
f 6276 6406 3848 1251
f 981 4200 6233 5221
f 3205 3885 6410 3206
f 3206 6410 6411 3208
f 4729 4732 6562 2752
f 820 4157 6562 4732
f 6146 6145 3853 3852
f 2076 5212 1759 3215
f 527 3114 6138 4599
f 4605 51 3858 6148
f 5214 59 3860 6563
f 5216 3921 3923 5217
f 4498 3864 3867 6564
f 3602 5221 6565 6261
f 6161 897 3868 6162
f 5027 4612 6566 6567
f 5736 6568 6566 4612
f 6569 6567 6566 6568
f 4190 3879 3062 5780
f 4878 6310 6570 5228
f 6311 3731 6570 6310
f 4658 4775 6506 4659
f 4658 3886 3889 4775
f 4661 1935 1938 3890
f 6315 6314 6571 6572
f 6176 3893 3896 6177
f 4674 6509 3095 212
f 6321 6320 6573 6574
f 6188 6187 3902 3272
f 6575 6576 6577 6578
f 6579 6580 4288 4287
f 6575 6578 6580 6579
f 4609 6190 3907 3906
f 6581 6582 6175 6583
f 966 4251 6245 4213
f 3417 3909 3910 6191
f 4899 3942 6437 6584
f 6336 3946 6440 6337
f 6336 5451 3947 3946
f 4642 168 3912 6192
f 3429 2340 2343 6193
f 6585 6586 2065 2064
f 6585 4993 4992 6586
f 6369 6587 6255 6588
f 5242 6196 2234 2233
f 5504 6589 6590 5505
f 5504 6591 1640 6589
f 6589 1640 2840 6590
f 6592 6593 6594 6595
f 4676 6198 3927 3926
f 5610 5254 2358 1398
f 1013 5228 6596 4804
f 4272 6597 6371 4273
f 6597 4607 52 6371
f 3052 5270 6598 5255
f 6210 2263 2266 6208
f 4292 4291 6599 2103
f 4294 4292 2103 2107
f 3240 4819 6600 3241
f 3410 3409 3938 6218
f 6220 6355 6462 6221
f 5261 5260 6601 4956
f 6357 6356 6602 1255
f 4932 6358 6603 5022
f 304 6604 6467 305
f 6224 6025 6467 6604
f 457 456 6605 5269
f 3489 6226 6606 4304
f 3442 3441 5821 4075
f 5272 3845 6607 5273
f 4306 3997 5787 6359
f 3447 3446 5828 4081
f 4192 5898 6608 4307
f 4307 6608 6609 4309
f 4313 4007 5795 6360
f 4712 5280 6610 6231
f 4316 4315 6274 6611
f 3740 4011 6478 6324
f 6612 6613 6096 4487
f 6612 4015 5798 6613
f 6612 4487 4016 4015
f 6613 5798 6614 6096
f 5906 3801 2425 2424
f 3343 2691 4985 4984
f 6403 6282 6285 4275
f 4937 4021 6479 6615
f 4741 6236 2331 2330
f 20 19 6616 6617
f 5913 5298 1859 1481
f 55 54 5808 4226
f 6618 6619 6620 6621
f 1160 5017 6620 6619
f 1161 1160 6619 6618
f 6266 3981 3986 5842
f 3526 3987 3990 6237
f 5301 415 3992 6622
f 6623 429 428 6547
f 5303 6624 6625 5304
f 4338 4337 6626 2161
f 4768 6238 6627 5315
f 5315 6627 6525 4114
f 5318 5317 6628 3815
f 5325 3822 6629 5326
f 6239 5290 6630 6240
f 5334 5020 6631 3837
f 5335 6632 6633 5336
f 5353 2489 5442 6634
f 138 5715 6635 139
f 3899 139 6635 6636
f 5667 1567 2395 6243
f 5954 4044 4045 6246
f 6250 6249 6637 6638
f 6250 6638 6332 6251
f 3172 2413 2416 6252
f 176 175 6639 5346
f 3572 2513 2516 6253
f 5348 5347 6640 25
f 1603 1606 6640 5347
f 6641 25 6640 1606
f 3539 6257 2433 2432
f 4798 537 4055 6258
f 4858 4056 4059 6642
f 3458 6541 6643 3459
f 6644 6645 3467 3466
f 6644 6514 6515 6645
f 6644 3466 3720 6514
f 3899 6636 6646 3900
f 3835 4407 6647 5679
f 4415 6648 6649 4416
f 4415 4419 3049 6648
f 5736 4070 4072 6568
f 4423 4422 6350 6413
f 4426 6650 4362 4361
f 4426 4425 6651 6650
f 3250 5377 6352 5401
f 3238 3053 6353 6388
f 4428 4430 2277 2276
f 5018 4116 6526 6652
f 5380 3874 4234 4233
f 5380 5382 3877 3874
f 6653 6654 6655 2281
f 1043 6656 6654 6653
f 4435 6657 1653 1652
f 4435 4434 6658 6657
f 309 5383 6659 310
f 5388 6660 4325 5389
f 6661 6662 2584 2583
f 6661 6663 2037 6662
f 6661 2583 6664 6663
f 5990 4092 4093 6272
f 5393 6665 6666 5394
f 948 6450 6452 6667
f 333 6421 6312 334
f 4893 6668 6669 5398
f 6670 4401 6671 6582
f 4447 4133 5857 6423
f 4981 5401 1729 6391
f 3637 4094 4095 6275
f 6285 6284 4097 4096
f 3601 3600 2220 2219
f 355 354 6531 6429
f 4837 644 4101 6287
f 6616 6672 4104 4103
f 3651 6288 2501 2500
f 164 163 501 6673
f 1140 1139 6674 6675
f 6675 6674 506 505
f 1140 6675 505 6676
f 4843 6289 4108 664
f 6291 5909 2508 2507
f 3657 6292 4110 4109
f 391 390 513 6677
f 6299 5916 3375 4431
f 2597 2596 6678 5423
f 1733 1736 6678 2596
f 3302 5440 6679 5422
f 5042 6680 6681 6682
f 5425 6683 6684 5426
f 6682 6681 6684 6683
f 5720 5432 2532 1743
f 4474 4473 6685 2360
f 3632 2656 2658 5938
f 3476 4969 6686 3477
f 4971 4475 6687 5936
f 4443 2587 6687 4475
f 3560 2963 3672 3693
f 443 5435 6688 444
f 916 915 6689 4478
f 6449 6201 5886 5885
f 5439 4127 1806 5440
f 473 472 6690 4481
f 6313 2558 2561 6314
f 4880 5111 6691 6316
f 6692 776 6693 6694
f 6695 6692 6694 6696
f 6695 770 776 6692
f 3726 4484 6697 6317
f 6319 4145 4146 6320
f 4486 4485 6389 6698
f 3924 4185 5892 6419
f 4489 4488 6392 6699
f 4490 4187 6558 6463
f 3583 4492 1953 3584
f 4898 6329 2609 2608
f 6469 6468 5114 5113
f 5640 5639 5114 6468
f 341 4322 6318 342
f 519 518 6700 6701
f 959 6702 5800 960
f 959 963 5903 6702
f 5466 6703 6704 4996
f 4903 836 4160 6339
f 3755 6340 4425 4424
f 6046 6378 4161 3616
f 3695 3694 5970 4271
f 6705 5761 6706 6707
f 6705 1518 5762 5761
f 6482 6484 5007 5006
f 5044 3357 6151 6443
f 3778 6345 6708 4524
f 4524 6708 5973 4278
f 4526 4525 6709 2461
f 4924 6351 4181 887
f 5223 5222 6710 6163
f 5056 6447 6710 5222
f 6353 6163 6710 6447
f 6711 4073 4441 4440
f 6711 6712 4074 4073
f 6711 4440 6713 6712
f 4539 2466 6714 4540
f 3790 6354 5893 4541
f 4541 5893 5895 6416
f 5480 4000 6715 5481
f 4929 4931 6169 6716
f 5484 5132 6516 4008
f 5485 6717 6718 5486
f 3839 3838 4041 4040
f 3840 3839 4040 4044
f 6719 6720 6420 6721
f 5263 1907 2681 6361
f 5782 5781 5666 5949
f 640 639 6722 5492
f 6066 1924 3518 5995
f 6503 6502 5953 5952
f 4517 6428 6430 4518
f 508 507 6723 5494
f 656 655 6724 6725
f 3820 4217 4218 6362
f 4568 4566 6432 6726
f 6365 4778 4254 4253
f 4946 5496 6727 6367
f 983 3686 6728 984
f 6729 6730 6728 3686
f 6072 6585 2064 6073
f 6072 5959 4993 6585
f 6078 6369 6588 6508
f 5497 6731 6732 5033
f 4955 6370 2727 2726
f 4957 6372 4224 1002
f 6372 55 4226 4224
f 549 548 6733 6734
f 4265 4263 6735 6374
f 5967 6736 6735 4263
f 3465 6374 6735 6736
f 4598 4597 6444 6511
f 5512 6382 2747 2746
f 1770 4601 6446 5530
f 6737 6396 4558 4557
f 6737 4428 2276 6396
f 6737 4557 4429 4428
f 5532 6388 2845 2847
f 1804 5517 6738 1805
f 5519 6739 6740 5520
f 5519 4294 2107 6739
f 733 5522 6741 734
f 5143 6742 3248 5523
f 4999 2873 2876 4092
f 4978 6366 4253 1049
f 4621 4086 6743 4622
f 5524 1822 1823 668
f 588 587 6744 5529
f 6057 2016 2291 5941
f 4060 5530 6745 6495
f 3859 2898 2901 6390
f 6097 3656 3579 6022
f 3834 3833 2497 2496
f 5536 5166 6746 4091
f 788 787 6747 5537
f 4982 1090 4260 6398
f 6401 6398 4260 4261
f 3748 3747 5989 5988
f 6748 4149 6749 6750
f 6748 1843 1842 4149
f 6748 6750 5865 1843
f 3863 5701 2796 2795
f 5146 4316 6611 6751
f 794 4511 6752 795
f 5702 6555 2801 2800
f 6105 6403 4275 4274
f 5015 4048 4051 5016
f 5015 1147 1145 4048
f 6405 6404 4284 4283
f 1850 5557 6753 4633
f 673 672 6754 6755
f 4637 4636 2147 6532
f 5546 6756 6757 5094
f 2892 2890 6758 6408
f 4470 3794 6758 2890
f 3793 6408 6758 3794
f 6411 6047 2831 2830
f 2054 4644 6480 2055
f 3805 5555 2965 2964
f 891 4646 6759 892
f 2075 5209 5212 2076
f 4663 2655 6760 4664
f 5556 4300 2090 5557
f 4343 4345 6761 2169
f 6013 6544 6761 4345
f 6543 2169 6761 6544
f 5023 5214 6563 6417
f 3578 5570 6762 5563
f 4950 4498 6564 6421
f 6763 4319 4322 341
f 6407 6764 2893 2892
f 6430 6429 4326 3750
f 4960 4312 5993 4961
f 5059 6433 4332 1169
f 4694 6765 6501 4695
f 6766 6767 6768 6769
f 5565 6383 5515 5514
f 5565 5122 6770 6383
f 3933 4334 4336 6434
f 5568 1285 4338 6771
f 6436 6435 2914 2913
f 6436 2913 2917 6069
f 4710 4709 6772 2730
f 4673 6079 6509 4674
f 5037 6439 4341 1295
f 3952 6441 6773 4717
f 4717 6773 6082 4468
f 5053 6445 4349 4348
f 4727 6774 6775 4728
f 4727 2998 6001 6774
f 6145 5579 4352 3853
f 6776 4171 6576 6575
f 6776 5003 4172 4171
f 6776 6575 6579 5003
f 6535 2694 6777 6536
f 5581 6778 6779 5582
f 6778 5013 1162 6779
f 5031 4381 4384 6451
f 6162 3868 6055 6499
f 1042 6780 6656 1043
f 6781 4386 4389 6782
f 6783 97 4439 4438
f 6784 5243 6785 6786
f 6784 6787 3510 5243
f 6784 6786 6788 6787
f 6460 2983 2986 6461
f 6462 2987 2983 6460
f 1076 1075 6789 4769
f 947 6790 6450 948
f 5073 5594 6791 6465
f 951 6792 6793 952
f 5022 6603 6794 4773
f 3991 4772 6795 6466
f 4773 6794 6795 4772
f 6603 6466 6795 6794
f 5078 5596 6796 6470
f 5888 2999 3001 5262
f 6472 5757 4746 3002
f 6472 3002 2715 2714
f 3954 6103 4411 3955
f 3896 3895 6065 6064
f 5090 6476 3008 3007
f 1136 1135 6797 6798
f 6185 6291 2507 2202
f 5235 6799 4681 5605
f 6190 6299 4431 3907
f 6580 6074 4289 4288
f 6580 4667 6075 6074
f 6559 6800 6473 6560
f 1750 2087 6801 6802
f 6483 4762 4926 6484
f 1010 1009 6803 6804
f 3688 1413 6805 6485
f 1414 4611 6805 1413
f 5028 6485 6805 4611
f 1016 5615 6806 1017
f 1202 4803 6807 1203
f 1214 5250 5354 1215
f 4804 6596 3485 4805
f 4806 2863 6808 4807
f 5617 2117 2118 1113
f 5618 4247 6809 5619
f 4219 4808 6810 5929
f 5629 5301 6622 4252
f 6811 6546 2878 2877
f 6811 6623 6547 6546
f 5648 5345 6812 6813
f 4819 4486 6698 6600
f 6218 3938 4455 5633
f 272 4489 6699 3941
f 1265 1264 6814 5649
f 4035 3079 3080 6502
f 6509 6508 3096 3095
f 5644 1491 4474 6815
f 6574 6573 6816 6817
f 5282 6818 6703 5466
f 6819 1216 1215 6820
f 6819 6821 4118 1216
f 6819 6820 5199 6821
f 3796 5659 6822 5645
f 5110 6510 4477 4476
f 5647 5646 6823 6824
f 3965 2149 6825 3966
f 6826 6827 6828 6829
f 6826 6110 2444 6827
f 6826 6829 4077 6110
f 6830 5411 6831 5838
f 4812 4814 6831 5411
f 5839 5838 6831 4814
f 1165 1164 6085 4679
f 5962 4794 3112 2348
f 4854 6832 6833 4855
f 6834 2911 6833 6832
f 5876 6545 6835 5877
f 6013 233 6836 6544
f 5877 6835 6836 233
f 6545 6544 6836 6835
f 4100 4858 6642 6518
f 3816 5671 6837 5660
f 5314 6838 6717 5485
f 5311 6839 6840 1996
f 5311 6841 6842 6839
f 6839 6842 6542 6840
f 6843 5367 6844 6845
f 2111 6843 6845 4828
f 2111 2110 5367 6843
f 452 3220 6095 4010
f 6240 6630 6720 6719
f 5160 4508 4511 794
f 464 5229 6846 4020
f 4121 3261 3263 5853
f 5190 4513 4515 6847
f 6797 6848 4517 4516
f 1255 6602 6099 1256
f 6634 5275 3777 4421
f 6634 5442 5276 5275
f 5342 4568 6726 6849
f 5269 6605 2409 5671
f 4134 6529 4533 4532
f 5153 6530 4539 1611
f 6531 6188 3272 3271
f 4141 6533 4546 4545
f 6850 5843 4861 3279
f 6850 4728 6775 5843
f 6850 3279 3281 4728
f 4892 3017 6668 4893
f 5156 3187 3189 6534
f 6537 6536 6851 4867
f 6852 6670 6582 6581
f 4900 4899 6584 6853
f 6854 6548 6855 4551
f 6854 6856 6857 6548
f 6854 4551 3911 6856
f 6257 5688 2759 2433
f 19 6858 6672 6616
f 6541 6143 6146 6643
f 1310 5697 6859 1311
f 5357 6860 2543 5689
f 1782 1781 6861 5690
f 4918 6862 6863 4919
f 4918 4920 2662 6862
f 4124 4123 6205 3456
f 1439 1438 6864 5691
f 6547 428 6855 6548
f 5370 5369 4619 4618
f 4129 4128 6211 3461
f 6812 4572 4575 6790
f 4163 5692 6865 6549
f 5525 5528 6866 1455
f 6156 6867 6866 5528
f 82 1455 6866 6867
f 5168 5700 6868 6551
f 4173 4925 6869 6552
f 5172 6553 3252 3251
f 4182 6554 3257 3256
f 776 6870 6871 6693
f 776 775 285 6870
f 5890 4402 6872 2194
f 4402 2699 6873 6872
f 5184 6556 6874 5704
f 4354 6271 6875 4355
f 4355 6875 6604 304
f 6271 6224 6604 6875
f 2487 2486 757 5707
f 5394 6666 3663 5705
f 6667 6452 6876 4452
f 6561 6560 3953 4906
f 1502 4 6877 4851
f 2208 5689 6878 5281
f 5719 1741 4606 6879
f 3208 6411 2830 4102
f 4938 4937 6615 6880
f 4940 4939 6881 3100
f 1403 1402 6882 6883
f 5724 5723 6884 4432
f 4393 6885 6886 4391
f 4391 6886 363 4948
f 6885 360 363 6886
f 4395 4649 6887 6296
f 1497 5728 6888 4443
f 5424 6889 6888 5728
f 4442 4443 6888 6889
f 4958 3119 6890 4959
f 5428 6891 3714 5729
f 870 6892 4930 871
f 870 4216 4250 6892
f 6892 4250 6170 4930
f 1424 5467 6893 1425
f 1561 1560 6894 5730
f 4967 4966 6895 3127
f 5470 6896 6895 4966
f 5731 6897 6898 5732
f 5735 5734 6899 4451
f 4969 4682 6207 6686
f 6900 3306 5088 6034
f 5367 6900 6034 6844
f 5367 3305 3306 6900
f 710 4684 6213 4132
f 1445 6060 6901 1446
f 6902 6903 4143 3407
f 6902 6214 6217 6903
f 6902 3407 3410 6214
f 6314 2561 4639 6571
f 5279 4641 4643 6904
f 6320 4146 4033 6573
f 5444 6905 6765 4694
f 2024 6906 1702 6907
f 2132 6908 1710 5186
f 5764 6829 6828 5765
f 5764 5766 630 6829
f 6578 6577 4663 4662
f 6578 4662 4667 6580
f 6851 6438 4673 4672
f 6582 6671 6176 6175
f 1508 9 12 6909
f 4989 3201 6910 4990
f 6588 6255 3350 3353
f 4996 6704 2765 4997
f 5505 6590 4683 4974
f 6590 2840 3850 4683
f 6595 6594 3458 3457
f 2463 5785 6911 5004
f 5761 5765 6912 6706
f 5422 6679 6913 5359
f 6083 6914 6592 6084
f 5777 6915 6916 5363
f 911 3452 6204 4184
f 4291 4700 4701 6599
f 919 5018 6652 4186
f 6355 4131 2987 6462
f 5260 1903 4710 6601
f 5020 4711 4713 6631
f 6356 4196 4084 6602
f 1574 5783 6917 1575
f 4506 1575 6917 6918
f 5784 1920 4720 6919
f 6920 6919 4720 4721
f 2116 6921 6922 99
f 1703 4199 6239 1704
f 4478 6689 2676 5785
f 4304 6606 3507 3506
f 5273 6607 4740 1932
f 2393 4997 6660 5388
f 4784 4783 6923 4520
f 5491 6924 6923 4783
f 4522 4520 6923 6924
f 5280 3428 3430 6610
f 4042 5810 6925 5789
f 5792 6926 4964 5793
f 6096 6614 5503 2683
f 4275 6285 4096 4276
f 974 4027 6229 3359
f 6617 6616 4103 4760
f 514 1750 6802 6927
f 5033 6732 2838 5034
f 4226 5808 3539 3538
f 6733 17 20 3782
f 5035 4816 6928 5036
f 5809 4767 2769 5810
f 1793 1792 6929 5046
f 5049 6930 2755 2754
f 5049 5051 6304 6930
f 5574 6931 421 420
f 4625 424 421 6931
f 1799 6932 6933 417
f 4337 5054 6934 6626
f 6935 6936 6937 6938
f 6935 6263 6265 6936
f 6935 6938 6266 6263
f 5812 5551 6939 4560
f 5317 5813 6940 6628
f 6712 6811 2877 4074
f 6712 6713 6623 6811
f 5326 6629 3488 3487
f 6941 5819 6942 6943
f 5486 6718 6942 5819
f 4012 6943 6942 6718
f 5715 765 4787 6635
f 6636 6635 4787 4788
f 6944 6586 4992 4789
f 6944 6695 6696 6586
f 6944 4789 770 6695
f 2491 5034 6945 5443
f 6022 3579 3181 5823
f 1713 5643 6946 1714
f 5821 6947 6946 5643
f 1717 1714 6946 6947
f 5071 4797 4799 6948
f 5828 6949 6950 5829
f 6638 6637 6951 6952
f 6952 6951 6331 6330
f 6638 6952 6330 6332
f 4269 5075 2927 4270
f 6768 6763 341 340
f 5077 5076 6953 3337
f 5346 6639 4806 2051
f 655 4638 6954 6724
f 5085 3354 6955 5086
f 5831 6956 4155 817
f 3459 6643 3529 3528
f 6404 5839 4814 4284
f 5835 4616 76 5836
f 1825 5837 6957 4645
f 5182 6754 6957 5837
f 672 4645 6957 6754
f 5424 6958 6959 6889
f 6678 1801 6959 6958
f 5423 6678 6958 5424
f 1800 6889 6959 1801
f 6636 4788 6960 6646
f 984 6728 6960 4788
f 6730 6646 6960 6728
f 5094 6757 170 169
f 5840 5568 6771 4623
f 1880 1879 6961 5841
f 1879 396 399 6961
f 5101 6962 6963 5102
f 4416 6649 3543 3542
f 5848 6964 5075 2552
f 5848 4929 6716 6964
f 6654 4830 4831 6655
f 6656 4832 4830 6654
f 5111 3636 3638 6691
f 5383 5852 153 6659
f 6421 6564 6313 6312
f 5854 6965 279 278
f 5398 6669 4842 4841
f 4401 4400 4205 6671
f 6764 5859 4849 2893
f 6966 1502 4851 4850
f 6793 6781 6782 488
f 4322 4321 6319 6318
f 4450 4449 5861 6426
f 5856 6967 317 316
f 6968 3440 6969 6783
f 6968 6270 3013 3440
f 6968 6783 4438 6270
f 6429 6531 3271 4326
f 6673 501 504 4864
f 6433 6537 4867 4332
f 795 6752 6670 6852
f 5122 4900 6853 6770
f 802 336 339 6970
f 6677 513 515 5845
f 5310 6971 6841 5311
f 1969 1968 6972 6973
f 4431 3375 3378 3605
f 1863 531 533 6974
f 6075 5109 5959 6072
f 4633 6753 6975 5506
f 3463 3465 6736 4344
f 5875 6976 6977 5509
f 6086 5609 1397 2937
f 6933 6978 400 6979
f 4473 3704 3707 6685
f 6980 6149 6981 4370
f 880 6980 4370 881
f 880 5584 6149 6980
f 2012 2011 288 5879
f 5435 4879 4881 6688
f 6201 2982 3632 5886
f 4481 6690 4897 4896
f 2022 4203 5980 2023
f 579 5121 6742 5143
f 4484 3639 3642 6697
f 2794 5911 6982 5144
f 5891 6983 455 454
f 6788 2574 5662 6984
f 6985 6986 6987 6988
f 2387 6985 6988 590
f 4865 6561 4906 4905
f 2996 5146 6751 2997
f 6701 6700 4915 4914
f 4411 6105 4274 4412
f 4418 4938 6880 4419
f 5463 5462 6989 6990
f 5910 3769 1126 5911
f 5918 5644 6815 6991
f 5920 5918 6991 6992
f 6484 4926 1155 5007
f 2087 546 549 6801
f 5925 5647 6824 4771
f 4525 5158 6993 6709
f 5292 6994 6896 5470
f 4440 2645 1173 6713
f 4540 6714 3699 3698
f 6995 6663 6664 4933
f 6995 6386 6387 6663
f 6995 4933 4934 6386
f 5481 6715 470 5935
f 2021 5900 6996 726
f 5940 2290 4940 6997
f 5628 6676 505 5942
f 5166 3819 3821 6746
f 6720 4949 4950 6420
f 5945 6998 6999 5564
f 1058 7000 6906 2024
f 7001 5696 3175 3176
f 5781 3063 1566 5666
f 1082 7002 6908 2132
f 5492 6722 4954 4953
f 6502 3080 3840 5953
f 5494 6723 3754 3753
f 5173 7003 7004 5174
f 6725 6724 7004 7003
f 6241 6240 6719 7005
f 5178 3592 7006 5179
f 7007 793 7008 7009
f 7007 5160 794 793
f 5496 2335 4967 6727
f 5182 5181 7010 6754
f 2920 5975 7010 5181
f 6755 6754 7010 5975
f 322 7011 6767 6766
f 6508 6588 3353 3096
f 5191 5190 6847 3604
f 1135 7012 6848 6797
f 5196 7013 7014 5197
f 5963 5670 7015 4809
f 6734 6733 3782 3781
f 6510 6595 3457 4477
f 1150 2975 7016 7017
f 4584 6137 3786 3785
f 5970 7018 7019 5571
f 2165 2164 7020 5213
f 5517 5976 7021 6738
f 5693 5696 7021 5976
f 7001 6738 7021 5696
f 5522 5978 7022 6741
f 2378 7023 4499 2379
f 4622 6743 3808 3807
f 5661 7024 717 716
f 5998 5703 6780 1042
f 5529 6744 637 5984
f 5985 7025 4989 2381
f 3514 5549 4854 2130
f 5664 7026 743 742
f 5986 941 942 7027
f 2200 6000 7028 1057
f 7029 7030 5195 93
f 7029 6783 6969 7030
f 7029 93 97 6783
f 5537 6747 657 5987
f 3747 4503 4999 5989
f 6750 6749 5201 5200
f 6750 5200 6323 5865
f 6813 6812 6790 947
f 249 248 7031 2205
f 4511 4510 4398 6752
f 5229 5030 6424 6846
f 7032 6970 7033 6010
f 5206 5205 6792 951
f 1264 6400 6401 6814
f 3783 6617 4760 4527
f 1277 3037 7034 7035
f 2239 5231 7036 2240
f 5233 5232 7037 7038
f 4820 6268 7037 5232
f 2907 7038 7037 6268
f 7039 3044 7040 7041
f 5673 5999 4554 7042
f 5234 7043 6799 5235
f 2254 2253 5220 5219
f 2254 5219 5607 2256
f 6001 3045 3046 2175
f 6003 4870 704 6004
f 6856 7044 7045 6857
f 6856 3911 1514 7044
f 2149 2148 6405 6825
f 6009 5719 6879 4876
f 2268 2267 7046 5240
f 4646 180 5024 6759
f 6858 7047 7048 6672
f 2158 6011 732 2159
f 4664 6760 5029 208
f 2279 2278 781 7049
f 7049 781 784 906
f 2279 7049 906 905
f 5256 7050 914 913
f 6016 7051 7052 5620
f 5660 6837 4126 6017
f 2799 7053 1070 1069
f 7054 5125 826 7055
f 7055 826 832 7056
f 7054 7055 7056 1084
f 1701 5072 6464 4585
f 2320 7057 2398 2321
f 7058 284 3585 7059
f 6870 7058 7059 6871
f 6870 285 284 7058
f 6767 7060 6763 6768
f 2211 1104 7061 7062
f 269 268 1463 5270
f 5275 958 961 3777
f 5714 7063 6956 5831
f 4709 5279 6904 6772
f 6028 7064 1528 6029
f 6028 6032 434 7064
f 5281 6878 6818 5282
f 6037 6036 890 7065
f 6038 6037 7065 7066
f 6804 6803 3965 3964
f 4433 6054 446 6043
f 5722 7067 6962 5101
f 1402 7068 7069 6882
f 6536 6777 6438 6851
f 4434 5932 7070 6658
f 4620 6481 3379 3800
f 4620 2943 6483 6481
f 5582 6779 7071 6049
f 6779 1162 1165 7071
f 517 1007 1010 518
f 3135 6051 7072 3136
f 5526 3136 7072 5527
f 5622 411 5074 7073
f 6780 4627 4832 6656
f 5690 6861 3312 6054
f 5313 7074 6838 5314
f 7028 4629 5084 7000
f 6348 6489 6491 6349
f 6348 437 436 6489
f 7075 1330 1331 4994
f 7075 6487 1332 1330
f 2283 7076 7077 2284
f 5316 1722 1344 1343
f 4995 1345 1344 1722
f 6786 6785 5085 2570
f 6786 2570 2574 6788
f 4769 6789 5089 439
f 6790 4575 5031 6450
f 2396 7078 7079 2397
f 3177 6394 7080 2403
f 2404 2403 7080 7081
f 5594 245 3934 6791
f 6061 7082 5091 2599
f 6792 7083 6781 6793
f 5327 3828 7084 5328
f 5596 2615 5100 6796
f 3895 4031 1921 6065
f 6798 6797 4516 5104
f 6063 5784 6919 7085
f 2819 7085 6919 6920
f 5337 132 7086 5338
f 132 131 7087 7086
f 4647 5342 6849 4648
f 7088 7017 4528 5107
f 7089 7090 1630 7091
f 7092 7093 7094 7095
f 7089 7092 7095 7090
f 7089 7091 7093 7092
f 4667 4666 5109 6075
f 6560 6473 3954 3953
f 6070 7096 7097 5672
f 2352 2351 7098 5788
f 4 3 1136 6877
f 6802 6801 7099 5300
f 4679 6085 5110 4680
f 12 11 1151 5252
f 6082 7100 6976 5875
f 7101 7102 7103 7104
f 2836 7101 7104 2837
f 6252 7105 7103 7102
f 2836 6252 7102 7101
f 2837 7104 7103 7105
f 5615 6087 1035 6806
f 6088 2650 7106 7107
f 6089 6088 7107 7108
f 2653 6059 7106 2650
f 7108 7107 7106 6059
f 4803 5351 7109 6807
f 2477 6090 1052 2478
f 45 6515 6513 46
f 5356 7110 6860 5357
f 4807 6808 3971 3970
f 5359 6913 1183 1182
f 5619 6809 1073 6092
f 2372 6517 7111 2373
f 1554 2373 7111 2778
f 5363 6916 1210 1209
f 5732 6898 1024 1023
f 5345 5344 4572 6812
f 6095 6094 667 2438
f 2673 4631 7112 2670
f 83 82 6867 1712
f 5649 6814 4581 510
f 99 6922 7113 100
f 5650 7035 4591 2766
f 7114 5050 7115 7116
f 7114 1470 1469 5050
f 7114 7116 7117 1470
f 5786 6102 7118 7119
f 7119 7118 1262 7120
f 6573 4033 4036 6816
f 5399 1492 1495 216
f 6820 1215 5354 2733
f 6820 2733 2737 5199
f 136 135 7121 5400
f 5646 6106 7122 6823
f 2045 4805 7122 6106
f 3966 6825 4603 5133
f 2527 2526 1178 6107
f 6829 630 629 4077
f 148 147 7123 6091
f 7124 5137 7125 4872
f 7126 7124 4872 2482
f 7126 5134 5137 7124
f 154 5071 6948 155
f 2531 2530 7127 5407
f 5802 5920 6992 7128
f 158 6111 1201 159
f 7129 3920 5382 5381
f 7129 5217 3923 3920
f 7129 5381 5727 5217
f 206 205 5839 6404
f 5427 7130 6891 5428
f 5004 6911 4299 6122
f 1996 6840 5333 1997
f 1997 5333 6545 5876
f 6840 6542 6545 5333
f 7131 7132 7133 7134
f 7135 5392 7132 7131
f 2786 4782 7136 2787
f 7137 7138 7136 4782
f 3234 6125 7139 6102
f 6127 6126 1266 535
f 4580 6128 7140 6132
f 6630 4699 4949 6720
f 247 5404 7141 248
f 2194 6872 7142 724
f 5267 723 7143 6873
f 724 7142 7143 723
f 6872 6873 7143 7142
f 5684 5154 4634 7060
f 255 5881 5882 256
f 259 7144 7145 260
f 265 264 7146 5438
f 6602 4084 3745 6099
f 6130 7147 7003 5173
f 7087 6725 7003 7147
f 5889 7148 4402 5890
f 7149 7150 4738 4737
f 7149 7007 7009 7150
f 7149 4737 5160 7007
f 5443 6945 6905 5444
f 321 7151 7011 322
f 7152 3364 3363 5844
f 7152 6694 7153 3364
f 5446 5445 7154 7155
f 5447 5446 7155 182
f 1719 1363 1364 7156
f 6557 21 7157 6223
f 5055 5057 7157 21
f 3339 6147 7158 5449
f 5829 6950 7013 5196
f 5789 6925 7159 5742
f 6883 6882 4670 6680
f 4867 6851 4672 4868
f 339 338 1502 6966
f 6134 228 7160 5748
f 6643 6146 3852 3529
f 5697 5161 5162 6859
f 379 378 6537 6433
f 7161 5067 5307 5306
f 7161 1527 1526 5067
f 7161 5306 5756 1527
f 5467 850 4164 6893
f 5733 2861 5169 7162
f 5036 6928 1873 6147
f 4919 6863 4175 866
f 3870 5710 7050 5256
f 6149 5775 7163 6981
f 5691 6864 5171 876
f 6150 283 287 6151
f 6152 2780 2783 4493
f 6150 6152 4493 283
f 417 6933 6979 418
f 5376 899 897 6161
f 5692 703 4122 6865
f 5739 7164 5183 902
f 5717 2924 5189 7083
f 7165 5097 5099 4826
f 2567 7166 7167 2568
f 4925 5483 7168 6869
f 2182 4891 7168 5483
f 5224 5227 7169 7170
f 4894 792 4131 6355
f 6168 7171 1957 6169
f 6168 1571 1572 7171
f 5453 811 4196 6356
f 5704 6874 4140 739
f 1818 2705 7172 7173
f 6452 6451 7174 6876
f 4632 5489 7175 6174
f 2127 5411 7175 5489
f 6830 6174 7175 5411
f 6671 4205 3893 6176
f 4906 3953 3956 4907
f 488 6782 7176 489
f 5490 172 6924 5491
f 4851 6877 7177 4852
f 5862 6179 7178 7179
f 6183 198 7043 5234
f 4939 5493 7180 6881
f 504 503 6561 4865
f 5723 6191 1423 6884
f 515 514 6927 5431
f 2767 6193 7181 2768
f 2969 5699 5068 1975
f 5698 6457 5068 5699
f 5506 6975 7182 5507
f 2777 7183 7184 1773
f 4959 6890 7185 5508
f 5509 6977 4483 5510
f 5730 6894 1450 6198
f 5102 6963 4436 6202
f 5734 864 4174 6899
f 2273 5705 7074 5313
f 6204 6203 1112 2709
f 6205 281 7051 6016
f 6060 2992 5233 6901
f 6211 319 7186 5815
f 7187 628 632 7188
f 7189 7190 7191 4079
f 7187 7189 4079 628
f 7187 7188 7190 7189
f 6906 4197 1703 1702
f 6988 6987 1582 1581
f 590 6988 1581 591
f 601 5940 6997 602
f 2823 2822 7192 6226
f 6908 5500 1711 1710
f 6614 7193 5504 5503
f 7193 7194 6591 5504
f 7195 541 1186 7196
f 605 7195 7196 606
f 6373 7197 4266 4265
f 617 5540 7198 618
f 6229 6228 1205 2781
f 622 621 7199 7200
f 3024 7201 5657 3025
f 2739 6231 1532 2740
f 6909 12 5252 5251
f 1962 2834 7202 7203
f 4990 6910 4272 1117
f 2228 4735 6235 4920
f 648 647 7204 5951
f 1968 1507 1508 6972
f 5758 988 992 5759
f 5123 6507 7205 5549
f 681 680 7205 6507
f 6084 6592 6595 6510
f 5551 5550 7206 6939
f 5814 6237 1573 7207
f 6344 1538 1541 7208
f 6344 5972 5971 1538
f 2889 6243 7209 1897
f 5783 3070 5286 6917
f 6918 6917 5286 5288
f 2904 2903 7210 5558
f 6921 4240 4243 6922
f 4199 4936 5290 6239
f 726 6996 7211 727
f 5561 5560 7212 7213
f 5562 5561 7213 7214
f 7215 7116 7115 7216
f 7215 5542 7217 7116
f 4944 4943 5294 7151
f 2023 5980 5258 2808
f 747 5997 7218 748
f 7177 6798 5104 4951
f 5564 6999 6632 5335
f 2025 2819 6920 7219
f 5144 6982 6965 5854
f 780 779 7025 5985
f 2029 2923 7220 7221
f 6242 685 6967 5856
f 803 802 6970 7032
f 2949 2948 1641 6249
f 2057 2837 7105 7222
f 823 6253 7223 824
f 5569 1293 5318 7224
f 6641 7225 26 25
f 5163 27 26 7225
f 5148 6528 2141 5570
f 3782 20 6617 3783
f 2975 2974 7226 7016
f 5043 5042 6682 6941
f 2539 5819 6683 5425
f 6941 6682 6683 5819
f 5046 6929 5325 1306
f 6520 6645 6515 45
f 5571 7019 7110 5356
f 6259 5874 7227 729
f 6260 7228 5327 3124
f 6932 5559 6978 6933
f 5054 4295 4297 6934
f 5580 584 1780 1779
f 6938 6937 5982 7229
f 7229 5982 3982 3981
f 6938 7229 3981 6266
f 6262 6261 1365 750
f 5813 3129 5334 6940
f 70 5040 7230 71
f 874 71 7230 7231
f 6713 1173 429 6623
f 906 784 783 6650
f 906 6650 6651 907
f 3647 6286 4889 2179
f 2902 6246 7232 1898
f 6456 7233 7234 6267
f 5889 2193 7235 7148
f 6267 7234 7235 2193
f 7233 7148 7235 7234
f 938 7236 1231 939
f 5593 662 6665 5393
f 5076 5595 7237 6953
f 2929 6020 49 48
f 2932 6275 57 56
f 5174 7004 7238 6286
f 6724 6954 7238 7004
f 5086 6955 4329 4328
f 3037 164 6673 7034
f 5836 76 79 6288
f 5092 6477 7239 5604
f 5841 6961 7240 6292
f 6961 399 1970 7240
f 5197 7014 3344 5608
f 6300 719 7130 5427
f 6301 5924 103 102
f 6303 106 109 6304
f 6303 241 110 106
f 1976 5069 7241 1973
f 1973 7241 6994 5292
f 6306 745 7242 5928
f 6307 5930 120 119
f 3056 335 7243 3057
f 5852 3255 154 153
f 1030 1029 1840 7244
f 1030 7244 5881 255
f 5620 7052 4708 5621
f 1036 5622 7073 1037
f 3086 3085 7245 5623
f 5625 1141 1140 5626
f 5626 1140 6676 5628
f 6564 3867 2558 6313
f 5630 7246 7247 5631
f 1046 6053 166 165
f 2602 169 172 5490
f 1053 5632 7248 1054
f 4321 5032 4145 6319
f 6018 5447 182 181
f 1057 7028 7000 1058
f 1060 6317 7249 1061
f 1064 1061 7249 7250
f 6023 6324 200 199
f 1081 7251 7002 1082
f 1084 7056 5894 1085
f 1098 1097 7082 6061
f 6752 4398 4401 6670
f 6970 339 6966 7033
f 1102 3584 1953 345
f 1104 351 1955 7061
f 6973 6972 7252 5612
f 5109 2035 5960 5959
f 5967 5966 7253 6736
f 4650 4652 7253 5966
f 4344 6736 7253 4652
f 1151 1150 7017 7088
f 3122 908 907 6340
f 6978 5436 401 400
f 7254 1245 7255 7068
f 7068 7255 7256 7069
f 3549 5331 7257 2371
f 7044 6705 6707 7045
f 7044 1514 1518 6705
f 6342 262 265 3295
f 6342 6344 7208 262
f 4183 266 269 3051
f 7258 2088 271 270
f 7258 7259 2089 2088
f 5879 288 291 6345
f 5900 6361 7260 6996
f 5884 1086 1085 6354
f 3737 5520 6740 5902
f 5657 4308 7261 5658
f 5658 7261 7262 5659
f 4308 4310 7262 7261
f 5636 5638 7023 2378
f 7263 7264 7023 5638
f 4203 3322 3321 5980
f 3103 7265 7266 5639
f 5255 6598 7024 5661
f 5908 7219 5454 3366
f 1232 5082 7267 1233
f 7268 474 369 368
f 7268 6494 477 474
f 5663 7269 7026 5664
f 6062 6359 7270 7271
f 7271 7270 5752 7272
f 4963 6360 7273 6377
f 6377 7273 7274 6378
f 3194 3193 7275 5668
f 5361 7222 5475 5474
f 4412 4274 4277 4465
f 1267 5669 7276 1268
f 5670 1602 4526 7015
f 1273 6362 413 412
f 1278 1277 7035 5650
f 7277 6432 7278 427
f 7279 7277 427 426
f 7279 6726 6432 7277
f 1381 840 1474 7280
f 5672 7097 6731 5497
f 5674 5673 7042 1194
f 3221 6073 2064 2063
f 5969 7281 5480 1616
f 6801 549 6734 7099
f 5677 1026 4815 5678
f 5680 5679 1688 1218
f 5158 1622 5484 6993
f 6043 446 449 6375
f 2775 454 457 1175
f 6138 1340 7282 6142
f 1339 5385 7282 1340
f 7283 6984 5662 5487
f 7283 7284 7285 6984
f 7283 5487 5488 7284
f 5935 470 473 1521
f 1323 7286 7287 1324
f 5942 505 508 3412
f 5942 3412 3416 5943
f 3265 7288 7289 3266
f 5151 5352 33 2079
f 5151 1669 1673 5352
f 7000 5084 4197 6906
f 5696 5695 7290 3175
f 2670 7112 7290 5695
f 7291 3175 7290 7112
f 6389 597 521 520
f 3435 528 525 3436
f 1335 7131 7134 1336
f 1338 7135 7131 1335
f 5349 4356 7138 7137
f 7002 5498 5500 6908
f 1357 6127 535 534
f 7292 538 541 7195
f 2400 7292 7195 605
f 1360 6390 7293 1361
f 6392 6391 543 542
f 6814 6401 4261 4581
f 1667 613 551 550
f 6397 6279 563 562
f 5179 7006 7294 5701
f 7011 5684 7060 6767
f 1364 815 2211 7295
f 5336 6633 3581 5710
f 6415 7296 4968 1411
f 6415 4660 6505 7296
f 131 656 6725 7087
f 5645 6822 7297 5713
f 5713 7297 7063 5714
f 7017 7016 4529 4528
f 6825 6405 4283 4603
f 147 673 6755 7123
f 5137 7298 7299 7125
f 5137 5136 7300 7298
f 5718 1185 6756 5546
f 1389 1388 2259 7301
f 5721 1212 7067 5722
f 5213 7020 4621 1762
f 6012 585 588 3480
f 7260 5533 5403 5402
f 5978 1786 5536 7022
f 46 6513 7302 3239
f 3317 7303 7304 3318
f 1428 5733 7162 1429
f 5703 1709 4627 6780
f 3260 6417 642 641
f 6125 5562 7214 7139
f 6000 1728 4629 7028
f 7305 6657 650 649
f 7305 1654 1653 6657
f 5987 657 660 6418
f 6418 660 662 5593
f 5226 2579 5543 7306
f 5227 5226 7306 7169
f 7169 7306 5543 5544
f 6128 6419 1868 7140
f 3269 663 666 6155
f 248 7141 7307 7031
f 1453 1452 7164 5739
f 6010 7033 5095 5547
f 5205 5717 7083 6792
f 260 7145 2199 3336
f 6422 682 685 6242
f 7035 7034 4592 4591
f 1470 7117 7308 1473
f 5231 5740 7309 7036
f 1475 803 7032 5682
f 7041 7040 5553 5552
f 3367 6434 701 700
f 5219 1834 1838 5607
f 3372 3371 7310 5686
f 5742 7159 2230 2229
f 1487 1486 7311 7312
f 6004 704 707 6435
f 3042 6017 5439 3301
f 5748 7160 2246 2245
f 6437 2353 709 708
f 6440 6081 7313 7314
f 3292 846 7039 5653
f 5240 7046 7315 6441
f 6442 6443 286 2191
f 6672 7048 4608 4104
f 6859 5162 5559 6932
f 3386 738 741 6445
f 5775 5774 3323 7163
f 6153 921 924 7316
f 6041 7272 5566 3615
f 2568 7167 7236 938
f 7053 5745 2386 1070
f 1684 1683 7317 5778
f 1569 6461 834 833
f 7057 5751 2399 2398
f 7060 4634 4319 6763
f 1578 6466 7318 1579
f 6603 7319 7318 6466
f 2807 7062 7320 2806
f 2806 7320 7321 7322
f 2807 2806 7322 6024
f 7062 7061 7321 7320
f 3450 6470 862 861
f 5787 5786 7119 7323
f 7323 7119 7120 5753
f 5788 7098 5581 1946
f 3365 886 889 6476
f 6036 1829 891 890
f 7324 5371 5372 7325
f 7300 5586 5371 7324
f 5795 5794 7326 7327
f 7327 7326 7328 7329
f 6223 7157 2213 2212
f 5057 2216 2213 7157
f 5449 7158 3767 5796
f 6478 2437 910 909
f 5798 4542 7193 6614
f 5798 5797 4543 4542
f 6882 7069 4671 4670
f 3035 913 916 1510
f 6479 2449 918 917
f 5773 5802 7128 5774
f 2943 2942 4762 6483
f 6049 7071 4677 1854
f 7071 1165 4679 4677
f 3968 6112 922 921
f 518 1010 6804 6700
f 6051 3628 7330 7072
f 3630 5983 7330 3628
f 5527 7072 7330 5983
f 6498 7331 934 933
f 6498 6499 7332 7331
f 2458 6114 7333 2459
f 4764 6453 7333 6114
f 3385 2459 7333 6453
f 7076 6471 5899 7077
f 6206 1032 965 964
f 5322 6209 6123 5323
f 1649 7334 7335 1650
f 7336 7137 4782 4784
f 1656 5814 7207 1657
f 5815 7186 7246 5630
f 1660 5816 7337 1661
f 7078 6475 7338 7079
f 6212 6495 977 976
f 6394 6496 7339 7080
f 4003 7340 7339 6496
f 7081 7080 7339 7340
f 6497 4777 4779 5933
f 6497 1051 1050 4777
f 3512 6817 7341 3513
f 5290 4696 4699 6630
f 5328 7084 7342 5818
f 2674 1064 7250 7343
f 6216 1077 7344 7345
f 3516 6006 7251 1081
f 5338 7086 7346 7347
f 7347 7346 7147 6130
f 5338 7347 6130 5339
f 7086 7087 7147 7346
f 1706 5820 7348 1707
f 6091 7123 4795 4794
f 1711 4944 7151 321
f 1720 1719 7156 7349
f 7091 1940 1944 7093
f 6109 3684 1016 1015
f 7350 1393 1392 7351
f 7352 5476 5479 5589
f 2723 1146 1147 2724
f 2723 6227 1148 1146
f 6877 1136 6798 7177
f 5300 7099 4749 4748
f 4480 1023 1026 5677
f 5252 1151 7088 5253
f 5830 7353 5618 2060
f 4046 6511 1033 1032
f 6087 3697 1036 1035
f 5351 2070 5629 7109
f 3472 1048 1051 4065
f 6090 3718 1053 1052
f 1771 5569 7224 1772
f 7184 2388 2391 7354
f 1773 7184 7354 1774
f 6092 1073 1076 1980
f 6517 6089 7108 7111
f 2778 7111 7108 1444
f 1791 6518 1088 1087
f 7355 7263 5638 5268
f 1797 1796 7356 6520
f 6524 7357 7228 6260
f 6524 2550 2553 7357
f 5344 2028 4573 4572
f 5404 4821 4824 7141
f 6203 5617 1113 1112
f 6156 2886 5642 6867
f 1712 6867 5642 1713
f 6525 1598 7269 5663
f 6526 6167 1131 1130
f 7358 7165 4826 4800
f 3577 7359 1999 1460
f 6922 4243 5648 7113
f 727 7211 247 246
f 1815 1814 5797 4018
f 7116 7217 5203 7117
f 1819 1818 7173 6283
f 3594 5853 157 3595
f 7120 1262 1265 5237
f 7328 1275 1278 5296
f 5400 7121 173 5855
f 7360 1172 7361 6849
f 7360 7279 426 1172
f 7360 6849 6726 7279
f 3288 6122 5556 1849
f 5857 494 497 1765
f 6107 1178 1181 6529
f 5860 5862 7179 7362
f 7362 7179 186 185
f 3195 1182 1185 5718
f 7196 1186 124 123
f 606 7196 123 127
f 5407 7127 193 5863
f 7358 4800 4802 7363
f 7197 7363 4802 4266
f 6244 5674 1194 1193
f 6111 2042 1202 1201
f 3619 3618 7364 6533
f 3618 3293 4170 7364
f 3202 1209 1212 5721
f 7365 6774 2174 1883
f 7365 5843 6775 6774
f 6247 5680 1218 1217
f 2834 3541 145 7202
f 3621 6548 6857 3624
f 5874 5873 4363 7227
f 7132 7366 7367 7133
f 5390 5389 7367 7366
f 5392 5390 7366 7132
f 3650 3649 274 6862
f 3650 6862 2662 2661
f 6126 3814 1267 1266
f 1895 5880 308 1896
f 1897 7209 7135 1338
f 3570 6549 1283 1282
f 7144 5675 5676 7145
f 5438 7146 4892 2186
f 1898 7232 7368 1899
f 3660 6552 7369 3661
f 3662 3661 7369 7370
f 1908 1294 133 6308
f 3668 7371 7372 2809
f 1930 1929 2528 6554
f 7151 5294 5684 7011
f 5445 2122 4838 7154
f 6694 6693 6871 7153
f 6269 7373 7295 6555
f 7156 1364 7295 7373
f 748 7218 259 258
f 5563 6762 267 266
f 5892 2708 2711 1869
f 3680 3679 7374 6540
f 3277 5426 4668 1845
f 6558 2720 2721 1877
f 5897 7375 7200 5898
f 1955 622 7200 7375
f 4154 6230 7376 5873
f 1963 1962 7203 7377
f 5221 6233 7378 6565
f 73 1403 6883 5041
f 1967 1405 2551 2550
f 1970 516 519 5847
f 6297 2643 2646 96
f 6297 6296 6887 2643
f 5922 5921 442 7379
f 5923 5922 7379 7380
f 5924 1419 1422 103
f 5928 7242 6897 5731
f 5930 5929 2326 120
f 5931 4776 7070 5932
f 5931 5933 4779 4776
f 7166 5706 5709 7167
f 7381 2034 2038 6387
f 7381 7382 5961 2034
f 7381 6387 6385 7382
f 2000 6527 7383 2001
f 137 7169 5544 138
f 7173 7172 7384 7385
f 7386 1349 1348 1390
f 7386 5825 2567 1349
f 6451 4384 4895 7174
f 5944 2296 5724 7387
f 6782 4389 5725 7176
f 4852 7177 4951 675
f 2026 2025 7219 5908
f 3448 6202 6926 5792
f 2030 2029 7221 5915
f 5493 4902 4904 7180
f 5951 7204 4958 2317
f 2044 2043 491 3957
f 4213 6245 1420 1419
f 6191 3910 1424 1423
f 6584 6437 708 230
f 5431 6927 4911 4910
f 6337 6440 7314 237
f 237 7314 2659 238
f 6972 1508 6909 7252
f 5956 5957 7388 7389
f 6193 2343 5735 7181
f 2058 2057 7222 5361
f 7184 5319 2389 2388
f 7183 5737 5319 7184
f 5508 7185 4923 2242
f 6198 1450 1453 3927
f 7390 256 5882 4169
f 7390 6520 7356 256
f 7390 4169 6645 6520
f 5968 7391 7281 5969
f 5968 851 854 7391
f 7391 854 856 7281
f 3735 6706 6912 3738
f 5973 1916 6915 5777
f 4309 6609 5337 3142
f 7190 7392 600 7191
f 7188 5948 7392 7190
f 2103 6599 1489 1488
f 3830 5981 616 3831
f 7265 4506 6918 7266
f 1233 7267 6921 2116
f 6358 365 7319 6603
f 364 6379 7319 365
f 7393 7215 7216 7394
f 5457 7393 7394 5458
f 5457 5461 7215 7393
f 6226 7192 645 6606
f 5500 4941 4944 1711
f 3441 5507 6947 5821
f 5631 7247 582 581
f 6359 5787 7323 7270
f 7270 7323 5753 5752
f 5540 2300 4947 7198
f 3446 5510 6949 5828
f 5898 7200 7395 6608
f 6608 7395 7396 6609
f 7200 7199 7396 7395
f 5993 5992 215 2151
f 6360 5795 7327 7273
f 7273 7327 7329 7274
f 6231 6610 1533 1532
f 6611 6274 40 1536
f 7203 7202 5767 5418
f 3789 2930 2931 7397
f 7398 1538 5971 5771
f 7398 7399 1539 1538
f 7398 5771 5358 7399
f 3798 2936 2939 7400
f 7401 6229 2781 7402
f 3360 7401 7402 6152
f 3360 3359 6229 7401
f 6152 7402 2781 2780
f 5550 6007 7403 7206
f 1753 5523 7403 6007
f 3862 3861 712 6008
f 6237 3990 1574 1573
f 7284 5304 6625 7285
f 7284 5488 1990 5304
f 6385 3996 3995 6487
f 2161 6626 753 2162
f 6243 2395 5391 7209
f 6246 4045 5791 7232
f 2167 2166 585 6012
f 5558 7210 777 6014
f 3822 1610 1613 6629
f 6996 7260 5402 7211
f 1324 7287 1676 1675
f 2173 2172 785 6015
f 5560 69 4983 7212
f 5542 4984 4987 7217
f 5997 5996 7404 7218
f 7219 6920 4721 5454
f 3425 7405 5957 3427
f 3425 3093 3092 7405
f 3436 525 7406 3433
f 3433 7406 7233 6456
f 525 2196 7233 7406
f 7221 7220 5804 5464
f 2197 7407 746 1721
f 7408 2066 2065 6586
f 7408 7409 6052 2066
f 7408 6586 6696 7409
f 4318 6018 181 5999
f 6020 6019 822 49
f 3901 1720 7349 6587
f 53 7410 5806 54
f 4407 6023 199 6647
f 6249 1641 1644 6637
f 6253 2516 5812 7223
f 6026 95 2277 4430
f 7016 7226 5058 4529
f 6642 4059 1660 1659
f 5559 3032 5436 6978
f 5679 6647 1689 1688
f 5040 5043 6941 7230
f 6648 1696 1699 6649
f 6648 3049 1700 1696
f 6142 7282 6931 5574
f 5385 4625 6931 7282
f 6413 6350 300 598
f 1311 6859 6932 1799
f 5401 6352 328 1729
f 6280 7386 1390 6281
f 6280 5822 5825 7386
f 6281 1390 1393 7350
f 6053 2557 5077 166
f 2281 6655 1739 1738
f 7236 5080 1232 1231
f 6657 6658 3887 650
f 3658 5608 6983 5891
f 7411 7268 368 2237
f 7411 6035 6494 7268
f 6662 210 5835 2584
f 6668 2472 2954 6669
f 2472 2474 2958 2954
f 4397 6062 7271 6039
f 6039 7271 7272 6041
f 3958 3957 7412 7413
f 5595 2607 5840 7237
f 6423 5857 1765 687
f 1830 5859 1768 1767
f 6764 695 1768 5859
f 6427 7414 999 6426
f 6427 5860 7362 7414
f 6427 6426 5861 5860
f 7414 7362 185 999
f 6275 4095 1771 57
f 3600 1779 1782 2220
f 7034 6673 4864 4592
f 6288 79 1793 2501
f 5604 7239 5052 313
f 7040 6677 5845 5553
f 6292 7240 5846 4110
f 7240 1970 5847 5846
f 7296 3106 3105 4968
f 7296 6505 6364 3106
f 2344 1978 2419 7415
f 1486 1863 6974 7311
f 1736 1804 1801 6678
f 6081 6080 4686 7313
f 7416 7324 7325 4685
f 7298 7416 4685 7299
f 7298 7300 7324 7416
f 5440 1806 1809 6679
f 2360 6685 1045 2361
f 3477 6686 479 1822
f 2587 1824 483 6687
f 335 334 7417 7243
f 444 6688 1827 1826
f 7244 1840 1843 5864
f 7244 5864 5866 5881
f 915 1844 1847 6689
f 5623 7245 1095 6093
f 6702 7418 5803 5800
f 6702 5903 6739 7418
f 472 1853 1856 6690
f 5632 433 5079 7248
f 2019 5605 6998 5945
f 6317 6697 7419 7249
f 7250 7249 7419 6068
f 7420 2232 6986 6985
f 2386 7420 6985 2387
f 6698 6389 520 2345
f 6419 5892 1869 1868
f 7251 5872 5498 7002
f 7056 832 831 7421
f 7421 831 1141 5625
f 7056 7421 5625 5894
f 7422 2248 538 7292
f 2399 7422 7292 2400
f 6699 6392 542 2354
f 6463 6558 1877 842
f 4463 6397 562 6080
f 7033 6966 4850 5095
f 7322 7321 7375 5897
f 6024 7322 5897 5896
f 7061 1955 7375 7321
f 2703 5573 7423 2704
f 420 423 7423 5573
f 5612 7252 5878 5613
f 3959 3192 7424 7425
f 2420 1963 7377 5578
f 960 5800 5776 4212
f 3371 1969 6973 7310
f 6340 907 6651 4425
f 7069 7256 5139 4671
f 2446 6109 1015 2447
f 6896 2616 7426 7427
f 6895 7428 7429 2613
f 7427 7426 7429 7428
f 6896 7427 7428 6895
f 2616 2613 7429 7426
f 7430 6409 7431 7257
f 2371 7257 7431 2372
f 3694 5621 7018 5970
f 7432 6930 736 1240
f 7432 2756 2755 6930
f 3979 6991 1901 1900
f 3977 6992 6991 3979
f 6112 5923 7380 922
f 7259 5885 3222 2089
f 2454 6113 1221 2455
f 6345 291 1914 6708
f 6708 1914 1916 5973
f 7331 6936 2810 934
f 7331 7332 6937 6936
f 2461 6709 1918 1917
f 2465 2464 7353 5830
f 2466 1931 1934 6714
f 6361 2681 5533 7260
f 6354 1085 5894 5893
f 5639 7266 5117 5114
f 5082 5118 5120 7267
f 7077 5899 2021 459
f 4012 6718 7433 4013
f 6717 2414 7433 6718
f 2413 4013 7433 2414
f 1550 1549 1083 7434
f 7434 1083 1086 5884
f 1550 7434 5884 5883
f 6494 4204 2022 477
f 4088 3332 7435 7012
f 7272 5752 5754 5566
f 7412 493 2026 5907
f 3838 6375 5809 4041
f 6378 7274 5912 4161
f 5668 7275 1286 6129
f 2493 4459 1354 1353
f 639 1979 1982 6722
f 5669 2815 5925 7276
f 6362 4218 1985 413
f 7280 1474 1475 6115
f 2505 2504 1243 7436
f 7437 1989 1992 7009
f 7437 6333 5811 1989
f 7437 7009 7008 6333
f 7093 5956 7389 7094
f 7093 1944 2821 5956
f 7301 2259 3372 6117
f 7099 6734 3781 4749
f 5887 5938 5737 7183
f 5794 6132 7438 7326
f 7326 7438 1275 7328
f 6136 7439 7440 6137
f 6136 3290 3291 7439
f 7439 3291 3292 7440
f 6511 6444 728 1033
f 5530 6446 749 6745
f 6513 2851 2850 7302
f 1774 7354 1309 2541
f 7441 631 1079 5634
f 7441 7188 632 631
f 7441 5634 5948 7188
f 2547 6148 1356 2548
f 7286 5949 5950 7287
f 734 6741 2040 2039
f 7288 5952 5955 7289
f 6154 6153 7316 301
f 6155 666 5178 2871
f 4086 2050 2053 6743
f 6160 6159 980 329
f 1650 7335 1323 1322
f 5700 2888 5191 6868
f 6167 5986 7027 1131
f 6495 6745 2067 977
f 6390 2901 5963 7293
f 7442 2523 2525 7030
f 7442 3440 3439 2523
f 7442 7030 6969 3440
f 3513 7341 3265 2123
f 2125 6567 1369 2126
f 6569 1375 1369 6567
f 3833 5678 5035 2497
f 4149 4120 4119 6749
f 5701 7294 5152 2796
f 6555 7295 7443 2801
f 2801 7443 7062 2807
f 7295 2211 7062 7443
f 4660 4659 6506 6505
f 3455 6173 7444 2628
f 6174 7445 7444 6173
f 2629 2628 7444 7445
f 7123 6755 5975 4795
f 5136 5655 5586 7300
f 5557 2090 2093 6753
f 6532 2147 2094 1206
f 4170 1484 1487 6120
f 2638 6192 1427 2639
f 2055 6480 925 2117
f 892 6759 2120 2119
f 6195 7446 1436 6196
f 6195 1629 1632 7446
f 2655 2654 3267 6760
f 4188 6721 332 4189
f 6417 6563 1359 642
f 6207 6206 964 480
f 2665 6572 7334 1649
f 1894 4374 3325 2666
f 7141 4824 5998 7307
f 6213 6212 976 495
f 3400 1666 1665 6179
f 7145 5676 2200 2199
f 1899 7368 7053 2799
f 2675 2674 7343 6187
f 6217 6216 7345 1519
f 7447 868 6003 6002
f 7447 6002 3516 2421
f 2689 7448 3444 2690
f 2694 2693 7449 6777
f 7117 5203 5206 7308
f 5740 3006 6009 7309
f 7450 7059 7451 4909
f 7153 6871 7059 7450
f 5682 7032 6010 5683
f 6765 2153 1011 6501
f 6434 4336 2158 701
f 5686 7310 5611 5687
f 2713 2712 7452 7047
f 7312 7311 5210 5209
f 2718 5944 7387 2719
f 2324 5729 7096 6070
f 6435 707 2165 2914
f 2730 6772 3303 2731
f 6230 6038 7066 7376
f 5653 7039 7041 5654
f 6441 7315 7453 6773
f 6773 7453 7100 6082
f 6233 6232 1229 7378
f 6774 6001 2175 2174
f 6234 2664 2663 6235
f 6234 3548 3547 2664
f 2764 2763 1558 6236
f 7454 2189 2666 7455
f 7454 7456 1039 2189
f 7455 2666 3327 7457
f 7454 7455 7457 7456
f 4244 7458 1568 4245
f 4246 6222 7458 4244
f 4250 4249 1571 6170
f 4249 1258 1261 1571
f 7167 5709 5080 7236
f 4009 5796 5910 2793
f 2001 7383 7076 2283
f 5743 2229 2232 7420
f 5745 5743 7420 2386
f 5778 7317 1593 6238
f 7459 7411 2237 1377
f 7459 6034 6035 7411
f 6461 2986 2239 834
f 1075 2241 2244 6789
f 5749 2245 2248 7422
f 5751 5749 7422 2399
f 2809 7372 7057 2320
f 5753 7120 5237 5236
f 6476 889 2268 3008
f 7329 7328 5296 5295
f 6245 6244 1193 1420
f 6927 6802 5300 4911
f 4808 6247 1217 6810
f 6700 6804 3964 4915
f 6499 6055 6056 7332
f 2841 6258 1655 2842
f 1203 6807 2298 2297
f 6596 7460 3486 3485
f 3730 2370 3486 7460
f 2863 2862 1681 6808
f 6471 5262 5264 5899
f 7334 7461 7462 7335
f 6265 1882 1885 2811
f 5929 6810 2327 2326
f 5816 3140 6063 7337
f 6475 6064 6067 7338
f 6817 6816 7463 7341
f 2480 5793 5147 2789
f 4252 6622 1577 2334
f 7382 7075 4994 5961
f 7382 6385 6487 7075
f 5818 7342 5272 1190
f 7343 7250 6068 5711
f 5937 1726 1722 5316
f 6600 6698 2345 1493
f 3157 1499 3216 3158
f 7464 1004 2352 4457
f 7464 2493 1005 1004
f 7464 4457 4459 2493
f 6006 6069 5872 7251
f 7449 7465 6077 6076
f 4255 6178 7078 2396
f 3744 7466 2406 2405
f 3941 6699 2354 2353
f 5965 2404 7081 7467
f 5820 3170 7101 7348
f 3171 2836 7101 3170
f 2835 7348 7101 2836
f 2907 6268 7468 2908
f 4855 6833 7468 6268
f 2911 2908 7468 6833
f 7349 7156 7373 6256
f 6557 6271 22 21
f 5348 25 22 6271
f 7469 7470 3470 7471
f 7469 2522 2521 7470
f 7471 3470 3473 3608
f 7469 7471 3608 2522
f 7470 2521 3473 3470
f 6274 2436 41 40
f 5253 7088 5107 5299
f 7202 145 148 5767
f 6827 2444 2443 5656
f 6278 7472 563 6279
f 6281 7350 7351 7473
f 6278 6281 7473 7472
f 7472 7473 7351 563
f 2934 2933 7410 53
f 4351 6287 67 66
f 2957 2956 7474 6289
f 2956 387 1967 7474
f 5817 7475 5310 5309
f 6294 92 95 6026
f 6294 6297 96 92
f 6621 6620 5834 7476
f 1444 7108 6059 1445
f 6518 6642 1659 1088
f 3382 932 931 7477
f 7477 931 3121 3120
f 3382 7477 3120 7478
f 5671 2409 2412 6837
f 7359 6273 2000 1999
f 4825 7479 1143 1148
f 4825 3138 3137 7479
f 3818 7480 3564 2485
f 6308 133 136 3244
f 6569 6568 1373 1375
f 4828 6845 1376 2436
f 7211 5402 5404 247
f 4010 6095 2438 2437
f 7217 4987 5204 5203
f 7218 7404 7144 259
f 6283 7173 7385 6284
f 4020 6846 1395 2449
f 5853 3263 158 157
f 6847 4515 2454 2453
f 5855 173 176 1327
f 7220 7280 6115 5804
f 3010 6316 178 177
f 3012 2506 1817 7481
f 6529 1181 2465 4533
f 5863 193 196 6322
f 6322 196 198 6183
f 7482 6414 1410 1199
f 7483 7482 1199 1198
f 7483 7484 6414 7482
f 3846 4427 7485 7486
f 7487 207 210 6662
f 7487 2033 2036 207
f 7487 6662 2037 2033
f 6533 7364 6118 4546
f 7364 4170 6120 6118
f 5992 5399 216 215
f 4339 2636 3689 204
f 3017 2469 2472 6668
f 3027 219 222 6329
f 6331 225 228 6134
f 6853 6584 230 229
f 5845 515 5431 5430
f 7399 7126 2482 1539
f 7399 5358 5134 7126
f 6305 6337 237 241
f 6488 7488 1333 1332
f 6488 4553 3916 7488
f 6974 533 2058 5360
f 3044 391 6677 7040
f 3116 6339 243 242
f 6860 1680 2492 2543
f 7489 3735 3734 5265
f 7489 6707 6706 3735
f 6862 274 277 6863
f 4123 278 281 6205
f 4452 6876 7490 3810
f 6347 296 3094 3712
f 6347 6349 297 296
f 4370 6981 7163 4371
f 1438 2500 2503 6864
f 6350 6154 301 300
f 5880 1409 309 308
f 4453 312 315 6351
f 4128 316 319 6211
f 6352 6160 329 328
f 7209 5391 5392 7135
f 6549 6865 2511 1283
f 5825 5824 7166 2567
f 7232 5791 5744 7368
f 6552 6869 7491 7369
f 7370 7369 7491 6328
f 7371 6135 5750 7372
f 3073 343 7492 3074
f 6554 2528 2531 3257
f 6666 1758 2537 3663
f 6540 7374 6144 6143
f 7377 7203 5418 5417
f 3904 2632 3680 7493
f 5041 6883 6680 5042
f 6880 6615 405 404
f 3100 6881 409 408
f 4432 6884 2555 2554
f 5847 519 6701 5576
f 4482 6367 431 430
f 5459 5463 6990 435
f 6032 5459 435 434
f 3115 438 441 6370
f 5921 1506 443 442
f 570 6374 7494 571
f 3465 3464 7494 6374
f 2357 571 7494 3464
f 3119 2598 2601 6890
f 6571 4639 5779 7461
f 6376 2150 451 450
f 3127 6895 2613 2612
f 6381 2155 463 462
f 6527 6171 6172 7383
f 6686 6207 480 479
f 5937 7495 486 1726
f 6687 483 486 7495
f 5936 6687 7495 5937
f 4132 6213 495 494
f 1832 7467 6181 5858
f 490 489 7496 3817
f 6903 6217 1519 1516
f 3944 7497 7448 2689
f 6904 4643 2638 2637
f 2284 7077 459 458
f 7498 2085 2063 7499
f 7500 7408 2066 5977
f 7499 2063 2066 7408
f 7498 7499 7408 7500
f 5915 7221 5464 3376
f 7397 2931 3901 6368
f 2397 7079 7407 2197
f 4471 1716 2648 2647
f 3957 491 493 7412
f 6373 570 567 7197
f 7252 6909 5251 5878
f 3192 498 500 7424
f 3963 7501 1213 4550
f 3201 3200 7502 6910
f 3200 2966 3849 7502
f 6641 1606 7503 7225
f 1609 3133 7503 1606
f 3132 7225 7503 3133
f 6704 577 580 2765
f 5017 5016 4051 6620
f 7504 7505 3400 3399
f 7504 7506 1663 7505
f 7504 3399 4067 7506
f 7505 1663 1666 3400
f 7507 7508 5477 5476
f 4169 3468 3467 6645
f 6729 2671 2668 6730
f 5785 2676 2679 6911
f 3222 5887 7183 2777
f 4305 581 584 5580
f 4979 6413 598 597
f 7392 6225 601 600
f 5948 5947 6225 7392
f 4184 6204 2709 2708
f 6599 4701 2718 1489
f 7509 611 613 6396
f 7509 2275 614 611
f 7509 6396 2276 2275
f 4186 6652 1731 2720
f 5981 3492 617 616
f 7266 6918 5288 5117
f 6631 4713 2739 1620
f 7267 5120 4240 6921
f 5984 637 640 1646
f 5461 5541 5542 7215
f 7418 2105 2106 5803
f 7418 6739 2107 2105
f 6606 645 648 3507
f 7510 7481 6538 6402
f 4997 2765 1751 6660
f 6094 5524 668 667
f 7274 7329 5295 5912
f 6610 3430 2767 1533
f 5810 2769 2772 6925
f 6424 6423 687 686
f 6407 693 695 6764
f 4538 4535 7511 679
f 5012 5011 7512 5062
f 7400 2939 3905 6914
f 2704 7423 7201 3024
f 423 1557 7201 7423
f 6432 797 800 7278
f 6732 2006 2785 2838
f 4816 2788 2791 6928
f 6008 712 715 6439
f 2952 716 719 6300
f 1792 2795 2798 6929
f 6444 6259 729 728
f 6011 1749 733 732
f 6930 6304 109 736
f 2972 742 745 6306
f 6446 6262 750 749
f 6626 6934 754 753
f 6936 6265 2811 2810
f 6014 777 780 3559
f 6629 1613 2823 3488
f 7287 5950 2889 1676
f 6015 785 788 1788
f 5996 3521 5539 7404
f 7289 5955 2902 1693
f 4638 4022 7513 6954
f 6431 7514 798 797
f 6431 3502 3501 7514
f 4640 7515 4032 4031
f 2578 816 819 6458
f 6458 819 821 943
f 7407 7516 747 746
f 6019 3573 823 822
f 6587 7349 6256 6255
f 5034 2838 1864 6945
f 3332 3331 7517 7435
f 6948 4799 2841 1784
f 6593 7493 6539 6594
f 6464 6463 842 841
f 3334 6465 848 847
f 7059 1102 1101 7451
f 7059 3585 3584 1102
f 6637 1644 2857 6951
f 6951 2857 225 6331
f 4270 2927 852 851
f 3337 6953 2859 2858
f 7415 2419 2420 5577
f 3340 865 868 7447
f 3340 7447 2421 1123
f 4607 2934 53 52
f 3354 875 878 6955
f 6956 2867 2869 4155
f 2946 7450 4909 2947
f 3364 7153 7450 2946
f 3370 901 904 6477
f 4685 7325 7518 556
f 6757 2101 2883 170
f 2631 998 2344 3679
f 4623 6771 2160 2887
f 6962 2894 2897 6963
f 6649 1699 2904 3543
f 6480 6301 102 925
f 4302 6307 119 941
f 7304 5991 6273 7359
f 3393 949 7519 3394
f 4714 953 1500 4715
f 6964 2925 2927 5075
f 6964 6716 1956 2925
f 6655 4831 2929 1739
f 6691 3638 2932 1857
f 6491 1238 973 972
f 4745 4744 6334 7520
f 4745 7520 3943 3003
f 6159 933 936 980
f 7083 5189 4386 6781
f 7413 7412 5907 6290
f 7425 7424 5914 6298
f 3443 1253 4039 7521
f 2705 3026 3958 7172
f 6501 1011 1014 1105
f 6674 3383 3382 7522
f 7522 3382 7478 507
f 6674 7522 507 506
f 6770 6853 229 2156
f 7310 6973 5612 5611
f 2712 3028 3959 7452
f 7311 6974 5360 5210
f 6729 3686 7523 2671
f 3687 3388 7523 3686
f 3387 2671 7523 3388
f 6753 2093 2990 6975
f 6976 2993 2017 6977
f 7456 7258 270 1039
f 7456 7457 7259 7258
f 4178 7489 5265 4179
f 4178 7045 6707 7489
f 6685 3707 1046 1045
f 6516 3727 1060 1059
f 7352 5589 5592 7524
f 7525 7524 5592 5225
f 6093 1095 1098 3743
f 5903 5902 6740 6739
f 7263 3020 3023 7264
f 6690 1856 3027 4897
f 6251 6332 6135 7371
f 5121 1105 1107 6742
f 6697 3642 5599 7419
f 6068 7419 5599 5600
f 5911 1126 1129 6982
f 6983 3033 3036 455
f 2997 6751 2081 3045
f 5578 7377 5417 6048
f 2693 3517 7465 7449
f 4419 6880 404 3049
f 3525 3524 7526 1163
f 4965 1174 1177 6528
f 4817 1189 1192 6530
f 6409 3793 7527 7431
f 3792 6517 7527 3793
f 2372 7431 7527 6517
f 6228 6532 1206 1205
f 6991 6815 2359 1901
f 6113 6534 1222 1221
f 4770 1216 4118 4117
f 6232 6376 450 1229
f 4771 6824 2365 3069
f 7332 6056 5982 6937
f 6709 6993 3071 1918
f 6994 3082 2616 6896
f 7528 1234 1551 7529
f 7528 6381 462 1234
f 7528 7529 6382 6381
f 3550 3549 2371 2375
f 6714 1934 3086 3699
f 6663 6387 2038 2037
f 7335 7462 7286 1323
f 7338 6067 5994 7516
f 3564 1257 4142 3264
f 7012 7435 7530 6848
f 6746 3821 1273 1272
f 7531 994 3106 6363
f 7531 6363 6366 5946
f 2080 32 3722 3721
f 2080 2079 33 32
f 7291 3109 3111 3175
f 6129 1286 1289 6550
f 6550 1289 682 6422
f 3575 6551 1291 1290
f 4793 4147 7532 6474
f 4257 3183 3184 7533
f 6722 1982 3115 4954
f 575 4148 547 546
f 3582 1305 1308 6553
f 6115 1475 5682 5681
f 7436 1243 1245 7254
f 3592 3123 3126 7006
f 3598 1312 1315 6556
f 6117 3372 5686 5685
f 3604 6847 2453 3128
f 3608 3473 3475 5128
f 4972 3135 3133 1609
f 7013 1318 1321 7014
f 2095 84 87 2096
f 2923 1381 7280 7220
f 6137 7440 5651 3786
f 7440 3292 5653 5651
f 2933 1389 7301 7410
f 4872 7125 7299 4875
f 4158 3648 7534 4157
f 2752 6562 2181 2178
f 4157 7534 2181 6562
f 3648 2178 2181 7534
f 560 7535 3799 3713
f 2164 1326 1329 7020
f 7354 2391 2390 5320
f 7354 5320 1310 1309
f 3114 1343 1340 6138
f 6148 3858 1357 1356
f 6563 3860 1360 1359
f 6741 7022 3185 2040
f 7536 3190 2206 7537
f 3634 7536 7537 3635
f 6743 2053 3194 3808
f 6261 6565 1366 1365
f 7479 7305 649 1143
f 7479 3137 1654 7305
f 7030 2525 3609 5195
f 7341 7463 7288 3265
f 6845 7459 1377 1376
f 6845 6844 6034 7459
f 3158 3216 528 3435
f 6846 6424 686 1395
f 7430 690 693 6409
f 7047 7452 7538 7048
f 2240 7036 1407 1406
f 5654 7041 5552 5726
f 7043 3230 2271 6799
f 6120 1487 7312 6121
f 6576 1415 1418 6577
f 4870 3243 705 704
f 6192 3912 1428 1427
f 4876 6879 2546 3254
f 2267 3256 3259 7046
f 6759 5024 3260 2120
f 6196 1436 1439 2234
f 4355 304 307 7539
f 3391 5028 7540 2128
f 5027 6567 7540 5028
f 2125 2128 7540 6567
f 6760 3267 3269 5029
f 6721 6420 333 332
f 2205 7031 7541 4228
f 5228 6570 7460 6596
f 3731 3730 7460 6570
f 5270 1463 1466 6598
f 4371 7163 3323 3319
f 7050 3275 3278 914
f 4374 118 117 7542
f 4374 7542 6200 3325
f 6572 6571 7461 7334
f 7051 3286 2322 7052
f 7368 5744 5745 7053
f 6187 7343 5711 3902
f 3057 7243 1441 1440
f 3241 6600 1493 1492
f 7448 6583 4255 3444
f 7372 5750 5751 7057
f 4956 6601 1504 1503
f 6777 7449 6076 6438
f 3074 7492 7466 3744
f 4585 6464 841 3290
f 3761 1456 1458 7543
f 456 1509 1512 6605
f 268 3300 1464 1463
f 3771 3346 2692 7544
f 3845 1520 1523 6607
f 7545 1524 1527 5755
f 7545 6029 1528 1524
f 7545 5755 5757 6029
f 6772 6904 2637 3303
f 6878 2545 2363 6818
f 6324 6478 909 200
f 4427 1480 1483 7485
f 7546 2086 2085 7498
f 7547 7500 5977 5655
f 7546 7547 5655 2086
f 7546 7498 7500 7547
f 6054 3312 447 446
f 7548 3738 6912 5765
f 7548 6827 5656 3738
f 7548 5765 6828 6827
f 6615 6479 917 405
f 6236 1558 1561 2331
f 7488 6442 2191 1333
f 7488 3916 3915 6442
f 2301 2304 3385 2562
f 7458 6459 1569 1568
f 6222 6221 6459 7458
f 7073 5074 3334 3333
f 6622 3992 1578 1577
f 7383 6172 6471 7076
f 7074 3341 2417 6838
f 3810 7490 4246 3406
f 6349 6491 972 297
f 6238 1593 1596 6627
f 6627 1596 1598 6525
f 3815 6628 1600 1599
f 6178 6177 6475 7078
f 5349 7137 1604 1603
f 7336 1607 1604 7137
f 6789 2244 3365 5089
f 3817 7496 7480 3818
f 3150 1671 1670 3151
f 3150 4074 2877 1671
f 7384 7413 6290 6184
f 3828 1615 1618 7084
f 3829 3443 7521 7549
f 3837 6631 1620 1619
f 6632 1623 1626 6633
f 4648 6849 7361 7550
f 3844 3012 7481 7510
f 6197 7091 1630 1629
f 6197 5245 1940 7091
f 7194 1637 1640 6591
f 3847 3846 7486 7551
f 7552 2657 3713 7553
f 7554 7555 2263 6210
f 7552 7554 6210 2657
f 7552 7553 7555 7554
f 7096 3396 2467 7097
f 6252 2416 5770 7105
f 7222 7105 5770 5475
f 175 1645 1648 6639
f 3850 3411 3414 4215
f 6258 4055 1656 1655
f 7506 6395 1667 1663
f 7506 4067 4066 6395
f 6807 7109 3418 2298
f 3900 6646 7556 5694
f 6730 2668 7556 6646
f 2667 5694 7556 2668
f 7110 1677 1680 6860
f 6808 1681 1684 3971
f 6913 2687 3442 1183
f 7461 5779 5782 7462
f 6916 2698 3447 1210
f 6816 4036 6503 7463
f 6568 4072 1706 1373
f 4988 1705 7557 4372
f 6652 6526 1130 1731
f 7466 7558 3512 2406
f 7358 7363 4112 7165
f 2450 2452 4112 7363
f 4005 6181 7340 4003
f 7467 7081 7340 6181
f 4504 4998 7559 5149
f 310 6659 1747 1746
f 5050 2754 2758 7115
f 6269 7560 7561 7373
f 4791 6254 7561 7560
f 4792 4791 7560 6269
f 6256 7373 7561 6254
f 3266 7289 1693 1692
f 6660 1751 1754 4325
f 6665 1755 1758 6666
f 3892 1761 1764 7562
f 3892 7562 3089 1950
f 216 1495 3476 217
f 135 3479 3482 7121
f 144 143 3534 4535
f 4535 3534 2910 7511
f 6391 1729 1730 543
f 5061 7483 1198 1197
f 5062 7512 7483 5061
f 155 6948 1784 1783
f 2530 1787 1790 7127
f 6287 4101 1791 67
f 2450 7363 7563 2377
f 7197 567 7563 7363
f 566 2377 7563 567
f 3905 3904 7493 6593
f 6289 7474 6524 4108
f 7474 1967 2550 6524
f 6620 4051 4050 5834
f 3920 3875 3877 5382
f 4442 6889 2590 2592
f 1800 1803 2590 6889
f 7130 1810 1813 6891
f 295 294 790 789
f 6911 2679 3515 4299
f 7134 7133 3522 2514
f 6273 6272 6527 2000
f 7480 1254 1257 3564
f 7404 5539 5675 7144
f 6284 7385 5826 4097
f 353 7543 6186 354
f 3318 7304 7359 3577
f 264 3940 3015 7146
f 3940 3766 3018 3015
f 4127 1848 1807 1806
f 7514 6903 1516 798
f 7514 3501 4143 6903
f 3943 7564 7497 3944
f 381 4465 4467 382
f 5103 3542 1297 1296
f 5103 1296 1302 4921
f 6316 6691 1857 178
f 7148 7565 4403 4402
f 6141 4404 4403 7565
f 7481 1817 1819 6538
f 6945 1864 1867 6905
f 3331 3593 4406 7517
f 7155 7154 3552 3551
f 182 7155 3551 183
f 7484 7476 5834 5833
f 7484 5833 4654 6414
f 7486 7485 7566 18
f 6147 1873 1876 7158
f 4602 3607 4410 5208
f 6950 2855 1318 7013
f 204 3689 4472 205
f 6329 222 1880 2609
f 418 6979 7501 3963
f 6264 7365 1883 1882
f 6264 5842 5843 7365
f 435 3210 3211 436
f 435 6990 6989 3210
f 6703 1886 577 6704
f 6339 4160 1895 243
f 6893 4164 3570 2605
f 6928 2791 1874 1873
f 6863 277 1908 4175
f 6443 6151 287 286
f 6876 7174 6219 7490
f 6351 315 1930 4181
f 305 6469 7567 306
f 6865 4122 3594 2511
f 7164 3596 3598 5183
f 5824 3182 5706 7166
f 7568 1939 1942 7569
f 7568 4578 1943 1939
f 7568 7569 7570 4578
f 3394 7519 2014 2013
f 4000 1945 1948 6715
f 6869 7168 7571 7491
f 4891 6327 7571 7168
f 6328 7491 7571 6327
f 7170 7169 3611 3610
f 137 140 3611 7169
f 6716 6169 1957 1956
f 4008 6516 1059 1960
f 343 342 7572 7492
f 4948 363 7573 7574
f 6358 7575 7576 365
f 7574 7573 7576 7575
f 4948 7574 7575 6358
f 363 365 7576 7573
f 4022 3662 7370 7513
f 162 3667 4461 163
f 4028 6251 7371 3668
f 4522 6924 3626 3625
f 172 171 3626 6924
f 397 1019 1022 398
f 198 197 3230 7043
f 7493 3680 6540 6539
f 6881 7180 1983 409
f 507 7478 3120 6723
f 5576 6701 4914 1316
f 6367 6727 1993 431
f 7577 4552 4553 3994
f 7577 7389 7388 4552
f 2768 7181 3640 3639
f 6731 2003 2006 6732
f 6370 441 2012 2727
f 4052 7182 7578 4053
f 6975 2990 7578 7182
f 2989 4053 7578 2990
f 6890 2601 3653 7185
f 6977 2017 2020 4483
f 257 256 7356 1796
f 2709 1112 1115 2710
f 7417 6315 6572 2665
f 489 7176 7579 7496
f 626 625 4571 4570
f 621 5149 129 7199
f 7001 3176 2921 6738
f 4079 7191 3682 3681
f 7497 6581 6583 7448
f 6742 1107 2046 3248
f 4083 7580 3329 3328
f 337 5124 1 338
f 7265 7581 4507 4506
f 4725 3760 4507 7581
f 668 1823 2054 669
f 587 2059 2062 6744
f 6987 3041 3695 1582
f 6368 3901 6587 6369
f 7079 7338 7516 7407
f 602 6997 3099 3696
f 2822 3698 3701 7192
f 1716 1717 7582 2648
f 2651 2648 7582 4052
f 4091 6746 1272 2069
f 541 540 1187 1186
f 787 2071 2074 6747
f 6914 3905 6593 6592
f 7583 991 994 7531
f 7583 3780 3779 991
f 7583 7531 5946 3780
f 618 7198 3716 3715
f 6751 6611 1536 2081
f 7424 500 2030 5914
f 7501 403 1214 1213
f 3517 3789 7397 7465
f 6910 7502 6597 4272
f 7502 3849 4607 6597
f 4920 6235 2663 2662
f 574 4102 4148 575
f 3524 3798 7400 7526
f 6756 2098 2101 6757
f 6939 7206 2113 2112
f 764 763 98 1270
f 7303 5988 5991 7304
f 7584 2735 3780 4230
f 7584 3874 2738 2735
f 7584 4230 4234 3874
f 4300 2129 2091 2090
f 2903 3785 3788 7210
f 805 5202 141 806
f 6402 6538 6282 6403
f 7213 7212 7585 7586
f 7214 7213 7586 7587
f 7587 7586 7585 7588
f 4142 6101 3317 2187
f 5570 2141 2144 6762
f 6999 2145 1623 6632
f 6982 1129 2950 6965
f 779 3803 3198 7025
f 4147 3844 7510 7532
f 4636 6426 999 2147
f 685 684 2970 6967
f 852 2928 4357 853
f 853 4357 4360 855
f 547 3847 7551 548
f 5011 1161 6618 7512
f 4961 5993 2151 2150
f 697 4152 203 698
f 6383 6770 2156 2155
f 7589 3131 3130 7590
f 7589 2135 2138 3131
f 7589 7590 2139 2135
f 6771 4338 2161 2160
f 824 7223 3812 3811
f 7224 5318 3815 2899
f 6528 1177 2142 2141
f 6439 715 2167 4341
f 4343 2169 2170 3463
f 6929 2798 3822 5325
f 6445 741 2173 4349
f 7019 3162 1677 7110
f 4171 2185 1415 6576
f 6934 4297 3830 754
f 584 583 3834 1780
f 3624 6857 7045 4178
f 7591 35 34 5353
f 7592 6634 4421 3841
f 7591 7592 3841 35
f 7591 5353 6634 7592
f 7593 782 1355 4358
f 7593 6650 783 782
f 7593 4358 4362 6650
f 6286 7238 6325 4889
f 6954 7513 6325 7238
f 7537 2206 2209 3878
f 3635 7537 3878 3879
f 7515 6769 4716 4032
f 5406 2219 2222 7594
f 3645 5406 7594 4785
f 7516 5994 5997 747
f 5098 2967 7595 4392
f 4392 7595 6885 4393
f 2967 1971 6885 7595
f 5207 3213 651 650
f 5207 650 3887 3886
f 7435 7517 352 7530
f 4839 3890 3891 654
f 5243 2233 2236 6785
f 662 661 1755 6665
f 6594 6539 6541 3458
f 2974 5208 376 7226
f 6465 6791 2249 848
f 6953 7237 3855 2859
f 6470 6796 2260 862
f 4862 3906 1776 1775
f 6955 878 3862 4329
f 1137 3229 3228 7596
f 7596 3228 3383 6674
f 1137 7596 6674 1139
f 6477 904 2270 7239
f 7325 5372 5370 7518
f 6799 2271 2274 4681
f 3679 2344 7415 7374
f 7014 1321 3345 3344
f 4875 7299 4685 3928
f 719 718 1810 7130
f 7597 6653 2281 2280
f 1044 1043 6653 7597
f 5069 943 7598 7241
f 7241 7598 3082 6994
f 943 945 3082 7598
f 745 744 3083 7242
f 1017 6806 2294 2293
f 949 948 6667 7519
f 4228 7541 4693 3932
f 953 952 487 1500
f 4888 5448 623 4829
f 1113 2118 2308 1114
f 1029 3281 1841 1840
f 4247 2316 2319 6809
f 7052 2322 2325 4708
f 1037 7073 3333 3909
f 3085 2330 2333 7245
f 7520 796 7564 3943
f 7246 2336 2339 7247
f 1054 7248 2341 2340
f 7599 3048 4289 6074
f 7600 6071 3221 2084
f 7599 7600 2084 3048
f 7599 6074 6071 7600
f 7521 4039 4793 6800
f 4258 4257 7533 2
f 1097 3926 3368 7082
f 7172 3958 7413 7384
f 7452 3959 7425 7538
f 6815 4474 2360 2359
f 6818 2363 1886 6703
f 5659 7262 3144 6822
f 4310 3141 3144 7262
f 6824 6823 2366 2365
f 7601 3320 3324 7128
f 7601 3977 3976 3320
f 7601 7128 6992 3977
f 7457 3327 3326 6449
f 7457 6449 5885 7259
f 940 939 761 5343
f 1072 1071 589 5271
f 7602 7603 4463 4462
f 7604 6098 6397 7605
f 7602 7604 7605 7603
f 7602 4462 6098 7604
f 7603 7605 6397 4463
f 6838 2417 2414 6717
f 6598 1466 2423 7024
f 1280 4901 804 2504
f 6474 7532 6104 6103
f 7269 2428 2431 7026
f 3193 3970 3973 7275
f 1245 1244 4857 7255
f 7255 4857 678 7256
f 7606 2265 3380 6482
f 7606 7590 3130 2265
f 7606 6482 5006 7590
f 1163 7526 6083 1164
f 1268 7276 3988 3987
f 7015 4526 2461 2460
f 6605 1512 2410 2409
f 1008 4331 696 1009
f 7095 7577 3994 3993
f 7095 7094 7389 7577
f 6530 1192 2466 4539
f 7097 2467 2003 6731
f 1194 7042 3232 1195
f 7281 3998 4000 5480
f 7281 856 4460 3998
f 6534 3189 2477 1222
f 1026 1025 2481 4815
f 1218 1688 1691 1219
f 6993 5484 4008 3071
f 6971 4347 6842 6841
f 4347 1431 1434 6842
f 7529 1551 1550 7607
f 7607 1550 5883 2747
f 7529 7607 2747 6382
f 6490 7432 1240 1238
f 6490 3211 2756 7432
f 4356 4355 7539 7138
f 7005 6719 6721 4188
f 7462 5782 5949 7286
f 1781 2496 2499 6861
f 1249 1248 781 2278
f 1257 1256 6101 4142
f 7463 6503 5952 7288
f 6848 7530 6428 4517
f 4372 7557 7580 4083
f 1383 323 7608 4945
f 1336 7134 2514 2513
f 6551 6868 2517 1291
f 7533 3184 4088 1134
f 4998 4090 4840 7559
f 1361 7293 4057 4056
f 5000 1775 1778 1149
f 6553 1308 2527 3252
f 7609 3466 3469 2077
f 7610 2080 3721 3720
f 7609 7610 3720 3466
f 7609 2077 2080 7610
f 7006 3126 4069 7294
f 4406 3761 7543 353
f 6556 1315 2534 6874
f 4410 3771 7544 377
f 6633 1626 2540 3581
f 6822 3144 7611 7297
f 7297 7611 7612 7063
f 3144 3146 7612 7611
f 7409 7152 5844 6052
f 7409 6696 6694 7152
f 5366 883 884 3305
f 3239 7302 883 5366
f 5689 2543 2545 6878
f 7410 7301 6117 5806
f 1185 1184 2098 6756
f 6879 4606 2547 2546
f 1212 1211 3315 7067
f 7535 4618 3800 3799
f 7020 1329 4086 4621
f 4237 5526 7613 4238
f 5525 1455 7613 5526
f 1454 4238 7613 1455
f 5698 2576 2578 6457
f 7614 2583 2586 7446
f 7614 4933 6664 2583
f 7614 7446 1632 4933
f 7022 5536 4091 3185
f 6100 3748 5988 7303
f 6891 1813 2603 3714
f 4444 7615 946 4445
f 1425 6893 2605 2604
f 1560 2608 2611 6894
f 6897 2618 2621 6898
f 1473 7308 950 5452
f 1429 7162 3574 4094
f 4451 6899 2623 2622
f 7139 7214 7587 7616
f 7616 7587 7588 1263
f 7140 1868 1871 7617
f 7617 1871 1872 1276
f 1446 6901 7618 7619
f 1449 1446 7619 3532
f 3532 7619 7618 2906
f 1452 4109 3596 7164
f 7385 7384 6184 5826
f 7165 4112 3373 5097
f 7048 7538 6189 4608
f 4461 3829 7549 502
f 2595 7170 3610 2596
f 1733 2596 3610 1734
f 1517 5763 5762 1518
f 1517 1519 7345 5763
f 6905 1867 2153 6765
f 7036 7309 2641 1407
f 7620 2643 6887 4649
f 7621 4648 7550 2644
f 7620 7621 2644 2643
f 7620 4649 4648 7621
f 7485 1483 2713 7566
f 6121 7312 5209 2075
f 6830 5838 7445 6174
f 4472 2629 7445 5838
f 7159 3557 4124 2230
f 6577 1418 2655 4663
f 6017 4126 4127 5439
f 7160 3563 4129 2246
f 1434 1435 2169 6543
f 7314 4135 2660 2659
f 7314 7313 3398 4135
f 7046 3259 4138 7315
f 5165 7622 1926 1925
f 7539 307 1926 7622
f 7031 7307 1041 7541
f 3336 2199 1056 5448
f 6679 1809 2687 6913
f 7542 117 1816 5850
f 7542 5850 2978 6200
f 7316 924 4153 3588
f 6915 2695 2698 6916
f 6469 5113 3728 7567
f 7608 6766 6769 7515
f 4497 592 3865 3864
f 7243 7417 2665 1441
f 1683 2726 2729 7317
f 6583 6175 6178 4255
f 6601 4710 2730 1504
f 7492 7572 7558 7466
f 7543 1458 2675 6186
f 6689 1847 2677 2676
f 6379 5471 7623 7319
f 1579 7318 7624 5469
f 7319 7623 7624 7318
f 5471 5469 7624 7623
f 4729 2752 2262 4730
f 2505 7436 7625 7626
f 468 2505 7626 7627
f 7627 7626 7625 1401
f 7544 2692 2694 6535
f 6607 1523 2764 4740
f 7098 7628 6778 5581
f 7628 4340 5013 6778
f 1530 4527 5014 1531
f 6926 2773 2776 4964
f 7158 1876 3768 3767
f 4542 4541 7629 7193
f 7193 7629 1637 7194
f 4541 6416 1637 7629
f 5774 7128 3324 3323
f 4767 2792 2770 2769
f 1705 1704 6241 7557
f 7490 6219 6222 4246
f 7630 7631 4208 4207
f 1588 7630 4207 1589
f 1588 1590 7631 7630
f 4560 6939 2112 2814
f 6628 6940 2816 1600
f 7496 7579 1254 7480
f 1657 7207 3756 4217
f 7186 3676 2336 7246
f 1661 7337 7632 4561
f 7 4561 7632 2818
f 4571 6907 4988 2874
f 4777 1050 4254 4778
f 4578 7570 6624 4579
f 2256 2077 3469 2257
f 2256 5607 2078 2077
f 7084 1618 2829 7342
f 7549 7521 6800 6559
f 5124 4258 2 1
f 30 576 2087 1750
f 1707 7348 7633 4595
f 2835 1628 7633 7348
f 38 4595 7633 1628
f 2196 4600 7634 7233
f 7233 7634 7565 7148
f 4600 6141 7565 7634
f 7551 7486 18 17
f 7351 1392 4429 4557
f 5055 21 24 2843
f 5131 4282 29 28
f 7553 3713 3799 7635
f 7555 7636 2264 2263
f 7635 3799 2264 7636
f 7553 7635 7636 7555
f 7637 2848 3722 32
f 7638 35 3843 2849
f 7637 7638 2849 2848
f 7637 32 35 7638
f 6949 2852 2855 6950
f 6639 1648 2863 4806
f 7353 3509 4247 5618
f 4215 3414 4250 4216
f 372 375 75 4610
f 4613 4610 75 74
f 4616 2870 77 76
f 7109 5629 4252 3418
f 7639 3423 4579 7640
f 7639 5066 3426 3423
f 7639 7640 5067 5066
f 7113 5648 6813 7615
f 5817 7641 6455 7475
f 3431 3434 6455 7641
f 1772 7224 2899 2898
f 1584 1583 3586 7642
f 1585 1584 7642 4624
f 7357 4267 3826 7228
f 7357 2553 4269 4267
f 151 127 128 5412
f 1598 1597 2428 7269
f 7558 6574 6817 3512
f 5149 7559 130 129
f 1802 7643 2918 2881
f 6738 2921 2918 7643
f 1805 6738 7643 1802
f 6803 699 2149 3965
f 3541 5545 146 145
f 1814 4544 4543 5797
f 6659 153 156 1747
f 3595 157 160 4295
f 7562 1764 2949 6248
f 7562 6248 4028 3089
f 6965 2950 2953 279
f 6669 2954 2957 4842
f 7121 3482 174 173
f 7511 2910 2911 6834
f 6122 4299 4300 5556
f 6967 2970 2973 317
f 1765 497 4301 1766
f 6618 6621 7476 7484
f 7512 6618 7484 7483
f 7127 1790 194 193
f 4152 4339 204 203
f 1883 2174 2177 1884
f 1911 4687 1448 3936
f 294 246 249 790
f 7227 4363 4317 3823
f 5170 250 253 4369
f 306 7567 6311 1927
f 7644 2995 1031 254
f 7644 5145 2996 2995
f 7644 254 257 5145
f 326 258 261 809
f 7133 7367 4323 3522
f 5389 4325 4323 7367
f 3649 4328 275 274
f 334 6312 6315 7417
f 5177 4379 4380 4586
f 4692 7597 2280 3005
f 4693 1044 7597 4692
f 2011 3007 289 288
f 6688 4881 3010 1827
f 342 6318 6321 7572
f 1896 308 311 4334
f 7513 7370 6328 6325
f 4189 332 335 3056
f 7146 3015 3017 4892
f 7564 6852 6581 7497
f 382 4467 337 336
f 1911 3936 142 7645
f 1912 1911 7645 5202
f 5202 7645 142 141
f 4716 340 343 3073
f 1966 5157 349 348
f 3103 3102 7581 7265
f 3104 4725 7581 3102
f 1929 4348 2529 2528
f 7517 4406 353 352
f 7154 4838 4351 3552
f 6986 3038 3041 6987
f 18 7566 6858 19
f 6762 2144 3043 267
f 1869 2711 5126 1870
f 1870 5126 162 161
f 5208 4410 377 376
f 4670 4668 7646 7647
f 6680 4670 7647 6681
f 5426 6684 7646 4668
f 6681 7647 7646 6684
f 1877 2721 5130 1878
f 1878 5130 389 388
f 5873 7376 3723 4363
f 6979 400 403 7501
f 6565 7378 3739 1366
f 7518 5370 4618 7535
f 7648 3868 1798 416
f 7649 419 3962 6055
f 7648 7649 6055 3868
f 7648 416 419 7649
f 3769 3050 1127 1126
f 91 90 2576 5698
f 96 2646 4439 97
f 7379 442 445 3064
f 7380 7379 3064 3067
f 7174 4895 6220 6219
f 103 1422 4396 104
f 7176 5725 6357 7579
f 7242 3083 2618 6897
f 120 2326 2329 121
f 4776 3889 3888 7070
f 7569 6984 7285 7570
f 7650 7651 263 262
f 7652 7208 3762 7653
f 7650 7652 7653 7651
f 7650 262 7208 7652
f 7651 7653 3762 263
f 7519 6667 4452 2014
f 6715 1948 471 470
f 2034 5961 5960 2035
f 2043 5 8 491
f 5965 7467 7654 5966
f 1832 1831 7654 7467
f 4650 5966 7654 1831
f 6997 4940 3100 3099
f 163 4461 502 501
f 7387 5724 4432 3705
f 7594 2222 3076 3075
f 4785 7594 3075 3079
f 390 28 31 513
f 1971 1974 360 6885
f 6998 3107 2145 6999
f 398 1022 517 516
f 6202 4436 2773 6926
f 191 36 39 531
f 7180 4904 3116 1983
f 7204 3117 3119 4958
f 6723 3120 3122 3754
f 6727 4967 3127 1993
f 7181 5735 4451 3640
f 4809 7015 2460 3139
f 5163 7225 7655 4811
f 3132 2009 7655 7225
f 2008 4811 7655 2009
f 7185 3653 4453 4923
f 7507 3153 3156 7508
f 7018 3159 3162 7019
f 1916 1915 2695 6915
f 874 7231 3168 3167
f 625 2024 6907 4571
f 6609 7396 132 5337
f 7199 129 132 7396
f 5271 589 592 4497
f 7191 600 603 3682
f 635 2132 5186 5185
f 7264 3023 7656 7023
f 7023 7656 4500 4499
f 3023 3797 4500 7656
f 3831 616 619 3187
f 1157 2722 2725 1156
f 347 1157 1156 4927
f 347 346 2722 1157
f 7580 7005 4188 3329
f 349 3752 620 350
f 4829 623 626 4502
f 7024 2423 3196 717
f 4834 633 636 4509
f 6744 2062 638 637
f 7025 3198 3201 4989
f 5549 7205 6832 4854
f 680 6834 6832 7205
f 7026 2431 3203 743
f 7027 942 3205 3204
f 5458 3210 6989 5462
f 7394 7216 2757 2753
f 5458 7394 2753 3210
f 7192 3701 646 645
f 1717 6947 7657 7582
f 5507 7182 7657 6947
f 4052 7582 7657 7182
f 7247 2339 4082 582
f 4840 4839 654 653
f 6747 2074 658 657
f 7198 4947 4482 3716
f 5510 4483 2852 6949
f 4845 211 214 671
f 2151 215 218 2152
f 4857 4538 679 678
f 7465 7397 6368 6077
f 5877 233 236 691
f 7526 7400 6914 6083
f 4863 4862 1775 5000
f 4331 3285 697 696
f 427 4551 6855 428
f 427 7278 800 4551
f 7042 4554 3233 3232
f 2175 3046 3240 2176
f 2379 4499 89 88
f 7206 7403 3246 2113
f 5523 3248 3246 7403
f 3861 3251 713 712
f 763 2116 99 98
f 461 460 293 292
f 2159 732 735 3261
f 2162 753 756 4513
f 7336 4784 4520 1607
f 8 7 2818 492
f 5343 761 764 4569
f 4847 4239 4238 1454
f 2166 4532 586 585
f 7210 3788 778 777
f 7658 2139 5012 5009
f 7659 7660 5062 2140
f 7658 7659 2140 2139
f 5009 5012 5062 7660
f 7658 5009 7660 7659
f 2172 4545 786 785
f 7212 4983 6399 7585
f 7588 7585 6399 6400
f 7530 352 355 6428
f 6101 6100 7303 3317
f 6837 2412 3289 4126
f 7661 6333 7008 793
f 7661 7520 6334 6333
f 7661 793 796 7520
f 839 380 383 801
f 4901 4590 805 804
f 7405 4552 7388 5957
f 7405 3092 3913 4552
f 7532 7510 6402 6104
f 5999 181 184 4554
f 49 822 825 50
f 548 7551 17 6733
f 563 7351 4557 564
f 6647 199 202 1689
f 698 203 206 2148
f 4909 7451 1101 1100
f 7590 5006 5012 2139
f 7223 5812 4560 3812
f 7063 7612 2867 6956
f 3146 2864 2867 7612
f 7064 3711 1529 1528
f 7064 434 437 3711
f 4070 4613 74 873
f 7065 890 893 3307
f 7066 7065 3307 3310
f 7508 3156 7662 5477
f 5477 7662 7641 5817
f 3156 3431 7641 7662
f 931 905 908 3121
f 7067 3315 2894 6962
f 6658 7070 3888 3887
f 7230 6941 6943 7663
f 7231 7230 7663 3168
f 3168 7663 6943 4012
f 774 282 285 775
f 774 2191 286 282
f 4445 946 949 3393
f 6769 6768 340 4716
f 166 5077 3337 167
f 6861 2499 3313 3312
f 5608 3344 3033 6983
f 654 3891 4638 655
f 6785 2236 3354 5085
f 2237 368 371 2238
f 210 209 4616 5835
f 7226 376 379 5058
f 214 213 4645 672
f 4945 7608 7515 4640
f 6791 3934 3367 2249
f 7082 3368 3370 5091
f 5097 3373 2967 5098
f 7237 5840 4623 3855
f 2358 5299 996 995
f 4730 2262 7664 4731
f 6796 5100 7665 2260
f 4731 7664 7665 5100
f 2262 2260 7665 7664
f 1021 3531 1008 1007
f 7239 2270 3386 5052
f 7374 7415 5577 6144
f 7090 4934 1631 1630
f 7090 7095 3993 4934
f 7507 5476 7666 3153
f 7352 7524 7666 5476
f 3937 3153 7666 7524
f 3387 3390 2672 2671
f 2351 4977 7628 7098
f 4977 3540 4340 7628
f 7313 4686 3399 3398
f 7100 3402 2993 6976
f 6806 1035 1038 2294
f 7541 1041 1044 4693
f 2361 1045 1047 4641
f 2478 1052 1055 3428
f 952 6793 488 487
f 2305 5340 4647 2306
f 2305 937 940 5340
f 5448 1056 624 623
f 3937 7524 7667 2315
f 7525 2593 7667 7524
f 2312 2315 7667 2593
f 6809 2319 1074 1073
f 7668 5766 7344 1077
f 7668 627 630 5766
f 7668 1077 631 627
f 1124 1080 634 633
f 7355 2702 3020 7263
f 7245 2333 1096 1095
f 796 795 6852 7564
f 6898 2621 3449 1024
f 383 382 336 802
f 5452 950 953 4714
f 7248 5079 3450 2341
f 5605 4681 3107 6998
f 2438 667 670 2439
f 7291 7112 3453 3109
f 4631 3455 3453 7112
f 2232 2231 3038 6986
f 2345 520 523 2346
f 6800 4793 6474 6473
f 2 7533 1134 3
f 2248 2247 539 538
f 2354 542 545 2355
f 6080 562 565 4686
f 10 5000 1149 11
f 7538 7425 6298 6189
f 4757 7599 3048 3047
f 6579 4287 3048 7599
f 5003 6579 7599 4757
f 5763 7345 7344 5766
f 29 573 576 30
f 5013 3525 1163 1162
f 6823 7122 3483 2366
f 4805 3485 3483 7122
f 2526 3487 1179 1178
f 2482 4872 4019 2483
f 2447 1015 1018 4700
f 5621 4708 3159 7018
f 159 1201 1204 3490
f 1240 736 737 1241
f 922 7380 3067 923
f 4550 1213 1216 4770
f 2455 1221 1224 4711
f 934 2810 2813 935
f 939 1231 762 761
f 2464 3506 3509 7353
f 6787 7569 1942 3510
f 6787 6788 6984 7569
f 1071 2387 590 589
f 100 7113 7615 4444
f 2504 804 807 1243
f 6102 7139 7616 7118
f 7118 7616 1263 1262
f 535 1266 1269 536
f 6132 7140 7617 7438
f 7438 7617 1276 1275
f 984 4788 1279 985
f 6375 449 4767 5809
f 152 151 5412 5032
f 7275 3973 1287 1286
f 7256 678 681 5139
f 7276 5925 4771 3988
f 1009 696 699 6803
f 7150 3545 3548 4738
f 7150 7009 1992 3545
f 6925 2772 3557 7159
f 228 227 3563 7160
f 6842 1434 6543 6542
f 1033 728 731 1034
f 2787 7136 7622 5165
f 7138 7539 7622 7136
f 6745 749 752 2067
f 7475 6455 7669 5310
f 5310 7669 4347 6971
f 6455 4346 4347 7669
f 5070 1334 1337 3571
f 253 252 1334 5070
f 7162 5169 3575 3574
f 1248 1353 782 781
f 2548 1356 1358 4797
f 5710 3581 3275 7050
f 6864 2503 3582 5171
f 7557 6241 7005 7580
f 283 4493 3583 284
f 7642 3586 3190 7536
f 4624 7642 7536 3634
f 301 7316 3588 302
f 666 665 3592 5178
f 323 322 6766 7608
f 677 676 812 1363
f 327 326 809 808
f 126 125 3601 5405
f 128 126 5405 3644
f 329 980 982 330
f 6868 5191 3604 2517
f 1131 7027 3204 1132
f 1134 4088 7012 1135
f 7559 4840 653 130
f 7293 5963 4809 4057
f 6821 6749 4119 4118
f 6821 5199 5201 6749
f 5678 4815 4816 5035
f 1149 1778 2975 1150
f 1304 4908 837 1380
f 5545 4845 671 146
f 7171 7670 1958 1957
f 7171 1572 3755 7670
f 7670 3755 4424 1958
f 7294 4069 4817 5152
f 6874 2534 3619 4140
f 2532 4913 1387 1386
f 7430 7257 691 690
f 5331 5877 691 7257
f 469 468 7627 373
f 373 7627 1401 374
f 377 7544 6535 378
f 385 869 872 386
f 7302 2850 885 883
f 7179 7671 187 186
f 7178 4408 4409 7672
f 7179 7178 7672 7671
f 7671 7672 4409 187
f 2541 1309 900 898
f 1200 1199 1412 4869
f 6884 1423 1426 2555
f 2639 1427 1430 3636
f 7307 5998 1042 1041
f 4155 2869 3648 4158
f 7446 2586 1437 1436
f 7525 5225 7673 2593
f 5224 7170 7673 5225
f 2595 2593 7673 7170
f 556 7518 7535 560
f 2654 4841 3268 3267
f 7615 6813 947 946
f 6894 2611 1451 1450
f 6963 2897 3659 4436
f 7308 5206 951 950
f 6899 4174 3660 2623
f 5705 3663 3341 7074
f 1263 7588 6400 1264
f 281 280 3286 7051
f 480 964 967 481
f 1276 1872 3037 1277
f 6901 5233 7038 7618
f 2906 7618 7038 2907
f 840 839 801 1474
f 319 318 3676 7186
f 495 976 979 496
f 6179 1665 4220 7178
f 7178 4220 4223 4408
f 846 845 3044 7039
f 860 859 1485 1484
f 502 7549 6559 503
f 868 867 4870 6003
f 4715 1500 1501 3654
f 1301 1300 3692 7674
f 7674 3692 827 826
f 1301 7674 826 5125
f 7309 6009 4876 2641
f 7566 2713 7047 6858
f 2719 7387 3705 3704
f 5729 3714 3396 7096
f 2781 1205 1208 2782
f 2731 3303 3304 4879
f 7376 7066 3310 3723
f 1557 1556 7675 7201
f 7201 7675 4308 5657
f 1556 4193 4308 7675
f 2740 1532 1535 3725
f 7315 4138 4883 7453
f 7453 4883 3402 7100
f 7676 4884 3921 5216
f 7676 2253 4886 4884
f 7676 5216 5220 2253
f 7378 1229 1230 3739
f 647 3742 3117 7204
f 3550 2375 1553 5141
f 4375 5141 1553 1552
f 2763 4896 1559 1558
f 955 2799 1069 956
f 7677 4151 5125 7054
f 7677 1083 1965 4151
f 7677 7054 1084 1083
f 2778 1444 1447 7678
f 2779 2778 7678 4687
f 4687 7678 1447 1448
f 4245 1568 1570 4902
f 7207 1573 1576 3756
f 7567 3728 3731 6311
f 7355 5268 7679 2702
f 5267 6873 7679 5268
f 2699 2702 7679 6873
f 592 591 1585 3865
f 5597 1586 954 4935
f 7208 1541 3763 3762
f 5796 3767 3769 5910
f 7317 2729 1594 1593
f 7572 6321 6574 7558
f 636 635 5185 5001
f 7680 2749 3791 7681
f 7680 115 2750 2749
f 7681 3791 4544 1814
f 7680 7681 1814 115
f 7216 7115 2758 2757
f 7436 7254 7068 7625
f 1401 7625 7068 1402
f 5157 3749 3752 349
f 1531 5014 1166 1507
f 1022 1021 1007 517
f 4237 2010 3136 5526
f 679 7511 6834 680
f 2644 1172 1173 2645
f 2644 7550 7361 1172
f 1420 1193 1196 1421
f 6810 1217 1220 2327
f 2948 3807 1642 1641
f 7640 4579 6624 5303
f 7640 5303 5307 5067
f 2842 1655 1658 3819
f 729 7227 3823 730
f 7228 3826 3828 5327
f 2905 1675 250 5170
f 2862 4953 1682 1681
f 7631 5261 4956 4208
f 1590 2808 5261 7631
f 1119 1118 1686 1685
f 1119 1685 1246 1120
f 750 1365 1368 751
f 6940 5334 3837 2816
f 2811 1885 4960 2812
f 7579 6357 1255 1254
f 7337 6063 7085 7632
f 2818 7632 7085 2819
f 766 5177 4586 767
f 6907 1702 1705 4988
f 5793 4964 4965 5147
f 7570 7285 6625 6624
f 5186 1710 320 1382
f 83 1712 1715 5187
f 4471 5187 1715 1716
f 7342 2829 3845 5272
f 4995 1722 1725 3352
f 1499 1498 3217 3216
