# IK reachable fitted solid mesh
v -0.052683951 -0.255677267 0.781777191
v -0.056973005 -0.237249497 0.782804671
v -0.048848161 -0.237435883 0.792633231
v -0.048425273 -0.250136059 0.791697173
v -0.071082396 -0.256323072 0.778857541
v -0.071845886 -0.237216228 0.781959378
v -0.201259822 -0.642391467 0.993567947
v -0.198095728 -0.642547274 1.011174258
v -0.201063174 -0.624200772 1.011183573
v -0.200956625 -0.623790495 0.993066930
v 0.002633660 -0.200043106 1.028539178
v 0.002632337 -0.200024898 1.046415739
v 0.021037401 -0.199996240 1.046418756
v 0.021048510 -0.200008304 1.028537970
v 0.297368421 -0.678947368 1.100000000
v 0.315789474 -0.678947368 1.100000001
v 0.315789474 -0.660526315 1.100000001
v 0.297368421 -0.660526315 1.100000001
v 0.463705932 -0.789474898 1.100532086
v 0.482932891 -0.789474906 1.101312766
v 0.482932529 -0.771052765 1.101312248
v 0.463705828 -0.771052739 1.100531334
v 0.209505699 -0.453023220 0.944244437
v 0.209726132 -0.452405451 0.952603218
v 0.222957690 -0.454239292 0.953376147
v 0.222297725 -0.455920132 0.939589581
v 0.058057945 -0.421382207 0.795672392
v 0.058866699 -0.402504892 0.795772986
v 0.076067416 -0.402565530 0.798610260
v 0.076533505 -0.420948105 0.796150068
v 0.057894647 -0.844722995 1.099986962
v 0.076315831 -0.844722982 1.099986504
v 0.076315845 -0.826283160 1.099968378
v 0.057894343 -0.826283133 1.099969007
v -0.011464138 -0.254763607 0.791202963
v -0.015806118 -0.236046200 0.792856817
v 0.002856148 -0.236045222 0.795413381
v 0.002848994 -0.255334873 0.795580172
v -0.144096516 -0.641140106 1.027517476
v -0.125780733 -0.641460798 1.030995078
v -0.130938754 -0.628049469 1.032495617
v -0.144361119 -0.626462497 1.031426685
v 0.444739190 -0.899944572 0.957165670
v 0.463712298 -0.900492105 0.957177935
v 0.463705656 -0.900539953 0.975002434
v 0.444724994 -0.899969958 0.975001562
v -0.015759714 -0.678941389 1.100139074
v 0.002666844 -0.678939811 1.099959738
v 0.002642776 -0.660522496 1.099958549
v -0.015738754 -0.660500768 1.099941932
v -0.182920924 -0.198694083 0.832183877
v -0.182933908 -0.198651753 0.850000467
v -0.163707188 -0.199467251 0.850005008
v -0.163712509 -0.199512052 0.832194241
v 0.277727056 -0.457589903 0.777902338
v 0.277823398 -0.438562823 0.778086194
v 0.296279969 -0.438484298 0.777339925
v 0.296674166 -0.458326259 0.774843503
v 0.002631582 -0.439473684 1.100000008
v 0.021052635 -0.439473679 1.099999962
v 0.021052594 -0.421052638 1.099999842
v 0.002631585 -0.421052626 1.099999988
v 0.150000000 -0.789474790 1.100001072
v 0.168421053 -0.789474790 1.100001072
v 0.168421053 -0.771052745 1.100000110
v 0.150000000 -0.771052745 1.100000110
v -0.162923547 -0.696832036 0.992611121
v -0.144169223 -0.696585668 0.994747957
v -0.149547532 -0.684139653 0.997798753
v -0.163700397 -0.682815076 0.996208947
v 0.058292886 -0.292106977 1.100506307
v 0.076963770 -0.292123843 1.101141261
v 0.077482555 -0.273716484 1.101269033
v 0.058476448 -0.273712092 1.100515235
v -0.071052748 -0.273716842 1.099968471
v -0.052631568 -0.273716842 1.099968315
v -0.052631579 -0.255277021 1.099986505
v -0.071052737 -0.255277037 1.099986688
v 0.131599205 -0.900538878 0.956770574
v 0.149993354 -0.900383013 0.956956105
v 0.150001339 -0.899992312 0.975027302
v 0.131581587 -0.900019176 0.974944781
v 0.094696081 -0.384243249 1.099953053
v 0.113285094 -0.384252571 1.100319014
v 0.113553658 -0.365650002 1.100900901
v 0.094727952 -0.365818980 1.100180894
v 0.376804552 -0.489540396 1.069693813
v 0.370831628 -0.480427738 1.063548951
v 0.365692764 -0.481618944 1.077638361
v 0.371519335 -0.491061724 1.083426469
v 0.353031977 -0.476418028 1.064416180
v 0.352593492 -0.478470438 1.083146210
v 0.358345324 -0.487902590 1.088736506
v 0.150955997 -0.273686730 0.921106406
v 0.151475550 -0.255133416 0.921017533
v 0.150900817 -0.255099536 0.939638890
v 0.150984516 -0.273616692 0.939481411
v -0.107724895 -0.696829352 1.010401965
v -0.089065874 -0.696660598 1.012456314
v -0.093671281 -0.683748468 1.015207691
v -0.108083999 -0.682820152 1.014287559
v 0.058293820 -0.863011697 0.906608597
v 0.076426372 -0.863319986 0.906227247
v 0.071580797 -0.868553651 0.915751406
v 0.063375222 -0.868790627 0.915994294
v 0.058108759 -0.844623895 0.903512747
v 0.076359042 -0.844175995 0.904028528
v 0.002640351 -0.789477098 1.100013637
v 0.021072119 -0.789474259 1.099977178
v 0.021086488 -0.771052195 1.099970166
v 0.002633740 -0.771051058 1.099995336
v 0.154933685 -0.342726326 0.957125843
v 0.146560515 -0.328493068 0.956839845
v 0.145191133 -0.333236286 0.973766171
v 0.153444335 -0.346880879 0.975391564
v 0.136275867 -0.323788303 0.961424377
v 0.134746018 -0.325331779 0.974315990
v 0.389241701 -0.531161946 0.781996769
v 0.407531574 -0.527357600 0.782993498
v 0.407943469 -0.535068634 0.792764615
v 0.394257668 -0.536729774 0.791776725
v 0.389352997 -0.513680237 0.778381663
v 0.407678931 -0.513381350 0.778764009
v -0.182932535 -0.365789477 1.101312149
v -0.163705859 -0.365789477 1.100531186
v -0.163705855 -0.347368450 1.100531172
v -0.182932525 -0.347368448 1.101312139
v 0.113553745 -0.882290948 0.918062082
v 0.118840548 -0.868624452 0.915963635
v 0.132075688 -0.866916383 0.917784764
v 0.131335219 -0.881623858 0.921393264
v -0.015789474 -0.476315789 1.100000000
v 0.002631579 -0.476315790 1.100000000
v 0.002631579 -0.457894737 1.100000003
v -0.015789474 -0.457894737 1.100000000
v 0.039466571 -0.347371658 1.099962421
v 0.057854490 -0.347390249 1.099951197
v 0.057876805 -0.328950881 1.100152739
v 0.039442237 -0.328953938 1.099962067
v 0.499999071 -0.550000083 0.885713852
v 0.500000777 -0.531579223 0.885712243
v 0.500000541 -0.531579053 0.903570978
v 0.500000602 -0.550000022 0.903570882
v 0.389270211 -0.679719992 0.794849778
v 0.389450879 -0.660610938 0.795889786
v 0.407922569 -0.660667121 0.796103304
v 0.407856620 -0.679529983 0.795723432
v -0.089474792 -0.310525208 1.100002141
v -0.071052746 -0.310525210 1.100001180
v -0.071052749 -0.292107278 1.099998149
v -0.089474790 -0.292107278 1.099999116
v -0.019662749 -0.273065345 0.781207139
v -0.019553415 -0.255147043 0.781679109
v -0.011773262 -0.274065275 0.791624301
v -0.033858013 -0.274121160 0.778186241
v -0.033958442 -0.255335136 0.781355417
v -0.200902461 -0.236290459 0.814176111
v -0.200565074 -0.236289990 0.832142786
v -0.201322600 -0.217069897 0.832183265
v -0.201549242 -0.217091517 0.814259714
v 0.499976563 -0.771053948 0.939290673
v 0.499995031 -0.752633473 0.939285344
v 0.500002822 -0.752631708 0.957141923
v 0.500002486 -0.771053857 0.957139954
v 0.247559700 -0.473206593 0.944383070
v 0.247916955 -0.472228052 0.951882153
v 0.255381630 -0.472639635 0.951901157
v 0.255149257 -0.472987427 0.944396901
v 0.094992532 -0.421349116 0.799340413
v 0.099977374 -0.415155155 0.808532614
v 0.113818414 -0.416629401 0.809917925
v 0.113204731 -0.424663637 0.800041678
v 0.095511401 -0.439289965 0.795870210
v 0.113541159 -0.439243068 0.796331282
v -0.036742917 -0.826833200 1.014005548
v -0.035924922 -0.827050742 1.028204780
v -0.036274129 -0.808450835 1.027819833
v -0.037300699 -0.808348056 1.013577319
v -0.200000101 -0.328947254 0.921428572
v -0.200000110 -0.328947255 0.939285711
v -0.200001104 -0.310525210 0.939285710
v -0.200001081 -0.310525210 0.921428579
v 0.334210523 -0.900547961 1.064816904
v 0.352631550 -0.900547947 1.064816900
v 0.352631552 -0.901353575 1.083454998
v 0.334210523 -0.901353585 1.083455009
v 0.500557647 -0.863693235 1.046404538
v 0.499974641 -0.844721787 1.046413978
v 0.500557651 -0.844712046 1.064804666
v 0.501133457 -0.863687094 1.064798713
v -0.200000082 -0.457894780 0.867856628
v -0.200000605 -0.457894706 0.885714204
v -0.200000278 -0.439473737 0.885714225
v -0.199998392 -0.439473899 0.867856007
v -0.021107141 -0.618375724 0.783440824
v -0.015819854 -0.605842769 0.781042617
v -0.010463792 -0.611179707 0.790430938
v -0.015681934 -0.620283083 0.795977494
v -0.034495493 -0.620041112 0.781541818
v -0.033944997 -0.623571763 0.795301223
v -0.033870901 -0.606355900 0.777844236
v 0.463709096 -0.642166487 0.795692349
v 0.463689787 -0.623640305 0.795872192
v 0.482926366 -0.623677814 0.795061581
v 0.482988822 -0.642321716 0.794891758
v -0.200619649 -0.586787575 0.814277444
v -0.200297043 -0.586783979 0.832140057
v -0.199954723 -0.568407811 0.832168858
v -0.199985309 -0.568351326 0.814365985
v 0.260545561 -0.458165768 0.993011038
v 0.260681983 -0.454641965 1.010591592
v 0.279207772 -0.461791162 1.010918308
v 0.278767377 -0.458252515 0.992600196
v 0.260506279 -0.770917063 0.852536218
v 0.260268904 -0.753143906 0.849683119
v 0.274255248 -0.753334964 0.844874765
v 0.278397082 -0.771468064 0.846458929
v 0.021051691 -0.900548829 1.064817324
v 0.039474055 -0.900550361 1.064816909
v 0.039473687 -0.901354183 1.083455298
v 0.021051791 -0.901356774 1.083456405
v 0.389474906 -0.901354222 1.083455354
v 0.407892404 -0.901351159 1.083455716
v 0.407892315 -0.897396003 1.097475717
v 0.389474834 -0.897397340 1.097477013
v 0.407892404 -0.882933265 1.101309797
v 0.389474906 -0.882932891 1.101312766
v 0.407892720 -0.660526319 1.099998042
v 0.426283157 -0.660526317 1.099968365
v 0.426283157 -0.642105279 1.099968351
v 0.407892720 -0.642105275 1.099998030
v 0.021041788 -0.623522078 0.799433546
v 0.021061296 -0.609507830 0.792303739
v 0.039051468 -0.609689664 0.791803486
v 0.039488535 -0.623888792 0.795994290
v -0.126282945 -0.200030777 0.885713917
v -0.126283163 -0.200032205 0.903571340
v -0.107892689 -0.200001466 0.903571338
v -0.107892624 -0.200001964 0.885714014
v 0.500002919 -0.494734711 0.903572180
v 0.499980642 -0.476318207 0.903573066
v 0.499949617 -0.476333609 0.921426312
v 0.499997009 -0.494735503 0.921429911
v -0.200343914 -0.678990906 0.921226849
v -0.199953606 -0.678934121 0.939266940
v -0.199905802 -0.660505983 0.939286887
v -0.200143095 -0.660516393 0.921441816
v -0.053353520 -0.733900922 1.064444448
v -0.053621763 -0.734027443 1.083194617
v -0.053831270 -0.715800930 1.083071169
v -0.056901030 -0.716139768 1.064518684
v 0.113162285 -0.900001182 0.974957880
v 0.131578274 -0.899975186 0.992868435
v 0.113157779 -0.899972653 0.992868137
v 0.347685800 -0.480528571 1.096024046
v 0.352800088 -0.493530797 1.098550260
v 0.334564321 -0.475743973 1.083212650
v 0.334113166 -0.479030332 1.097577079
v 0.334535809 -0.493296773 1.101382538
v 0.207122371 -0.440246584 0.939488924
v 0.199802413 -0.425839709 0.939165411
v 0.200201307 -0.425218873 0.956898839
v 0.207689683 -0.439707637 0.957480893
v 0.190723699 -0.416795594 0.939022793
v 0.191423191 -0.416435383 0.957614909
v 0.107174638 -0.876626505 0.908207174
v 0.113070285 -0.862403277 0.906349314
v 0.094225245 -0.882830289 0.905177149
v 0.099929965 -0.888542616 0.914499583
v 0.094689987 -0.863323733 0.903028790
v 0.223823190 -0.897346176 0.906535143
v 0.242238239 -0.897393010 0.906567394
v 0.242139195 -0.901185376 0.920746019
v 0.223711298 -0.901303066 0.920285414
v 0.224125676 -0.882979222 0.903213472
v 0.242260650 -0.882706951 0.903410209
v 0.168585180 -0.803981338 0.889665708
v 0.186564184 -0.804090694 0.889717882
v 0.186566863 -0.812058311 0.900096542
v 0.168012411 -0.811881677 0.899901135
v 0.167952317 -0.789444305 0.886145390
v 0.186767624 -0.789677219 0.885818156
v -0.051971487 -0.863020417 1.010828559
v -0.056680589 -0.863326805 1.024437964
v -0.051270332 -0.848283380 1.028561034
v -0.048461393 -0.845347485 1.010882853
v -0.036657898 -0.841307217 1.028944631
v -0.037494650 -0.840144621 1.016160525
v 0.076315787 -0.901353555 1.083455000
v 0.094736841 -0.901353590 1.083455011
v 0.094736842 -0.897396811 1.097476497
v 0.076315804 -0.897396814 1.097476489
v 0.094736843 -0.882932535 1.101312152
v 0.076315801 -0.882932537 1.101312137
v -0.071366293 -0.845612502 0.939002363
v -0.056486916 -0.849213604 0.938655863
v -0.056765372 -0.848986979 0.957033016
v -0.070899263 -0.841949216 0.957438711
v 0.499997946 -0.586842142 1.010712328
v 0.499998619 -0.568420796 1.010712291
v 0.499968787 -0.568420489 1.028539758
v 0.499967431 -0.586842138 1.028539754
v 0.094736843 -0.660526316 1.099999990
v 0.113157894 -0.660526316 1.100000001
v 0.113157895 -0.642105263 1.100000001
v 0.094736839 -0.642105264 1.100000001
v -0.163629636 -0.639712463 0.799567946
v -0.144725473 -0.639073135 0.799689245
v -0.144537103 -0.643419276 0.813386834
v -0.163195072 -0.642923162 0.813359620
v -0.163763687 -0.629367342 0.791445851
v -0.144750232 -0.628848321 0.791749363
v 0.093812469 -0.274290948 1.046032501
v 0.090261115 -0.255258642 1.045797985
v 0.095188145 -0.255579648 1.065135652
v 0.095187894 -0.274432770 1.064935621
v 0.383882320 -0.470733163 1.033702408
v 0.389736494 -0.476946783 1.045636897
v 0.394886577 -0.463336317 1.040738215
v 0.389232268 -0.460712459 1.028402867
v 0.408267639 -0.461982780 1.042127001
v 0.407237117 -0.457360313 1.029051598
v 0.407959420 -0.476808326 1.049039151
v 0.260526316 -0.771052745 1.100000110
v 0.278947368 -0.771052745 1.100000110
v 0.278947368 -0.752631553 1.099999975
v 0.260526316 -0.752631553 1.099999975
v 0.021052631 -0.494736842 1.100000000
v 0.039473684 -0.494736842 1.100000007
v 0.039473690 -0.476315787 1.099999999
v 0.021052632 -0.476315790 1.100000005
v 0.370734679 -0.438380216 0.957259217
v 0.370900807 -0.438195122 0.975902760
v 0.389276138 -0.442405151 0.975229492
v 0.389889379 -0.440071370 0.956963720
v 0.186842106 -0.605263155 1.100000004
v 0.205263159 -0.605263156 1.099999987
v 0.205263149 -0.586842147 1.099999908
v 0.186842107 -0.586842104 1.099999957
v 0.076478706 -0.697291247 0.852367395
v 0.076046893 -0.678846086 0.847096646
v 0.093763130 -0.683209615 0.845328383
v 0.093620706 -0.698215636 0.849153294
v 0.076274818 -0.347382265 1.100247479
v 0.094867385 -0.347159901 1.100934769
v 0.095210886 -0.328491053 1.101021057
v 0.076520886 -0.328834500 1.100877948
v 0.444405479 -0.361674431 0.890194016
v 0.445069505 -0.369889136 0.899405485
v 0.463447756 -0.369738894 0.899915158
v 0.463498123 -0.360782143 0.890406154
v 0.444674441 -0.384277182 0.903186311
v 0.463508191 -0.384042697 0.906615974
v 0.389474790 -0.697368421 1.100001072
v 0.407892720 -0.697368421 1.099998045
v 0.407892720 -0.678947368 1.099998046
v 0.389474790 -0.678947369 1.100001072
v 0.277833259 -0.382623505 0.832103171
v 0.278634294 -0.387234579 0.846177236
v 0.297311244 -0.387730227 0.846087644
v 0.296293529 -0.379567013 0.831971293
v 0.278836165 -0.398585556 0.853864174
v 0.297259342 -0.398650570 0.854306003
v -0.127099300 -0.606326100 1.101152685
v -0.108318736 -0.605918727 1.101298857
v -0.107910955 -0.586898002 1.100340810
v -0.126538109 -0.587172094 1.100889977
v 0.315789473 -0.899986132 1.046415128
v 0.334210524 -0.899986131 1.046415131
v 0.315789474 -0.900547965 1.064816903
v -0.169012238 -0.599546339 0.766026908
v -0.163345622 -0.586716269 0.763786759
v -0.158425553 -0.592241008 0.773314830
v -0.163342152 -0.605790041 0.775017594
v -0.183191094 -0.601992397 0.763354477
v -0.182850847 -0.610304626 0.773438859
v -0.182704772 -0.587599695 0.759837278
v 0.021054217 -0.844722002 1.099980744
v 0.039472399 -0.844722792 1.099988913
v 0.039471283 -0.826282925 1.099969192
v 0.021057628 -0.826283382 1.099952473
v -0.089418087 -0.586782301 1.099985998
v -0.071038659 -0.586814337 1.099936697
v -0.071055987 -0.568421365 1.099979324
v -0.089460122 -0.568395645 1.099933655
v -0.162851688 -0.365572565 0.763150475
v -0.168057503 -0.360225930 0.773108901
v -0.168120185 -0.352997009 0.773145455
v -0.163048878 -0.348153518 0.763359479
v -0.144472395 -0.347853934 0.759966667
v -0.144467884 -0.365816087 0.763295601
v 0.076315752 -0.697368421 1.100000062
v 0.094736852 -0.697368421 1.099999985
v 0.094736853 -0.678947368 1.099999987
v 0.076315819 -0.678947367 1.100000020
v 0.002621053 -0.899923229 1.046415507
v 0.021048703 -0.899970077 1.046413475
v 0.002624057 -0.900512478 1.064818749
v 0.371052739 -0.900548114 1.064816874
v 0.389474898 -0.900548887 1.064816974
v 0.371052765 -0.901353687 1.083455003
v 0.204166285 -0.435519298 0.809049620
v 0.205512217 -0.421068353 0.813862930
v 0.223790984 -0.421065964 0.813481089
v 0.218150942 -0.433312606 0.807702410
v 0.282378441 -0.753069851 0.835545852
v 0.274686738 -0.733943717 0.845827458
v 0.283005552 -0.734469049 0.836319614
v 0.296683089 -0.734595968 0.831852774
v 0.296092164 -0.753122008 0.831497670
v 0.058388333 -0.461511381 0.781555634
v 0.057812667 -0.453470941 0.792007860
v 0.076930244 -0.453505593 0.791761462
v 0.076415157 -0.461732950 0.781909393
v 0.057421190 -0.475555980 0.777757747
v 0.076214138 -0.476002029 0.781128794
v 0.057894820 -0.900548050 1.064816893
v 0.076315781 -0.900547837 1.064816923
v 0.057894761 -0.901353443 1.083454978
v -0.183215794 -0.625097194 1.064659412
v -0.163852657 -0.623705781 1.063877703
v -0.164100779 -0.620663091 1.079435218
v -0.183142945 -0.621658840 1.079251743
v -0.163840336 -0.610073981 1.087189362
v -0.183301308 -0.610979217 1.087910665
v 0.113067070 -0.495049148 0.794073960
v 0.113266614 -0.476788770 0.796959076
v 0.131538576 -0.476490337 0.797030362
v 0.131456305 -0.494621293 0.793080531
v 0.352428731 -0.439462032 0.939028017
v 0.351950977 -0.438550421 0.957443289
v 0.370907855 -0.439597043 0.938697073
v 0.138519495 -0.268003416 0.981081187
v 0.134925144 -0.255075460 0.975381727
v 0.128884753 -0.255448526 0.993238381
v 0.136022746 -0.273385549 0.994358931
v -0.034184606 -0.199667793 0.832017979
v -0.034224760 -0.200072180 0.850044993
v -0.015847757 -0.200020062 0.850016854
v -0.015804401 -0.199308078 0.831795891
v 0.131578947 -0.660526316 1.100000000
v 0.150000000 -0.660526316 1.100000000
v 0.150000000 -0.642105263 1.100000000
v 0.131578947 -0.642105263 1.100000000
v 0.057894742 -0.494736838 1.099999998
v 0.076315790 -0.494736845 1.099999881
v 0.076315713 -0.476315861 1.099999896
v 0.057894735 -0.476315791 1.099999883
v -0.107388291 -0.804167962 0.889183181
v -0.089707074 -0.808110674 0.888351379
v -0.095292575 -0.814668639 0.896464243
v -0.108839526 -0.812629781 0.898634559
v -0.108166716 -0.789558934 0.885788629
v -0.089717621 -0.789524214 0.885940315
v 0.500871701 -0.384263292 0.813660440
v 0.501210810 -0.365582783 0.813631532
v 0.500717441 -0.365853017 0.831799259
v 0.500213020 -0.384317244 0.832054880
v 0.426283157 -0.715789474 1.099968367
v 0.444722976 -0.715789474 1.099986558
v 0.444722976 -0.697368421 1.099986558
v 0.426283157 -0.697368421 1.099968366
v 0.186613262 -0.402995653 0.939197296
v 0.182599739 -0.388454794 0.939291553
v 0.182869054 -0.388492454 0.956938386
v 0.187081356 -0.402093924 0.957713021
v 0.173458084 -0.379666553 0.939624666
v 0.173546814 -0.379761104 0.957339118
v 0.500141957 -0.531561254 0.832148851
v 0.499979661 -0.513134525 0.832132541
v 0.499941664 -0.513155148 0.850029689
v 0.499943438 -0.531570778 0.850053639
v 0.191293629 -0.452634024 0.801727723
v 0.186370969 -0.457668507 0.811305498
v 0.186330084 -0.440106250 0.811248432
v 0.191302499 -0.445140370 0.801294478
v 0.205125625 -0.453666738 0.800404406
v 0.204758698 -0.462053736 0.810630146
v 0.204833514 -0.443316713 0.799585590
v 0.499966985 -0.457940365 0.921399698
v 0.500148835 -0.457891257 0.939256512
v 0.499926792 -0.476354180 0.939275605
v 0.186842105 -0.882932535 1.101312152
v 0.205263158 -0.882932535 1.101312152
v 0.205263158 -0.863705859 1.100531189
v 0.186842105 -0.863705859 1.100531189
v 0.352631554 -0.899986103 1.046415132
v 0.371052732 -0.899986258 1.046415121
v 0.371088917 -0.386338038 0.777903636
v 0.370564248 -0.379259418 0.792048284
v 0.383973793 -0.377789585 0.790240184
v 0.389589539 -0.383404979 0.777811810
v 0.499967777 -0.605263583 0.867890634
v 0.499968154 -0.586842554 0.867884688
v 0.499997320 -0.586842023 0.885717696
v 0.499998611 -0.605263117 0.885717015
v 0.113157896 -0.715789474 1.099999997
v 0.131578947 -0.715789474 1.100000001
v 0.131578947 -0.697368421 1.100000000
v 0.113157896 -0.697368421 1.099999998
v 0.407768141 -0.495224633 0.778419531
v 0.408872632 -0.476477496 0.775482962
v 0.426284643 -0.476372115 0.779569030
v 0.426285108 -0.495286611 0.779593023
v -0.200149787 -0.623653757 0.974972957
v -0.200268708 -0.605242054 0.992841804
v -0.199941565 -0.605236839 0.974964873
v 0.488307156 -0.729355141 0.818725577
v 0.482540827 -0.734764612 0.831517240
v 0.476742253 -0.721294038 0.826719560
v 0.482757122 -0.715792977 0.816505866
v 0.496769633 -0.729545956 0.817935309
v 0.497355037 -0.716816971 0.817096064
v 0.501447048 -0.716592146 0.830747279
v 0.496899364 -0.730875806 0.830977504
v 0.168421055 -0.568421055 1.099999907
v 0.186842076 -0.568421134 1.099999853
v 0.186842015 -0.550000106 1.100000850
v 0.168420989 -0.550000115 1.099999819
v -0.034114841 -0.789518385 0.885407816
v -0.034206524 -0.770857896 0.882752433
v -0.015923985 -0.770371949 0.886239528
v -0.015860960 -0.789223335 0.886371865
v 0.187112814 -0.678559822 0.853687759
v 0.187699502 -0.660303835 0.847774632
v 0.204836846 -0.660179953 0.847651220
v 0.206016319 -0.677709901 0.850892284
v -0.200993476 -0.292001483 0.795853159
v -0.200139541 -0.292102609 0.814258821
v -0.200292896 -0.273730644 0.814169667
v -0.200578672 -0.273698772 0.796030607
v 0.500517191 -0.531636454 1.064800802
v 0.500732946 -0.513147320 1.064801671
v 0.501616247 -0.512961302 1.083504440
v 0.501373393 -0.531624720 1.083433866
v 0.500317300 -0.826331590 0.921244272
v 0.500175408 -0.807883719 0.921440270
v 0.499955150 -0.807877920 0.939334351
v 0.499962402 -0.826277842 0.939338589
v 0.315781339 -0.844190573 0.867649181
v 0.315647403 -0.830491660 0.863831649
v 0.333985611 -0.830278283 0.864056711
v 0.333878140 -0.843539257 0.871856698
v 0.463706687 -0.900545135 1.010712624
v 0.482933298 -0.901351244 1.010711894
v 0.482925757 -0.901332014 1.028535620
v 0.463705756 -0.900516510 1.028538750
v -0.126283158 -0.328947255 1.099968475
v -0.107892722 -0.328947253 1.099998152
v -0.107892722 -0.310525210 1.099999116
v -0.126283133 -0.310525233 1.099969484
v 0.186302234 -0.897627281 0.905788157
v 0.205165528 -0.897405086 0.906134845
v 0.205265309 -0.901385999 0.920100962
v 0.186625538 -0.901638472 0.920023187
v 0.186369638 -0.883047996 0.901974383
v 0.205183401 -0.883042148 0.902531191
v -0.071177996 -0.582635241 0.764708426
v -0.052388434 -0.583094608 0.764337236
v -0.052546840 -0.591611475 0.774004833
v -0.071362859 -0.591095227 0.774484022
v -0.071108152 -0.568951756 0.759966268
v -0.052357382 -0.569157068 0.759367371
v -0.201354222 -0.217067109 0.992858328
v -0.201351159 -0.217066735 1.010712025
v -0.197396003 -0.202603997 1.010711938
v -0.197397340 -0.202602660 0.992858258
v -0.182933265 -0.198648841 1.010712025
v -0.182932891 -0.198645778 0.992858328
v -0.198508128 -0.569174822 0.759230435
v -0.201332379 -0.568748615 0.777702238
v -0.201126108 -0.550120608 0.777987994
v -0.201693750 -0.550645185 0.759274428
v -0.200002888 -0.513157517 0.849997749
v -0.200000768 -0.513157894 0.867856815
v -0.200001240 -0.494736828 0.867856539
v -0.200000773 -0.494736151 0.849999601
v 0.057894760 -0.897396743 1.097476519
v 0.039473215 -0.897396664 1.097476961
v 0.057894712 -0.882932532 1.101312159
v 0.039473126 -0.882932503 1.101312694
v 0.149999990 -0.899996716 1.010713236
v 0.168420923 -0.899998838 1.010710319
v 0.168421022 -0.899968015 1.028539311
v 0.150000004 -0.899968037 1.028539205
v -0.052631554 -0.402631579 1.099999976
v -0.034210523 -0.402631579 1.100000003
v -0.034210518 -0.384210524 1.099999997
v -0.052631553 -0.384210526 1.099999979
v -0.199999970 -0.347368446 0.939285711
v -0.199999949 -0.347368447 0.957142832
v -0.200000088 -0.328947255 0.957142832
v -0.199965442 -0.292107317 1.028539743
v -0.199983650 -0.292107033 1.046415343
v -0.199951445 -0.273715925 1.046416232
v -0.199934115 -0.273716534 1.028540095
v -0.196431500 -0.638317499 0.800135548
v -0.196053474 -0.638081399 0.808395895
v -0.198714885 -0.624914640 0.813351094
v -0.198666496 -0.625144866 0.795792217
v -0.183076509 -0.639935705 0.799657478
v -0.183225593 -0.640442373 0.813324830
v -0.183395435 -0.629597865 0.791542381
v -0.188100987 -0.629773776 0.818913182
v -0.070923368 -0.678284479 0.867551737
v -0.071168225 -0.664387607 0.864064772
v -0.052330061 -0.664109614 0.864612164
v -0.052341527 -0.678036900 0.868372092
v 0.113157876 -0.513157964 1.099999840
v 0.131578842 -0.513158005 1.100000161
v 0.131578993 -0.494736136 1.100002579
v 0.113157807 -0.494736915 1.100000763
v 0.002913127 -0.198622415 0.831424962
v 0.002618317 -0.199685322 0.849971545
v 0.021171654 -0.199095622 0.849749735
v 0.021590412 -0.198814572 0.831225314
v 0.501809759 -0.882975018 1.064864705
v 0.501809759 -0.863755170 1.083496190
v 0.502142374 -0.883214936 1.083728765
v 0.260385106 -0.901090572 0.920544302
v 0.260517549 -0.900363781 0.939137012
v 0.242113159 -0.900506141 0.938930944
v 0.315647405 -0.417543732 0.889339508
v 0.316394337 -0.425223473 0.899971527
v 0.334229177 -0.424129292 0.903322247
v 0.333605585 -0.416805269 0.890086390
v 0.315201997 -0.435405309 0.907091871
v 0.328905037 -0.433915347 0.909138641
v -0.015489696 -0.587919016 0.774867356
v -0.009412163 -0.574313665 0.772128871
v 0.003348240 -0.568696029 0.775409427
v 0.002629333 -0.586867985 0.778366894
v -0.199986133 -0.439473686 1.046415130
v -0.200547962 -0.439473685 1.064816904
v -0.200547964 -0.421052632 1.064816904
v -0.199986134 -0.421052632 1.046415129
v -0.070370688 -0.420736900 0.781958835
v -0.070537096 -0.402991216 0.782360316
v -0.065539753 -0.408038248 0.792210656
v -0.065495517 -0.415670683 0.792128054
v -0.089732263 -0.421214866 0.778513049
v -0.089739680 -0.402366199 0.778954261
v -0.011117837 -0.655925989 0.818641755
v -0.011985074 -0.657002758 0.831626606
v -0.018685870 -0.641978742 0.831974755
v -0.011854476 -0.642479763 0.817920410
v -0.003585456 -0.655795277 0.818914149
v 0.002243054 -0.642701090 0.816543465
v 0.007284910 -0.648223476 0.826586329
v 0.001893187 -0.658292470 0.831450091
v -0.199962833 -0.568413927 0.992856137
v -0.199951468 -0.568389978 1.010707224
v -0.199984457 -0.549996719 1.010712746
v -0.199998894 -0.550002280 0.992858894
v -0.126301661 -0.642904394 0.813503924
v -0.126168251 -0.641789274 0.832235010
v -0.144376463 -0.641827936 0.832108121
v 0.297620214 -0.878573316 0.870400261
v 0.316134058 -0.882968930 0.869299238
v 0.310849218 -0.889161355 0.878488420
v 0.296245297 -0.887036796 0.880224038
v 0.297366330 -0.863106162 0.867077033
v 0.315499596 -0.863232401 0.867047987
v -0.201352219 -0.513157637 1.083455511
v -0.197395420 -0.513154843 1.097475136
v -0.197396987 -0.494737381 1.097476953
v -0.201353756 -0.494737620 1.083455384
v -0.182932818 -0.513152546 1.101309050
v -0.182932837 -0.494737294 1.101312612
v 0.463705859 -0.715789474 1.100531190
v 0.482932536 -0.715789474 1.101312152
v 0.482932535 -0.697368421 1.101312152
v 0.463705859 -0.697368421 1.100531190
v 0.224307399 -0.457395358 0.799697453
v 0.223668634 -0.439394262 0.798604100
v 0.241937068 -0.439147037 0.795519339
v 0.242613147 -0.457330321 0.795952744
v 0.223684211 -0.882932535 1.101312152
v 0.242105263 -0.882932535 1.101312152
v 0.242105263 -0.863705859 1.100531189
v 0.223684211 -0.863705859 1.100531189
v 0.209790682 -0.452892991 0.979740852
v 0.209463235 -0.454331542 0.988016682
v 0.222944142 -0.456106262 0.992841982
v 0.223706242 -0.454071416 0.979141859
v 0.150000000 -0.715789474 1.100000000
v 0.168421053 -0.715789474 1.100000000
v 0.168421053 -0.697368421 1.100000000
v 0.150000000 -0.697368421 1.100000000
v 0.278947368 -0.734210523 1.099999997
v 0.297368421 -0.734210523 1.099999997
v 0.297368421 -0.715789474 1.100000000
v 0.278947368 -0.715789474 1.100000000
v 0.444722497 -0.899987180 0.992857556
v 0.463705577 -0.900550830 0.992857200
v 0.444723098 -0.899984234 1.010712516
v -0.182933472 -0.198644539 0.867855272
v -0.182932523 -0.198646107 0.885714210
v -0.163705795 -0.199451402 0.885713905
v -0.163705770 -0.199450405 0.867855070
v 0.205263115 -0.568421146 1.100000276
v 0.223684254 -0.568420724 1.100001146
v 0.223684733 -0.549998060 1.100001527
v 0.205263375 -0.549999179 1.100002509
v 0.002707867 -0.788638668 0.886454419
v 0.002792451 -0.770611704 0.886149145
v 0.021264662 -0.771230015 0.882530299
v 0.021238581 -0.789747772 0.885384795
v -0.002383763 -0.378356000 0.783582901
v 0.003319398 -0.365793336 0.780566392
v 0.009005764 -0.371597620 0.789591629
v 0.002501484 -0.384336197 0.793143999
v -0.016502517 -0.380037866 0.782605214
v -0.015991224 -0.387841250 0.792633710
v -0.015361607 -0.365841451 0.778360765
v 0.334679497 -0.443591598 0.764142962
v 0.334158335 -0.435321320 0.774435849
v 0.347041236 -0.433904885 0.772522817
v 0.352154775 -0.439615243 0.762772821
v 0.333679896 -0.458108252 0.762687214
v 0.352092272 -0.457937808 0.759885708
v 0.224433941 -0.435782678 1.028426353
v 0.223727717 -0.436508616 1.046298548
v 0.242059149 -0.442891711 1.046054422
v 0.243077270 -0.439170556 1.028575159
v 0.150000133 -0.899980621 0.992875239
v 0.131578774 -0.899994786 1.010715486
v 0.043160103 -0.402821164 0.800355002
v 0.034934543 -0.402944228 0.811278281
v 0.039189516 -0.384262163 0.811468795
v 0.039294315 -0.383955027 0.800683917
v 0.057644619 -0.380155630 0.810487682
v 0.057510585 -0.387510115 0.799656901
v 0.352103279 -0.839217362 0.873270852
v 0.371165141 -0.839419030 0.872963722
v 0.370658524 -0.848102426 0.882645689
v 0.352038341 -0.847634737 0.883013860
v 0.352411847 -0.830304678 0.864085850
v 0.371382933 -0.830833304 0.863705233
v 0.150696698 -0.273525956 0.957607847
v 0.147088047 -0.255274318 0.956902185
v 0.144553602 -0.260986331 0.969713753
v 0.147908437 -0.274191064 0.975464443
v 0.137509802 -0.250075471 0.962781738
v -0.015789468 -0.402631575 1.099999998
v 0.002631564 -0.402631582 1.099999862
v 0.002631466 -0.384210581 1.099999877
v -0.015789479 -0.384210528 1.099999913
v -0.183193818 -0.716005006 0.881786405
v -0.182218089 -0.697472382 0.885770275
v -0.163207445 -0.696680409 0.883007474
v -0.169501703 -0.710234052 0.879565903
v 0.126633491 -0.230832793 0.854611534
v 0.129061147 -0.216662562 0.852508023
v 0.132672449 -0.217270589 0.866670651
v 0.129571615 -0.236615226 0.867245978
v 0.113809771 -0.236637474 0.851879089
v 0.119426454 -0.242538233 0.861524087
v 0.114867784 -0.217215337 0.848589924
v 0.039358601 -0.845716832 0.902377495
v 0.039734141 -0.830709136 0.898939219
v 0.058019201 -0.826403726 0.900607722
v 0.168187748 -0.863573800 0.902980604
v 0.168318433 -0.844479600 0.903828605
v 0.186516202 -0.844378529 0.903980031
v 0.186538956 -0.863796644 0.903199445
v -0.163706716 -0.513155394 1.100527237
v -0.144723289 -0.513157503 1.099984418
v -0.144722986 -0.494737343 1.099987169
v -0.163706036 -0.494737458 1.100531695
v 0.136627899 -0.316225409 0.961442413
v 0.135478440 -0.314771039 0.974571404
v -0.200530524 -0.236293552 0.850007212
v -0.200545611 -0.236294284 0.867858364
v -0.201353326 -0.217067226 0.867856252
v -0.201337392 -0.217065959 0.850007970
v 0.039473813 -0.623684140 1.099999938
v 0.057894751 -0.623684208 1.099999902
v 0.057894730 -0.605263163 1.099999989
v 0.039473714 -0.605263153 1.099999845
v 0.334544078 -0.402835913 0.782041262
v 0.328936999 -0.396350823 0.790203127
v 0.334034148 -0.383378176 0.792814270
v 0.339686605 -0.389582169 0.784446970
v 0.352635700 -0.380042523 0.792353165
v 0.353264275 -0.387934115 0.782164721
v 0.352125942 -0.402270251 0.775192252
v 0.426203651 -0.461533201 1.042206977
v 0.425854845 -0.453776573 1.028760112
v 0.426181297 -0.472481446 1.049816403
v 0.500001601 -0.771052771 0.974999731
v 0.500000458 -0.752631464 0.975000164
v 0.500000976 -0.752631543 0.992858257
v 0.500001200 -0.771052701 0.992858321
v 0.402462560 -0.895515901 0.890120986
v 0.407652384 -0.882762376 0.887665786
v 0.412754281 -0.887856936 0.897817158
v 0.407613327 -0.898305527 0.902607807
v 0.389252603 -0.897322768 0.888308967
v 0.389748169 -0.901349570 0.902375247
v 0.389681822 -0.882469717 0.884853338
v 0.499987308 -0.789474772 1.046415080
v 0.499986273 -0.771052733 1.046415117
v 0.500548113 -0.771052739 1.064816874
v 0.500548889 -0.789474898 1.064816975
v -0.200000227 -0.328947255 0.975000110
v -0.200001219 -0.310525210 0.975000110
v -0.200001081 -0.310525210 0.957142832
v 0.094604385 -0.568535821 0.778637568
v 0.094546024 -0.549863064 0.778885903
v 0.113144410 -0.549985448 0.777918022
v 0.113274155 -0.568650018 0.777807271
v 0.021053292 -0.199997777 0.921426971
v 0.021053081 -0.199996405 0.939285431
v 0.039475550 -0.199994202 0.939286946
v 0.039476836 -0.199997151 0.921428098
v 0.420245477 -0.783887259 0.838058277
v 0.425958788 -0.770295688 0.835676164
v 0.430952496 -0.776490191 0.844928519
v 0.426409878 -0.789930846 0.847001008
v 0.407526627 -0.789515436 0.831816880
v 0.413399414 -0.795556529 0.843574016
v 0.411967027 -0.772225423 0.827613333
v 0.501372338 -0.844715133 1.083430993
v 0.497385786 -0.844731153 1.097465813
v 0.497622176 -0.863803087 1.097694967
v 0.482975018 -0.863755170 1.101754358
v 0.482907761 -0.844715133 1.101330328
v -0.200000043 -0.457894731 0.903571437
v -0.199999987 -0.457894737 0.921428574
v -0.199999997 -0.439473683 0.921428574
v -0.200000060 -0.439473682 0.903571457
v -0.033674772 -0.623187826 0.814284158
v -0.015879112 -0.626301670 0.813421328
v -0.021860284 -0.628156032 0.827384146
v -0.034456465 -0.624735042 0.833541508
v 0.264544506 -0.453333789 1.028447994
v 0.260673989 -0.454149582 1.046345934
v 0.278600518 -0.457717587 1.046770958
v 0.279610987 -0.461414869 1.028288021
v -0.199939414 -0.549987364 1.028540986
v -0.199967298 -0.531579685 1.028540561
v -0.199999289 -0.531580331 1.010712462
v -0.126283163 -0.200032666 0.921428577
v -0.126283157 -0.200032650 0.939285713
v -0.107892721 -0.200002031 0.939285713
v -0.107892719 -0.200001976 0.921428572
v 0.499979088 -0.494741132 0.939286471
v 0.499973314 -0.476365278 0.957126617
v 0.499954000 -0.494755157 0.957142178
v -0.200337634 -0.678926504 0.957301311
v -0.201120001 -0.679074156 0.975850386
v -0.201084228 -0.660633305 0.975485448
v -0.200129712 -0.660506945 0.957158704
v 0.242154336 -0.513559125 0.793070795
v 0.242616614 -0.495474634 0.796736569
v 0.256510450 -0.494623336 0.792328894
v 0.254559063 -0.508117791 0.790467166
v 0.113157708 -0.899995597 1.010714700
v 0.131578956 -0.899968050 1.028539702
v 0.113157890 -0.899968280 1.028539631
v 0.021238244 -0.696734078 0.867664393
v 0.021171616 -0.682457953 0.864308240
v 0.039321482 -0.682288446 0.864500798
v 0.039651201 -0.696478468 0.868291597
v 0.260526316 -0.697368421 1.100000000
v 0.278947368 -0.697368421 1.100000000
v 0.278947368 -0.678947368 1.100000000
v 0.260526316 -0.678947368 1.100000000
v -0.066657358 -0.840580341 0.974856923
v -0.064698536 -0.839518945 0.987819503
v -0.066700303 -0.826164917 0.988819969
v -0.073541910 -0.826600648 0.975313024
v -0.056421665 -0.848720421 0.975604786
v -0.055530770 -0.845308650 0.993540230
v -0.056434338 -0.826915961 0.996758657
v 0.499986585 -0.586842066 1.046415082
v 0.499987704 -0.568419617 1.046415500
v 0.500547433 -0.568418996 1.064817753
v 0.500548418 -0.586841560 1.064817005
v 0.297368421 -0.789474790 1.100001072
v 0.315789474 -0.789474790 1.100001072
v 0.315789474 -0.771052745 1.100000110
v 0.297368421 -0.771052745 1.100000110
v 0.076265597 -0.606038192 0.777864261
v 0.076204355 -0.587620165 0.777968518
v 0.094921014 -0.587481545 0.777488111
v 0.095074145 -0.606135440 0.777519253
v 0.315786939 -0.550031319 1.099946652
v 0.334207547 -0.550051268 1.099953120
v 0.334210186 -0.531574284 1.100124956
v 0.315780287 -0.531562046 1.099998780
v 0.095316864 -0.274161019 1.083364583
v 0.096268081 -0.255397616 1.083546300
v 0.092124763 -0.255260887 1.097471155
v 0.091549948 -0.273833726 1.097391631
v 0.077675091 -0.255268303 1.101332100
v 0.186842110 -0.899967752 1.028539693
v 0.186842112 -0.899986076 1.046415191
v 0.168421053 -0.899986145 1.046415168
v 0.389474791 -0.623684030 1.100001256
v 0.407892722 -0.623684097 1.099998170
v 0.407892754 -0.605262597 1.099998807
v 0.389474791 -0.605262857 1.100002018
v 0.278173224 -0.568784200 0.780910287
v 0.296340281 -0.564967734 0.781890965
v 0.297353089 -0.572080824 0.793120951
v 0.283554874 -0.574621593 0.790714967
v 0.278651892 -0.550291423 0.777287711
v 0.296703634 -0.549478886 0.777802709
v 0.002631570 -0.550000011 1.099999932
v 0.021052629 -0.550000002 1.100000007
v 0.021052632 -0.531578947 1.100000004
v 0.002631577 -0.531578950 1.100000007
v 0.205184640 -0.864017797 0.903206570
v 0.205642458 -0.844076514 0.900303280
v 0.223878062 -0.844043859 0.900634313
v 0.224430180 -0.863925308 0.903999948
v -0.071052745 -0.384210526 1.100000110
v -0.052631551 -0.365789476 1.099999973
v -0.071052745 -0.365789477 1.100000108
v 0.315789474 -0.901353588 1.083455009
v 0.334210523 -0.897396807 1.097476497
v 0.315789474 -0.897396809 1.097476498
v 0.334210523 -0.882932535 1.101312149
v 0.315789474 -0.882932536 1.101312152
v 0.076315784 -0.623684213 1.099999998
v 0.094736842 -0.623684211 1.100000003
v 0.094736842 -0.605263158 1.100000000
v 0.076315788 -0.605263158 1.100000006
v 0.242105263 -0.734210523 1.099999997
v 0.260526316 -0.734210523 1.099999997
v 0.260526316 -0.715789474 1.100000000
v 0.242105263 -0.715789474 1.100000000
v 0.002631995 -0.901348195 1.083451328
v 0.021050969 -0.897397774 1.097476673
v 0.002639717 -0.897399518 1.097463545
v 0.021052311 -0.882932741 1.101311619
v 0.002646613 -0.882933530 1.101295527
v 0.228055356 -0.453088006 0.926551741
v 0.222418638 -0.443493030 0.920364768
v 0.216969631 -0.446182585 0.934023229
v 0.208588185 -0.436364596 0.921359887
v -0.182932548 -0.476315982 1.101312272
v -0.163705838 -0.476315903 1.100531341
v -0.163705852 -0.457894722 1.100531183
v -0.182932527 -0.457894736 1.101312143
v 0.426080360 -0.417396323 0.924857725
v 0.426777355 -0.424018252 0.939044141
v 0.440257009 -0.416337671 0.940077702
v 0.438910990 -0.414852493 0.926558574
v -0.071892968 -0.862753181 1.030752731
v -0.075968365 -0.858076439 1.045552018
v -0.068314738 -0.844354108 1.046625714
v -0.065646106 -0.850210066 1.033607681
v -0.052042095 -0.840806547 1.042623617
v 0.002632404 -0.347368244 1.100001677
v 0.021055019 -0.347367783 1.099997042
v 0.021048562 -0.328948002 1.099985742
v 0.002632970 -0.328947102 1.100000368
v 0.352932605 -0.678670510 0.798993806
v 0.352363350 -0.660894944 0.795923173
v 0.370803451 -0.660780674 0.795484417
v 0.370608409 -0.679633795 0.795565356
v -0.011976853 -0.305456512 0.811162081
v -0.011790656 -0.297902144 0.810784448
v 0.001801146 -0.296924634 0.811935661
v 0.001702457 -0.306177468 0.812461314
v 0.407804430 -0.549695143 0.793231320
v 0.426445521 -0.534859788 0.792929589
v 0.425970945 -0.549661329 0.793547319
v -0.163483649 -0.329730282 0.763436415
v -0.168062584 -0.311190599 0.764407219
v -0.158850604 -0.310682760 0.775761168
v -0.158567202 -0.324282742 0.773767747
v -0.182733902 -0.329643258 0.759014168
v -0.183192921 -0.310998012 0.758336465
v 0.351852091 -0.438089230 0.976023089
v 0.352347081 -0.442481012 0.989683102
v 0.370439672 -0.442782443 0.989566047
v 0.352335900 -0.452674023 0.997384863
v 0.371194757 -0.453111316 0.997289509
v -0.034298846 -0.383924711 0.781791102
v -0.029126819 -0.389393461 0.791123666
v -0.034291334 -0.366161106 0.777876570
v -0.157453485 -0.801442082 0.908877681
v -0.163298450 -0.805479903 0.920995967
v -0.168993134 -0.795860932 0.914567112
v -0.163453568 -0.790142753 0.902740333
v -0.144022830 -0.804290719 0.906931797
v -0.145448485 -0.811439704 0.921035891
v -0.145564161 -0.793890111 0.898919561
v -0.034210402 -0.200033142 0.867870430
v -0.034209328 -0.199996451 0.885712890
v -0.015787360 -0.200010908 0.885713726
v -0.015800120 -0.200076693 0.867882966
v 0.426383347 -0.476364420 1.064228386
v 0.426185272 -0.478766970 1.083021613
v 0.443962157 -0.471961266 1.083306440
v 0.440361226 -0.471445656 1.064697353
v 0.352631154 -0.550040125 1.099988675
v 0.371055873 -0.549971827 1.100015456
v 0.371040111 -0.531204218 1.100494401
v 0.352624200 -0.531462784 1.100293508
v 0.168335870 -0.619559361 0.800238449
v 0.186854325 -0.619942819 0.799339126
v 0.186880101 -0.626736773 0.813704853
v 0.168551723 -0.626610449 0.814059988
v 0.168288140 -0.605716937 0.795961384
v 0.186780864 -0.606169589 0.795633309
v -0.196664877 -0.619436415 0.782997609
v -0.201864406 -0.606349544 0.795423597
v -0.198549932 -0.606403793 0.777226229
v -0.182925381 -0.621195745 0.781505218
v 0.500074489 -0.384296938 0.850002874
v 0.500598027 -0.365856511 0.850157269
v 0.501269021 -0.365531057 0.868592271
v 0.500940582 -0.384130280 0.868097776
v 0.242944822 -0.863438916 0.904569666
v 0.256834633 -0.863736360 0.900576512
v 0.256554250 -0.882733055 0.899319299
v 0.499984215 -0.531578661 0.867863607
v 0.499994196 -0.513158847 0.867859469
v 0.500002474 -0.513158207 0.885713033
v -0.197541557 -0.716220166 0.888923804
v -0.201522350 -0.715965314 0.902699392
v -0.201216177 -0.697527124 0.903083841
v -0.197173907 -0.697837430 0.889524198
v 0.500509962 -0.457756001 0.957142682
v 0.500987575 -0.457504749 0.975029157
v 0.500135520 -0.476313635 0.974971592
v 0.371052755 -0.897396860 1.097476548
v 0.352631552 -0.897396796 1.097476486
v 0.371052765 -0.882932529 1.101312248
v 0.352631552 -0.882932525 1.101312139
v 0.407892722 -0.771052747 1.099998152
v 0.426283158 -0.771052745 1.099968475
v 0.426283158 -0.752631554 1.099968340
v 0.407892720 -0.752631554 1.099998021
v 0.501380755 -0.660779887 0.812963509
v 0.501572315 -0.642256889 0.812940694
v 0.500689893 -0.642110366 0.831613741
v 0.500959342 -0.660566614 0.831579900
v 0.500001109 -0.605263130 0.903570347
v 0.500000989 -0.586842083 0.903570688
v 0.500000140 -0.586842106 0.921428430
v 0.500000069 -0.605263159 0.921428428
v -0.034602643 -0.310501168 0.778206275
v -0.034498996 -0.292558719 0.781362003
v -0.029290610 -0.297098357 0.791463362
v -0.029456326 -0.306057972 0.791144548
v -0.052435888 -0.306579793 0.774227485
v -0.052702919 -0.292412816 0.778338600
v 0.334210534 -0.605262738 1.100000535
v 0.352631549 -0.605262548 1.100000578
v 0.352631561 -0.586841766 1.099999199
v 0.334210575 -0.586840131 1.100000755
v -0.202267904 -0.217107406 0.795783770
v -0.197394459 -0.202625734 0.814298850
v -0.197824051 -0.202397550 0.795801225
v -0.182906184 -0.198637565 0.814329918
v -0.182994529 -0.198011878 0.795867300
v 0.499944698 -0.752631624 0.921443885
v 0.499981026 -0.734213616 0.921435895
v 0.500001053 -0.734211117 0.939285546
v 0.464159346 -0.332689273 0.817351281
v 0.462207185 -0.324069767 0.827891035
v 0.476851872 -0.321390430 0.825139538
v 0.482786131 -0.327639946 0.812856228
v 0.462861260 -0.343326844 0.809944835
v 0.477075858 -0.340538474 0.807410677
v -0.036122317 -0.732322365 1.014077648
v -0.035510686 -0.732861655 1.027085810
v -0.038075386 -0.719840135 1.022141164
v -0.037533881 -0.719484792 1.014222836
v 0.499997984 -0.697368421 1.010712330
v 0.499997984 -0.678947368 1.010712331
v 0.499967367 -0.678947368 1.028539795
v 0.499967367 -0.697368421 1.028539795
v -0.035981288 -0.752620658 1.101196366
v -0.016437976 -0.752630738 1.100529557
v -0.016358848 -0.734217566 1.100558586
v -0.035570630 -0.734206703 1.101282070
v -0.199950388 -0.292111497 0.832179838
v -0.199983833 -0.292107965 0.850007648
v -0.199952048 -0.273716686 0.850007497
v -0.199983006 -0.273720692 0.832141828
v 0.462804400 -0.458028730 0.762574040
v 0.468526827 -0.451604278 0.771665466
v 0.483379603 -0.453892413 0.773262065
v 0.482367955 -0.462328900 0.762758495
v 0.463321532 -0.476424646 0.762744244
v 0.482510862 -0.476600670 0.762043457
v 0.499948714 -0.826281497 0.957160623
v 0.499981721 -0.807891005 0.957148056
v 0.499998310 -0.807893054 0.974998169
v 0.499966439 -0.826283170 0.974999693
v 0.021052773 -0.605263031 1.100000133
v 0.039473678 -0.586842113 1.099999968
v 0.021052672 -0.586842093 1.099999818
v -0.198091084 -0.421376804 0.777543739
v -0.200822469 -0.421437175 0.796166283
v -0.201226094 -0.402885243 0.795897976
v -0.201643314 -0.403249285 0.777066676
v -0.129151315 -0.625973980 1.045004345
v -0.144381602 -0.622367082 1.044876235
v 0.168421053 -0.844722976 1.099986558
v 0.186842105 -0.844722976 1.099986558
v 0.186842105 -0.826283157 1.099968366
v 0.168421053 -0.826283157 1.099968366
v 0.098082932 -0.274362336 1.013780668
v 0.112642932 -0.274003573 1.010269071
v 0.112928687 -0.255470184 1.007363628
v 0.098186277 -0.255934199 1.013624927
v 0.224078146 -0.659708443 0.836079445
v 0.223352297 -0.641246021 0.829813391
v 0.241434696 -0.645523848 0.828332800
v 0.242063572 -0.660868294 0.832286575
v 0.186851347 -0.900712804 0.938750200
v 0.205290923 -0.900544342 0.938736093
v 0.205269747 -0.899961507 0.957154575
v 0.186864780 -0.899970996 0.957178730
v 0.402964414 -0.490181195 1.051081580
v 0.403641451 -0.491633432 1.063726112
v 0.412137611 -0.481413249 1.063100046
v -0.201332061 -0.217074235 1.028535591
v -0.201372338 -0.217092239 1.046407527
v -0.197385786 -0.202614214 1.046423057
v -0.197381657 -0.202618343 1.028537535
v -0.182907761 -0.198627662 1.046407527
v -0.182925765 -0.198667939 1.028535591
v -0.200534161 -0.568380757 0.796331556
v -0.199889297 -0.549980474 0.814339940
v -0.200081080 -0.549950982 0.796461801
v 0.445303943 -0.549207125 0.797085516
v 0.444496326 -0.535174486 0.793317232
v 0.457903128 -0.537238127 0.791188840
v 0.463652793 -0.550089850 0.793555316
v 0.463706712 -0.807893166 1.100527975
v 0.482933265 -0.807892404 1.101309797
v -0.199999842 -0.513157879 0.885714381
v -0.199999887 -0.513157888 0.903571447
v -0.199999953 -0.494736846 0.903571439
v -0.199999983 -0.494736864 0.885714253
v 0.113153059 -0.439478496 1.099954473
v 0.131560863 -0.439502147 1.099960593
v 0.131564769 -0.421058885 1.100251825
v 0.113126836 -0.421065537 1.099965307
v 0.002497685 -0.843675484 0.907768933
v 0.002524235 -0.825489229 0.903731736
v 0.020997277 -0.826454106 0.900304303
v 0.020711587 -0.844634223 0.903732131
v -0.121126624 -0.820918420 0.908354423
v -0.126890535 -0.823965466 0.921073045
v -0.132147091 -0.814032504 0.914983461
v -0.126363816 -0.808234824 0.902540213
v -0.108031030 -0.827298161 0.905643878
v -0.113245846 -0.831728598 0.920741152
v 0.150000000 -0.899986203 1.046415053
v 0.168421053 -0.900547948 1.064816920
v 0.150000000 -0.900547948 1.064816916
v -0.200000088 -0.347368447 0.975000110
v -0.200001081 -0.347368447 0.992858215
v -0.200001219 -0.328947255 0.992858215
v -0.195863367 -0.637262172 0.836514871
v -0.198284827 -0.642726388 0.849536799
v -0.201208312 -0.624345687 0.849369585
v -0.197795632 -0.623666180 0.832072543
v -0.182019050 -0.638603853 0.831705724
v -0.182103000 -0.626831702 0.832745975
v -0.176497641 -0.628280515 0.843926911
v -0.181635257 -0.642155332 0.846284065
v -0.200544648 -0.292106834 1.064817731
v -0.201351159 -0.292107596 1.083455716
v -0.201332061 -0.273721180 1.083448446
v -0.200516545 -0.273717944 1.064816795
v 0.002607632 -0.200065975 0.867919305
v 0.002628746 -0.200041497 0.885726671
v 0.021047853 -0.200044070 0.885747267
v 0.021045108 -0.199865589 0.867890797
v -0.129539706 -0.550660443 0.746057626
v -0.131305084 -0.537236332 0.747902303
v -0.125645517 -0.531568600 0.757568962
v -0.121870265 -0.550340490 0.756272959
v -0.144337602 -0.532147334 0.745158091
v -0.138945602 -0.525980936 0.755107848
v -0.143663367 -0.550421329 0.741725348
v 0.242105798 -0.900003900 0.957135704
v 0.260530212 -0.899986573 0.957185856
v 0.260526916 -0.899980237 0.975015603
v 0.242105093 -0.899973901 0.975016877
v -0.047197169 -0.827080761 1.006492437
v -0.201353587 -0.439473682 1.083455008
v -0.197396807 -0.439473681 1.097476496
v -0.197396809 -0.421052632 1.097476498
v -0.201353588 -0.421052632 1.083455009
v -0.182932535 -0.439473680 1.101312149
v -0.182932535 -0.421052631 1.101312152
v -0.200463598 -0.734137153 0.939405024
v -0.200972998 -0.734279784 0.957994873
v -0.201045494 -0.715906040 0.957824649
v -0.200117187 -0.715753316 0.939288990
v -0.034210343 -0.549999794 1.100000462
v -0.015789446 -0.549999955 1.099999817
v -0.015789484 -0.531578958 1.099999944
v -0.034210504 -0.531578896 1.099999811
v -0.144540160 -0.640888638 0.851150601
v -0.126169236 -0.640902937 0.851336049
v -0.126931475 -0.644449826 0.865057853
v -0.144088319 -0.644916658 0.864835995
v -0.144723196 -0.292107033 1.099984151
v -0.126283103 -0.292107317 1.099966500
v -0.126283466 -0.273716534 1.099936132
v -0.144724113 -0.273715925 1.099952931
v -0.199935828 -0.568390819 1.028530859
v -0.199999258 -0.568404940 1.046386201
v -0.199934734 -0.549974492 1.046411046
v 0.205260398 -0.620016858 0.799121113
v 0.223589698 -0.619895902 0.799558197
v 0.223418744 -0.626643122 0.813840991
v 0.205173448 -0.626764436 0.813679377
v 0.205254953 -0.606218319 0.795176332
v 0.223686968 -0.606182224 0.795378420
v -0.163633189 -0.619929349 0.782513943
v -0.144813757 -0.619679105 0.782879057
v -0.144826688 -0.605755123 0.775228560
v -0.089718420 -0.550240486 0.760387921
v -0.089767809 -0.531375076 0.760642437
v -0.070985301 -0.531468192 0.759965984
v -0.071104849 -0.550168432 0.759502188
v 0.297367827 -0.899995278 0.974999936
v 0.315789052 -0.900000659 0.974998525
v 0.315789524 -0.900002695 0.992857506
v 0.297368233 -0.900003281 0.992857252
v -0.107097740 -0.472030729 0.774480835
v -0.108141657 -0.457736492 0.778930472
v -0.089504204 -0.458119393 0.778938765
v -0.089547610 -0.476586238 0.775822989
v 0.426351342 -0.605380422 0.796685054
v 0.426451617 -0.587167662 0.796540283
v 0.444900346 -0.586915938 0.797127309
v 0.444739974 -0.605297631 0.796588983
v 0.444722963 -0.771052733 1.099986692
v 0.463705855 -0.752631550 1.100531172
v 0.444722977 -0.752631553 1.099986532
v -0.016052575 -0.900982976 0.974700709
v 0.002328218 -0.900970146 0.974890803
v 0.002513159 -0.900521313 0.992867648
v -0.016171145 -0.901220831 0.992623815
v 0.205233201 -0.494778957 1.099939024
v 0.223655081 -0.494767308 1.100146962
v 0.223787569 -0.476124244 1.100932824
v 0.205213026 -0.476373444 1.100245722
v 0.371052716 -0.605262622 1.100000860
v 0.389474769 -0.586847585 1.099997077
v 0.371052733 -0.586844786 1.099997207
v 0.444724118 -0.899951492 1.028540699
v 0.463693236 -0.900557635 1.046404538
v 0.444721789 -0.899974633 1.046413978
v 0.131578947 -0.771052745 1.100000110
v 0.150000000 -0.752631553 1.099999975
v 0.131578947 -0.752631553 1.099999976
v 0.278258169 -0.587317811 0.793089054
v 0.296676148 -0.586906060 0.796428876
v 0.076315790 -0.586842105 1.100000001
v 0.057894735 -0.586842106 1.100000008
v 0.131578952 -0.899986265 1.046415037
v 0.205263158 -0.844722976 1.099986558
v 0.223684211 -0.844722976 1.099986558
v 0.223684211 -0.826283157 1.099968366
v 0.205263158 -0.826283157 1.099968366
v 0.426283466 -0.826283466 1.099936132
v 0.444724113 -0.826284075 1.099952931
v 0.444723196 -0.807892967 1.099984151
v 0.426283103 -0.807892683 1.099966500
v 0.113310100 -0.790093331 0.885425137
v 0.113206242 -0.775992859 0.880638215
v 0.131794412 -0.775511415 0.881207419
v 0.131906308 -0.789513869 0.889016655
v 0.278955628 -0.899947221 0.957186382
v 0.297371380 -0.899947663 0.957159195
v 0.278947977 -0.899984086 0.975007320
v 0.135695366 -0.236625951 0.885129717
v 0.133155660 -0.217501902 0.885073100
v 0.136770424 -0.216656039 0.899509601
v 0.138161456 -0.230865796 0.897554088
v -0.163705859 -0.439473681 1.100531186
v -0.144722976 -0.439473683 1.099986555
v -0.144722976 -0.421052632 1.099986558
v -0.163705859 -0.421052632 1.100531189
v 0.020928243 -0.674245256 0.854752332
v 0.039904211 -0.674051457 0.855019109
v 0.020801398 -0.664730549 0.846495239
v 0.039905155 -0.663714990 0.847058573
v 0.427378938 -0.455331876 0.960426200
v 0.439569819 -0.454281185 0.961106849
v 0.441051449 -0.439995321 0.960733352
v 0.426683332 -0.440623038 0.954008026
v 0.334249638 -0.901429269 0.902689030
v 0.352596465 -0.901386579 0.902924567
v 0.352612534 -0.900517112 0.921082774
v 0.334208731 -0.900487467 0.921290171
v 0.131578948 -0.568421051 1.100000009
v 0.150000004 -0.568421046 1.100000001
v 0.150000002 -0.550000013 1.099999857
v 0.131578953 -0.549999994 1.099999989
v 0.483513076 -0.863715527 0.887750552
v 0.476929615 -0.857627690 0.898705681
v 0.478294995 -0.843975039 0.900876088
v 0.486969586 -0.844533994 0.889333209
v 0.497277992 -0.863881484 0.887904512
v 0.497725830 -0.845067721 0.888231164
v 0.501012998 -0.844866136 0.902444472
v 0.501573091 -0.863762544 0.902020934
v -0.107892691 -0.292107309 1.099996147
v -0.089474767 -0.273716867 1.099969484
v -0.107892683 -0.273716897 1.099966500
v -0.200548469 -0.236294177 0.885714158
v -0.200548066 -0.236294138 0.903571376
v -0.201353631 -0.217067474 0.903571423
v -0.201354189 -0.217067523 0.885713870
v 0.113449067 -0.587340569 0.778166598
v 0.113009729 -0.605605665 0.780920844
v -0.030530136 -0.402166160 0.792649677
v -0.016569221 -0.402157645 0.796824889
v 0.497067802 -0.365187397 0.798726985
v 0.497152311 -0.346631666 0.799114339
v 0.501400486 -0.346100924 0.812574556
v 0.482498864 -0.364766527 0.791930371
v 0.482782179 -0.346731752 0.798051912
v 0.389575326 -0.900971309 0.920947383
v 0.407779851 -0.900671740 0.921250043
v 0.407894588 -0.900273057 0.939347649
v 0.389492817 -0.900145038 0.939281547
v -0.034873035 -0.826174787 1.101081843
v -0.015751390 -0.826302124 1.100112303
v -0.015888293 -0.807891622 1.100365167
v -0.035229702 -0.807727063 1.100991773
v 0.501354222 -0.789474906 1.083455354
v 0.501353687 -0.771052765 1.083455003
v 0.497396860 -0.771052755 1.097476548
v 0.497397340 -0.789474834 1.097477013
v 0.246643441 -0.788985046 0.871638165
v 0.238605957 -0.789419892 0.882563877
v 0.237050143 -0.776442308 0.880249699
v 0.242002577 -0.770921903 0.867857513
v 0.254808596 -0.776545507 0.862157509
v 0.260412025 -0.789668431 0.864518818
v -0.199998094 -0.328947253 1.010712333
v -0.199999088 -0.310525210 1.010712332
v -0.200002208 -0.310525208 0.992858217
v 0.021053965 -0.199995386 0.957144157
v 0.021054428 -0.200009868 0.975001765
v 0.039463756 -0.200063603 0.974992131
v 0.039473916 -0.200016130 0.957145669
v -0.107999202 -0.642765050 1.083176649
v -0.095817503 -0.648649876 1.088695769
v -0.090080082 -0.643070420 1.098413583
v -0.108229279 -0.639169376 1.097041431
v -0.089656757 -0.624164840 1.100897199
v -0.108805694 -0.624707899 1.101207674
v 0.024650714 -0.403553033 0.811519030
v 0.026239058 -0.389665540 0.810528449
v -0.199999995 -0.457894737 0.939285711
v -0.199999975 -0.457894737 0.957142832
v -0.199999974 -0.439473684 0.957142832
v -0.199999996 -0.439473684 0.939285711
v -0.052631539 -0.513157855 1.099999816
v -0.034210533 -0.513157904 1.099999965
v -0.034210524 -0.494736845 1.100000005
v -0.052631560 -0.494736850 1.099999964
v 0.076342971 -0.897914702 0.920657303
v 0.094328175 -0.898719604 0.920159602
v 0.094601186 -0.901377983 0.938492339
v 0.076272524 -0.901370140 0.938549929
v -0.125608847 -0.291698640 0.763249682
v -0.126060047 -0.273543570 0.760339062
v -0.107460523 -0.273507349 0.762708778
v -0.107340396 -0.291506784 0.759226012
v -0.034210379 -0.273716842 1.099968497
v -0.015788692 -0.273716866 1.099969448
v -0.015788333 -0.255277078 1.099987732
v -0.034210386 -0.255277032 1.099986695
v 0.026645816 -0.525720150 0.764923928
v 0.021009222 -0.530511038 0.775787440
v 0.020957028 -0.512802365 0.775029577
v 0.025470349 -0.517083100 0.764819250
v 0.039327090 -0.531325257 0.763142851
v 0.034236597 -0.518085582 0.764542248
v 0.038733754 -0.512540630 0.774575221
v 0.039127110 -0.530978925 0.774298776
v 0.260449023 -0.457061028 1.064656750
v 0.261066548 -0.457358541 1.083356727
v 0.278989127 -0.460087310 1.083385385
v 0.278458820 -0.457834784 1.064900662
v -0.126323065 -0.439577277 0.779435675
v -0.126351664 -0.420963567 0.779675222
v -0.108005051 -0.421133521 0.778683679
v -0.108026185 -0.439787612 0.779314265
v -0.200517373 -0.549940770 1.064800163
v -0.200533154 -0.531570260 1.064816073
v -0.199978147 -0.531579119 1.046416734
v -0.067191809 -0.291910420 0.774350727
v -0.071061209 -0.274153482 0.775091169
v -0.052538744 -0.274459997 0.778154295
v 0.499933991 -0.494770492 0.974994112
v 0.500465714 -0.476193722 0.992824853
v 0.499972955 -0.494784789 0.992836342
v -0.126283157 -0.200032660 0.957142833
v -0.126283158 -0.200032521 0.975000110
v -0.107892722 -0.200001906 0.975000111
v -0.107892720 -0.200002043 0.957142833
v -0.198325842 -0.679364113 0.993919180
v -0.196193260 -0.673850774 1.005946898
v -0.197517816 -0.660886883 1.007752949
v -0.201449703 -0.661109605 0.993696447
v -0.182743384 -0.683037322 0.997309157
v -0.182557744 -0.674639713 1.006863039
v -0.182545201 -0.661050139 1.011509062
v 0.113157899 -0.899986253 1.046415063
v 0.131578947 -0.900547952 1.064816902
v 0.113157895 -0.900547946 1.064816906
v 0.204774253 -0.437567993 1.010369082
v 0.199030746 -0.426794863 1.016426550
v 0.205864249 -0.420815610 1.028942325
v 0.211135138 -0.432804343 1.023175167
v 0.185459592 -0.421896107 1.010396195
v 0.192388290 -0.415678687 1.022926929
v 0.191128704 -0.434685198 1.005602338
v 0.076388124 -0.531189610 0.778622611
v 0.076223213 -0.512666009 0.778742448
v 0.094855832 -0.513293711 0.778495279
v 0.094711272 -0.531239617 0.778074233
v -0.198302467 -0.805461339 0.938971372
v -0.196798554 -0.803952258 0.952291103
v -0.198950804 -0.790316994 0.958375115
v -0.202268365 -0.790943620 0.939204118
v -0.182384639 -0.812887552 0.939610664
v -0.182121190 -0.809840317 0.954254685
v -0.183652755 -0.794821321 0.962791422
v -0.053184132 -0.863748900 1.101715993
v -0.034548306 -0.863735465 1.101047236
v -0.034746084 -0.844745965 1.100703443
v -0.053815855 -0.844564607 1.101608406
v 0.463705746 -0.826282056 1.100500732
v 0.482925765 -0.826278820 1.101291284
v 0.057818774 -0.439546679 0.796069083
v 0.076665916 -0.439142546 0.795863979
v 0.501353766 -0.586841391 1.083455307
v 0.501352319 -0.568421353 1.083455477
v 0.497395401 -0.568423406 1.097476027
v 0.497397045 -0.586841629 1.097476910
v 0.482932823 -0.586841363 1.101313243
v 0.482932178 -0.568424761 1.101310886
v 0.223987132 -0.568417024 0.797168460
v 0.224090565 -0.549829540 0.797412751
v 0.242468113 -0.549574155 0.797010081
v 0.242256062 -0.568497495 0.797112245
v 0.316373852 -0.898399080 0.884499182
v 0.334311570 -0.898270931 0.884417495
v 0.315948568 -0.901169612 0.902899094
v -0.016487355 -0.292784169 0.797060285
v 0.001704146 -0.288691608 0.801081837
v 0.002585395 -0.273874618 0.796207295
v -0.144729771 -0.678909591 1.010707633
v -0.139768697 -0.673741159 1.023205648
v -0.144322926 -0.660446115 1.025491948
v -0.150436087 -0.666540185 1.016726347
v -0.126462144 -0.683024394 1.014454563
v -0.125838249 -0.674746125 1.024460644
v -0.125922416 -0.660114231 1.028216031
v 0.186842105 -0.900547951 1.064816908
v 0.186842105 -0.901353589 1.083455007
v 0.168421053 -0.901353587 1.083455008
v -0.126445192 -0.734210108 0.870080835
v -0.126529077 -0.715745676 0.866597310
v -0.107763003 -0.715973492 0.866416819
v -0.108044489 -0.734085655 0.866726902
v -0.145555054 -0.811902745 0.957875388
v -0.132401224 -0.814332955 0.963454455
v -0.126560342 -0.808679021 0.973311652
v -0.144150868 -0.804091068 0.971706947
v -0.127296610 -0.794343965 0.979974574
v -0.144835558 -0.789584451 0.978670459
v 0.150000000 -0.826283157 1.099968366
v 0.168421053 -0.807892720 1.099998045
v 0.150000000 -0.807892720 1.099998045
v -0.157958233 -0.784269392 0.891240734
v -0.169299866 -0.777447964 0.897349434
v -0.162996168 -0.771545033 0.888372718
v -0.144368141 -0.786194777 0.889267342
v -0.144924731 -0.771591607 0.885465678
v -0.199965442 -0.273716897 1.010712294
v -0.199951445 -0.255275887 1.028540685
v -0.199983650 -0.255276804 1.010712570
v 0.058357238 -0.677770718 0.853799608
v 0.057672714 -0.664163428 0.846496173
v 0.070849315 -0.666426688 0.844350878
v -0.052631565 -0.310525210 1.100001033
v -0.052631567 -0.292107280 1.099998005
v 0.371247022 -0.901579902 0.902405077
v 0.371086201 -0.900701450 0.920869979
v -0.088181902 -0.677792597 1.027215626
v -0.084360149 -0.674121763 1.045342383
v -0.092736713 -0.664302940 1.045942451
v -0.094081333 -0.665761132 1.032662820
v -0.076100565 -0.684007573 1.032490240
v -0.074687161 -0.682781065 1.046389651
v -0.066471081 -0.729688978 0.880982395
v -0.066202061 -0.721066313 0.881312965
v -0.053097047 -0.715981776 0.883658459
v -0.053244519 -0.729843940 0.882626754
v 0.242105263 -0.660526316 1.100000000
v 0.260526316 -0.660526316 1.100000000
v 0.260526316 -0.642105263 1.099999999
v 0.242105263 -0.642105262 1.100000000
v -0.089408570 -0.811769348 0.979463904
v -0.075908283 -0.813971181 0.980460891
v -0.070627887 -0.808284453 0.989861002
v -0.088366510 -0.804117687 0.988879623
v -0.070377275 -0.789913432 0.992724214
v -0.089273486 -0.789822644 0.992518976
v 0.150379936 -0.310356513 0.921355500
v 0.151020452 -0.292032785 0.921273619
v 0.151015190 -0.292193017 0.939297375
v 0.150241988 -0.310735161 0.939053216
v 0.297341871 -0.512843262 1.100483263
v 0.315807434 -0.512587034 1.100706022
v 0.315937081 -0.493679606 1.101499302
v 0.297309804 -0.494286781 1.101040337
v 0.284216531 -0.472300893 1.015876593
v 0.284175488 -0.472185449 1.023378877
v 0.291724736 -0.471600583 1.023463971
v 0.291837367 -0.471738066 1.015874623
v 0.057894416 -0.678947402 1.100000542
v 0.076315830 -0.660526309 1.099999958
v 0.057894779 -0.660526309 1.100000286
v -0.071689073 -0.661352426 1.101408059
v -0.053139623 -0.660804085 1.101299918
v -0.052702304 -0.642053614 1.100481771
v -0.071349575 -0.642308733 1.100908035
v 0.425454406 -0.328058699 0.850973138
v 0.426001591 -0.331594616 0.864692529
v 0.443894877 -0.327693728 0.865444580
v 0.439721628 -0.323273898 0.850148299
v 0.425761955 -0.343003022 0.872535220
v 0.443857000 -0.342672226 0.872549398
v 0.094736861 -0.771052745 1.100000088
v 0.113157898 -0.771052745 1.100000106
v 0.113157900 -0.752631553 1.099999972
v 0.094736870 -0.752631553 1.099999950
v 0.204512322 -0.440247635 0.974999933
v 0.223243083 -0.443481711 0.971159380
v 0.223438788 -0.443188522 0.961227371
v -0.015789476 -0.513157898 1.100000009
v 0.002631579 -0.513157894 1.100000004
v 0.002631579 -0.494736842 1.099999999
v -0.015789474 -0.494736842 1.100000003
v 0.002628073 -0.273716900 1.099965873
v 0.021023638 -0.273716581 1.099935879
v 0.021018563 -0.255276029 1.099952265
v 0.002629058 -0.255276864 1.099984042
v -0.089474790 -0.347368447 1.100001048
v -0.071052744 -0.347368446 1.100000086
v -0.071052745 -0.328947255 1.100000219
v -0.089474790 -0.328947255 1.100001182
v -0.074852952 -0.862438725 1.064247097
v -0.071841705 -0.863211470 1.083122035
v -0.072545540 -0.844408164 1.083078896
v -0.072147861 -0.844300086 1.064228004
v 0.131481070 -0.347166771 0.849559445
v 0.125166157 -0.334726724 0.855242843
v 0.128496745 -0.329016790 0.868341175
v 0.135323871 -0.343157004 0.867550583
v 0.112939898 -0.329121509 0.849655524
v 0.117369937 -0.323776957 0.862470284
v 0.119133385 -0.341370456 0.843932759
v -0.163262659 -0.674512998 1.006665601
v -0.163747742 -0.660619189 1.014211124
v -0.197479925 -0.402862025 0.762786136
v -0.201815722 -0.383843861 0.777163728
v -0.197755567 -0.384425216 0.762254848
v -0.182518314 -0.384581246 0.758544746
v -0.182635199 -0.403045608 0.762147317
v -0.015799061 -0.863713069 1.100514731
v 0.002645784 -0.863704779 1.100498593
v 0.002662688 -0.844725158 1.099927100
v -0.015785793 -0.844746184 1.099964389
v -0.164182785 -0.812697180 0.939574109
v -0.148788814 -0.813567296 0.939144571
v -0.163560155 -0.809301194 0.957525647
v 0.039476601 -0.734210487 1.099997182
v 0.057893811 -0.734210518 1.100001036
v 0.057894186 -0.715789487 1.100000809
v 0.039475144 -0.715789517 1.099997340
v 0.334294218 -0.512860250 0.779036567
v 0.334540383 -0.494456070 0.779766426
v 0.352921217 -0.494725328 0.779168388
v 0.352754555 -0.512857844 0.778969264
v 0.389474767 -0.826283133 1.099969484
v 0.407892683 -0.826283103 1.099966500
v 0.407892691 -0.807892691 1.099996147
v 0.389474790 -0.807892722 1.099999116
v 0.352475106 -0.897549404 0.888717470
v 0.371254536 -0.897526726 0.888502830
v 0.352454699 -0.882315550 0.885456295
v 0.370862779 -0.882374626 0.885242926
v -0.106955134 -0.674153476 1.023822329
v -0.107328361 -0.660206662 1.030863671
v 0.463924739 -0.679884332 0.795457058
v 0.463830665 -0.661234633 0.795072023
v 0.483063941 -0.661233732 0.794989685
v 0.482883041 -0.679479327 0.797968372
v -0.015788946 -0.310525196 1.100001704
v 0.002631228 -0.310525227 1.099999829
v 0.002629740 -0.292107247 1.099995481
v -0.015788883 -0.292107264 1.099998835
v -0.200844655 -0.605242184 0.831898806
v -0.201450784 -0.605627264 0.813875145
v 0.501290639 -0.383528610 0.886530875
v 0.498356803 -0.365172887 0.886543794
v 0.496265628 -0.370675369 0.898911616
v 0.498271560 -0.383354983 0.904261711
v 0.482954642 -0.360892687 0.891004404
v 0.482718628 -0.368893315 0.900534586
v 0.482891892 -0.379619059 0.908173157
v 0.020972547 -0.495137506 0.781758827
v 0.039236901 -0.493817371 0.778048408
v 0.169128634 -0.692642348 0.864831470
v 0.168402824 -0.682385329 0.865206703
v 0.182342596 -0.684071603 0.864483673
v 0.187491640 -0.696937152 0.865105302
v 0.500001579 -0.513157619 0.903571272
v 0.500002657 -0.513156834 0.921428773
v 0.500000277 -0.531578970 0.921428573
v -0.200643458 -0.715756652 0.920855948
v -0.199973219 -0.697330048 0.939252815
v -0.200477195 -0.697340896 0.921016727
v 0.501132388 -0.457177344 0.993015592
v 0.501305715 -0.457302412 1.011219732
v 0.501054087 -0.475895712 1.010800229
v 0.407984259 -0.342892682 0.832059822
v 0.404197655 -0.342843385 0.850811566
v 0.411626373 -0.331817596 0.850186332
v 0.407701448 -0.331905172 0.832390878
v 0.426404161 -0.332433148 0.835924092
v 0.426404642 -0.343776161 0.827966365
v 0.352629412 -0.512436731 1.100809162
v 0.334290853 -0.512484597 1.100965330
v 0.200304791 -0.407628168 1.033744326
v 0.201397709 -0.406124454 1.046333360
v 0.208655138 -0.421351620 1.046430990
v 0.186528124 -0.405108153 1.028987474
v 0.186626734 -0.399024538 1.046564051
v -0.053921936 -0.897749755 1.010320242
v -0.052911230 -0.898150924 1.028165087
v -0.057444937 -0.882049002 1.023780148
v -0.056715889 -0.882644997 1.010378820
v -0.034507553 -0.901405075 1.010605100
v -0.033951681 -0.901090289 1.028598868
v 0.500110356 -0.660511006 0.850009240
v 0.499981617 -0.642094524 0.850021838
v 0.499945211 -0.642104464 0.867891919
v 0.499939321 -0.660523366 0.867899742
v 0.499999972 -0.605263159 0.939285734
v 0.499999980 -0.586842104 0.939285724
v 0.499999960 -0.586842105 0.957142837
v 0.499999976 -0.605263157 0.957142837
v -0.144373214 -0.697426910 0.870780231
v -0.149878195 -0.692803893 0.880427566
v -0.149917771 -0.683332683 0.880950705
v -0.144335261 -0.678354045 0.872004853
v -0.125872791 -0.696920755 0.871249468
v -0.125831298 -0.678834143 0.872271028
v -0.120935187 -0.684336904 0.881467498
v -0.120946062 -0.692045746 0.881179360
v -0.197390998 -0.202602478 0.850002173
v -0.197355577 -0.202621176 0.832181803
v 0.241843269 -0.436391487 0.888956970
v 0.241316405 -0.444081947 0.901745353
v 0.260434238 -0.445104369 0.898703496
v 0.260339265 -0.436498727 0.888193767
v 0.247253312 -0.453317184 0.907723566
v 0.260472634 -0.454717289 0.906403874
v 0.260526316 -0.807892720 1.099998045
v 0.278947368 -0.807892720 1.099998045
v 0.278947368 -0.789474790 1.100001072
v 0.260526316 -0.789474790 1.100001072
v 0.500001077 -0.734210393 0.957142589
v 0.500000055 -0.734210493 0.975000124
v 0.112628860 -0.347881318 0.834698865
v 0.107433664 -0.334512806 0.837910557
v 0.094276316 -0.329200698 0.834615244
v 0.100115281 -0.323702687 0.844980920
v 0.094833909 -0.347552120 0.828707119
v 0.229366085 -0.416065855 0.826558768
v 0.242888609 -0.418666829 0.832169340
v 0.241945741 -0.418317065 0.814029164
v -0.197930086 -0.347716915 0.777910157
v -0.200833646 -0.347509143 0.796254229
v -0.201104863 -0.329100383 0.795972725
v -0.201599688 -0.329532338 0.777326554
v 0.499986134 -0.697368421 1.046415129
v 0.499986133 -0.678947368 1.046415129
v 0.500547964 -0.678947368 1.064816904
v 0.500547964 -0.697368421 1.064816904
v -0.199998859 -0.292107200 0.867856279
v -0.199998567 -0.292107254 0.885713876
v -0.199967779 -0.273716835 0.885714158
v -0.199965240 -0.273716672 0.867858456
v 0.502111400 -0.883202802 0.901782617
v 0.501123914 -0.863670002 0.920873482
v 0.501834973 -0.882970898 0.920847557
v 0.499969166 -0.826283153 0.992857534
v 0.499999692 -0.807892804 0.992857848
v 0.499996054 -0.807892690 1.010712346
v 0.499965498 -0.826283103 1.010712267
v -0.200294295 -0.421126055 0.814341307
v -0.200000425 -0.421048019 0.832166797
v -0.199929589 -0.402618649 0.832166989
v -0.200150596 -0.402649492 0.814282219
v 0.462823731 -0.415350419 0.961991561
v 0.463720951 -0.422903693 0.975424005
v 0.482536595 -0.419746249 0.975847797
v 0.482665213 -0.414743766 0.961951581
v 0.315089895 -0.367797001 0.813792800
v 0.315127428 -0.368021379 0.831584675
v 0.333644550 -0.361398166 0.832092250
v 0.333554447 -0.364785952 0.813723770
v 0.297352904 -0.436682684 0.903597599
v 0.297981613 -0.444350328 0.916800732
v 0.316239955 -0.444002730 0.917295078
v 0.297607998 -0.454504208 0.924895579
v 0.316285943 -0.455202960 0.924824339
v -0.200000027 -0.421052635 0.903571457
v -0.200000299 -0.421052698 0.885714250
v -0.200000114 -0.384210526 0.975000110
v -0.200001106 -0.384210526 0.992858215
v -0.200001103 -0.365789477 0.992858215
v -0.200000110 -0.365789477 0.975000110
v 0.389474790 -0.734210523 1.100001069
v 0.407892720 -0.734210523 1.099998042
v 0.407892720 -0.715789474 1.099998046
v 0.389474790 -0.715789474 1.100001072
v 0.186845572 -0.899940026 0.975039615
v 0.205261875 -0.899961079 0.975032778
v 0.205262580 -0.900000795 0.992860101
v 0.186841441 -0.899995796 0.992858945
v -0.199959404 -0.568419333 0.850010952
v -0.199989114 -0.550001405 0.849998776
v -0.199963318 -0.550003672 0.832147483
v -0.201809758 -0.217024982 1.064864705
v -0.202142374 -0.216785064 1.083728765
v -0.197965835 -0.202034165 1.083663946
v -0.197622176 -0.202377824 1.064911155
v -0.183214936 -0.197857626 1.083728765
v -0.182975018 -0.198190242 1.064864705
v 0.021204070 -0.458514192 0.796796506
v 0.021097650 -0.440195305 0.797116261
v 0.039491897 -0.440365664 0.796776665
v 0.039319153 -0.457481330 0.793216067
v 0.168919063 -0.476210766 0.799509471
v 0.162913457 -0.464115629 0.802651279
v 0.167698275 -0.458063920 0.811921411
v 0.173844069 -0.470288308 0.809611290
v 0.149179695 -0.462209375 0.800957357
v 0.149852758 -0.454427477 0.811106999
v 0.150333420 -0.475761666 0.796387674
v -0.200000007 -0.513157900 0.921428565
v -0.200000008 -0.513157902 0.939285713
v -0.200000004 -0.494736842 0.939285712
v -0.200000006 -0.494736842 0.921428573
v -0.127463342 -0.826946497 0.939549605
v -0.113334754 -0.832599834 0.939756882
v -0.108501870 -0.830605338 0.957990596
v -0.126711177 -0.824223645 0.957985944
v 0.039473227 -0.863705856 1.100532611
v 0.021053351 -0.863705237 1.100530225
v -0.150264112 -0.397143719 0.765854850
v -0.148576067 -0.383902760 0.763877705
v -0.140886134 -0.384177444 0.774829952
v -0.144772383 -0.402364635 0.776071865
v -0.163464201 -0.399043049 0.763597879
v -0.162412051 -0.407028922 0.774762552
v -0.163156281 -0.384139039 0.759378367
v -0.201411020 -0.643335991 0.866780834
v -0.201217610 -0.642501513 0.885284083
v -0.200368913 -0.623666442 0.885724269
v -0.201233971 -0.624067453 0.867500946
v 0.076315655 -0.734210523 1.100000139
v 0.094736861 -0.734210523 1.099999975
v 0.094736856 -0.715789474 1.099999984
v 0.076315728 -0.715789474 1.100000121
v 0.002632277 -0.200002017 0.903568787
v 0.002631668 -0.199998287 0.921427609
v 0.021053242 -0.200011907 0.903574541
v 0.371206409 -0.513306327 0.778186883
v 0.371282282 -0.494898853 0.775412556
v 0.389434845 -0.495469945 0.775013469
v 0.242105248 -0.899998523 0.992859577
v 0.260526251 -0.900000133 0.992857906
v 0.260526299 -0.899998644 1.010711729
v 0.242105263 -0.899998702 1.010711787
v 0.094736795 -0.494736928 1.099999872
v 0.113158322 -0.476314786 1.100003193
v 0.094736774 -0.476315831 1.100001316
v -0.034210523 -0.476315789 1.099999998
v -0.034210523 -0.457894737 1.099999997
v 0.205821584 -0.476591635 0.812024867
v 0.218667600 -0.463785766 0.809558744
v 0.220203166 -0.476712329 0.811248874
v -0.071362757 -0.808323380 0.885512143
v -0.071234558 -0.790042520 0.885471076
v -0.052542094 -0.790049671 0.885426223
v -0.052612988 -0.808453062 0.885015794
v 0.260526317 -0.605263181 1.100000013
v 0.278947364 -0.605263126 1.100000003
v 0.278947332 -0.586841622 1.100000605
v 0.260526313 -0.586841788 1.100000465
v 0.039449335 -0.310526150 1.099996032
v 0.021037953 -0.310525930 1.099981662
v -0.198125293 -0.734452691 0.976086877
v -0.196132461 -0.728983444 0.988756865
v -0.197721442 -0.716064248 0.990311796
v -0.201529550 -0.716335026 0.976304050
v -0.183167754 -0.738423238 0.979921327
v -0.182661834 -0.730476533 0.990070325
v -0.182991198 -0.715840796 0.993656185
v -0.108120475 -0.402198005 0.779086546
v -0.108221494 -0.384026980 0.779461235
v -0.089546008 -0.383946334 0.778932360
v -0.200734012 -0.568428559 1.064800001
v -0.201617334 -0.568622193 1.083506886
v -0.201375023 -0.549952510 1.083432526
v 0.058107810 -0.512393394 0.777698380
v 0.057540380 -0.493865767 0.777866651
v 0.076169920 -0.494250263 0.781538054
v -0.068113969 -0.895817934 0.997476110
v -0.067803076 -0.895919997 1.004477718
v -0.067981221 -0.888227581 1.004892872
v -0.067638675 -0.888206979 0.997778580
v -0.054147471 -0.896603992 0.997028711
v -0.053601753 -0.882309540 0.996427786
v 0.297368427 -0.899998343 1.010712317
v 0.315789497 -0.899998022 1.010712369
v 0.315789474 -0.899967316 1.028539817
v 0.297368427 -0.899967316 1.028539833
v -0.071052733 -0.200013732 1.046415118
v -0.071052741 -0.199451897 1.064816876
v -0.052631568 -0.199452000 1.064816899
v -0.052631569 -0.200013831 1.046415132
v 0.210591017 -0.839225414 0.890038616
v 0.205885013 -0.826009607 0.900623833
v 0.210741165 -0.831176196 0.890449141
v 0.218440551 -0.839215668 0.890317710
v 0.218647021 -0.831149424 0.890736402
v 0.223898322 -0.825949001 0.900792566
v -0.015837332 -0.901117249 1.010718433
v 0.002650632 -0.900158819 1.010742996
v 0.002649740 -0.899942716 1.028548852
v -0.015689210 -0.900464913 1.028593187
v -0.089474790 -0.421052632 1.100001072
v -0.071052745 -0.421052632 1.100000110
v -0.071052745 -0.402631579 1.100000110
v -0.089474790 -0.402631579 1.100001072
v -0.108184059 -0.696945386 0.871326919
v -0.113297963 -0.692039035 0.881546366
v -0.113304182 -0.684282234 0.881808618
v -0.108221587 -0.678798110 0.871990430
v -0.089244531 -0.678575840 0.867976462
v -0.089127391 -0.697205585 0.867419155
v 0.426463397 -0.825464118 0.883066594
v 0.431418493 -0.812704871 0.880890360
v 0.444453758 -0.810986627 0.882637659
v 0.444193844 -0.824681059 0.890357606
v -0.163426534 -0.623583979 1.045734516
v -0.143652304 -0.619497894 1.064246842
v 0.278579285 -0.436477933 0.889177278
v 0.279069925 -0.443497365 0.902740163
v 0.292029057 -0.433306237 0.891396703
v 0.352631553 -0.660526317 1.099999974
v 0.371052745 -0.660526319 1.100000107
v 0.371052746 -0.642105275 1.100000095
v 0.352631554 -0.642105279 1.099999961
v -0.108365348 -0.789731205 0.989834582
v -0.088869447 -0.771409162 0.996075046
v -0.108676501 -0.772351586 0.993484234
v 0.444722976 -0.734210523 1.099986554
v 0.426283157 -0.734210523 1.099968363
v 0.389474898 -0.863705932 1.100532086
v 0.371052739 -0.863705828 1.100531334
v 0.205988132 -0.494990549 0.800065992
v 0.200455817 -0.482399175 0.803060034
v 0.211062588 -0.489130439 0.809815845
v 0.186535278 -0.480173175 0.801117030
v 0.187518975 -0.472165996 0.810974960
v 0.187450791 -0.494735749 0.796394694
v 0.444717612 -0.479325595 1.097282476
v 0.463332883 -0.479084730 1.097969608
v 0.462950165 -0.470187950 1.087967333
v 0.444425815 -0.493710764 1.101236815
v 0.463599793 -0.493814055 1.101608159
v 0.076315802 -0.863705860 1.100531144
v 0.057894728 -0.863705884 1.100531266
v -0.021070812 -0.820646077 0.890806398
v -0.015633281 -0.807712095 0.888690875
v -0.010102014 -0.813238078 0.897963311
v -0.015601837 -0.826258626 0.900312173
v -0.034532287 -0.822760067 0.888879400
v -0.033797106 -0.830958937 0.898446907
v -0.033932129 -0.808422694 0.885358058
v 0.278947156 -0.900001799 0.992856694
v 0.278947336 -0.899998615 1.010711921
v -0.052503325 -0.420715028 0.781770831
v -0.057477750 -0.415679417 0.791750245
v -0.057622315 -0.408012427 0.791851998
v -0.052927426 -0.402837154 0.782227104
v -0.038362231 -0.420988136 0.782570929
v -0.038261737 -0.401891294 0.782917957
v -0.030436829 -0.420655877 0.792523771
v 0.150001223 -0.494734776 1.100003646
v 0.150002433 -0.476318092 1.099981694
v 0.131580221 -0.476313469 1.099998665
v 0.057934917 -0.753220550 0.870902730
v 0.052058048 -0.739266086 0.873246658
v 0.057420438 -0.733079110 0.883706594
v 0.058604376 -0.752801366 0.882345463
v 0.039171758 -0.753240948 0.870237274
v 0.044666443 -0.758366311 0.879924630
v 0.038816669 -0.733920856 0.870585388
v 0.044963075 -0.728291158 0.880938016
v 0.463616513 -0.384077276 0.781233794
v 0.457770961 -0.378203492 0.790487917
v 0.463585619 -0.365597146 0.792800097
v 0.468190247 -0.370965984 0.783333762
v 0.482589551 -0.383652280 0.780119436
v 0.477849444 -0.370687678 0.782651576
v 0.488383680 -0.377783954 0.789031538
v -0.200135862 -0.328945127 0.814288674
v -0.199988304 -0.310513066 0.814299432
v -0.200893872 -0.310497890 0.795899102
v 0.426551710 -0.456271681 0.974085251
v 0.426288090 -0.455890461 0.992478592
v 0.432528294 -0.446613866 0.988115849
v 0.432593584 -0.446384539 0.978704886
v 0.444822520 -0.442761047 0.992913576
v 0.445154804 -0.440335622 0.974572816
v 0.439777669 -0.453930642 0.968830807
v 0.439177109 -0.452901693 0.997258319
v 0.076982805 -0.310426000 1.100948021
v 0.058072262 -0.310503796 1.100368512
v 0.334208180 -0.899971897 0.939339080
v 0.352625486 -0.899962727 0.939278927
v 0.352631730 -0.899963046 0.957159402
v 0.334210514 -0.899971869 0.957160390
v -0.030208946 -0.896404513 0.924842562
v -0.029642837 -0.895626853 0.932896161
v -0.032103153 -0.882767110 0.938628573
v -0.031347901 -0.882974433 0.924423860
v -0.017114998 -0.897800735 0.924561692
v -0.016986927 -0.898419844 0.938138709
v -0.016803358 -0.883214935 0.920837592
v -0.022316653 -0.888162354 0.942936620
v 0.500470733 -0.844708658 0.921030246
v 0.499994019 -0.844710290 0.939297828
v 0.500576001 -0.863689302 0.939296714
v 0.329881108 -0.882903655 0.870608569
v 0.329906789 -0.862839325 0.871578080
v 0.338044733 -0.863041571 0.881842914
v 0.338076937 -0.882738162 0.880769487
v 0.426283895 -0.550038710 1.099952910
v 0.444725813 -0.550046211 1.099940668
v 0.444721914 -0.531571436 1.100122233
v 0.426295431 -0.531445536 1.100257353
v 0.422093214 -0.822383917 0.868239385
v 0.430129290 -0.811615368 0.867959238
v 0.408131742 -0.829596339 0.868057165
v 0.413610349 -0.831699188 0.880310821
v 0.501754827 -0.346546807 0.831310207
v 0.501783389 -0.346693270 0.850494038
v 0.021104934 -0.901463755 0.938351534
v 0.039499012 -0.901184481 0.938614569
v 0.039483004 -0.900522271 0.956644809
v 0.021089682 -0.900844324 0.956591320
v 0.389474876 -0.899962220 0.957166268
v 0.407902244 -0.900005206 0.957164080
v 0.407894108 -0.899985874 0.974999082
v 0.389473750 -0.899987307 0.975002112
v 0.186842105 -0.715789474 1.100000000
v 0.205263158 -0.715789474 1.100000000
v 0.205263158 -0.697368421 1.100000000
v 0.186842105 -0.697368421 1.100000000
v -0.052631553 -0.439473684 1.099999975
v -0.034210523 -0.439473684 1.099999997
v -0.034210523 -0.421052632 1.099999997
v -0.052631554 -0.421052632 1.099999975
v 0.302493802 -0.691400954 0.820050302
v 0.297389163 -0.697520174 0.829202737
v 0.291601717 -0.684654566 0.826182333
v 0.297340555 -0.678954601 0.817389585
v 0.316787291 -0.692786109 0.819187246
v 0.315984776 -0.701152432 0.828900632
v 0.315709856 -0.678946184 0.814259785
v 0.497261923 -0.494765983 0.781421028
v 0.498796210 -0.476029701 0.777150203
v 0.501339535 -0.476155789 0.795698830
v 0.501192170 -0.494678190 0.796075436
v 0.482599081 -0.495336679 0.774167185
v 0.488673627 -0.482082764 0.771094232
v -0.199967479 -0.328947255 1.028539796
v -0.199986272 -0.328947267 1.046415117
v -0.199987307 -0.310525228 1.046415081
v -0.199968520 -0.310525233 1.028539772
v 0.021052123 -0.200035343 0.992855398
v 0.021052567 -0.200020818 1.010706516
v 0.039461699 -0.199829458 1.010706012
v 0.039454741 -0.200027712 0.992836785
v 0.113157895 -0.549999997 1.100000008
v 0.131578944 -0.531578985 1.099999831
v 0.113157900 -0.531578945 1.099999961
v 0.186761546 -0.420755842 0.814145296
v -0.200000114 -0.457894737 0.975000110
v -0.200001107 -0.457894738 0.992858215
v -0.200001106 -0.439473684 0.992858215
v -0.200000113 -0.439473684 0.975000110
v 0.076308176 -0.900511022 0.956988263
v 0.094734218 -0.900469514 0.956986760
v 0.094743307 -0.899969372 0.975044639
v 0.076316689 -0.899981670 0.975043534
v 0.499997359 -0.568421192 0.885715698
v 0.500000788 -0.568421055 0.903570905
v 0.259805181 -0.826305241 0.869884636
v 0.259838214 -0.808036168 0.867101718
v 0.274168662 -0.808802478 0.862866309
v 0.278188833 -0.826705511 0.864076926
v -0.197405327 -0.550038699 1.097480862
v -0.197388152 -0.531559649 1.097462998
v -0.201345492 -0.531558103 1.083447532
v -0.182914417 -0.550054915 1.101348796
v -0.182926472 -0.531554026 1.101294875
v -0.049986635 -0.789198470 1.083876441
v -0.050041319 -0.789442326 1.097183499
v -0.049978571 -0.771095383 1.097828296
v -0.049091692 -0.770938471 1.087500931
v -0.037940833 -0.770712139 1.079504579
v -0.039174475 -0.784199592 1.077892066
v -0.035255242 -0.789514989 1.100953222
v -0.035878982 -0.771088850 1.101102505
v -0.126283133 -0.200031480 0.992858192
v -0.126283103 -0.200034558 1.010712294
v -0.107892691 -0.200003975 1.010712303
v -0.107892722 -0.200000912 0.992858215
v 0.113157895 -0.901353586 1.083455010
v 0.131578947 -0.901353585 1.083455011
v 0.131578947 -0.897396809 1.097476498
v 0.113157894 -0.897396809 1.097476498
v 0.131578947 -0.882932535 1.101312152
v 0.113157895 -0.882932535 1.101312152
v 0.211508128 -0.433919680 1.050892221
v 0.205181505 -0.421780680 1.064181181
v 0.210670436 -0.434607751 1.059916279
v 0.224440781 -0.495014355 0.800582644
v 0.219700495 -0.489403681 0.809962544
v 0.228678113 -0.476491958 0.801529163
v 0.243526943 -0.476545643 0.797024058
v 0.297456517 -0.406321696 0.781575316
v 0.296945861 -0.398288201 0.791564513
v 0.315197655 -0.397738087 0.791554629
v 0.315927829 -0.406402660 0.782516339
v 0.296534510 -0.420278157 0.778171154
v 0.315937175 -0.420969494 0.778711865
v -0.126412810 -0.658850076 0.868638704
v -0.113259410 -0.646375232 0.863239059
v -0.107801222 -0.659296271 0.865685505
v -0.052631582 -0.236294145 1.100531154
v -0.034210417 -0.236294177 1.100531327
v -0.034210393 -0.217067529 1.101312246
v -0.052631580 -0.217067490 1.101312124
v 0.315811394 -0.900413630 0.921336318
v 0.315787528 -0.899953529 0.939336792
v 0.076671851 -0.752586609 0.871269644
v 0.076064894 -0.752810897 0.882531280
v 0.072940941 -0.733280616 0.883293202
v 0.080650166 -0.733431265 0.872169403
v 0.094697761 -0.753000332 0.870546028
v 0.089600184 -0.758194495 0.880455639
v 0.095217526 -0.734197239 0.867947841
v 0.228004534 -0.714707429 0.854755970
v 0.220072318 -0.715743336 0.864602328
v 0.218590838 -0.702459699 0.863345216
v 0.224121032 -0.696920023 0.853244422
v 0.242126005 -0.697647598 0.846639025
v 0.242622765 -0.715529058 0.850513267
v -0.056492645 -0.638068379 0.814212881
v -0.048217241 -0.627389809 0.814063977
v -0.048016523 -0.626352182 0.833469829
v -0.056406301 -0.637322071 0.832941038
v -0.070286138 -0.642722450 0.813773093
v -0.070899179 -0.642484229 0.832144108
v -0.200557651 -0.255287954 1.064804666
v -0.199974645 -0.255278213 1.046413977
v -0.089067676 -0.237324687 0.782265830
v -0.083751349 -0.231943017 0.791380069
v -0.076477660 -0.231869791 0.790990207
v -0.089565793 -0.255849333 0.778628182
v 0.371044408 -0.899993015 0.939256914
v 0.371048774 -0.899946813 0.957167998
v 0.002079537 -0.897769857 0.924803539
v 0.021025195 -0.897273273 0.924593110
v 0.002393504 -0.901631725 0.938252982
v 0.002243748 -0.882677045 0.920584701
v 0.021034854 -0.883362046 0.917355359
v -0.085264956 -0.674799423 1.064594266
v -0.086331318 -0.675302448 1.083467081
v -0.093191799 -0.661806775 1.083409477
v -0.093617068 -0.664746965 1.064554065
v -0.075206907 -0.683396462 1.064634462
v -0.075952383 -0.683432531 1.083647959
v 0.463707011 -0.550035373 1.100483621
v 0.482925368 -0.550028078 1.101289436
v 0.482923089 -0.531551314 1.101321472
v 0.463706624 -0.531584825 1.100548710
v 0.146780461 -0.311143029 0.956953831
v 0.151280056 -0.292272697 0.957468763
v 0.151159495 -0.291885620 0.975844476
v 0.146511293 -0.306715114 0.974601672
v 0.205001361 -0.531568890 0.796919513
v 0.205349898 -0.513240584 0.796781306
v 0.223842912 -0.513603483 0.796641063
v 0.223792821 -0.531553495 0.796563160
v 0.057933622 -0.901110030 0.939021699
v 0.057891564 -0.900492770 0.956833441
v 0.154538801 -0.379597254 0.997827638
v 0.152862545 -0.366201107 0.993398126
v 0.154338779 -0.365869652 1.006362262
v 0.154852279 -0.379558596 1.005769434
v 0.223684211 -0.715789474 1.100000000
v 0.242105263 -0.697368421 1.100000000
v 0.223684211 -0.697368421 1.100000000
v -0.182565810 -0.752678595 0.887803447
v -0.183372323 -0.734649187 0.881291922
v -0.169858851 -0.740505783 0.878095189
v -0.163536392 -0.753651110 0.881929639
v 0.057856495 -0.199687887 0.992850470
v 0.057929467 -0.199238461 1.010815323
v 0.076740296 -0.199165641 1.011142759
v 0.076547965 -0.198868389 0.993118916
v 0.168420918 -0.531578997 1.100001494
v 0.149999903 -0.531579074 1.099999868
v 0.278947457 -0.568421118 1.099999946
v 0.297368797 -0.568421954 1.099998613
v 0.297369509 -0.550015050 1.099969962
v 0.278948297 -0.550013478 1.099983655
v -0.182706329 -0.697693478 0.993621205
v 0.216746123 -0.447456083 0.998311010
v 0.223507688 -0.443205386 1.011204817
v 0.228637985 -0.453287869 1.004844347
v 0.203582772 -0.444101262 0.992707912
v 0.044910672 -0.719695678 0.881546570
v 0.057689892 -0.719031020 0.883558946
v -0.163686050 -0.550024403 1.100568308
v -0.144716724 -0.549983792 1.099996549
v -0.144722150 -0.531566021 1.099966652
v -0.163703425 -0.531560595 1.100509178
v 0.187066426 -0.401746408 0.816325777
v 0.181880470 -0.389287552 0.818618991
v 0.187583971 -0.386360356 0.831064203
v 0.192697072 -0.395639442 0.825098107
v 0.168554135 -0.387197468 0.817016849
v 0.169035985 -0.380384335 0.831220525
v 0.168815031 -0.401517053 0.813470363
v 0.205263158 -0.752631553 1.099999975
v 0.223684211 -0.752631553 1.099999975
v 0.223684211 -0.734210523 1.099999997
v 0.205263158 -0.734210523 1.099999997
v 0.501381689 -0.457871179 0.795615456
v 0.500474486 -0.457890518 0.814151009
v 0.500429449 -0.476296380 0.814188243
v -0.015788192 -0.236294137 1.100532104
v 0.002630117 -0.236293249 1.100528078
v 0.002629341 -0.217065821 1.101309803
v -0.015788223 -0.217067093 1.101312806
v -0.200313631 -0.605257615 0.867859527
v -0.200900656 -0.605389591 0.849814404
v 0.113164799 -0.844552146 0.903424280
v 0.113243331 -0.826512662 0.903869433
v 0.131701398 -0.825841109 0.904071229
v 0.131672252 -0.844014518 0.903765479
v -0.144722977 -0.347368447 1.099986532
v -0.144722963 -0.328947267 1.099986692
v -0.163705828 -0.328947261 1.100531334
v 0.020607252 -0.656379797 0.836562703
v 0.039750334 -0.655420674 0.837189871
v 0.021387318 -0.646027230 0.828405686
v 0.039027228 -0.645978746 0.828687104
v 0.500001189 -0.531578641 0.939285698
v 0.500002535 -0.513155922 0.939286179
v 0.499997118 -0.513156649 0.957143783
v 0.500002433 -0.531577916 0.957142886
v -0.201469332 -0.697544858 0.975728466
v -0.200634482 -0.697349431 0.957509036
v 0.501117750 -0.475495995 1.028647899
v 0.498367648 -0.457077941 1.028906485
v 0.497617636 -0.460721291 1.046691077
v 0.501461844 -0.475577200 1.046569356
v 0.483044869 -0.452904097 1.032857960
v 0.482824231 -0.456572455 1.046873870
v 0.463522545 -0.897552625 0.887461505
v 0.483030185 -0.897809075 0.886881017
v 0.483210549 -0.902154266 0.901779190
v 0.463531417 -0.901912323 0.901821165
v 0.463648331 -0.883390632 0.887413911
v 0.483077105 -0.883065127 0.883603249
v 0.039473684 -0.457894734 1.099999920
v 0.057894651 -0.457894777 1.099999888
v 0.057894647 -0.439473757 1.100000739
v 0.039473617 -0.439473700 1.099999859
v 0.499983290 -0.660527898 0.885718774
v 0.499995736 -0.642105839 0.885715565
v 0.500002699 -0.642105274 0.903569950
v 0.500002575 -0.660526669 0.903569607
v -0.052485525 -0.901391169 1.046006389
v -0.033992963 -0.900695673 1.046396230
v -0.034109951 -0.900697582 1.064810059
v -0.052711514 -0.901561198 1.064761950
v 0.297408361 -0.387300536 0.799938704
v 0.296140525 -0.379687035 0.814013589
v 0.309295572 -0.377135604 0.808406131
v 0.315474098 -0.383363698 0.798290280
v 0.039426208 -0.714895352 0.871756662
v 0.021352610 -0.734477418 0.866778640
v 0.021131271 -0.715369126 0.867712904
v 0.500000114 -0.605263156 0.975000110
v 0.500000074 -0.586842117 0.975000110
v 0.500001055 -0.586842141 0.992858213
v 0.500001098 -0.605263159 0.992858215
v 0.499986120 -0.623684213 1.046415130
v 0.499986114 -0.605263213 1.046415113
v 0.500548014 -0.605263193 1.064816878
v 0.500547956 -0.623684228 1.064816900
v -0.197397189 -0.202603187 0.885714140
v -0.197398417 -0.202602171 0.867855527
v 0.057894565 -0.899979044 0.974979140
v 0.039476149 -0.899963057 0.974968375
v 0.389922708 -0.492550616 1.063915049
v 0.389409175 -0.494670629 1.082553466
v 0.407289244 -0.491600591 1.082717434
v 0.500001057 -0.734210528 0.992858219
v 0.499997983 -0.734210524 1.010712330
v 0.499997944 -0.752631556 1.010712328
v 0.501353588 -0.697368421 1.083455009
v 0.501353588 -0.678947368 1.083455009
v 0.497396809 -0.678947368 1.097476498
v 0.497396809 -0.697368421 1.097476498
v 0.482932535 -0.678947368 1.101312152
v -0.200321044 -0.347386432 0.814329687
v -0.200010648 -0.347367236 0.832160904
v -0.199947194 -0.328938715 0.832165198
v -0.199997983 -0.292107280 0.903571425
v -0.199997969 -0.292107280 0.921428584
v -0.199967361 -0.273716844 0.921428571
v -0.199967457 -0.273716848 0.903571373
v 0.501379027 -0.882908877 0.939313893
v 0.500518832 -0.863706436 0.957173964
v 0.501330936 -0.882926914 0.957180389
v 0.499934098 -0.826283467 1.028540110
v 0.499965428 -0.807892681 1.028539756
v 0.499983649 -0.807892966 1.046415343
v 0.499951443 -0.826284075 1.046416233
v 0.459170600 -0.433978721 0.994045575
v 0.463439073 -0.435033188 1.011439709
v 0.468176989 -0.425232137 1.006465239
v 0.467617441 -0.424206424 0.993112250
v 0.488172384 -0.431655816 0.999574394
v 0.482429433 -0.422813057 0.993382152
v 0.477148390 -0.424839280 1.006555609
v 0.482419095 -0.434589243 1.012232002
v -0.199999996 -0.421052632 0.939285711
v -0.199999995 -0.421052630 0.921428574
v -0.199997984 -0.384210526 1.010712331
v -0.199967368 -0.384210526 1.028539795
v -0.199967364 -0.365789477 1.028539795
v -0.199997981 -0.365789477 1.010712331
v -0.199961465 -0.568417225 0.867862609
v -0.199991289 -0.568422811 0.885712135
v -0.200003427 -0.550000802 0.885713252
v -0.199997838 -0.550000499 0.867855864
v 0.186841895 -0.900000411 1.010710465
v 0.205263166 -0.899999789 1.010711214
v 0.205263181 -0.899967443 1.028539705
v -0.199999891 -0.513157891 0.957142832
v -0.200000024 -0.513157823 0.975000092
v -0.200000078 -0.494736841 0.975000110
v -0.199999975 -0.494736847 0.957142834
v 0.370596272 -0.360776943 0.872731563
v 0.371250704 -0.369605062 0.882110015
v 0.389622660 -0.369771273 0.881954703
v 0.388918737 -0.361207700 0.872636288
v 0.370778470 -0.383787280 0.886241962
v 0.389615198 -0.384210000 0.888797097
v 0.090753908 -0.310827965 0.836148010
v 0.089702148 -0.292244607 0.836144829
v 0.094156157 -0.292365168 0.850309925
v 0.096715783 -0.310508929 0.850395925
v 0.080448393 -0.310596489 0.827484662
v 0.076890288 -0.292192703 0.828448811
v -0.200327942 -0.642085117 0.903587617
v -0.199945374 -0.642064382 0.921490230
v -0.199934689 -0.623671482 0.921447799
v -0.199942124 -0.623619332 0.903641833
v 0.260524766 -0.531610732 1.099960524
v 0.278946503 -0.531610495 1.099983981
v 0.278930316 -0.513027541 1.100285077
v 0.260524631 -0.513136227 1.100136922
v -0.200536694 -0.642107249 0.975159853
v 0.002631493 -0.199999823 0.939285650
v 0.002631628 -0.199998157 0.957142842
v 0.242105262 -0.899967481 1.028539732
v 0.260526317 -0.899967427 1.028539768
v 0.260526316 -0.899986118 1.046415144
v 0.242105263 -0.899986122 1.046415142
v 0.090382908 -0.237140824 1.028494603
v 0.091826968 -0.217359568 1.028600535
v 0.092287901 -0.217313788 1.046071993
v 0.090835220 -0.237095334 1.045754426
v 0.080418797 -0.242232326 1.033348158
v 0.080803334 -0.242238166 1.041065267
v 0.082557864 -0.211922186 1.032855496
v 0.082994375 -0.211873578 1.041620916
v 0.365788244 -0.563287419 0.783666018
v 0.370782583 -0.549710450 0.781262917
v 0.376315214 -0.555123464 0.791316051
v 0.371337949 -0.568719834 0.793778320
v 0.352776578 -0.568824513 0.780999535
v 0.358391696 -0.574275290 0.790598859
v 0.353418131 -0.550457476 0.777945873
v 0.150108709 -0.844547444 0.903821019
v 0.149938847 -0.825753845 0.904237662
v 0.168222162 -0.826046234 0.904416548
v -0.071140220 -0.897533713 1.031040317
v -0.072189434 -0.901996079 1.045528715
v -0.071955486 -0.881830189 1.027223408
v -0.108109218 -0.531450014 0.760658839
v -0.107931547 -0.512939153 0.760775350
v -0.089599487 -0.513078544 0.763800690
v 0.297368421 -0.899986121 1.046415131
v 0.297368421 -0.900547965 1.064816903
v 0.021052618 -0.384210561 1.100001487
v 0.021053919 -0.365788886 1.100003288
v 0.002631518 -0.365789493 1.100000851
v -0.162995706 -0.678779500 0.883625295
v -0.071052769 -0.198646327 1.083455003
v -0.071052759 -0.202603142 1.097476546
v -0.052631579 -0.202603248 1.097476475
v -0.052631570 -0.198646449 1.083454992
v -0.071052769 -0.217067469 1.101312245
v 0.235737851 -0.446619495 0.915006275
v 0.242142406 -0.455798363 0.920844872
v 0.223262517 -0.437104331 0.902656676
v 0.439041051 -0.727911570 0.820609939
v 0.444597339 -0.714539004 0.818175414
v 0.450010377 -0.720261823 0.827550434
v 0.445013376 -0.734029196 0.829248713
v 0.425803919 -0.733334542 0.817829631
v 0.431549256 -0.739512959 0.826599429
v 0.426241065 -0.715429705 0.814509758
v 0.315789474 -0.734210523 1.099999997
v 0.334210523 -0.734210523 1.099999994
v 0.334210523 -0.715789474 1.099999997
v 0.315789474 -0.715789474 1.100000001
v 0.076315719 -0.457894780 1.100001301
v 0.094737696 -0.457893933 1.100003367
v 0.094739114 -0.439472438 1.099993034
v 0.076316764 -0.439473345 1.100002908
v 0.352408845 -0.789980147 0.832052874
v 0.352885632 -0.771112475 0.832187453
v 0.370641404 -0.771305755 0.829120749
v 0.371331597 -0.790272392 0.830950081
v -0.015760129 -0.900060081 1.046432452
v -0.015782185 -0.900466205 1.064819581
v 0.151663166 -0.216773674 0.921742676
v 0.147886203 -0.202139610 0.920987974
v 0.146112222 -0.203817081 0.933941658
v 0.148605285 -0.217081861 0.939264566
v 0.133091785 -0.198435891 0.921181506
v 0.132805151 -0.201181930 0.939366184
v 0.138707701 -0.211388147 0.945112044
v 0.371053689 -0.568438794 1.099974731
v 0.352631745 -0.568435538 1.099982854
v 0.002629627 -0.734211953 1.099998303
v 0.021083616 -0.734210521 1.099967663
v 0.021069554 -0.715789321 1.099972700
v 0.002620202 -0.715788796 1.100005308
v -0.104834333 -0.842480500 0.920814357
v -0.104653505 -0.842065105 0.939118469
v -0.090342914 -0.846285225 0.920673710
v -0.089989540 -0.845660428 0.938986562
v -0.169129045 -0.654463106 0.855907847
v -0.163294489 -0.641105756 0.850185368
v -0.157588427 -0.646559207 0.863413206
v -0.163350964 -0.659872107 0.868744510
v -0.183031964 -0.656997659 0.853651606
v -0.182554737 -0.664132874 0.867674583
v -0.182932891 -0.310525094 1.101312766
v -0.163705932 -0.310525102 1.100532086
v -0.163706712 -0.292106834 1.100527975
v -0.182933265 -0.292107596 1.101309797
v 0.426337293 -0.457546374 0.779409322
v 0.426321570 -0.438811630 0.779715279
v 0.444280981 -0.439144289 0.775584347
v 0.440294188 -0.457339143 0.774590461
v 0.497340692 -0.771260410 0.853098826
v 0.497296481 -0.752919639 0.853366264
v 0.501015540 -0.752691591 0.867684738
v 0.501405155 -0.771627333 0.866848245
v 0.482889963 -0.771518776 0.845890887
v 0.486903862 -0.753763171 0.845382775
v 0.278947371 -0.899967383 1.028539822
v 0.278947369 -0.899986118 1.046415142
v -0.036463136 -0.770787174 1.013726176
v -0.031932629 -0.770963686 1.027880744
v -0.032580741 -0.751862909 1.027908077
v -0.036166889 -0.751606269 1.013897852
v -0.199985647 -0.328946046 0.850001030
v -0.199990267 -0.310525755 0.850003033
v -0.199918040 -0.310524292 0.832179122
v 0.242195349 -0.619850537 0.799502413
v 0.260751910 -0.619860068 0.799929230
v 0.260116316 -0.628095203 0.809663927
v 0.242128466 -0.627469371 0.810144447
v 0.242189658 -0.606125111 0.795947104
v 0.260593601 -0.605787258 0.795892906
v 0.334210676 -0.900000106 0.974999246
v 0.352632012 -0.899999484 0.975001413
v 0.352631607 -0.900002735 0.992857665
v 0.334210537 -0.900002112 0.992857440
v 0.499958671 -0.844722641 0.957163256
v 0.499983222 -0.844723469 0.975000902
v 0.500544000 -0.863706930 0.975002509
v -0.201545982 -0.457325693 0.777168224
v -0.201109972 -0.457774970 0.795910295
v -0.200892759 -0.439409282 0.796148848
v -0.198043124 -0.439063023 0.777214203
v 0.112574136 -0.674729437 0.836311151
v 0.131501329 -0.674810181 0.836198742
v 0.130865930 -0.679509481 0.850841766
v 0.112333003 -0.682791284 0.850183876
v 0.112770304 -0.660650951 0.829413765
v 0.131521906 -0.660871763 0.831769269
v 0.260482454 -0.458568033 0.920352278
v 0.278889087 -0.455054166 0.921030567
v 0.273379309 -0.453013502 0.908283042
v 0.501612169 -0.346350000 0.868919288
v 0.497518606 -0.346845573 0.883200017
v 0.482803060 -0.346520439 0.886572350
v -0.200001788 -0.550000025 0.903571424
v -0.199999874 -0.531578867 0.903571533
v -0.200000816 -0.531578958 0.885714360
v 0.021009687 -0.900195365 0.974987512
v 0.039484082 -0.899927368 0.992884929
v 0.021060862 -0.899970912 0.992905904
v 0.389474576 -0.900002253 0.992857490
v 0.407892492 -0.899997595 0.992857264
v 0.407892626 -0.899996324 1.010712284
v 0.389474804 -0.899999597 1.010712239
v -0.052501941 -0.775312364 0.881606040
v 0.426283163 -0.605262540 1.099968988
v 0.426283117 -0.586841891 1.099967742
v 0.407892717 -0.586844765 1.099995198
v 0.169128999 -0.676386574 0.850450047
v 0.174534811 -0.665830048 0.844937486
v -0.126106313 -0.198559058 0.795756655
v -0.126304316 -0.199360545 0.813927455
v -0.107756244 -0.198910662 0.813789080
v -0.107303797 -0.198474395 0.795366833
v -0.200548113 -0.328947261 1.064816874
v -0.201353687 -0.328947235 1.083455003
v -0.201354222 -0.310525094 1.083455354
v -0.200548888 -0.310525102 1.064816975
v 0.500476038 -0.494713242 0.814016493
v 0.499964359 -0.476322220 0.832194459
v 0.499963952 -0.494736025 0.832135441
v 0.039422941 -0.199739657 1.046411048
v 0.039427279 -0.199753037 1.028550199
v -0.046843318 -0.857326262 0.925578173
v -0.048535376 -0.858337049 0.939223449
v -0.053009311 -0.847972117 0.920574107
v -0.034732808 -0.863624440 0.920427028
v -0.038903231 -0.867114754 0.938464708
v -0.039986778 -0.850923328 0.914873141
v 0.094564119 -0.826357681 0.904042098
v 0.094343789 -0.812126109 0.899883314
v 0.113300164 -0.812127500 0.899730126
v 0.076315757 -0.899971754 0.992875911
v 0.094737678 -0.899969140 0.992877495
v 0.094736721 -0.899996605 1.010712271
v 0.076315490 -0.899997654 1.010711796
v 0.296928995 -0.844989083 0.867027796
v 0.296631232 -0.830695275 0.863034709
v 0.500000113 -0.568421049 0.921428511
v 0.499999936 -0.568421063 0.939285725
v 0.113157895 -0.605263158 1.100000000
v 0.113157895 -0.586842105 1.100000000
v 0.094736842 -0.586842105 1.100000000
v -0.034212637 -0.586844766 1.099998882
v -0.015789769 -0.586842195 1.100003045
v -0.015789314 -0.568420852 1.100000639
v -0.034210647 -0.568421395 1.100003067
v 0.168053960 -0.897779272 0.905675159
v 0.167858622 -0.901592574 0.919930413
v 0.168158800 -0.883072210 0.902055728
v -0.089796634 -0.582868247 0.764783389
v -0.089226409 -0.591106337 0.774451525
v -0.089701940 -0.568645672 0.760542161
v 0.168421053 -0.678947368 1.100000000
v 0.186842105 -0.678947368 1.100000000
v 0.186842105 -0.660526316 1.100000000
v 0.168421053 -0.660526316 1.100000000
v 0.186985482 -0.439022963 1.100956657
v 0.206220775 -0.438624784 1.101405317
v 0.206612298 -0.419092384 1.101338129
v 0.187261912 -0.420021416 1.101441859
v 0.500003076 -0.789475224 0.974998696
v 0.500002561 -0.789474786 0.992858236
v 0.334210523 -0.789474790 1.100001069
v 0.352631553 -0.789474790 1.100001048
v 0.352631553 -0.771052745 1.100000085
v 0.334210523 -0.771052745 1.100000107
v 0.444728787 -0.379992677 0.792339569
v 0.444808966 -0.365643488 0.795947628
v 0.315787215 -0.899967151 0.957157041
v -0.126283157 -0.439473684 1.099968365
v -0.107892721 -0.439473685 1.099998046
v -0.107892720 -0.421052632 1.099998046
v -0.126283157 -0.421052632 1.099968366
v 0.116578713 -0.324831702 1.046535031
v 0.112533579 -0.310650257 1.046333310
v 0.109438282 -0.310848296 1.064580229
v 0.117163570 -0.324324790 1.064239132
v -0.089476049 -0.531580965 1.100004638
v -0.071052784 -0.531579243 1.100002077
v -0.071052635 -0.513157743 1.100000047
v -0.089474820 -0.513157982 1.100002082
v -0.197381657 -0.273719174 1.097461811
v -0.197385786 -0.255268847 1.097465813
v -0.201372338 -0.255284867 1.083430993
v -0.182925765 -0.273721180 1.101291284
v -0.182907761 -0.255284867 1.101330328
v -0.163251353 -0.789489771 0.972800542
v -0.148911123 -0.772024021 0.979543969
v -0.163538949 -0.770993885 0.975453115
v 0.278802292 -0.623275765 0.799402393
v 0.278689493 -0.605509954 0.796122936
v 0.297004171 -0.604766972 0.797136486
v 0.297860996 -0.623959711 0.799804535
v 0.371052439 -0.899993786 0.975004155
v 0.371052873 -0.900003111 0.992857712
v 0.002458575 -0.901065847 0.956508665
v -0.162989103 -0.457919939 0.775682610
v -0.163179661 -0.439134407 0.776148360
v -0.144275433 -0.439349558 0.779509181
v -0.144474170 -0.457881441 0.775867931
v 0.163623832 -0.673872927 0.837323444
v 0.168384018 -0.660796556 0.835109372
v 0.149932652 -0.675408297 0.835707051
v 0.150272898 -0.679059633 0.850576690
v 0.150461139 -0.661668170 0.831786071
v 0.279319191 -0.696902378 0.835592536
v 0.278493727 -0.679421620 0.828929642
v 0.057896028 -0.899966366 0.992870842
v 0.284905987 -0.469351480 1.088935654
v 0.279193300 -0.475269915 1.098619073
v 0.297332816 -0.479313829 1.097172065
v 0.297718367 -0.472379660 1.082901354
v 0.278940672 -0.494048981 1.100821745
v 0.099376952 -0.287151546 1.015119673
v 0.093213223 -0.274768095 1.027111048
v 0.097729671 -0.288374275 1.027528863
v 0.444722955 -0.605262786 1.099987107
v 0.463705837 -0.605263018 1.100531577
v 0.463705873 -0.586840527 1.100532892
v 0.444722920 -0.586840216 1.099987254
v 0.076619324 -0.202402967 1.028694750
v 0.077225808 -0.202226717 1.046141404
v 0.057849156 -0.199617313 1.028626449
v 0.058021432 -0.199532361 1.046328014
v -0.144722960 -0.476315825 1.099986655
v -0.126283156 -0.476315765 1.099968396
v -0.126283156 -0.457894726 1.099968351
v -0.144722975 -0.457894724 1.099986545
v -0.016264231 -0.863486493 0.917548749
v -0.011129230 -0.850324784 0.915876615
v -0.001852822 -0.849849462 0.916510027
v 0.002016155 -0.863402411 0.918032300
v 0.131578947 -0.605263158 1.100000000
v 0.150000000 -0.605263158 1.100000000
v 0.150000000 -0.586842105 1.100000006
v 0.131578947 -0.586842106 1.100000000
v 0.278947368 -0.844722976 1.099986558
v 0.297368421 -0.844722976 1.099986558
v 0.297368421 -0.826283157 1.099968366
v 0.278947368 -0.826283157 1.099968366
v 0.076318214 -0.421051599 1.099998546
v 0.057895403 -0.421052606 1.100002305
v 0.045415088 -0.230981810 0.826371843
v 0.043402207 -0.216836279 0.828295463
v 0.058361329 -0.217379677 0.831351693
v 0.058276031 -0.236499277 0.829130796
v 0.205263158 -0.678947368 1.100000000
v 0.223684211 -0.678947368 1.100000000
v 0.223684211 -0.660526316 1.100000000
v 0.205263158 -0.660526316 1.100000000
v -0.030490941 -0.439678136 0.792603131
v -0.016532483 -0.420663169 0.797162711
v -0.016649585 -0.439612329 0.797326926
v 0.168244671 -0.381295401 0.849681341
v 0.168169377 -0.380387671 0.863850845
v 0.186629661 -0.381200648 0.867719825
v 0.187306532 -0.383700886 0.849522579
v 0.034894092 -0.287782867 0.801416090
v 0.034353675 -0.279241748 0.801233464
v 0.039897765 -0.273935170 0.810697460
v 0.040331144 -0.292213254 0.810846434
v 0.021085154 -0.288132146 0.800848942
v 0.021445361 -0.296133051 0.810530554
v 0.021225122 -0.274119924 0.799265212
v 0.027361440 -0.269502271 0.807907314
v 0.499975425 -0.457895420 0.832193821
v 0.499977041 -0.457892851 0.850018169
v 0.499973750 -0.476317900 0.850015057
v 0.315855354 -0.494963088 0.779251598
v 0.314999106 -0.476075056 0.775346826
v 0.334502195 -0.476521211 0.775657869
v -0.126189173 -0.329363080 0.759617132
v -0.125766533 -0.310585743 0.763661457
v -0.107622260 -0.310207759 0.759027219
v -0.107579776 -0.329155407 0.759046835
v -0.033597324 -0.655696198 0.855480317
v -0.015790928 -0.661116842 0.850334263
v -0.020983910 -0.666102033 0.862815057
v -0.034323997 -0.664145451 0.864909909
v -0.034279808 -0.640723827 0.848572087
v -0.021477207 -0.647473965 0.845140908
v -0.034210483 -0.310525210 1.100001133
v -0.034210445 -0.292107279 1.099998158
v 0.057894079 -0.789474791 1.100001757
v 0.076315740 -0.789474794 1.100001184
v 0.076315646 -0.771052746 1.100000243
v 0.057893751 -0.771052764 1.100001107
v -0.163705746 -0.273717944 1.100500732
v -0.144721787 -0.255278213 1.099975421
v -0.163693235 -0.255287954 1.100540580
v -0.034282591 -0.729992009 0.882681407
v -0.034411443 -0.716021472 0.883679718
v -0.015318591 -0.720380900 0.882709848
v -0.015059555 -0.730542950 0.882220945
v 0.499955360 -0.697358859 0.885734823
v 0.499956373 -0.678947115 0.885725992
v 0.499994431 -0.678948626 0.903570568
v 0.499972781 -0.697369402 0.903574935
v 0.316044464 -0.715769465 0.832304739
v 0.329634114 -0.702789909 0.827609777
v 0.330844170 -0.715219340 0.828695397
v 0.500002331 -0.531577051 0.975000592
v 0.499980910 -0.513161421 0.975001605
v 0.499957500 -0.513176247 0.992856637
v 0.499997749 -0.531577908 0.992858998
v 0.501792647 -0.474862486 1.065291951
v 0.497648501 -0.460431805 1.064798148
v 0.496365369 -0.461762025 1.078101777
v 0.498829319 -0.474706019 1.083740294
v 0.482691628 -0.456302062 1.064894158
v 0.482527463 -0.459826172 1.079504597
v 0.483071454 -0.470270477 1.088159375
v 0.463680950 -0.901294038 0.920859479
v 0.483006428 -0.901822963 0.920871771
v 0.482916696 -0.901353334 0.939321977
v 0.463724089 -0.900564376 0.939311341
v -0.053080701 -0.901755819 1.083698324
v -0.034187629 -0.901364412 1.083431717
v -0.034238101 -0.897386792 1.097613336
v -0.053422440 -0.897406100 1.098204522
v -0.034346934 -0.882898550 1.101662662
v -0.053496678 -0.882822714 1.102097876
v 0.315697073 -0.384540026 0.850023661
v 0.309626984 -0.377866565 0.837743840
v 0.311073594 -0.396805239 0.855557338
v 0.501353584 -0.623684225 1.083455001
v 0.501353626 -0.605263100 1.083455009
v 0.497396867 -0.605263078 1.097476505
v 0.497396806 -0.623684221 1.097476486
v 0.482932528 -0.623684224 1.101312114
v 0.482932570 -0.605263026 1.101312230
v -0.201353574 -0.217067463 0.921428584
v -0.197396796 -0.202603192 0.921428577
v -0.197396775 -0.202603228 0.903571478
v -0.182932535 -0.198646421 0.921428575
v -0.182932495 -0.198646458 0.903571491
v 0.297018541 -0.531557044 0.777265527
v 0.297118541 -0.513291147 0.778136603
v 0.315808212 -0.513146507 0.778777816
v 0.315733434 -0.531336256 0.778257603
v -0.201634986 -0.512515822 0.759129447
v -0.201098810 -0.513035816 0.777970637
v -0.201099263 -0.494579466 0.777620042
v -0.198325473 -0.494027577 0.758991112
v 0.057894054 -0.899997777 1.010713114
v 0.039476887 -0.899972322 1.010715198
v 0.499967343 -0.752631555 1.028539794
v 0.499967365 -0.734210523 1.028539795
v 0.499986129 -0.734210523 1.046415130
v 0.499986107 -0.752631553 1.046415131
v 0.149825619 -0.897934719 0.920615599
v 0.168291525 -0.901131097 0.938609309
v 0.149912826 -0.901033497 0.938482447
v -0.199987969 -0.347367759 0.849999248
v -0.199998350 -0.347368371 0.867856342
v -0.200000894 -0.328947415 0.867856372
v -0.121477423 -0.766049953 0.872903821
v -0.126422023 -0.771542030 0.882311228
v -0.130435617 -0.753098435 0.881331528
v -0.122139536 -0.752272805 0.871860586
v -0.113135521 -0.765699688 0.872900712
v -0.107903631 -0.752781383 0.870579052
v -0.103621421 -0.758509022 0.879899758
v -0.108284321 -0.771419717 0.881997121
v 0.449298514 -0.314639073 0.862545289
v 0.447752704 -0.312210683 0.850536211
v 0.463132253 -0.312644074 0.864720977
v 0.462649746 -0.308110850 0.850777779
v 0.463096235 -0.327555469 0.872185845
v -0.052631554 -0.347368447 1.099999940
v -0.034210561 -0.347368453 1.099999932
v -0.034210552 -0.328947256 1.100000130
v -0.052631565 -0.328947256 1.100000072
v 0.039763826 -0.236737565 0.814102362
v 0.035909830 -0.217810095 0.817726581
v 0.028084416 -0.231026253 0.807539070
v 0.025717462 -0.216582014 0.809097243
v -0.199997980 -0.292107280 0.939285712
v -0.199997958 -0.292107280 0.957142832
v -0.199967340 -0.273716842 0.957142833
v -0.199967362 -0.273716843 0.939285712
v 0.501350844 -0.882933298 0.975002627
v 0.500549679 -0.863705996 0.992857365
v 0.501354887 -0.882933152 0.992857097
v -0.090041546 -0.752672521 0.870136687
v -0.089977287 -0.734293160 0.866794848
v -0.071630709 -0.734695181 0.870241509
v -0.071614433 -0.753000920 0.866755949
v 0.500516545 -0.826282056 1.064816794
v 0.500544648 -0.807893166 1.064817731
v 0.501351159 -0.807892404 1.083455716
v 0.501332061 -0.826278820 1.083448446
v -0.200000113 -0.421052632 0.975000110
v -0.199999975 -0.421052632 0.957142832
v 0.315289475 -0.734632896 0.828493697
v 0.315138062 -0.753338103 0.827985009
v -0.199986134 -0.384210526 1.046415129
v -0.200547964 -0.384210526 1.064816904
v -0.200547960 -0.365789477 1.064816904
v -0.199986130 -0.365789477 1.046415130
v 0.091035590 -0.236220039 0.835406304
v 0.091152880 -0.217011832 0.834694605
v 0.099826005 -0.216997278 0.844031504
v 0.099890830 -0.236471765 0.844645270
v 0.076548571 -0.236242765 0.831665802
v 0.076806512 -0.216940515 0.831421227
v -0.200005004 -0.568422850 0.903569426
v -0.200002278 -0.568421004 0.921428454
v -0.199999726 -0.549999848 0.921428741
v 0.371052745 -0.715789474 1.100000110
v 0.371052745 -0.697368421 1.100000110
v -0.200001322 -0.513157844 0.992858203
v -0.199998569 -0.513158129 1.010712293
v -0.199997946 -0.494736808 1.010712328
v -0.200001058 -0.494736809 0.992858213
v -0.163245460 -0.564894658 0.745551465
v -0.144092133 -0.564627997 0.745697044
v -0.144174359 -0.572913024 0.755969398
v -0.163416501 -0.573250581 0.755836920
v -0.163031417 -0.550642255 0.740572392
v 0.297364801 -0.531569343 1.099992067
v 0.002124220 -0.439726367 0.797039402
v 0.002128907 -0.421157802 0.797115490
v 0.021035653 -0.421515445 0.800288192
v 0.463705859 -0.660526315 1.100531190
v 0.482932535 -0.660526316 1.101312153
v 0.482932534 -0.642105266 1.101312149
v 0.463705859 -0.642105268 1.100531177
v 0.242105263 -0.900547961 1.064816906
v 0.260526316 -0.900547962 1.064816905
v 0.260526316 -0.901353588 1.083455009
v 0.242105263 -0.901353588 1.083455008
v 0.352181299 -0.480405248 0.774670164
v 0.365791711 -0.482737777 0.772517431
v 0.242105263 -0.826283157 1.099968366
v 0.242105263 -0.807892720 1.099998045
v 0.223684211 -0.807892720 1.099998045
v 0.371034175 -0.642142743 0.796039889
v 0.371069010 -0.623598531 0.796577423
v 0.389498519 -0.623680260 0.796483207
v 0.389503187 -0.642049026 0.796419478
v 0.021033958 -0.292107532 1.099971236
v 0.096251031 -0.236232713 1.064991611
v 0.096849935 -0.217066683 1.064613519
v 0.097321418 -0.216742298 1.083566091
v 0.097089807 -0.236149155 1.083587419
v 0.444074656 -0.901296455 0.902085751
v 0.444489723 -0.901033564 0.920912685
v -0.071165717 -0.476816963 0.779001381
v -0.070756761 -0.458078764 0.778396083
v -0.052308265 -0.458081312 0.777867523
v -0.052341912 -0.476663931 0.778786946
v -0.072464422 -0.902170347 1.064649482
v -0.072419048 -0.901648274 1.084137965
v 0.297368421 -0.901353588 1.083455009
v 0.297368421 -0.897396809 1.097476498
v 0.297368421 -0.882932535 1.101312152
v 0.334210523 -0.660526315 1.099999996
v 0.334210523 -0.642105277 1.099999984
v 0.315789474 -0.642105267 1.099999988
v -0.139336625 -0.784284861 0.987955230
v -0.140983979 -0.771199023 0.988968097
v -0.126445238 -0.785968898 0.989295751
v -0.126836144 -0.771464710 0.993024682
v 0.057901169 -0.638521293 0.799856944
v 0.076335228 -0.643349158 0.798158082
v 0.070929497 -0.648656222 0.808132990
v 0.057635746 -0.645658677 0.813835305
v 0.057825448 -0.624025412 0.792576603
v 0.076253699 -0.628753732 0.791061259
v -0.016094451 -0.476877062 0.794238223
v -0.016662952 -0.458602761 0.797502360
v 0.002193103 -0.458680414 0.798240292
v 0.002464064 -0.477294839 0.797331766
v -0.015764616 -0.901310503 1.083422698
v -0.015738110 -0.897392237 1.097443096
v -0.015745540 -0.882929166 1.101310230
v 0.021050193 -0.660527060 1.099997128
v 0.021050917 -0.642105970 1.100003483
v 0.002629810 -0.642107289 1.099990017
v 0.334491558 -0.550383097 0.781216828
v 0.334414842 -0.531308916 0.778176797
v 0.352994686 -0.531660270 0.777311187
v -0.071052736 -0.494736821 1.100000009
v -0.052631554 -0.476315791 1.099999981
v -0.071052749 -0.476315795 1.100000108
v 0.131420279 -0.388404096 0.818177784
v 0.131350852 -0.379632795 0.827439670
v 0.150828089 -0.379124971 0.827192268
v 0.150554660 -0.387335013 0.816878029
v 0.131450027 -0.402385093 0.814132063
v 0.150177332 -0.401773090 0.813686124
v -0.182975018 -0.236244830 1.101754358
v -0.163687094 -0.236312906 1.101098759
v -0.163755170 -0.217024982 1.101754358
v -0.183214936 -0.216785064 1.102076791
v 0.171902476 -0.383927774 1.046698697
v 0.166705994 -0.365323742 1.046235633
v 0.164588930 -0.369958328 1.063732614
v 0.171721107 -0.384151268 1.064541309
v 0.155864347 -0.360185800 1.051388692
v 0.150162365 -0.362300480 1.065500063
v -0.015789522 -0.347368453 1.100000259
v -0.015789155 -0.328947221 1.100000661
v 0.334122900 -0.771774627 0.832492498
v 0.334072313 -0.757210957 0.827086386
v 0.352793909 -0.752831727 0.829099654
v -0.183154784 -0.587650096 1.101691176
v -0.163876055 -0.587206311 1.101236614
v -0.163699577 -0.568778606 1.101006972
v -0.182970838 -0.568991631 1.101699990
v 0.131919769 -0.310802994 0.870597426
v 0.138070401 -0.316205619 0.880049182
v 0.135622800 -0.329681563 0.881898962
v 0.112199661 -0.310354600 0.865764751
v -0.195704876 -0.230734446 0.764785090
v -0.198224844 -0.236540288 0.777932121
v -0.202102642 -0.217109971 0.777045629
v -0.198022489 -0.216604111 0.762542122
v -0.182000199 -0.236543721 0.761927362
v -0.188012109 -0.242525066 0.772225398
v -0.182563020 -0.217023916 0.758288557
v -0.015942513 -0.697384666 1.100360567
v 0.002655064 -0.697367235 1.099994756
v 0.039473682 -0.568421054 1.100000008
v 0.057894737 -0.568421052 1.100000002
v 0.057894737 -0.550000000 1.099999999
v 0.039473685 -0.550000000 1.100000004
v 0.259799776 -0.420687941 0.795151218
v 0.254585028 -0.414516708 0.807982196
v 0.260154426 -0.401929789 0.814028539
v 0.265825683 -0.407288005 0.800913366
v 0.272393301 -0.395882957 0.807735476
v 0.278692776 -0.401503865 0.795048384
v 0.272575308 -0.414344128 0.789791963
v 0.278947368 -0.900547963 1.064816904
v 0.278947368 -0.901353588 1.083455008
v 0.499996078 -0.789475980 0.957140229
v -0.031860832 -0.771098758 1.046596370
v -0.033034099 -0.771436766 1.065259272
v -0.037626149 -0.756605021 1.064648817
v -0.036301218 -0.752839132 1.046212861
v 0.407905924 -0.642066167 0.796460895
v 0.426276040 -0.642125726 0.796451383
v 0.426273129 -0.660859028 0.796001218
v 0.058393152 -0.292062128 0.817636487
v 0.054180545 -0.273706184 0.818933826
v 0.062540557 -0.273264818 0.828302933
v 0.064288671 -0.286793619 0.826507139
v -0.200000671 -0.328947308 0.885714254
v -0.200001848 -0.310525202 0.885714084
v -0.200004382 -0.310525330 0.867855718
v 0.039543357 -0.198988560 0.849405645
v 0.039512809 -0.202053803 0.831983638
v -0.015921424 -0.495678990 0.782396050
v -0.021792414 -0.482433151 0.784644043
v -0.010541603 -0.489760179 0.791611445
v -0.034748731 -0.476647217 0.781862621
v -0.028916184 -0.471471026 0.791267811
v -0.034150736 -0.495072742 0.778938965
v -0.140867643 -0.236716247 0.774572023
v -0.140528878 -0.217484522 0.773856782
v -0.126047828 -0.217501969 0.777997547
v -0.126911326 -0.236831798 0.778641318
v 0.499988131 -0.844722949 0.992857504
v 0.499983794 -0.844723182 1.010712521
v 0.500544822 -0.863706676 1.010712639
v 0.352409658 -0.418294669 0.903520827
v 0.347192874 -0.415133622 0.891699145
v -0.200161830 -0.457895408 0.814274874
v -0.199953066 -0.457899407 0.832164532
v -0.200008453 -0.439468475 0.832170480
v -0.200332853 -0.439464078 0.814352167
v 0.407909726 -0.531194329 1.100498223
v 0.426295327 -0.512411564 1.100825861
v 0.407988613 -0.512686323 1.101031874
v 0.260516476 -0.462233956 0.956784143
v 0.260142186 -0.463280334 0.939078637
v 0.279381840 -0.458407726 0.957130596
v 0.279264488 -0.458649743 0.938626967
v -0.199999621 -0.549999893 0.939285644
v -0.199999864 -0.531578954 0.939285698
v -0.199999833 -0.531578941 0.921428588
v 0.248764095 -0.838927497 0.891951707
v 0.243080801 -0.844290997 0.902099355
v 0.239045157 -0.825935903 0.900499185
v 0.245029810 -0.825801085 0.886136902
v 0.260655127 -0.844844174 0.886140904
v 0.255564657 -0.849710332 0.899136514
v 0.254725007 -0.832221455 0.880207422
v 0.389474776 -0.899968556 1.028539788
v 0.407892684 -0.899965503 1.028539769
v 0.407892968 -0.899983646 1.046415344
v 0.389474772 -0.899987296 1.046415084
v 0.499966340 -0.494738829 0.850011576
v 0.500003987 -0.476314292 0.867856693
v 0.500001084 -0.494737318 0.867857255
v -0.196762162 -0.674079136 0.872340559
v -0.197770032 -0.679148255 0.885465742
v -0.201048563 -0.661404039 0.884642158
v -0.197988961 -0.661566289 0.867005583
v -0.187890201 -0.673971104 0.872883824
v -0.177498577 -0.666718433 0.880479194
v -0.182160065 -0.678836352 0.883271498
v -0.126307903 -0.200036744 0.832123881
v -0.126286269 -0.200085018 0.850015343
v -0.107899547 -0.200046705 0.850017481
v -0.107898050 -0.199841906 0.832108624
v 0.112930980 -0.896824865 0.924972135
v 0.131577878 -0.896620606 0.925613615
v 0.131612166 -0.901056749 0.939077545
v 0.113089573 -0.901078036 0.939087022
v 0.021030638 -0.199483481 1.064821934
v 0.021017768 -0.198690623 1.083451104
v 0.039465706 -0.198615991 1.083446595
v 0.039465758 -0.199261934 1.064808944
v 0.383680946 -0.544218350 0.784431698
v 0.389241325 -0.549589502 0.793874905
v 0.371296476 -0.531900761 0.778293513
v 0.094736844 -0.531578943 1.100000005
v 0.094736845 -0.513157896 1.099999917
v -0.048005672 -0.858175359 0.957083806
v -0.047656191 -0.858677031 0.975712581
v -0.038360161 -0.866861650 0.957270382
v -0.037933295 -0.866789391 0.975317027
v 0.076315805 -0.899968762 1.028539035
v 0.094736835 -0.899968442 1.028538964
v 0.094736843 -0.899986191 1.046415073
v 0.076315835 -0.899986136 1.046415112
v 0.389233260 -0.698240221 0.795546090
v 0.407685904 -0.697547540 0.799030627
v 0.278947369 -0.642105264 1.100000000
v 0.278947369 -0.623684220 1.099999983
v 0.260526316 -0.623684221 1.099999990
v 0.499999881 -0.568421092 0.957142831
v 0.500000082 -0.568421124 0.975000092
v 0.154978493 -0.728550852 0.854267711
v 0.150294431 -0.734486730 0.864321709
v 0.145065352 -0.721331022 0.861280494
v 0.150478309 -0.715800067 0.852150239
v 0.163903678 -0.729078194 0.854088379
v 0.168261800 -0.716340157 0.852104108
v 0.174260036 -0.722129361 0.861142993
v 0.168362976 -0.734743758 0.864213547
v 0.132354154 -0.217206343 0.975324925
v 0.128507762 -0.202377192 0.975532316
v 0.127476300 -0.203535353 0.988632983
v 0.128666158 -0.217179071 0.989555227
v 0.114481846 -0.198262847 0.975915639
v 0.114695674 -0.201355137 0.993790277
v 0.118382407 -0.217024350 0.997701948
v 0.039476677 -0.365787871 1.099993209
v 0.426278820 -0.882925765 1.101291284
v 0.426282056 -0.863705746 1.100500732
v 0.407893166 -0.863706712 1.100527975
v 0.186797249 -0.476362596 1.099924374
v 0.205459980 -0.457785399 1.100953332
v 0.186781344 -0.457913547 1.100194408
v 0.168426015 -0.900146633 0.957141625
v 0.106892902 -0.316736451 0.855444427
v 0.098859929 -0.305442293 0.862845036
v 0.352631553 -0.715789474 1.099999976
v 0.352631553 -0.697368421 1.099999975
v 0.334210523 -0.697368421 1.099999997
v -0.015712248 -0.844341177 0.906870870
v -0.199986260 -0.255277023 0.903571417
v -0.199986420 -0.255277034 0.885714390
v 0.205856710 -0.734351528 0.868802188
v 0.205800390 -0.715591890 0.868360820
v 0.223725840 -0.734215501 0.864636455
v 0.389474691 -0.568442374 1.099968671
v 0.407891622 -0.568439488 1.099972244
v 0.407890077 -0.549973831 1.100010584
v 0.389475295 -0.549926667 1.100017595
v 0.499999046 -0.789474777 1.010712383
v 0.499968508 -0.789474766 1.028539773
v 0.113157894 -0.863705859 1.100531191
v 0.094736842 -0.863705858 1.100531187
v 0.039473984 -0.697368426 1.099998802
v 0.021065846 -0.697367874 1.099980894
v -0.148905358 -0.236783665 0.763842877
v -0.148616894 -0.217262051 0.763189918
v -0.163411818 -0.236357296 0.758886449
v -0.163031302 -0.216855933 0.758123747
v 0.444952116 -0.513367129 0.778695591
v 0.444825944 -0.495251307 0.778446255
v 0.463490933 -0.495572108 0.774744141
v 0.463752676 -0.513880083 0.777809274
v 0.205263158 -0.807892720 1.099998045
v 0.186842105 -0.807892720 1.099998045
v 0.076315790 -0.568421053 1.100000000
v 0.094736842 -0.568421053 1.100000000
v 0.094736842 -0.550000000 1.100000003
v 0.076315789 -0.550000000 1.100000000
v 0.149699929 -0.439751657 0.815200325
v 0.167594403 -0.440104056 0.815166437
v 0.117694926 -0.323938149 1.083204448
v 0.108985557 -0.314437717 1.083024178
v 0.107575924 -0.316367705 1.096043868
v 0.113921896 -0.328362880 1.098375523
v 0.099041879 -0.306768795 1.083814646
v 0.094933547 -0.310579764 1.097989359
v 0.131678539 -0.365839510 0.834674449
v 0.137175590 -0.360004471 0.844256339
v 0.150059682 -0.366292513 0.849720907
v 0.150213132 -0.369383475 0.835876585
v 0.131470600 -0.513156405 0.781336723
v 0.126756744 -0.507657638 0.790854014
v 0.137178290 -0.500600743 0.783532716
v 0.150517888 -0.490251682 0.791184467
v 0.150696643 -0.498597388 0.781822512
v 0.150033500 -0.512787085 0.781385624
v 0.371052775 -0.899998505 1.010712182
v 0.371052743 -0.899967443 1.028539800
v -0.092920482 -0.218007680 0.782118594
v -0.085163986 -0.217883414 0.792123069
v -0.108168124 -0.237261519 0.778883600
v -0.107915469 -0.217270523 0.778105335
v 0.463197193 -0.719052284 0.828557548
v 0.463447714 -0.734081869 0.831993423
v -0.070765670 -0.733210352 1.006730545
v -0.050482638 -0.732479230 1.009329808
v -0.050947968 -0.718371116 1.013767884
v -0.070419151 -0.714936833 1.012965533
v -0.144732539 -0.586995943 0.763800875
v -0.149430689 -0.592374112 0.773316231
v 0.463695517 -0.512649935 1.101169206
v 0.444652303 -0.512570342 1.100955580
v 0.057894260 -0.899971054 1.028539365
v -0.144722976 -0.402631579 1.099986558
v -0.126283157 -0.402631579 1.099968366
v -0.126283157 -0.384210526 1.099968367
v -0.144722976 -0.384210526 1.099986558
v 0.135741384 -0.360385251 1.069180627
v 0.136353025 -0.361824017 1.078134607
v 0.150328372 -0.365387709 1.083017344
v 0.098527520 -0.288483547 1.046082701
v 0.098110504 -0.292205186 1.064678819
v -0.157140473 -0.672671664 0.874365973
v -0.167553163 -0.665593632 0.881319003
v -0.144933318 -0.659257686 0.868735699
v -0.182160965 -0.752815576 0.975794449
v -0.163190691 -0.752397123 0.978014223
v -0.168602757 -0.739910905 0.980807085
v 0.058327572 -0.198461090 1.064701425
v 0.058494881 -0.198014455 1.083489873
v 0.077948489 -0.197622548 1.083550862
v 0.077536137 -0.198343265 1.064508138
v 0.371124488 -0.471869383 1.032086200
v 0.371351536 -0.476435856 1.045873240
v 0.149999877 -0.513157669 1.100002014
v 0.278947368 -0.882932535 1.101312152
v 0.297368421 -0.863705859 1.100531190
v 0.278947368 -0.863705859 1.100531189
v -0.182679143 -0.420994897 0.775070465
v -0.177034158 -0.409233515 0.772502629
v -0.163274786 -0.421344016 0.779045467
v 0.444715133 -0.882907761 1.101330328
v 0.463755170 -0.882975018 1.101754358
v 0.463687094 -0.863687094 1.101098759
v 0.444712046 -0.863693235 1.100540580
v 0.444723439 -0.568426736 1.099972789
v 0.426282811 -0.568436121 1.099950977
v 0.173012549 -0.568833781 0.792231587
v 0.172749054 -0.549851247 0.792586293
v 0.186784688 -0.549879418 0.797144758
v 0.186923138 -0.568577735 0.796892867
v 0.500065579 -0.402645866 0.832144527
v 0.499875824 -0.402664734 0.849995989
v 0.150000000 -0.882932535 1.101312152
v 0.150000000 -0.863705859 1.100531189
v 0.131578947 -0.863705859 1.100531190
v 0.497522897 -0.532220286 0.780676644
v 0.497450249 -0.513657449 0.781516388
v 0.501598193 -0.513326092 0.795434090
v 0.501612886 -0.532206273 0.794871442
v 0.482833097 -0.532532213 0.777299458
v 0.482723215 -0.513963094 0.776904544
v 0.057894263 -0.697368432 1.100000627
v 0.499991944 -0.457890802 0.867859204
v 0.499955899 -0.457902116 0.885712808
v 0.500000050 -0.476312538 0.885715354
v 0.352631540 -0.899998052 1.010712270
v 0.261006658 -0.715474159 0.849997978
v 0.260698422 -0.701030883 0.846314155
v 0.273997662 -0.702449011 0.845248824
v 0.275316401 -0.715350799 0.846626345
v 0.501350052 -0.605259260 0.812958069
v 0.501315393 -0.586806257 0.813162243
v 0.500555610 -0.586842887 0.831591190
v 0.500544809 -0.605262881 0.831580921
v 0.499998285 -0.697368790 0.921427366
v 0.500002409 -0.678947457 0.921427767
v 0.500000619 -0.678947328 0.939285701
v 0.500001221 -0.697368357 0.939285298
v 0.499983133 -0.531583312 1.010712808
v 0.499944585 -0.513191608 1.010707492
v 0.499930254 -0.513198107 1.028530173
v 0.499939483 -0.531593130 1.028541042
v 0.117855381 -0.507771639 0.791214410
v 0.488386651 -0.820690988 0.872431356
v 0.483028379 -0.825938958 0.885585418
v 0.477191608 -0.813289769 0.880179839
v 0.482659647 -0.808312629 0.869723146
v 0.496715235 -0.821451767 0.871521183
v 0.497159059 -0.808425772 0.870413815
v 0.501147929 -0.808685224 0.884415200
v 0.497941439 -0.826571501 0.884246429
v -0.031292041 -0.881875370 0.957025481
v -0.021862335 -0.887660422 0.952331156
v 0.316230459 -0.438848567 0.775333740
v 0.314829167 -0.457987343 0.774380231
v 0.186842105 -0.789474790 1.100001072
v 0.186842105 -0.771052745 1.100000110
v 0.205264653 -0.531576069 1.099998314
v 0.186842707 -0.531577688 1.100003973
v -0.139035933 -0.285827081 0.766742638
v -0.144890751 -0.291985531 0.776558225
v -0.150012042 -0.278556590 0.773743726
v -0.145089385 -0.272677991 0.763523286
v -0.131935526 -0.296482229 0.773928520
v -0.201353584 -0.217067465 0.939285712
v -0.201353575 -0.217067475 0.957142831
v -0.197396797 -0.202603204 0.957142831
v -0.197396807 -0.202603192 0.939285710
v -0.182932525 -0.198646425 0.957142831
v -0.182932536 -0.198646414 0.939285709
v -0.200099050 -0.513177257 0.796467402
v -0.199936398 -0.513166988 0.814338184
v -0.199962710 -0.494748579 0.814337222
v -0.200339768 -0.494764369 0.796316857
v 0.039472130 -0.899965033 1.028538083
v 0.057894866 -0.899987352 1.046415178
v 0.039473341 -0.899989129 1.046414893
v 0.132258734 -0.384218270 1.100852232
v 0.132423242 -0.365411786 1.101487103
v 0.500547946 -0.752631550 1.064816900
v 0.500547960 -0.734210523 1.064816904
v 0.501353585 -0.734210523 1.083455009
v 0.501353574 -0.752631552 1.083454998
v 0.500308106 -0.421091507 0.885670753
v 0.501191568 -0.402384477 0.885948573
v 0.501278332 -0.401728286 0.904271164
v 0.500988128 -0.420804514 0.903670234
v 0.165134710 -0.568501250 0.781798251
v 0.164769187 -0.550733246 0.782096783
v 0.150939686 -0.568642045 0.777454239
v 0.150619742 -0.550038528 0.777426371
v -0.126269799 -0.549967252 1.099928820
v -0.107884362 -0.549985999 1.099954687
v -0.107893604 -0.531580868 1.099994731
v -0.126281467 -0.531574142 1.099952787
v 0.094746758 -0.844433607 0.902997301
v -0.052473350 -0.841184820 0.906765897
v -0.033984409 -0.844905617 0.905629232
v -0.052535227 -0.831328831 0.898304032
v -0.199997984 -0.439473684 1.010712331
v -0.199997984 -0.421052632 1.010712331
v -0.200001106 -0.421052632 0.992858215
v -0.201353588 -0.384210526 1.083455009
v -0.197396809 -0.384210526 1.097476498
v -0.197396807 -0.365789477 1.097476497
v -0.201353585 -0.365789477 1.083455009
v -0.182932536 -0.384210526 1.101312152
v 0.169055303 -0.365069098 1.028729467
v 0.165988417 -0.350435138 1.027912665
v 0.164072525 -0.352597473 1.040462851
v 0.151250356 -0.343709494 1.028031748
v 0.150918098 -0.349440920 1.045731740
v -0.200001254 -0.568420779 0.939285868
v -0.200003981 -0.568422087 0.957143826
v -0.200001364 -0.549999942 0.957142777
v -0.052592382 -0.623623735 1.100079933
v -0.034190719 -0.623673289 1.099937538
v -0.034211186 -0.605266705 1.099971370
v -0.052617193 -0.605244539 1.099947653
v 0.463706295 -0.568423117 1.100524483
v -0.199968769 -0.513158388 1.028539753
v -0.199987727 -0.513159337 1.046415513
v -0.199986591 -0.494736886 1.046415077
v -0.199967438 -0.494736809 1.028539754
v 0.316355695 -0.461467225 1.028427982
v 0.315481732 -0.461686599 1.042821168
v 0.333862659 -0.461756663 1.042606965
v 0.334149786 -0.461463390 1.028567962
v 0.321283615 -0.471100113 1.023813413
v 0.328923255 -0.471271539 1.023891768
v 0.315503786 -0.472186117 1.050213516
v 0.334054557 -0.471900684 1.050149148
v 0.204949431 -0.568443971 0.797006932
v 0.204940222 -0.549946205 0.797165652
v 0.297103534 -0.897606944 0.888535771
v 0.297248785 -0.901180084 0.903279879
v 0.090438950 -0.366856953 0.818798124
v 0.088646891 -0.352891060 0.819680678
v 0.098469605 -0.365928741 0.827987782
v 0.075874062 -0.347444807 0.817543907
v 0.082236134 -0.342046778 0.825778880
v 0.076004074 -0.365836892 0.814785575
v 0.242105263 -0.752631553 1.099999975
v 0.076690929 -0.273969920 0.831683183
v 0.003152810 -0.550200291 0.776068721
v 0.020422980 -0.550466548 0.778973454
v 0.021132109 -0.569355694 0.778894878
v -0.071052752 -0.199999859 0.921428623
v -0.071052745 -0.199999897 0.939285713
v -0.052631550 -0.200000049 0.939285717
v -0.052631560 -0.200000076 0.921428613
v 0.168421055 -0.586842100 1.100000004
v -0.071177312 -0.384115180 0.778903746
v -0.052493106 -0.384034265 0.778706792
v -0.182794464 -0.531471023 0.740062433
v -0.182617954 -0.512113094 0.741053151
v -0.163669698 -0.512685335 0.744987807
v -0.163030425 -0.531474080 0.741138261
v 0.115478412 -0.310964320 1.028277341
v 0.108449208 -0.296405283 1.028226080
v 0.108133656 -0.296726350 1.045723832
v 0.001447615 -0.402168178 0.797175421
v 0.205263158 -0.789474790 1.100001072
v 0.223684211 -0.789474790 1.100001072
v 0.223684211 -0.771052745 1.100000110
v 0.205263158 -0.771052745 1.100000110
v 0.284163445 -0.673777506 0.820163104
v 0.273512466 -0.665909699 0.826656325
v 0.279178343 -0.660175864 0.817595533
v 0.297185024 -0.661186183 0.811110869
v 0.151379906 -0.273560800 0.903146507
v 0.150870629 -0.254990873 0.902914378
v 0.426477086 -0.883006215 0.899638982
v 0.431435646 -0.869151335 0.898790924
v 0.445243632 -0.863152509 0.901188073
v 0.443671968 -0.878318244 0.899600393
v 0.242105410 -0.549999674 1.099995350
v 0.242102628 -0.531597598 1.099959759
v 0.223684161 -0.531582282 1.099979965
v 0.052548623 -0.611286368 0.790301756
v -0.163705859 -0.384210526 1.100531190
v -0.144722976 -0.365789477 1.099986554
v -0.168883337 -0.796237864 0.964109557
v 0.408325449 -0.439424716 0.776098041
v 0.408473690 -0.420596839 0.775466147
v 0.426396750 -0.420559978 0.779539003
v -0.015789597 -0.623687819 1.099979966
v 0.002629410 -0.623685594 1.100003469
v 0.002631233 -0.605263103 1.100002679
v -0.015791637 -0.605265210 1.100000776
v 0.407325855 -0.379958057 0.889874582
v 0.420686443 -0.377856179 0.891902101
v 0.426038542 -0.365284699 0.889252560
v 0.407991629 -0.365670591 0.883097734
v -0.089474791 -0.457894740 1.100001073
v -0.071052745 -0.457894738 1.100000113
v -0.071052745 -0.439473684 1.100000110
v -0.089474790 -0.439473684 1.100001073
v 0.408210398 -0.455880267 0.974711366
v 0.407639611 -0.458781916 0.992485055
v 0.254179875 -0.416745044 0.837639187
v 0.255739524 -0.416840188 0.846250727
v 0.260061344 -0.402873010 0.850585720
v 0.256671707 -0.402626524 0.833031514
v 0.499998045 -0.771052744 1.010712348
v 0.264413366 -0.550195770 0.781658248
v 0.256323217 -0.550435433 0.792397529
v 0.254501823 -0.536576408 0.790683429
v 0.260302141 -0.531365670 0.781229289
v 0.278292665 -0.531622436 0.777087872
v -0.200000123 -0.328947255 0.903571451
v -0.200001038 -0.310525205 0.903571468
v 0.039465675 -0.200033580 0.885739599
v 0.039457304 -0.199636904 0.867707856
v 0.500516531 -0.863705742 1.028538747
v 0.499951429 -0.844724112 1.028540702
v -0.199983609 -0.457895728 0.850002289
v -0.199986716 -0.439473009 0.849999667
v 0.426061254 -0.882757392 0.888541115
v 0.426172186 -0.863348951 0.888869165
v 0.407993711 -0.862977482 0.885628056
v 0.261072312 -0.458264369 0.975398715
v 0.279179668 -0.457554441 0.975116387
v -0.200003438 -0.550001159 0.975000609
v -0.200000928 -0.531578887 0.975000086
v -0.199999861 -0.531578850 0.957142781
v 0.407893166 -0.900544647 1.064817731
v -0.126634248 -0.383536061 0.779416604
v -0.126489925 -0.369655402 0.775018462
v -0.107818951 -0.369885091 0.775004804
v -0.028902893 -0.709841489 0.874527331
v -0.039132601 -0.703211595 0.881143740
v -0.034426406 -0.696789015 0.871653096
v -0.014672134 -0.712049774 0.872664328
v -0.015932004 -0.696696741 0.868221005
v 0.039488395 -0.292108370 1.100002825
v 0.039492680 -0.273715360 1.099960888
v 0.463621541 -0.711578774 0.818332285
v 0.444619389 -0.701650265 0.810013730
v 0.463723712 -0.701060205 0.809642710
v 0.080918159 -0.328484466 0.827426156
v -0.200947178 -0.679243898 0.902865602
v -0.200925067 -0.660745172 0.903216141
v -0.049526855 -0.734176154 1.046470604
v -0.056904267 -0.719929462 1.046067251
v -0.126282355 -0.200039342 0.867859386
v -0.107893511 -0.200017557 0.867860157
v -0.089133572 -0.365946190 0.775707339
v -0.085186831 -0.347295379 0.775060237
v -0.075075470 -0.347414673 0.774686632
v -0.071212511 -0.365865571 0.775315261
v 0.389438299 -0.605240646 0.796998222
v 0.407856893 -0.605387777 0.796721394
v 0.407891682 -0.623679536 0.796455756
v 0.260526310 -0.568419838 1.100000405
v 0.260526259 -0.550005126 1.099987057
v 0.113165316 -0.900512639 0.956819001
v 0.334135461 -0.476037256 1.064664087
v 0.199968331 -0.425671230 0.920785785
v 0.189758084 -0.417618528 0.920891861
v 0.089200431 -0.471085934 0.783862103
v 0.089837139 -0.462381802 0.783457139
v 0.095204177 -0.457854925 0.792807416
v 0.094754595 -0.476146494 0.793514829
v 0.081812073 -0.481204001 0.790992976
v -0.038259576 -0.458184021 0.782307025
v -0.038372459 -0.439784765 0.781969665
v -0.030490904 -0.457761578 0.792771069
v -0.051931385 -0.439797866 0.777781807
v 0.094736839 -0.900547930 1.064816926
v -0.071280319 -0.845761625 0.920756495
v 0.500001356 -0.568421040 0.992858200
v 0.089742202 -0.255476112 1.028061852
v 0.080050080 -0.249968925 1.033274973
v 0.080477560 -0.249934260 1.041095928
v 0.168427710 -0.899944005 0.975054119
v 0.168421752 -0.899985041 0.992865595
v 0.153911950 -0.882364134 0.906431861
v 0.145809047 -0.882395731 0.917159239
v 0.144293086 -0.868449283 0.916001186
v 0.150027139 -0.863074329 0.906511579
v -0.199986127 -0.255277024 0.939285712
v -0.199986132 -0.255277024 0.921428571
v 0.168421053 -0.642105263 1.100000000
v 0.186842105 -0.752631553 1.099999975
v 0.186842105 -0.734210523 1.099999997
v 0.334210523 -0.752631553 1.099999972
v 0.315789474 -0.752631553 1.099999976
v 0.062520431 -0.766053693 0.872285130
v 0.058368445 -0.771030594 0.882652234
v 0.072024258 -0.766141786 0.872453231
v 0.075942693 -0.771180582 0.882650509
v 0.242105261 -0.605263193 1.099999970
v 0.242105268 -0.586842066 1.100000305
v -0.200001099 -0.476315790 0.992858215
v -0.200000115 -0.476315792 0.975000110
v 0.373696232 -0.346168263 0.813919215
v 0.370356869 -0.346329019 0.832237393
v 0.375520068 -0.332881391 0.826607565
v 0.375814662 -0.332534619 0.818383363
v 0.389014365 -0.331263784 0.827859186
v 0.387981158 -0.330813950 0.817154613
v 0.388785725 -0.341645127 0.809291142
v 0.389246446 -0.342569662 0.835878406
v 0.021092713 -0.752631587 1.099968585
v 0.002649482 -0.752631300 1.099994987
v 0.097420296 -0.273882800 0.849577689
v 0.099420127 -0.279477157 0.862801458
v 0.097421261 -0.292400993 0.864539132
v 0.057846355 -0.199341205 0.867487647
v 0.057854091 -0.200035021 0.885717187
v 0.076308807 -0.199832189 0.885713653
v 0.076456963 -0.198840510 0.867221586
v -0.071000244 -0.605202793 1.100083347
v -0.052634358 -0.586843511 1.099970998
v 0.094736845 -0.844722975 1.099986545
v 0.094736856 -0.826283157 1.099968350
v 0.072372664 -0.328946741 0.818129468
v 0.058008689 -0.347546871 0.814742838
v 0.058076324 -0.328792570 0.814225466
v -0.094595025 -0.360646705 0.766426154
v -0.092884973 -0.347069289 0.764790958
v -0.107754846 -0.361961444 0.764323968
v -0.107559944 -0.347927079 0.759580725
v 0.443774302 -0.476452253 0.775489628
v 0.131921667 -0.646271459 0.828204498
v 0.150200731 -0.645822360 0.828479172
v -0.182882308 -0.624629231 1.046796301
v 0.131974098 -0.734200767 0.867285544
v 0.131380239 -0.719445067 0.863306873
v 0.095445927 -0.292207310 1.083098475
v 0.091307797 -0.292296335 1.097296995
v 0.063283482 -0.618327464 0.783550583
v 0.057932772 -0.605487847 0.781478422
v 0.076872514 -0.620241569 0.781570888
v 0.223683179 -0.899969418 0.975027052
v 0.223684266 -0.899999298 0.992861549
v 0.145853387 -0.328687779 0.889429390
v 0.148224231 -0.310106570 0.884990052
v 0.150837578 -0.310175001 0.902910900
v 0.145785259 -0.329619247 0.904352478
v 0.334211629 -0.605594171 0.796227852
v 0.334046211 -0.591264516 0.792062818
v 0.352604889 -0.587572878 0.793176344
v 0.352619809 -0.604997434 0.796742696
v -0.033850192 -0.591633465 0.773660312
v -0.034004067 -0.678242360 0.868288948
v 0.500289720 -0.402673221 0.867824790
v 0.371052745 -0.771052745 1.100000220
v 0.371052745 -0.752631553 1.100000085
v 0.352631553 -0.752631553 1.099999951
v 0.181934911 -0.710402204 0.854653578
v 0.187258831 -0.696430106 0.854098525
v 0.187591271 -0.715696413 0.865042734
v 0.169055649 -0.701427966 0.853557535
v 0.501136163 -0.531689776 0.813609038
v 0.500718346 -0.513135911 0.813762305
v 0.499930346 -0.457931242 0.903558821
v 0.426120430 -0.384071494 0.900367547
v 0.431413777 -0.371261940 0.898188030
v 0.297368407 -0.605263134 1.100000094
v 0.297368417 -0.586841568 1.100001294
v 0.352631552 -0.899967289 1.028539809
v 0.407597145 -0.343312916 0.813333496
v 0.426997679 -0.347087927 0.813511191
v 0.499982942 -0.605264358 0.850006478
v 0.499995654 -0.586845063 0.849981537
v 0.168200701 -0.770696147 0.885710143
v 0.186966656 -0.770810252 0.885837384
v 0.500000036 -0.623684200 0.921428495
v 0.499999941 -0.623684212 0.939285740
v 0.127702200 -0.439676563 0.800293673
v 0.126057234 -0.426454248 0.801723480
v 0.131476771 -0.420855917 0.811100198
v 0.135471123 -0.439211287 0.810597550
v 0.256260732 -0.438758897 0.791378395
v 0.256202743 -0.457581936 0.791718657
v 0.500472912 -0.734159039 0.867727864
v 0.500275394 -0.734157826 0.885656651
v 0.500620835 -0.752587537 0.885417428
v 0.500000144 -0.697368411 0.957142858
v 0.499999917 -0.678947367 0.957142874
v 0.500000086 -0.678947369 0.975000112
v 0.500000086 -0.697368424 0.975000130
v -0.038951860 -0.739267575 1.040359136
v -0.201250083 -0.291804441 0.777239091
v -0.197824437 -0.273527233 0.777864424
v 0.500850073 -0.826620718 0.902364401
v 0.501034897 -0.808117199 0.902974797
v -0.033953337 -0.881554472 0.974928336
v -0.038534498 -0.882029578 0.988792389
v -0.039122845 -0.868273283 0.987819816
v 0.334210523 -0.826283157 1.099968363
v 0.352631554 -0.826283158 1.099968340
v 0.352631554 -0.807892720 1.099998021
v 0.334210523 -0.807892720 1.099998042
v 0.407818679 -0.716003208 0.810398624
v 0.413187814 -0.703104748 0.808337439
v 0.426664873 -0.701457234 0.809865858
v 0.039203641 -0.771662966 0.881925462
v 0.039508430 -0.790051391 0.885182003
v -0.200000901 -0.384210485 0.885714200
v -0.200000019 -0.384210513 0.903571440
v -0.200000029 -0.365789474 0.903571452
v -0.200000294 -0.365789422 0.885714256
v -0.196368864 -0.563647721 0.746898472
v -0.197809466 -0.550531790 0.745044036
v -0.182950155 -0.565017964 0.745219203
v -0.183029486 -0.573319260 0.754966229
v -0.183087408 -0.550887423 0.740751894
v -0.201353687 -0.217067471 0.975000130
v -0.197396860 -0.202603140 0.975000119
v -0.182932529 -0.198646313 0.975000130
v -0.199989411 -0.513157786 0.832146806
v -0.199975642 -0.494735918 0.832158226
v -0.107892708 -0.476315749 1.099998000
v -0.107892720 -0.457894736 1.099998034
v 0.039472693 -0.807892623 1.099996784
v 0.021067321 -0.807893196 1.099979067
v -0.197397340 -0.310525166 1.097477013
v -0.197396003 -0.292107685 1.097475717
v 0.003531756 -0.198298275 0.812881704
v 0.021487044 -0.201630195 0.813042496
v 0.501304828 -0.420333665 0.921744707
v 0.498203386 -0.401755445 0.922282216
v 0.497653383 -0.405434527 0.939858199
v 0.501529453 -0.420203513 0.939863245
v 0.482649494 -0.397359216 0.925785891
v 0.482588170 -0.401135034 0.940673009
v 0.260168910 -0.898318058 0.902550478
v -0.015789473 -0.421052631 1.100000009
v -0.199967368 -0.439473685 1.028539795
v -0.199967367 -0.421052632 1.028539795
v -0.197523223 -0.733994630 0.888701276
v -0.201364451 -0.734528853 0.902519352
v 0.283401898 -0.715070457 0.837216472
v 0.297768094 -0.715334906 0.832935255
v -0.126326722 -0.638690895 0.799739206
v -0.126293574 -0.628817720 0.791723835
v 0.002318898 -0.601424580 0.782743739
v 0.021029992 -0.600843387 0.782807170
v 0.003044980 -0.609188264 0.792287804
v 0.021023910 -0.587265842 0.779220372
v 0.168422090 -0.513156281 1.100004895
v 0.186844966 -0.513154428 1.099994093
v 0.186837902 -0.494744323 1.099942781
v 0.168424703 -0.494734723 1.099991084
v -0.200547424 -0.513160070 1.064817828
v -0.200548423 -0.494737394 1.064817008
v 0.297376755 -0.900587264 0.921164750
v 0.297386657 -0.899977590 0.939286589
v 0.500000117 -0.642105263 0.975000109
v 0.500000116 -0.623684210 0.975000109
v 0.500001107 -0.623684210 0.992858215
v 0.500001106 -0.642105263 0.992858215
v 0.444722976 -0.642105276 1.099986545
v 0.463705856 -0.623684260 1.100531155
v 0.444722976 -0.623684255 1.099986566
v -0.071052745 -0.199999909 0.957142831
v -0.071052745 -0.199999774 0.975000110
v -0.052631554 -0.199999954 0.975000110
v -0.052631552 -0.200000051 0.957142833
v -0.088848743 -0.642885969 0.813736725
v -0.089213022 -0.642652901 0.831794849
v -0.126283410 -0.513159151 1.099968540
v -0.126283215 -0.494737166 1.099968977
v -0.107892966 -0.255276804 1.099984151
v -0.126284075 -0.255275887 1.099952931
v 0.205797341 -0.789419211 0.885927244
v 0.205676640 -0.771199082 0.882842330
v 0.224067040 -0.774959460 0.882291847
v 0.224496090 -0.789179220 0.886219201
v -0.158893056 -0.291939191 0.775705210
v -0.158694629 -0.278388976 0.773600042
v -0.089805783 -0.771183738 0.882566950
v 0.371052745 -0.826283158 1.099968475
v 0.371052747 -0.807892722 1.099998152
v 0.389213762 -0.458163629 0.763223773
v 0.384186456 -0.452241273 0.773642390
v 0.389495438 -0.439915234 0.775395983
v 0.389337186 -0.439736224 0.763835353
v 0.404655506 -0.458047548 0.764319029
v 0.403126209 -0.444498189 0.765672947
v 0.412543335 -0.457634506 0.774965897
v 0.076315781 -0.807892722 1.099998109
v 0.057894132 -0.807892708 1.099998647
v 0.146676964 -0.347201972 1.064755452
v 0.134892956 -0.344075474 1.046449396
v 0.134006216 -0.347896010 1.064235191
v -0.144722926 -0.310525228 1.099987696
v 0.278337289 -0.901441022 0.902624110
v 0.278811666 -0.901113558 0.920808091
v -0.028812497 -0.757630165 0.879766597
v -0.015273131 -0.755789381 0.881771462
v 0.278947368 -0.660526316 1.100000000
v -0.107840120 -0.638663365 0.799711823
v -0.088926534 -0.638981345 0.799496221
v -0.107835633 -0.642636076 0.813647112
v -0.107902267 -0.628823090 0.791570244
v -0.089295032 -0.629062583 0.791139488
v 0.205261492 -0.513163884 1.099958029
v 0.223672236 -0.513192146 1.099940402
v -0.034823441 -0.697457030 1.100933377
v -0.034497448 -0.679083360 1.100892425
v 0.264653481 -0.476500406 0.782736831
v 0.256631153 -0.476607663 0.792384007
v 0.264251865 -0.457567482 0.782372161
v 0.278065897 -0.476527644 0.777991243
v 0.407568967 -0.458354822 1.011089868
v 0.425997413 -0.454513627 1.011211599
v -0.200854944 -0.531573099 0.778094822
v -0.201925184 -0.531585554 0.759331163
v 0.499967478 -0.771052746 1.028539793
v -0.107893172 -0.513158910 1.099999953
v -0.089474741 -0.494736749 1.100000987
v -0.107892728 -0.494736830 1.099998358
v 0.027362380 -0.259923378 0.807894089
v 0.039873416 -0.255094669 0.810824139
v 0.039475532 -0.200025768 0.903583568
v 0.261423590 -0.692971560 0.836837795
v 0.260585814 -0.678491644 0.832184604
v 0.497351181 -0.586714603 0.799355387
v 0.497380125 -0.568446662 0.799398603
v 0.501189472 -0.568377878 0.813664983
v 0.482874247 -0.586663706 0.795598251
v 0.482749650 -0.568894850 0.795700268
v 0.090513815 -0.273827520 0.836292370
v 0.090952641 -0.255330657 0.835627496
v 0.098964445 -0.255460234 0.845421788
v 0.076928123 -0.255351691 0.831961756
v -0.200002891 -0.531579708 0.992858323
v -0.055813700 -0.789295079 0.996272866
v -0.046843994 -0.789238166 1.005352396
v -0.046923557 -0.770591644 1.005246519
v -0.055500361 -0.771242997 0.996123031
v -0.036927743 -0.789584643 1.013750545
v -0.050068635 -0.734101780 1.097342474
v -0.049368558 -0.715578191 1.097305140
v -0.034816505 -0.715757605 1.101149103
v -0.126496430 -0.513175840 0.760322974
v -0.126173801 -0.494230751 0.760319535
v -0.107741075 -0.494444534 0.760264073
v 0.198733981 -0.426949636 0.969897552
v 0.189230145 -0.420881355 0.975420459
v 0.191856002 -0.434426825 0.980550137
v -0.071280307 -0.509366586 0.775079746
v -0.071327318 -0.495409427 0.779220687
v -0.052805991 -0.494963780 0.778784662
v -0.052838692 -0.509300629 0.774629002
v 0.002165770 -0.756185428 0.881806500
v 0.015890840 -0.758521656 0.879710415
v -0.199967479 -0.273716842 0.975000110
v -0.199986272 -0.255277037 0.975000098
v -0.199986107 -0.255277023 0.957142832
v 0.497396003 -0.807892315 1.097475717
v 0.242093640 -0.513193279 1.099992210
v 0.389478691 -0.530989864 1.100596221
v 0.021136760 -0.255599812 0.799140312
v -0.112713656 -0.647398249 1.032941534
v 0.145921007 -0.305151280 0.872320683
v 0.146102115 -0.296860013 0.872335248
v 0.148044495 -0.292031007 0.884873400
v 0.131715620 -0.296305646 0.872183996
v 0.132431791 -0.288033259 0.881435262
v 0.021056656 -0.678946628 1.099986056
v -0.144712046 -0.199442349 1.064804666
v -0.144715133 -0.198627662 1.083430993
v -0.126278820 -0.198667939 1.083448446
v -0.126282056 -0.199483455 1.064816795
v -0.199967320 -0.476315775 1.028539795
v -0.199997966 -0.476315783 1.010712333
v 0.149729733 -0.420797381 0.814565589
v -0.052631388 -0.531578755 1.100000110
v -0.085686942 -0.895719136 1.032002673
v -0.092085583 -0.897563991 1.045685403
v -0.094945372 -0.882222937 1.045575171
v -0.086956385 -0.881953996 1.030663185
v 0.057878749 -0.200077803 0.903593373
v 0.057887352 -0.200030554 0.921431200
v 0.076252741 -0.200090620 0.921442307
v 0.076264061 -0.200085119 0.903620772
v 0.426639677 -0.351704250 0.882284458
v 0.444633936 -0.351169094 0.882055715
v 0.210119853 -0.433837780 0.908108112
v -0.070695570 -0.770899860 0.995672374
v 0.358023847 -0.408956960 0.897838663
v 0.352592947 -0.402936529 0.888510440
v 0.371726455 -0.407018879 0.899204827
v 0.370328094 -0.398766447 0.889953297
v 0.371003268 -0.417493919 0.907001401
v -0.075876494 -0.878262584 1.084396743
v -0.072237386 -0.882885845 1.098843304
v -0.067713722 -0.863787181 1.097702943
v -0.016153291 -0.715788662 1.100513360
v 0.278291144 -0.513277776 0.777717985
v 0.278616214 -0.494983016 0.778383834
v 0.296889456 -0.495107881 0.778332635
v -0.071054770 -0.550002860 1.100003623
v -0.089476813 -0.550001340 1.099990400
v 0.044127494 -0.328314859 0.810122292
v 0.040526154 -0.309891157 0.810827848
v 0.058430845 -0.310075311 0.814411010
v 0.063695473 -0.691400406 0.855991077
v 0.057694267 -0.696566065 0.865228038
v 0.053029039 -0.683840644 0.862963970
v 0.070839432 -0.702827728 0.862175198
v -0.028529278 -0.525757723 0.772793315
v -0.034065294 -0.512601350 0.775073689
v -0.016077451 -0.513225442 0.778761866
v -0.015395998 -0.531127399 0.775610193
v 0.413677592 -0.758202315 0.825499960
v 0.426274830 -0.753012456 0.828926733
v 0.223684271 -0.899998986 1.010711652
v 0.223684213 -0.899967448 1.028539660
v 0.145845956 -0.329657464 0.920913186
v 0.149769020 -0.328633821 0.939067646
v -0.163693235 -0.199442349 1.046404534
v -0.163687094 -0.198866543 1.064798714
v -0.144721787 -0.200025355 1.046413977
v 0.495899026 -0.388747515 0.916795117
v 0.483131434 -0.387358393 0.918129499
v -0.163705859 -0.402631579 1.100531190
v -0.182932535 -0.402631579 1.101312152
v -0.126302633 -0.620543762 0.782449008
v -0.126380959 -0.609836466 0.774121114
v 0.499999975 -0.623684211 0.957142834
v -0.198252745 -0.202207027 0.777011168
v -0.183077855 -0.197603102 0.776896854
v 0.499997063 -0.752607477 0.903558348
v 0.499985696 -0.734205106 0.903584951
v -0.015458553 -0.329151077 0.781101133
v -0.022440194 -0.316148703 0.784936825
v -0.016886388 -0.310287457 0.797674515
v -0.011224309 -0.322689249 0.791215382
v -0.029843384 -0.328477384 0.773879526
v 0.500001101 -0.697368421 0.992858215
v 0.500001106 -0.678947368 0.992858213
v 0.027011971 -0.820963893 0.890758550
v 0.015422146 -0.813293622 0.898149589
v 0.021271223 -0.807848663 0.888505188
v 0.040115262 -0.823019080 0.888946592
v 0.039440955 -0.808609274 0.885470879
v 0.463585173 -0.347522388 0.882932676
v 0.352631553 -0.734210523 1.099999972
v 0.094694297 -0.490769716 0.792977559
v -0.199988036 -0.421049605 0.849999291
v 0.260498017 -0.587475202 0.792806899
v 0.035846238 -0.328360280 0.800323321
v 0.034683904 -0.315374795 0.802625950
v 0.021274994 -0.314327271 0.801230395
v 0.021344797 -0.306362075 0.811081933
v 0.022180095 -0.328250354 0.792515671
v -0.199999977 -0.384210526 0.921428574
v -0.199999996 -0.384210526 0.939285711
v -0.199999993 -0.365789477 0.939285711
v -0.199999992 -0.365789478 0.921428573
v 0.039476806 -0.752631584 1.099997644
v -0.121160217 -0.637267886 1.044519687
v -0.110966168 -0.645522108 1.045733874
v -0.144602401 -0.420869047 0.780020897
v -0.126619303 -0.402074159 0.779423225
v 0.094674009 -0.711669767 0.852894870
v 0.112642284 -0.711127348 0.853619961
v 0.113093629 -0.719646536 0.863278014
v 0.094510726 -0.719673390 0.863273823
v 0.112274240 -0.697391925 0.853050721
v -0.108980891 -0.756754195 0.997274117
v -0.127096247 -0.753293689 0.996633947
v 0.113942353 -0.346613156 1.101518638
v -0.199949763 -0.586805052 0.992837617
v -0.199946517 -0.586836092 0.974994337
v 0.444483515 -0.766972414 0.836680164
v 0.463352940 -0.767322109 0.835807951
v 0.463873307 -0.775882830 0.845094806
v 0.445001414 -0.775594739 0.845568094
v 0.444435555 -0.752191160 0.832102845
v 0.463283106 -0.752741209 0.832797196
v -0.200975607 -0.734241451 0.920791718
v 0.499997984 -0.642105263 1.010712331
v 0.499997985 -0.623684210 1.010712331
v 0.499967364 -0.623684209 1.028539796
v 0.499967368 -0.642105263 1.028539795
v 0.352622341 -0.642367475 0.795418293
v -0.163535568 -0.716458407 0.869932945
v -0.157419387 -0.703017689 0.873166499
v -0.145132957 -0.715722520 0.866582832
v -0.071052745 -0.199998793 0.992858215
v -0.071052745 -0.200001914 1.010712332
v -0.052631554 -0.200001983 1.010712328
v -0.052631553 -0.199998942 0.992858210
v 0.039473684 -0.531578947 1.099999999
v -0.168147606 -0.291428283 0.764384046
v -0.183044972 -0.291651541 0.759023843
v -0.107929566 -0.619792430 0.782509461
v -0.089568511 -0.619642209 0.782683113
v -0.108068885 -0.606028733 0.775109786
v -0.089806037 -0.605196397 0.778554581
v -0.016453788 -0.897933347 0.956522415
v -0.015789496 -0.200002840 1.010712492
v -0.015789108 -0.200034609 1.028539779
v 0.002632296 -0.200015510 1.010711953
v 0.174362317 -0.378362244 0.926490937
v 0.168848226 -0.365939027 0.921295627
v 0.168951763 -0.365682568 0.938934619
v -0.066562235 -0.710912720 1.027796774
v -0.073416858 -0.696840540 1.027529418
v -0.076155594 -0.701935131 1.015057679
v -0.051522229 -0.717833902 1.027643200
v 0.131707910 -0.711677964 0.853513855
v 0.130775196 -0.700947617 0.854281850
v 0.130677604 -0.692345060 0.865125164
v 0.149665081 -0.692322454 0.865025642
v 0.150054627 -0.701949127 0.853723196
v 0.147536376 -0.346955034 1.082964158
v 0.147301625 -0.345982221 1.097929632
v 0.147199072 -0.365352664 1.097592696
v 0.136159677 -0.352576074 1.077162178
v 0.133233693 -0.346262207 1.101936352
v 0.278957405 -0.900155459 0.939252855
v 0.256688679 -0.568975873 0.792276988
v -0.107851529 -0.642096007 0.832238210
v -0.089665851 -0.646065282 0.846680512
v -0.107908560 -0.644195920 0.850832025
v 0.131372736 -0.311363991 0.993297756
v 0.130439296 -0.329051901 0.992841079
v 0.116614638 -0.324776710 0.997061941
v 0.117007332 -0.316183381 0.998210140
v -0.052429374 -0.655232183 0.855710399
v -0.052418198 -0.641102709 0.847993805
v -0.199908332 -0.531581009 0.814323104
v -0.199939320 -0.531573882 0.796482459
v 0.076315789 -0.531578947 1.100000006
v 0.057894737 -0.531578948 1.100000000
v 0.131751470 -0.402599886 1.100736572
v 0.113128145 -0.402647531 1.100117310
v 0.081317855 -0.896204466 0.907631912
v 0.072299677 -0.882557595 0.916629277
v 0.080635041 -0.882390466 0.906587361
v 0.089530637 -0.896365723 0.907195995
v 0.500510412 -0.568401436 0.831797602
v 0.500003796 -0.568418629 0.849990100
v 0.128167316 -0.203925383 0.853624741
v 0.129210561 -0.202349949 0.866586595
v 0.114695691 -0.202236421 0.852215898
v 0.114619740 -0.198082922 0.866900048
v -0.047082146 -0.223212700 0.790502817
v -0.033998932 -0.217108767 0.792636450
v -0.034254577 -0.236374909 0.793251589
v -0.034242729 -0.660516455 1.100321560
v -0.034166614 -0.642057365 1.099979503
v -0.084158906 -0.507984610 0.773367338
v -0.071304723 -0.517195882 0.764659604
v 0.081963141 -0.396957519 0.807950919
v 0.076517404 -0.383626508 0.810907590
v 0.094367090 -0.384790892 0.817794773
v 0.094795438 -0.402541953 0.811257305
v 0.501269995 -0.789818428 0.884661868
v 0.500544895 -0.789472366 0.903438287
v -0.037288787 -0.804172563 1.045203962
v -0.039526530 -0.802232648 1.059230833
v -0.035753925 -0.789666824 1.064882528
v -0.032453759 -0.789560435 1.046394661
v -0.070641175 -0.439767744 0.778088810
v 0.255395933 -0.647373090 0.827075785
v 0.260265936 -0.660643445 0.828975411
v 0.113223813 -0.531454373 0.777896272
v 0.321574444 -0.896019371 0.871666015
v 0.329817129 -0.896422936 0.871664202
v -0.199968520 -0.273716867 0.992858192
v -0.199987307 -0.255277074 0.992858197
v -0.144711240 -0.476578879 0.764426157
v -0.150309844 -0.470599459 0.773879229
v -0.139921287 -0.463463381 0.766418602
v -0.126171079 -0.475930389 0.763519743
v -0.131004244 -0.463295048 0.766039957
v -0.126583505 -0.457795663 0.775781322
v -0.120989897 -0.469894823 0.772656640
v -0.052631553 -0.457894737 1.099999976
v 0.151729674 -0.291947477 0.902698573
v 0.223684197 -0.586842173 1.100000007
v 0.242105361 -0.568420054 1.100001507
v -0.200548014 -0.476315750 1.064816873
v -0.199986113 -0.476315734 1.046415112
v 0.439215968 -0.470657190 1.051138380
v 0.448589925 -0.461799005 1.063992854
v 0.444657814 -0.461155302 1.046327780
v 0.463511650 -0.457131942 1.064615645
v 0.463465228 -0.457311226 1.046527297
v 0.279174500 -0.789497673 0.853226061
v 0.296491758 -0.775315029 0.845478591
v 0.297571627 -0.789857130 0.849750571
v 0.150074892 -0.420872895 1.100825850
v 0.168469097 -0.420377234 1.100996272
v 0.168208469 -0.402429984 1.097779631
v 0.150365899 -0.402387406 1.100782920
v -0.091796961 -0.897433994 1.064090025
v -0.087338260 -0.897468558 1.084202622
v -0.087017022 -0.886580546 1.083890809
v -0.091242834 -0.882393672 1.064125279
v -0.077881002 -0.875653807 1.070342729
v -0.001875176 -0.721736135 0.881041734
v -0.001643526 -0.729521908 0.880656330
v 0.057885389 -0.200029758 0.939287700
v 0.057872683 -0.200084211 0.957130695
v 0.076302080 -0.200019101 0.957088427
v 0.076270767 -0.200076337 0.939274665
v 0.071257576 -0.389586303 0.801010562
v -0.015268081 -0.216804597 0.795504739
v 0.003033345 -0.216817787 0.795632664
v 0.421326350 -0.434570333 0.943702072
v 0.431986913 -0.426875028 0.951291846
v 0.445055489 -0.420538176 0.956949469
v 0.168421053 -0.752631553 1.099999975
v 0.058462820 -0.255284803 1.100545357
v 0.351989308 -0.361373771 0.828233224
v 0.352482599 -0.365652562 0.813811247
v 0.264981696 -0.582207037 0.783395994
v 0.264783209 -0.568868585 0.782119457
v 0.273134641 -0.581732172 0.783432204
v 0.352631550 -0.863705855 1.100531172
v 0.334210523 -0.863705859 1.100531186
v 0.205263159 -0.899986075 1.046415157
v 0.223684209 -0.899986110 1.046415139
v 0.223684210 -0.900547962 1.064816907
v 0.205263157 -0.900547961 1.064816906
v 0.182376996 -0.628854586 0.826694946
v 0.173284479 -0.628848580 0.826318815
v -0.163755170 -0.198190242 1.083496190
v -0.163803087 -0.202377824 1.097694967
v -0.144731153 -0.202614214 1.097465813
v -0.144715133 -0.217092239 1.101330328
v 0.334466437 -0.734827593 0.816981121
v 0.328727014 -0.728988209 0.826065551
v 0.338951101 -0.715402153 0.819012196
v 0.348929161 -0.733795243 0.818596633
v 0.353657654 -0.715305186 0.817756666
v 0.358427835 -0.720132524 0.828123324
v 0.357208394 -0.733911133 0.828912063
v -0.034214951 -0.752391262 0.870026716
v -0.015625589 -0.748217825 0.871524010
v -0.034216297 -0.739304044 0.871945088
v -0.014951317 -0.738135767 0.871971493
v -0.039513901 -0.341902252 0.764742664
v -0.037551062 -0.328331133 0.762840775
v -0.033422737 -0.347483443 0.774268858
v -0.052436538 -0.347637726 0.762699279
v -0.047093431 -0.353751108 0.771908538
v -0.051968960 -0.329068443 0.759530633
v -0.105593403 -0.895700188 1.050951176
v -0.105414320 -0.895571310 1.058948483
v -0.105119530 -0.887725294 1.058985525
v -0.106144111 -0.887658370 1.051015684
v 0.081340426 -0.489849729 0.791359238
v 0.093726106 -0.498833056 0.782915859
v -0.034791288 -0.898041933 0.992409557
v 0.315577778 -0.807926905 0.849763629
v 0.316046324 -0.789480819 0.846991634
v 0.328515684 -0.794879403 0.844234675
v 0.329986473 -0.809051818 0.845472140
v 0.499997965 -0.605263165 1.010712333
v -0.195941630 -0.342218745 0.765098555
v -0.197644102 -0.329283512 0.762612433
v -0.181975453 -0.344065367 0.763551073
v -0.182094413 -0.351622510 0.774249358
v 0.039472224 -0.678947538 1.100000363
v 0.039472736 -0.660526542 1.100001815
v -0.200516545 -0.236294254 1.028538727
v -0.200544648 -0.236293288 1.010712763
v 0.320598706 -0.370660130 0.801567669
v 0.334424820 -0.369550911 0.799760344
v -0.199999178 -0.421052540 0.867856084
v 0.315789474 -0.807892720 1.099998046
v -0.199999975 -0.384210526 0.957142832
v -0.199999971 -0.365789477 0.957142832
v 0.463692856 -0.605228848 0.795922105
v 0.482922103 -0.605186817 0.795148488
v 0.242105263 -0.623684213 1.099999990
v 0.260514629 -0.734009957 0.850207746
v 0.384104184 -0.396797529 0.891221810
v 0.389515927 -0.403056175 0.900217844
v 0.395021840 -0.390519242 0.897404091
v 0.408466365 -0.388459112 0.899390520
v 0.407721879 -0.402735592 0.906138999
v 0.021921244 -0.365534581 0.792710142
v 0.020781538 -0.384224333 0.799711254
v 0.149590273 -0.619899622 0.800358986
v 0.150579617 -0.627823458 0.810325635
v 0.149476949 -0.605397669 0.796268011
v -0.199913096 -0.642095790 0.939278929
v -0.057048683 -0.701191356 1.083815369
v -0.058588706 -0.703035574 1.070113242
v -0.071179634 -0.201869716 0.795411282
v -0.071218605 -0.198979311 0.814081139
v -0.052566128 -0.198377119 0.813647739
v -0.052416775 -0.198452479 0.794806016
v -0.200908092 -0.605488310 1.010803938
v -0.201079639 -0.605936211 1.028660011
v -0.200350742 -0.586998593 1.028528115
v -0.200137172 -0.586822380 1.010699093
v 0.499999414 -0.549998576 1.010712457
v 0.499967561 -0.549999071 1.028540585
v 0.057993401 -0.365332745 0.814267728
v 0.218811892 -0.628840346 0.826304688
v 0.209712331 -0.628901708 0.826712972
v 0.370796457 -0.586550568 0.797032349
v 0.499986133 -0.642105262 1.046415130
v 0.500547962 -0.642105263 1.064816904
v 0.374651730 -0.733450891 0.818847996
v 0.366800395 -0.733421021 0.829494725
v 0.365730121 -0.720063010 0.827908005
v 0.370707910 -0.715823046 0.814309755
v 0.389180068 -0.719595103 0.809466734
v 0.389478752 -0.734679313 0.813229680
v -0.126553378 -0.790031615 0.888072231
v -0.131945995 -0.796277777 0.897057011
v 0.144556022 -0.765470869 0.873208729
v 0.150055838 -0.752602383 0.870971679
v 0.155431825 -0.758182664 0.880401845
v 0.149921662 -0.771076827 0.882643502
v 0.131037861 -0.767430395 0.871210057
v 0.131756034 -0.752911161 0.867883321
v 0.118915502 -0.250047022 0.998814337
v 0.117754365 -0.236004002 0.997511215
v 0.109412793 -0.236458250 1.006475799
v 0.098591903 -0.236415506 1.014041552
v 0.315789478 -0.605263024 1.100000393
v 0.315789579 -0.586840902 1.100001952
v 0.206488322 -0.693008973 0.854792240
v 0.206016199 -0.700532103 0.865168410
v 0.223406220 -0.679297508 0.846790069
v -0.144707943 -0.734303092 0.992376686
v -0.130572545 -0.734659100 0.997589685
v -0.130388756 -0.716007579 0.996782073
v -0.144106201 -0.715201426 0.992679876
v -0.071052744 -0.200032523 1.028539796
v -0.052631567 -0.200032592 1.028539797
v 0.002587291 -0.811439251 0.899794536
v 0.002631722 -0.586841930 1.100000463
v -0.107854855 -0.568367812 1.099942855
v -0.126284121 -0.568411392 1.100127353
v -0.084990726 -0.738733885 0.997442348
v -0.074943731 -0.738306527 0.996912581
v -0.089538592 -0.734106407 1.007669470
v -0.089499694 -0.714821465 1.010457095
v -0.015788850 -0.200015568 1.046415050
v -0.015788735 -0.199452538 1.064816834
v 0.002630396 -0.199467807 1.064818072
v 0.168815863 -0.365082312 0.957330849
v 0.165332517 -0.365775154 0.974975704
v 0.171826984 -0.383519284 0.975409635
v 0.045148445 -0.563828622 0.764996484
v 0.039693299 -0.569395532 0.775105832
v 0.035986441 -0.550761485 0.774502522
v 0.043775581 -0.550175416 0.763481136
v 0.053059469 -0.563691443 0.764963452
v 0.054180097 -0.550810990 0.763672267
v 0.062155425 -0.550364384 0.774005935
v 0.057907826 -0.569027786 0.774829359
v 0.352727179 -0.369609244 0.800104827
v 0.366782212 -0.361815903 0.813793922
v 0.371090173 -0.366086579 0.799536313
v 0.371052745 -0.789474790 1.100001182
v -0.066869016 -0.711289858 1.045558807
v -0.065242370 -0.709737236 1.059152705
v -0.067611667 -0.697121685 1.064622980
v -0.070687542 -0.697103657 1.045998474
v 0.498179321 -0.790119635 0.866480412
v 0.501187106 -0.771176583 0.885080987
v 0.407711146 -0.587118037 0.796829475
v -0.201799350 -0.310551617 0.777116743
v 0.420528856 -0.747038410 0.819598513
v 0.407132553 -0.752890018 0.816310364
v 0.407879235 -0.734106219 0.813788411
v 0.420682164 -0.820550129 0.855638196
v 0.426266895 -0.808103581 0.852888632
v 0.407952491 -0.822799637 0.853579453
v 0.408763817 -0.809160330 0.846516828
v -0.200004555 -0.531578988 0.849997575
v -0.199992645 -0.531580731 0.832140984
v 0.500529436 -0.439338295 0.921410845
v 0.501127033 -0.439014231 0.939383166
v 0.499973023 -0.568421457 0.867873260
v 0.128628376 -0.202505604 0.885255218
v 0.132646674 -0.201698054 0.903548037
v 0.113792403 -0.198391989 0.885346650
v 0.113924280 -0.198818612 0.903479919
v -0.046170162 -0.821773668 1.033601638
v -0.052527434 -0.826424617 1.046159346
v -0.048443809 -0.812300825 1.046370467
v -0.045813722 -0.813030872 1.033034993
v -0.038530744 -0.832382948 1.041118878
v 0.394802307 -0.784882792 0.818029753
v 0.390171146 -0.790791721 0.828232860
v 0.384124283 -0.777558439 0.825486922
v 0.389407252 -0.771772720 0.816118774
v 0.403203989 -0.784848936 0.818739667
v 0.403554918 -0.771641804 0.816917848
v -0.200393813 -0.255275504 0.814186412
v -0.200384000 -0.255280063 0.796805982
v 0.499985800 -0.789437357 0.921511564
v 0.499954731 -0.789468105 0.939309061
v 0.113157894 -0.826283157 1.099968365
v 0.113157895 -0.807892720 1.099998044
v 0.094736856 -0.807892721 1.099998032
v -0.016176400 -0.789495107 1.100473848
v 0.388706962 -0.567952330 0.797000012
v 0.389086850 -0.586720871 0.797921004
v -0.052298707 -0.549913669 0.758776569
v -0.200001943 -0.476315598 0.867856717
v -0.199993324 -0.476315205 0.850001795
v 0.186842105 -0.897396809 1.097476498
v 0.168421053 -0.897396809 1.097476498
v 0.168421053 -0.882932535 1.101312152
v 0.115378627 -0.310993193 1.010316490
v 0.117014757 -0.323530217 1.005350356
v 0.297326234 -0.642180019 0.810294793
v 0.302598165 -0.629284299 0.809419972
v 0.311441236 -0.628138586 0.809527864
v 0.310137799 -0.637138287 0.809257178
v 0.463710687 -0.586677051 0.796428603
v -0.144895489 -0.310643012 0.776707477
v -0.149972946 -0.324013447 0.773983458
v 0.100136675 -0.765652419 0.873104234
v 0.094802683 -0.772082351 0.881853665
v 0.113687192 -0.767417668 0.871203735
v 0.112942099 -0.752806835 0.867560857
v 0.223547593 -0.402201318 0.831612734
v 0.218134980 -0.389178459 0.837224222
v 0.220041356 -0.386939805 0.850461430
v 0.227792099 -0.398026519 0.849596270
v 0.205446024 -0.387102773 0.835136012
v 0.205595029 -0.383586772 0.849973514
v 0.206335207 -0.397513620 0.827252123
v 0.001960647 -0.627360887 0.810409664
v 0.131713283 -0.605665406 0.793184520
v 0.136778751 -0.592765011 0.790694465
v 0.150655636 -0.591301956 0.792103522
v -0.197396863 -0.476315906 1.097476564
v -0.201353630 -0.476315848 1.083455012
v 0.058142311 -0.897000161 0.924878058
v 0.058067360 -0.882469316 0.917833064
v -0.126283158 -0.347368446 1.099968340
v 0.057837150 -0.200063191 0.974956773
v 0.076343534 -0.199643053 0.974986685
v -0.071018596 -0.696873422 0.867988287
v 0.297368421 -0.697368421 1.100000000
v 0.389474790 -0.660526320 1.100001067
v 0.389474790 -0.642105262 1.100001054
v 0.328451358 -0.378560581 0.855687333
v 0.334150425 -0.384425617 0.868522865
v 0.339184007 -0.370667683 0.863160114
v 0.333585384 -0.364501779 0.849688862
v 0.352170759 -0.364280665 0.869114517
v 0.345704027 -0.358515165 0.856120248
v 0.346407658 -0.377901977 0.874076117
v 0.131578947 -0.826283157 1.099968366
v 0.131578947 -0.807892720 1.099998046
v 0.498209414 -0.458000203 0.777462804
v 0.204907490 -0.406201849 0.817894197
v 0.205263158 -0.901353589 1.083455008
v 0.223684211 -0.901353588 1.083455009
v 0.223684211 -0.897396809 1.097476498
v 0.205263158 -0.897396809 1.097476498
v 0.272783828 -0.794655276 0.862088130
v 0.501437346 -0.697800916 0.831518404
v 0.500909925 -0.678966122 0.831512419
v 0.500335347 -0.678898912 0.849928556
v 0.500867353 -0.697449646 0.849724143
v -0.107425170 -0.550218764 0.760594745
v 0.199418231 -0.408319393 1.058964018
v 0.186318509 -0.402397988 1.064603582
v 0.191835790 -0.415895585 1.069362327
v 0.186535812 -0.825652409 0.904314288
v -0.197980692 -0.365376721 0.777903850
v -0.195990783 -0.371000971 0.764972555
v -0.182087716 -0.361455072 0.774256470
v -0.181905589 -0.369346017 0.763415302
v 0.499967319 -0.605263174 1.028539795
v 0.376380290 -0.710397056 0.801329943
v 0.365251508 -0.702642151 0.808074394
v 0.371250835 -0.697678808 0.798203545
v 0.389282826 -0.712155142 0.799313319
v -0.107892720 -0.347368446 1.099998021
v 0.070750817 -0.720344948 0.881848412
v 0.076431610 -0.715658240 0.868163541
v -0.199998094 -0.292107278 0.975000111
v 0.501555807 -0.420911200 0.795294575
v 0.501408227 -0.402352364 0.795055639
v 0.500974700 -0.402594156 0.813704256
v 0.500692775 -0.421037270 0.813732199
v -0.201133457 -0.236312906 1.064798714
v -0.200557651 -0.236306765 1.046404534
v 0.497381657 -0.826280826 1.097461811
v 0.457344266 -0.433151219 0.979974940
v 0.320762555 -0.371149789 0.844562142
v 0.164490109 -0.351707246 0.939852117
v 0.164899010 -0.351099640 0.956718468
v 0.154549627 -0.343201798 0.939237472
v 0.316784647 -0.459254311 0.938441029
v 0.316448947 -0.459000089 0.956568703
v 0.330142729 -0.454264946 0.956800422
v 0.330662280 -0.455053629 0.938532817
v -0.052633783 -0.568424111 1.100000761
v -0.052631591 -0.550000445 1.100002714
v 0.483005283 -0.512603101 1.101684284
v -0.121332684 -0.820811535 0.969837803
v -0.107331549 -0.822292082 0.971331903
v -0.107812741 -0.808429275 0.978762336
v 0.499965414 -0.623679058 0.850017670
v 0.499961811 -0.623684803 0.867889349
v 0.316215449 -0.657109490 0.799956169
v 0.334278131 -0.660404046 0.798864131
v 0.328931612 -0.666480493 0.808043777
v 0.314898730 -0.665198842 0.809279386
v 0.315452002 -0.641694584 0.799324203
v 0.334432105 -0.642499581 0.795894447
v -0.199974870 -0.642083896 0.957098185
v -0.071103175 -0.199675855 0.832220767
v -0.071055583 -0.200016946 0.850027832
v -0.052635694 -0.200070790 0.850043112
v -0.052640198 -0.199690270 0.832141410
v -0.201459527 -0.606026256 1.046605777
v -0.201766812 -0.606763944 1.065318097
v -0.201566345 -0.587566269 1.064968900
v -0.200691715 -0.587216868 1.046402443
v -0.038058931 -0.840477499 1.041151729
v 0.499978267 -0.549999597 1.046416655
v 0.500533233 -0.550008697 1.064816027
v 0.297368421 -0.752631553 1.099999975
v -0.139159836 -0.609000997 1.069703753
v -0.130357987 -0.609124560 1.068527900
v -0.131809321 -0.609605079 1.077366378
v -0.144500341 -0.608475114 1.082742517
v 0.501353587 -0.642105265 1.083455009
v 0.497396807 -0.642105265 1.097476498
v 0.063886122 -0.654607356 0.819633741
v 0.058369228 -0.656627060 0.833374860
v 0.052874632 -0.647400549 0.827143582
v 0.076971806 -0.658047837 0.813628746
v 0.076311263 -0.663712798 0.832137783
v 0.021052632 -0.513157895 1.099999999
v 0.057896535 -0.384208027 1.099991284
v 0.076299260 -0.384216823 1.099942351
v 0.076272960 -0.365825215 1.099929206
v 0.057886227 -0.365795818 1.099945021
v 0.147431026 -0.217248779 0.907348598
v 0.145980348 -0.203678711 0.909061778
v 0.113159556 -0.457892821 1.099993068
v 0.450318564 -0.426241423 0.969431297
v -0.015788469 -0.198644950 1.083455212
v -0.015788303 -0.202601939 1.097477020
v 0.002628769 -0.202602886 1.097475269
v 0.002628315 -0.198653975 1.083455225
v 0.302648186 -0.470505652 1.051470063
v 0.301044008 -0.472219408 1.064337546
v 0.315386303 -0.476413267 1.064086955
v -0.103282936 -0.840320453 0.908164270
v -0.090134410 -0.841735121 0.906531166
v -0.090167137 -0.827730446 0.899200250
v 0.315789590 -0.568423921 1.099993621
v 0.426280843 -0.384261266 0.781788575
v 0.420631046 -0.370610708 0.783648574
v 0.426305380 -0.364886395 0.792750706
v 0.431921541 -0.378218072 0.790764398
v 0.407838982 -0.368878859 0.782187801
v 0.407785058 -0.360944111 0.791413076
v 0.407973713 -0.383615158 0.778242601
v 0.002631617 -0.568421025 1.099999818
v 0.500167251 -0.771015019 0.903567454
v 0.499921080 -0.771036852 0.921482627
v -0.015252542 -0.347435186 0.777315712
v 0.370945443 -0.512745462 1.100948825
v 0.334402717 -0.568388812 0.781421586
v 0.328771696 -0.563259388 0.791510529
v 0.329901341 -0.554303791 0.791589839
v -0.200002224 -0.531579051 0.867856766
v 0.407989841 -0.567694912 0.793450929
v 0.260585541 -0.494288186 1.100908734
v 0.501316379 -0.438612552 0.957377483
v 0.501252247 -0.438729998 0.975257052
v 0.334564600 -0.789607401 0.835380261
v 0.113856559 -0.198498108 0.921362824
v 0.113796098 -0.198983894 0.939266131
v -0.201536213 -0.772012500 0.920785107
v -0.202528721 -0.771916061 0.939503159
v -0.201206032 -0.752641337 0.939514203
v -0.201112205 -0.752838999 0.920672283
v 0.334210213 -0.568427635 1.099986638
v 0.402557501 -0.415403535 0.909561950
v 0.408376882 -0.421924705 0.920455394
v 0.413386999 -0.409026146 0.915240284
v 0.427203515 -0.407143017 0.916810116
v 0.426295991 -0.398841291 0.906810237
v 0.499997984 -0.660526316 1.010712331
v 0.499967367 -0.660526316 1.028539795
v 0.149735369 -0.807686003 0.900796173
v 0.113157898 -0.734210523 1.099999993
v -0.199970314 -0.255276900 0.849997774
v -0.200032332 -0.255275781 0.832102857
v 0.260526316 -0.863705859 1.100531189
v 0.260526316 -0.844722976 1.099986558
v 0.021052625 -0.568421063 1.099999943
v 0.247787498 -0.452420425 1.051493500
v 0.246092635 -0.453927559 1.065067508
v -0.139692084 -0.250053518 0.773024375
v -0.126665622 -0.251747902 0.774793394
v -0.144722975 -0.200013873 0.939285713
v -0.144722977 -0.200013892 0.957142832
v -0.199999966 -0.476315795 0.903571436
v -0.200000434 -0.476315785 0.885714212
v 0.389474792 -0.789474792 1.100002141
v 0.407892722 -0.789474790 1.099999116
v 0.389474790 -0.771052745 1.100001182
v -0.121669731 -0.747788339 1.006320685
v -0.122617712 -0.734396160 1.007573571
v -0.108874633 -0.749504906 1.007952039
v -0.108950810 -0.734353417 1.011214731
v -0.084454051 -0.674363937 1.096414486
v -0.086302246 -0.661092987 1.097445713
v -0.072169290 -0.679579032 1.098618921
v 0.351819096 -0.862661684 0.886303831
v 0.370443389 -0.863000596 0.886160779
v 0.205729372 -0.383197591 0.867528036
v 0.205623547 -0.386746586 0.881985503
v 0.224290831 -0.387095451 0.882302466
v 0.224258655 -0.385836429 0.868472988
v 0.205057095 -0.398093931 0.889867579
v 0.224156695 -0.401604592 0.889295972
v 0.094736858 -0.789474790 1.100001059
v 0.147755721 -0.292369050 0.989958739
v 0.144737498 -0.304804512 0.987955239
v 0.136762735 -0.292006919 0.997371230
v 0.444638681 -0.420593521 0.778774359
v 0.463481280 -0.820978435 0.891057712
v 0.463525658 -0.829221774 0.901936737
v 0.450482943 -0.830500448 0.900129139
v 0.462482120 -0.810408651 0.882246955
v 0.039475294 -0.384209499 1.100004485
v -0.089559186 -0.439758019 0.778466721
v 0.425982316 -0.567757105 0.793220654
v 0.445157055 -0.567969113 0.797425521
v 0.076854947 -0.549972222 0.778890580
v 0.076179766 -0.568822459 0.778682412
v 0.463705859 -0.734210523 1.100531186
v 0.205573847 -0.752416645 0.871705982
v 0.223676344 -0.752416285 0.867878804
v 0.150000000 -0.734210523 1.099999997
v 0.131578947 -0.734210523 1.099999997
v -0.163705861 -0.199452054 0.921428585
v -0.163705859 -0.199452039 0.939285711
v -0.144722977 -0.200013915 0.921428585
v 0.497513103 -0.402743415 0.780886967
v 0.495776339 -0.389022234 0.782431479
v 0.498572537 -0.383852707 0.795076639
v 0.482997712 -0.401941896 0.776962847
v -0.108310787 -0.255534198 0.775570119
v 0.444722926 -0.789474772 1.099987696
v 0.426283133 -0.789474767 1.099969484
v 0.025899984 -0.416374541 0.809986007
v 0.033739806 -0.416487768 0.809919364
v 0.039343774 -0.421728793 0.799875931
v 0.500547677 -0.623668042 0.831614082
v 0.186293670 -0.531404683 0.797207581
v -0.183212312 -0.646420002 1.015315297
v -0.168841882 -0.647666060 1.016529191
v -0.163208732 -0.640896853 1.024710507
v -0.182492473 -0.637921034 1.024496132
v -0.163188373 -0.627201481 1.031811645
v -0.182831756 -0.627655363 1.032250650
v 0.500164491 -0.697338447 0.867856720
v 0.499967390 -0.678926085 0.867895070
v 0.266168880 -0.415784057 0.873190712
v 0.260716180 -0.405677209 0.868330907
v 0.255515502 -0.408013896 0.880278942
v 0.260610566 -0.421842193 0.882032068
v 0.242589137 -0.398723271 0.869237618
v 0.242026949 -0.401596327 0.883189737
v 0.242449276 -0.421150785 0.885339081
v 0.131578947 -0.789474790 1.100001072
v 0.113157896 -0.789474790 1.100001069
v -0.197642680 -0.697754002 0.990139145
v 0.462908817 -0.439111957 0.774948987
v 0.463591505 -0.420836736 0.777965122
v 0.482886271 -0.421057436 0.777818947
v 0.482541360 -0.439299398 0.777763029
v -0.089474772 -0.255277074 1.099987696
v 0.186937690 -0.405264652 1.082763176
v 0.187060133 -0.405789604 1.097151244
v 0.206736089 -0.404906397 1.097513520
v 0.205936206 -0.405515885 1.087123056
v 0.191770828 -0.415395408 1.077802537
v 0.205822905 -0.416565391 1.078576244
v -0.201277729 -0.384058961 0.795949801
v -0.200155022 -0.384182924 0.814286434
v -0.200307037 -0.365765089 0.814333659
v -0.200852258 -0.365609133 0.796264179
v 0.127878966 -0.291664364 1.008059218
v 0.127195201 -0.311044682 1.010057489
v 0.112078798 -0.292296733 1.013294268
v -0.052146424 -0.627964220 0.795006932
v -0.197480842 -0.512562598 0.744758371
v -0.195885841 -0.499259545 0.746349460
v -0.182969520 -0.490200811 0.755445796
v -0.183129371 -0.497858193 0.744874571
v 0.026438330 -0.877143653 0.908003776
v 0.015311652 -0.869309864 0.915419485
v 0.021331872 -0.863285445 0.906350211
v 0.039457664 -0.878439795 0.906639528
v 0.039748507 -0.886744212 0.916566902
v 0.039340770 -0.863613740 0.903342218
v -0.199996025 -0.292107309 1.010712303
v -0.199999088 -0.292107278 0.992858215
v 0.499978949 -0.421056091 0.832133426
v 0.499882490 -0.421058609 0.850021089
v -0.199949009 -0.586815178 0.867890492
v -0.200138411 -0.586835312 0.850008836
v -0.197622176 -0.236196913 1.097694967
v -0.201809758 -0.236244830 1.083496190
v 0.334460619 -0.420748926 0.778708348
v -0.144309673 -0.512639997 0.757524752
v -0.144811195 -0.494616239 0.760203525
v -0.113383086 -0.261381329 0.765855302
v -0.102411404 -0.267595871 0.772665871
v -0.127252574 -0.259542063 0.764033696
v -0.070559314 -0.767228686 0.871106509
v -0.053148173 -0.767124723 0.870815183
v -0.071212850 -0.775386540 0.881651614
v -0.052781831 -0.753414202 0.866542642
v 0.315816658 -0.457998913 0.974950171
v 0.315910936 -0.457746247 0.992590665
v 0.333981984 -0.454267239 0.993063353
v 0.329900902 -0.453385068 0.975457720
v 0.499999576 -0.623684520 0.885715739
v 0.500001691 -0.623684191 0.903570279
v -0.085635648 -0.494770550 0.774962755
v -0.071050929 -0.200016448 0.867855078
v -0.071052436 -0.200000302 0.885712732
v -0.052631410 -0.199998724 0.885712660
v -0.052630882 -0.200026809 0.867861775
v -0.198782739 -0.606892957 1.083744097
v -0.196482088 -0.601030289 1.096286048
v -0.197751555 -0.587513278 1.097846107
v -0.201811574 -0.587938891 1.083748226
v -0.183088599 -0.602158199 1.098019906
v -0.054343475 -0.825645835 1.101530578
v 0.371228894 -0.457856128 1.010284414
v 0.389478793 -0.458207578 1.010733980
v 0.389678130 -0.454887814 0.993433807
v 0.230097555 -0.394979695 0.863636597
v 0.242789470 -0.405900358 0.850635846
v 0.501345424 -0.550019948 1.083448325
v 0.497387003 -0.550017411 1.097464835
v 0.002058710 -0.665279730 0.846015348
v 0.242201182 -0.531256442 0.793417003
v -0.015788724 -0.199996244 0.903569611
v 0.352258632 -0.697257207 0.810831652
v -0.163065947 -0.715547679 0.992452906
v 0.002636570 -0.619364613 0.799956594
v 0.315916331 -0.479639547 1.097448437
v 0.315549377 -0.475864046 1.082805375
v 0.168650163 -0.384091868 1.028644611
v -0.102865512 -0.840090969 0.952490781
v -0.089115003 -0.841247620 0.953714046
v -0.089743641 -0.831126616 0.961331951
v 0.076315794 -0.642105262 1.099999959
v 0.057894824 -0.642105236 1.099999918
v -0.144712046 -0.236306765 1.100540580
v 0.352661545 -0.384287746 0.883311005
v 0.357353322 -0.370744072 0.880675090
v 0.242105263 -0.771052745 1.100000110
v -0.093391972 -0.494981880 0.764424093
v 0.168421053 -0.605263158 1.100000003
v -0.144785520 -0.605240014 1.097748184
v -0.164008764 -0.602036420 1.097585452
v -0.144976623 -0.587322175 1.100852777
v 0.338751725 -0.351611530 0.845393607
v 0.338792286 -0.351620852 0.837182594
v 0.351686057 -0.349060671 0.850415449
v 0.352157232 -0.350681072 0.836704158
v 0.033849954 -0.204177678 0.819362551
v 0.015673620 -0.489683188 0.791680441
v 0.020712878 -0.476678645 0.794063133
v 0.026679811 -0.481872851 0.784449402
v 0.033798051 -0.470739225 0.790849939
v 0.039678954 -0.475949791 0.781159208
v -0.048688764 -0.748357562 1.065423272
v -0.050393527 -0.752586090 1.083525034
v -0.039952580 -0.758286887 1.078077265
v 0.264465240 -0.863133795 0.889820346
v 0.272514054 -0.849992121 0.879945164
v 0.274602398 -0.864188867 0.881025884
v 0.498606788 -0.438160153 0.993535736
v 0.497335468 -0.442161748 1.011308054
v 0.135809994 -0.217412232 0.957937354
v 0.128736045 -0.202725621 0.957521564
v 0.113634555 -0.198711240 0.957323599
v -0.201953799 -0.771974270 0.958528724
v -0.197585561 -0.771379452 0.972230246
v -0.197326089 -0.752906936 0.972024875
v -0.201441693 -0.752804783 0.957869307
v -0.182544516 -0.770935544 0.975225137
v 0.242368327 -0.587715921 0.796264956
v 0.394646202 -0.490394653 1.050653140
v 0.482441507 -0.311594197 0.865288365
v 0.482471425 -0.307757811 0.850431923
v 0.482841492 -0.323186819 0.873777141
v 0.499986134 -0.660526316 1.046415129
v 0.500547964 -0.660526315 1.064816904
v 0.376776854 -0.766202669 0.819410510
v 0.366901027 -0.752438935 0.828794098
v 0.375156978 -0.752118303 0.818510772
v 0.389218423 -0.753198236 0.813602144
v -0.199982505 -0.255277088 0.867858061
v 0.334210523 -0.623684254 1.100000003
v 0.315789472 -0.623684248 1.099999960
v 0.081489359 -0.710177662 0.855278480
v -0.144198169 -0.752885451 0.989569620
v -0.150401008 -0.757794333 0.980321540
v 0.246217112 -0.453408451 1.083296140
v 0.242488360 -0.457363015 1.098338661
v 0.260252160 -0.461045617 1.097564033
v 0.242344389 -0.475588545 1.101221197
v 0.260783030 -0.475591181 1.101203465
v 0.008066194 -0.857196947 0.909685006
v 0.075839651 -0.789482882 0.889440764
v 0.094598990 -0.789715729 0.885726667
v -0.144722963 -0.200013728 0.975000098
v -0.144722926 -0.200012693 0.992858197
v -0.199999997 -0.476315789 0.939285711
v -0.199999986 -0.476315790 0.921428574
v 0.260526316 -0.826283157 1.099968366
v -0.089474792 -0.199997792 0.992858217
v -0.089474790 -0.200000914 1.010712332
v 0.149772020 -0.682812428 0.865623240
v -0.073030789 -0.825296350 1.083132136
v -0.069048301 -0.825647799 1.097571219
v -0.067699834 -0.812411023 1.096008787
v -0.069467796 -0.811018073 1.083543684
v -0.054625407 -0.807231755 1.098094410
v -0.058185014 -0.803324430 1.083068162
v -0.107892720 -0.402631579 1.099998045
v -0.089474790 -0.384210526 1.100001072
v -0.089635012 -0.663771198 0.863996157
v 0.223684468 -0.900544005 0.938734118
v 0.371052744 -0.623684097 1.100000236
v 0.352631554 -0.623684185 1.100000025
v -0.163705855 -0.199452054 0.957142828
v -0.163705828 -0.199451887 0.975000104
v -0.163185670 -0.638900275 0.832491308
v -0.168477009 -0.627554943 0.837351219
v 0.126465282 -0.801596426 0.891899453
v 0.136426961 -0.794587680 0.898779156
v 0.131848469 -0.807638709 0.900821116
v 0.112648526 -0.803858482 0.889759126
v 0.191807336 -0.396596233 0.890944578
v 0.189580506 -0.402804689 0.903175767
v 0.203890408 -0.407169139 0.899185436
v 0.191369589 -0.416499064 0.907997748
v 0.204007880 -0.421904573 0.905771122
v 0.426284075 -0.844724113 1.099952931
v 0.407892967 -0.844723196 1.099984151
v 0.112803443 -0.380520424 0.828205822
v 0.113098981 -0.366085142 0.832077848
v 0.297368421 -0.807892720 1.099998045
v 0.352631553 -0.678947368 1.099999976
v 0.334210523 -0.678947368 1.099999997
v 0.186267598 -0.756239482 0.882385305
v 0.199976167 -0.758271588 0.880434592
v -0.199927660 -0.384211995 0.832165798
v -0.199979794 -0.384212467 0.850002029
v -0.199987752 -0.365791142 0.849999304
v -0.200002137 -0.365793615 0.832161709
v -0.039073462 -0.627451924 0.846193395
v -0.047787502 -0.627943582 0.846195533
v 0.168493720 -0.512646828 0.792822958
v 0.168753836 -0.493972854 0.792399495
v 0.186854577 -0.512877924 0.796325295
v 0.168261558 -0.420645175 0.814571719
v 0.444706022 -0.642135242 0.796375103
v 0.444708537 -0.623646626 0.796466930
v 0.499933262 -0.421100382 0.867813408
v -0.199939457 -0.605204726 0.885772660
v -0.199923130 -0.605246814 0.903589214
v -0.199986618 -0.586845421 0.903567932
v -0.199934078 -0.586830218 0.885727452
v -0.074969900 -0.292242845 0.764128253
v -0.076582161 -0.279174860 0.765945410
v -0.089419823 -0.277212882 0.763983511
v -0.088635889 -0.269602458 0.774221495
v -0.089313558 -0.291722867 0.759486931
v 0.164877318 -0.366042939 1.014459049
v 0.164066790 -0.352019620 1.016230217
v 0.150450768 -0.347325405 1.010662551
v 0.500000313 -0.642105232 0.921428484
v 0.499999883 -0.642105263 0.939285759
v -0.015770227 -0.642097513 1.099934222
v -0.126283157 -0.365789477 1.099968363
v -0.071052768 -0.199999407 0.903571425
v -0.052631620 -0.199999019 0.903571185
v 0.168421053 -0.734210523 1.099999997
v -0.071876502 -0.716085359 0.871036197
v -0.089532344 -0.716011386 0.866556706
v -0.015789511 -0.199999071 0.921428536
v -0.015789516 -0.200000276 0.939285794
v 0.463693235 -0.844712046 1.100540580
v 0.444721787 -0.844721787 1.099975421
v 0.163583393 -0.371295975 0.836279633
v 0.162675193 -0.371651319 0.845150581
v 0.154795604 -0.379554765 0.855413546
v 0.371052745 -0.678947368 1.100000110
v 0.162626175 -0.372005942 1.077831502
v 0.165921322 -0.384106950 1.083037916
v 0.156047820 -0.378733925 1.088980417
v 0.146856485 -0.347909782 0.993073767
v 0.136132990 -0.342166558 0.997301115
v 0.137430991 -0.341868697 1.006298541
v -0.015841431 -0.678760541 0.865078914
v 0.002459060 -0.682604100 0.864074764
v 0.002754006 -0.697420434 0.867748406
v 0.092492447 -0.202427554 1.065123271
v 0.092933239 -0.201828296 1.083376721
v 0.444722976 -0.660526315 1.099986557
v -0.182741422 -0.805335294 0.924574935
v -0.183538388 -0.794539810 0.916674492
v 0.352832840 -0.457850571 1.011011194
v 0.353046117 -0.461215911 1.028221076
v 0.371123324 -0.462053590 1.024430210
v 0.358424541 -0.470320091 1.033744535
v -0.107892720 -0.384210526 1.099998046
v -0.089474790 -0.365789477 1.100001069
v -0.107892720 -0.365789477 1.099998042
v 0.413741362 -0.454311804 0.961798559
v 0.501330824 -0.439515052 0.795869487
v 0.500515939 -0.439488131 0.813944770
v 0.334459041 -0.439903337 0.921100000
v 0.339652682 -0.427627766 0.915278666
v 0.352861211 -0.425166137 0.916945289
v 0.352207411 -0.435387859 0.925012237
v 0.402113089 -0.332705949 0.818988760
v 0.316409375 -0.550227599 0.781413163
v 0.321037031 -0.555219180 0.792043923
v -0.034210525 -0.365789478 1.099999955
v -0.015789552 -0.365789500 1.099999916
v 0.168895175 -0.641603222 0.829693183
v 0.002184200 -0.531687011 0.778785719
v 0.457914396 -0.876429816 0.898442582
v 0.463399776 -0.862960359 0.901583732
v 0.469693939 -0.869683250 0.890832654
v 0.039473571 -0.421052728 1.100000158
v 0.315390013 -0.770583190 0.835336879
v -0.052974377 -0.366655349 0.774737212
v 0.094359886 -0.620355232 0.781389293
v 0.094954314 -0.628931893 0.790920230
v 0.501353588 -0.660526316 1.083455009
v 0.497396809 -0.660526316 1.097476498
v 0.237100396 -0.812735021 0.899461186
v 0.239303543 -0.807555241 0.886406816
v -0.199967340 -0.347368446 1.028539796
v -0.199997958 -0.347368446 1.010712331
v 0.278684425 -0.642061448 0.811394127
v -0.144723196 -0.200016350 1.010712570
v -0.144724113 -0.200048555 1.028540685
v -0.126283466 -0.200065885 1.028540095
v -0.199999978 -0.476315790 0.957142832
v -0.070737430 -0.823034074 0.888796060
v -0.052604373 -0.823129220 0.888634436
v -0.071507449 -0.831341822 0.898175609
v 0.172631471 -0.416568298 0.997360006
v 0.170861276 -0.403327224 0.993435213
v 0.170099532 -0.403737462 1.010650060
v 0.173019356 -0.416492675 1.006226965
v 0.153933968 -0.366303441 0.863489199
v 0.154921412 -0.379914818 0.862980990
v 0.058029098 -0.198559112 0.849328526
v 0.076903962 -0.198398711 0.848665957
v 0.002664192 -0.491239305 0.793204799
v 0.439485243 -0.341619550 0.825893645
v 0.445011175 -0.344677865 0.813823728
v 0.371010903 -0.425843270 0.917139688
v 0.390035627 -0.426171501 0.916755207
v 0.389095038 -0.417079050 0.907233216
v 0.371040362 -0.435929463 0.924991211
v 0.389468528 -0.436548439 0.924566482
v -0.089474766 -0.200031481 1.028539772
v -0.089474772 -0.200012694 1.046415081
v 0.283907094 -0.876723209 0.872210663
v 0.278337185 -0.882734754 0.881609533
v 0.282348745 -0.863115527 0.871020874
v 0.076315610 -0.752631552 1.100000100
v 0.057893417 -0.752631555 1.100001058
v 0.113157894 -0.844722975 1.099986559
v 0.384297577 -0.482976201 1.058100221
v 0.057890894 -0.710869921 0.872886011
v 0.223680783 -0.899991142 0.957124877
v -0.163705932 -0.199451112 0.992858320
v -0.163706712 -0.199455352 1.010712763
v 0.408251140 -0.844608975 0.882623635
v 0.425775190 -0.844048038 0.886098334
v -0.167413126 -0.627811683 0.845935861
v 0.039711514 -0.601342056 0.782659062
v 0.039522502 -0.587489502 0.778444666
v 0.339537642 -0.821911403 0.836647932
v 0.333972880 -0.823491810 0.849764547
v 0.337904077 -0.808866774 0.834919431
v 0.352535555 -0.823730207 0.834618403
v 0.352225988 -0.827217003 0.849172720
v 0.352445866 -0.809448708 0.830763393
v 0.407736990 -0.350226646 0.799286474
v 0.426496639 -0.351920194 0.800191149
v -0.107892683 -0.200034558 1.028539743
v 0.497815557 -0.734623902 0.849577844
v 0.488483155 -0.739803034 0.844033897
v 0.390126378 -0.824491606 0.849066389
v 0.390169652 -0.830910687 0.863865061
v 0.395468464 -0.814298806 0.843819031
v -0.200547957 -0.236294141 0.939285712
v -0.200547954 -0.236294140 0.921428571
v 0.467749686 -0.489482016 0.765239471
v 0.457327926 -0.482568013 0.772198271
v 0.477714279 -0.489300434 0.764754957
v 0.278947368 -0.897396809 1.097476498
v 0.260526316 -0.897396809 1.097476498
v 0.260526316 -0.882932535 1.101312152
v -0.182122243 -0.435026959 0.773620273
v 0.190087671 -0.383628061 0.885278424
v 0.183992991 -0.369299828 0.885670966
v 0.183125842 -0.369563859 0.902809495
v 0.186872341 -0.384322650 0.903126522
v 0.173456869 -0.360978608 0.885483897
v 0.169518787 -0.362382040 0.903470489
v -0.200001238 -0.384210803 0.867856533
v -0.199999038 -0.365789488 0.867856276
v 0.463738974 -0.568065481 0.796807236
v 0.482739021 -0.554323913 0.791383052
v 0.482775330 -0.698300673 0.809866548
v 0.236140429 -0.739825084 0.861700949
v 0.238106738 -0.753452505 0.863387809
v -0.199989164 -0.605267167 0.921425182
v -0.200003711 -0.605266647 0.939285754
v -0.200006363 -0.586842673 0.939286827
v -0.200006668 -0.586844399 0.921425836
v 0.463587422 -0.789977166 0.852443686
v 0.482678875 -0.785910197 0.852789465
v 0.483363495 -0.794186963 0.862819184
v 0.469171395 -0.795239870 0.861798850
v 0.224699626 -0.811176247 0.900845700
v -0.163904795 -0.480606425 0.765161495
v -0.163856223 -0.472612278 0.775413755
v -0.163515585 -0.494393917 0.757059638
v 0.499999954 -0.550000039 0.921428547
v 0.499999912 -0.550000073 0.939285709
v 0.500147712 -0.494723243 1.010698135
v 0.500337016 -0.494582728 1.028521219
v 0.113157894 -0.568421053 1.100000001
v -0.010409329 -0.672818565 0.856378144
v 0.002870709 -0.674789999 0.854706478
v 0.499999961 -0.642105264 0.957142835
v 0.039473915 -0.402631630 1.100001911
v 0.021052507 -0.402631667 1.099999898
v -0.070468578 -0.639242143 0.799274700
v -0.070442085 -0.629268502 0.790989533
v 0.057893615 -0.587867958 0.778160413
v 0.384473679 -0.821749656 0.836909181
v 0.389463451 -0.809043577 0.834349110
v 0.370417432 -0.823553878 0.834956884
v 0.371247298 -0.827355654 0.849045559
v 0.371170947 -0.809399173 0.831099082
v 0.444939826 -0.351850350 0.801112715
v 0.463816366 -0.351030698 0.799656258
v -0.015789525 -0.200000130 0.957142777
v -0.015789493 -0.199998880 0.975000086
v 0.002632132 -0.199996925 0.975000701
v 0.168744825 -0.365805406 0.870767939
v 0.039476772 -0.771052750 1.099997605
v 0.106775601 -0.298333379 1.059172178
v 0.100445879 -0.304970442 1.070134967
v 0.132194504 -0.568850049 0.777404427
v 0.132029773 -0.550086909 0.776935738
v 0.137563260 -0.340592123 1.033482049
v 0.186610415 -0.587543252 0.796237445
v 0.205107554 -0.587437633 0.796197915
v 0.278473360 -0.897362898 0.888731558
v -0.163537284 -0.734138113 0.869927199
v -0.144761071 -0.734011078 0.870238495
v 0.076313853 -0.402629292 1.099984296
v 0.057896766 -0.402630425 1.100003420
v 0.279112438 -0.406706015 0.864434906
v 0.279051281 -0.417327407 0.871185605
v -0.197797753 -0.531571411 0.744726050
v 0.426283158 -0.623684181 1.099968413
v 0.499971598 -0.439475649 0.832136945
v 0.499953577 -0.439469319 0.850018914
v 0.315718938 -0.400184111 0.867839095
v 0.316432672 -0.406620174 0.881517367
v 0.334259308 -0.403214872 0.883015290
v 0.328798691 -0.397160005 0.873088923
v -0.131974781 -0.306101667 0.774133719
v 0.131578947 -0.623684211 1.100000000
v 0.113157895 -0.623684210 1.100000000
v 0.408534008 -0.402158113 0.774382837
v 0.426407145 -0.402382493 0.778600049
v -0.065517974 -0.304822318 0.772551828
v 0.242132113 -0.462623187 0.939360779
v 0.186924968 -0.748307826 0.872894148
v 0.187074522 -0.734123320 0.868126977
v -0.107893166 -0.236293288 1.100527975
v -0.126282056 -0.236294254 1.100500732
v 0.223813648 -0.587489945 0.796239129
v 0.205744460 -0.811484768 0.900128702
v -0.144745498 -0.199660123 0.814161949
v -0.144734380 -0.200053373 0.832182077
v -0.201549293 -0.476160627 0.777619513
v -0.197844209 -0.475864187 0.763351557
v -0.182719703 -0.475931070 0.763396590
v 0.450002943 -0.470772973 0.765056344
v 0.448400936 -0.457077620 0.763926519
v -0.131101478 -0.739295805 0.880335958
v -0.144964790 -0.329924324 0.763492158
v -0.125969199 -0.347505224 0.758775007
v 0.002532239 -0.498884242 0.783422440
v 0.002125504 -0.513569171 0.779298779
v -0.200547946 -0.347368450 1.064816900
v -0.199986107 -0.347368447 1.046415131
v -0.083964570 -0.333457610 0.773855792
v -0.076567163 -0.333476495 0.773516161
v -0.126284075 -0.200048555 1.046416232
v -0.089474898 -0.199451113 1.064816975
v -0.089474906 -0.198645778 1.083455354
v 0.242105263 -0.789474790 1.100001072
v 0.168421053 -0.623684211 1.100000000
v 0.150000000 -0.623684211 1.100000000
v 0.297368421 -0.642105263 1.099999997
v -0.163574355 -0.198296105 0.795828161
v -0.163705033 -0.199304779 0.814312054
v -0.144598584 -0.198876764 0.795635154
v -0.082783714 -0.690624469 1.021502001
v 0.117429095 -0.691509286 0.863829830
v 0.135069632 -0.334457439 0.908725529
v 0.134825011 -0.334460857 0.916029085
v 0.223684209 -0.605263172 1.099999960
v -0.088977354 -0.328664389 0.763322593
v -0.163705746 -0.199483455 1.028538727
v 0.476930369 -0.766264784 0.836767326
v 0.478519483 -0.752917008 0.835525558
v 0.265546618 -0.896182361 0.890605241
v 0.264698866 -0.882596803 0.889182024
v -0.107892967 -0.200016350 1.046415343
v -0.107893166 -0.199455352 1.064817731
v 0.112153727 -0.292251579 0.871792390
v 0.117980090 -0.287370966 0.881387304
v 0.136240519 -0.236106611 0.961204903
v 0.131902777 -0.236807974 0.974945510
v -0.196760817 -0.203851408 0.763775221
v -0.182674216 -0.202029982 0.762201512
v -0.033430555 -0.549994232 0.759257250
v -0.033389847 -0.569013675 0.759273591
v 0.407936755 -0.437019432 0.938938000
v 0.408259736 -0.443416349 0.956099030
v 0.053649821 -0.255739700 0.819104820
v 0.062122346 -0.255275811 0.828481487
v 0.499986134 -0.715789474 1.046415129
v 0.500547964 -0.715789474 1.064816904
v -0.200548113 -0.236294172 0.975000104
v -0.200547946 -0.236294145 0.957142829
v 0.389474790 -0.752631553 1.100001048
v -0.199967364 -0.457894738 1.028539796
v -0.199997985 -0.457894737 1.010712331
v 0.315702106 -0.604811351 0.796888940
v 0.315935741 -0.586905930 0.793704062
v 0.496210873 -0.407235931 0.952367950
v 0.498492941 -0.419676176 0.957697320
v 0.482386479 -0.405115593 0.953846306
v -0.199958638 -0.605261418 0.957136337
v -0.199993281 -0.586844148 0.957145529
v 0.242743749 -0.424982931 0.799731427
v 0.321016761 -0.748782662 0.818280069
v 0.321393772 -0.740076048 0.818647596
v 0.333991700 -0.749204461 0.817220033
v 0.242105263 -0.844722976 1.099986558
v 0.500000237 -0.550000022 0.957142791
v 0.500001244 -0.549999710 0.975000082
v -0.056660519 -0.757013304 0.996809109
v -0.070939824 -0.752621275 0.995725171
v 0.499997968 -0.513177494 1.046388052
v 0.500683247 -0.494384887 1.046401143
v 0.501571676 -0.494023689 1.064965668
v 0.315515406 -0.822444985 0.854094425
v 0.058411942 -0.531659960 0.775244424
v 0.149721164 -0.789136301 0.889114327
v -0.070991942 -0.646070412 0.846653571
v 0.021052636 -0.457894735 1.100000004
v -0.169197567 -0.452675864 0.765883702
v -0.168783032 -0.443601332 0.765626526
v -0.182670880 -0.457656600 0.763163259
v -0.176376022 -0.463202423 0.773174248
v -0.182416560 -0.443042690 0.763366160
v -0.002344014 -0.563931700 0.765714070
v -0.002373687 -0.554650995 0.765972639
v -0.015105383 -0.568431690 0.762901072
v -0.015269047 -0.550640741 0.763183935
v -0.009707409 -0.544634135 0.772921006
v -0.015789445 -0.199997535 0.992858375
v 0.002632109 -0.200003680 0.992858881
v 0.315789474 -0.826283157 1.099968367
v 0.155632342 -0.360490982 0.908085821
v 0.155313416 -0.361170916 0.916984633
v 0.002689911 -0.826291224 1.099913060
v 0.002690567 -0.807898053 1.099993022
v 0.370988912 -0.604990779 0.797280520
v -0.178049364 -0.255192595 0.763339960
v -0.186273622 -0.255362855 0.773848509
v -0.162601979 -0.255025166 0.759878348
v -0.089474898 -0.236294068 1.100532086
v -0.071052742 -0.236294171 1.100531331
v -0.089474906 -0.217067109 1.101312767
v 0.131565261 -0.531405017 0.777830430
v 0.205681556 -0.803406973 0.890574617
v 0.151049399 -0.236175205 0.939431460
v 0.146231253 -0.237233668 0.953390671
v 0.168423874 -0.531227021 0.793577469
v 0.499933886 -0.439482512 0.867852231
v 0.499933880 -0.439524120 0.885682835
v 0.426283157 -0.678947368 1.099968366
v 0.310670234 -0.776731275 0.844648781
v 0.500001340 -0.660526249 0.921428253
v 0.499999954 -0.660526299 0.939285775
v 0.242397990 -0.458826128 0.957088314
v 0.242122659 -0.455148671 0.975213839
v 0.112606310 -0.402775117 0.814435353
v -0.032740335 -0.789819212 1.027745975
v 0.469270860 -0.544647981 0.783627267
v 0.463659718 -0.531775329 0.781250917
v 0.483223576 -0.546682043 0.780951537
v -0.145031312 -0.255249619 0.763179643
v 0.497396004 -0.897396890 0.975001650
v 0.497398002 -0.897397880 0.992857106
v 0.482932363 -0.901352509 0.975002017
v 0.482933249 -0.901355582 0.992857050
v -0.144722141 -0.200039908 0.850014418
v -0.144722206 -0.200013116 0.867857094
v -0.199992012 -0.476338875 0.814277758
v -0.200677976 -0.476347105 0.796041185
v 0.242406213 -0.734320229 0.853179528
v 0.162536652 -0.536700461 0.784199559
v 0.150029980 -0.531079684 0.780958939
v 0.155554321 -0.526597942 0.790875276
v 0.076116881 -0.825741867 0.904071527
v 0.224653209 -0.803192980 0.890959725
v -0.050744059 -0.752253974 1.006464849
v -0.197396796 -0.347368448 1.097476486
v -0.201353574 -0.347368448 1.083454998
v -0.126280826 -0.202618343 1.097461811
v -0.126278820 -0.217074235 1.101291284
v 0.444058553 -0.453129344 1.032794112
v 0.463425286 -0.452870838 1.033169615
v -0.034210559 -0.200001580 1.010712352
v -0.034210532 -0.199998544 0.992858204
v -0.070875604 -0.619958559 0.781890247
v -0.071245160 -0.605218840 0.778600115
v 0.463705859 -0.678947368 1.100531190
v 0.444722976 -0.678947368 1.099986558
v 0.221774800 -0.420100226 1.083411697
v 0.220060962 -0.406397979 1.088628966
v 0.220341728 -0.405593672 1.096116278
v 0.221577529 -0.419134755 1.096977491
v -0.144757677 -0.568576774 1.100381827
v 0.389473153 -0.512557680 1.101213652
v 0.150000000 -0.678947368 1.100000000
v 0.131578947 -0.678947368 1.100000000
v 0.191490276 -0.635704609 0.819830649
v 0.186977885 -0.640839098 0.833030357
v 0.200602898 -0.635722404 0.819844664
v 0.205132301 -0.640825133 0.833108892
v 0.402472790 -0.359411701 0.873913398
v 0.413132610 -0.353046337 0.880001830
v 0.407619445 -0.346821085 0.868534505
v -0.107892404 -0.198648841 1.083455716
v -0.107892315 -0.202603997 1.097475717
v -0.089474834 -0.202602659 1.097477013
v -0.107892404 -0.217066735 1.101309797
v 0.021416779 -0.752661923 0.869846034
v 0.265436921 -0.388785863 0.845154519
v 0.264121680 -0.386911246 0.832626318
v 0.501353588 -0.715789474 1.083455009
v 0.497396809 -0.715789474 1.097476498
v 0.260317820 -0.513394987 0.781401402
v -0.196003140 -0.601077762 0.764650649
v -0.201582109 -0.587745951 0.777585150
v -0.197536235 -0.587398314 0.763095285
v -0.200548888 -0.236294068 0.992858320
v 0.321991904 -0.390118870 0.862437416
v 0.165127809 -0.350917537 0.885087987
v 0.163036702 -0.353095297 0.897854564
v 0.149791134 -0.344341659 0.885806342
v 0.148920963 -0.347584300 0.903922394
v -0.119320089 -0.635145735 1.058411943
v -0.125659891 -0.622475915 1.064154955
v -0.110238805 -0.642187877 1.064406524
v -0.113071799 -0.629114400 1.068917258
v 0.497589294 -0.642388031 0.798764862
v 0.497425756 -0.623754955 0.798908993
v 0.501394294 -0.623697872 0.812965630
v 0.389216497 -0.364929796 0.792948381
v -0.200547956 -0.457894719 1.064816899
v -0.199986120 -0.457894734 1.046415131
v 0.039464229 -0.255278304 1.099975801
v -0.067120042 -0.217987041 0.781670850
v -0.075154801 -0.217831287 0.791806996
v -0.065084842 -0.203942043 0.782266151
v -0.052307150 -0.202325690 0.780558567
v -0.052847481 -0.217219086 0.780679895
v 0.247127477 -0.418018115 0.845249252
v 0.500003011 -0.549998966 0.992858319
v 0.501831972 -0.493661484 1.083734773
v 0.497781681 -0.494080544 1.097826192
v 0.497583131 -0.512702022 1.097683756
v 0.483164984 -0.493794623 1.101737645
v -0.014916443 -0.202396432 0.799342707
v -0.015363936 -0.198551879 0.813598561
v 0.003246697 -0.202282759 0.799093684
v 0.081516317 -0.673242192 0.837795489
v 0.094894108 -0.675191707 0.835797350
v 0.094458036 -0.665059597 0.828015033
v 0.228866451 -0.635360855 0.820194238
v 0.242806740 -0.637431458 0.818741316
v 0.457764293 -0.341485030 0.874221740
v 0.151792703 -0.236122842 0.921283651
v 0.001768223 -0.313994313 0.801577421
v 0.003508586 -0.324604069 0.791888139
v 0.062158272 -0.807852834 0.899813638
v 0.076036105 -0.807606773 0.901041888
v 0.137617184 -0.341330666 0.880778487
v 0.149619313 -0.350666130 0.868309959
v 0.095035654 -0.199339029 0.957112353
v 0.094805598 -0.199735464 0.939251742
v -0.015789474 -0.439473684 1.100000002
v 0.072511144 -0.310937261 0.817989436
v 0.496023478 -0.784236436 0.854743656
v -0.197511377 -0.310764733 0.762175269
v -0.016423446 -0.771057956 1.100487689
v 0.348831135 -0.420695631 0.774124936
v 0.042869097 -0.365822851 0.811286668
v 0.371052745 -0.734210523 1.100000107
v 0.500134664 -0.439515108 0.903526977
v 0.168932093 -0.756197809 0.882407221
v 0.499999908 -0.660526318 0.957142845
v 0.500000112 -0.660526316 0.975000108
v -0.196498687 -0.255297250 0.781876577
v -0.187968712 -0.267953171 0.772076656
v -0.144852102 -0.752888346 0.882132413
v 0.241830335 -0.458202553 0.992765963
v 0.242872710 -0.454034051 1.006551040
v -0.200000032 -0.347368449 0.903571450
v -0.200000183 -0.347368453 0.885714273
v 0.497396063 -0.897395998 1.010711843
v 0.501351272 -0.882933251 1.010711873
v 0.501332047 -0.882925759 1.028535617
v 0.497381641 -0.897381642 1.028537564
v -0.144722962 -0.200012502 0.885713720
v -0.144723005 -0.200013838 0.903571388
v -0.199946303 -0.476318593 0.832159703
v 0.035325771 -0.365421275 0.800584834
v 0.296852965 -0.476391553 0.774882603
v 0.296610590 -0.461863864 1.028481454
v 0.296736351 -0.461917908 1.010930482
v 0.321260356 -0.471728199 1.015984294
v 0.316391589 -0.461889858 1.011075244
v 0.039474555 -0.789474646 1.099998445
v 0.320988386 -0.582188020 0.783319243
v 0.315853382 -0.568207278 0.793366626
v 0.316142393 -0.568059285 0.782149384
v 0.334395683 -0.583698390 0.782068855
v -0.071325612 -0.656106430 0.854949664
v -0.089474817 -0.199998603 0.903571425
v -0.089474791 -0.199998856 0.921428598
v 0.094731506 -0.421053070 1.099966879
v 0.094707072 -0.402636442 1.099952934
v 0.039446337 -0.236306518 1.100539148
v 0.021018060 -0.236293544 1.100500559
v 0.168415756 -0.476332889 1.099938485
v 0.449882744 -0.462584880 1.077716576
v 0.463382001 -0.460394301 1.079406753
v -0.086012434 -0.896210251 1.097230681
v -0.085532027 -0.888481345 1.097038182
v -0.072702598 -0.897120672 1.098243195
v -0.034210512 -0.200013612 1.046415106
v -0.034210570 -0.200032422 1.028539810
v -0.094453953 -0.758202561 0.880161801
v 0.297461038 -0.457844968 0.992418866
v 0.496125340 -0.471295523 0.764170123
v 0.496174128 -0.462859996 0.764384080
v 0.356591887 -0.421499637 0.763510293
v 0.370943577 -0.420053421 0.759627210
v 0.370806879 -0.440058793 0.762938495
v -0.089474835 -0.199999881 0.885713373
v 0.497247107 -0.698061405 0.816584559
v 0.498591186 -0.679227471 0.813044222
v 0.488632027 -0.685070777 0.807160704
v 0.242021783 -0.407244397 0.832779489
v 0.247205733 -0.408207508 0.819052127
v -0.201181792 -0.236337564 0.796045321
v 0.077712711 -0.236244725 1.101759176
v 0.058422217 -0.236315734 1.101097824
v 0.039613369 -0.897663922 0.924753814
v -0.052111138 -0.530925027 0.759870351
v -0.089474786 -0.476315782 1.100001029
v 0.186842105 -0.642105263 1.100000000
v 0.205263158 -0.642105263 1.100000000
v 0.205263158 -0.623684209 1.100000002
v 0.186842105 -0.623684211 1.100000001
v 0.497576899 -0.420922438 0.781490520
v -0.201489410 -0.587125573 0.795950236
v 0.131577842 -0.457900859 1.099963356
v 0.296916242 -0.767312262 0.835911402
v 0.498188082 -0.550604407 0.795082647
v 0.501059002 -0.550162949 0.813461559
v 0.162216086 -0.353825099 0.926736805
v 0.149023195 -0.347415650 0.920984916
v -0.199986134 -0.402631579 1.046415129
v -0.200547964 -0.402631579 1.064816904
v 0.500004292 -0.494735948 0.885713981
v -0.125686806 -0.696981058 1.006985691
v -0.120530103 -0.637346820 1.088579325
v -0.121534106 -0.637715778 1.097032390
v -0.126523768 -0.624637588 1.098349288
v -0.126389674 -0.623618340 1.082476239
v -0.112883563 -0.629675391 1.078497360
v 0.329343480 -0.452994486 0.925913250
v -0.197396807 -0.457894725 1.097476488
v -0.201353585 -0.457894719 1.083454998
v -0.052962989 -0.697366773 1.098024216
v -0.107881815 -0.479816440 0.764040854
v -0.066853574 -0.347149849 0.764562476
v -0.070968762 -0.328600472 0.763208919
v 0.302770888 -0.426732705 0.897705035
v 0.297300701 -0.421387334 0.885479302
v 0.002963717 -0.332595173 0.781469662
v 0.003583450 -0.347680195 0.777779272
v 0.168571996 -0.587436721 0.793023304
v 0.444567122 -0.442428558 1.011289967
v 0.444358898 -0.443322144 1.024870019
v 0.463295582 -0.442639346 1.025168658
v 0.161531061 -0.372002592 0.987824387
v 0.164242921 -0.385386033 0.993109383
v 0.156044509 -0.360093589 0.981033008
v 0.076315793 -0.513157889 1.100000000
v 0.057894737 -0.513157894 1.100000007
v 0.135205464 -0.342301847 0.908792641
v 0.134988476 -0.342221009 0.916061486
v 0.223684211 -0.642105263 1.100000001
v 0.223684211 -0.623684209 1.099999998
v 0.095899918 -0.198508230 0.993696006
v 0.095485494 -0.198566948 0.975332310
v 0.168384570 -0.457937185 1.099960897
v 0.149992461 -0.457925434 1.099945152
v 0.365063214 -0.359923602 0.826548208
v 0.315789474 -0.697368421 1.100000000
v 0.444842869 -0.406022914 0.920782210
v 0.444274589 -0.398739833 0.907300273
v 0.426370896 -0.526948103 0.782936955
v 0.426307302 -0.513540013 0.778610947
v 0.279163231 -0.425401251 0.881225226
v 0.291839533 -0.415856885 0.873069774
v -0.163096343 -0.733780116 0.989572999
v 0.113426858 -0.513305616 0.781369467
v 0.389221979 -0.350680603 0.798918295
v -0.108125874 -0.715432151 1.010839367
v 0.315727002 -0.623754140 0.799831550
v 0.334522503 -0.623475828 0.796424251
v 0.476770131 -0.831220241 0.899063985
v -0.197155733 -0.771212780 0.906410459
v -0.198581764 -0.753151332 0.902545957
v -0.188350181 -0.758710518 0.897122400
v -0.183071978 -0.771826336 0.899701416
v -0.059268056 -0.820112470 1.058655474
v -0.053481077 -0.807641432 1.064360164
v 0.402217395 -0.710449925 0.801248686
v 0.499935324 -0.531603680 1.046411278
v 0.500001108 -0.660526316 0.992858215
v 0.482932525 -0.752631552 1.101312139
v 0.482932535 -0.734210523 1.101312149
v -0.199999974 -0.347368447 0.921428573
v 0.497385785 -0.897385787 1.046423060
v 0.501372335 -0.882907761 1.046407532
v 0.497622177 -0.897622177 1.064911155
v 0.482907760 -0.901372335 1.046407531
v 0.482975018 -0.901809760 1.064864705
v 0.445040085 -0.527498344 0.782857725
v 0.315789474 -0.863705859 1.100531190
v 0.334210523 -0.844722976 1.099986554
v 0.315789474 -0.844722976 1.099986558
v 0.182453579 -0.422330120 0.993078613
v 0.189657533 -0.436492949 0.993057366
v 0.117463751 -0.683986530 0.863973244
v 0.242105263 -0.678947368 1.100000000
v -0.199993286 -0.568423666 0.975001710
v 0.155720613 -0.517324926 0.790509884
v -0.089474789 -0.199998902 0.939285712
v -0.089474790 -0.199998920 0.957142832
v -0.070688239 -0.752115423 1.006515465
v -0.067422686 -0.693718835 1.083122319
v -0.066172002 -0.691841723 1.096202339
v -0.053627315 -0.679550439 1.101233022
v 0.113157894 -0.678947368 1.099999999
v -0.034210364 -0.198645984 1.083455010
v -0.034210458 -0.199451505 1.064816857
v 0.352721125 -0.623463922 0.796314731
v 0.039473684 -0.513157895 1.100000000
v -0.163624077 -0.273160987 0.763222636
v -0.182060897 -0.273225939 0.762465942
v 0.052728221 -0.876315762 0.908737965
v 0.370839786 -0.498112103 1.096976590
v -0.071489202 -0.841321847 0.906619288
v -0.163705857 -0.199452080 0.903571474
v -0.071031988 -0.623662434 1.100569413
v -0.089448215 -0.605349973 1.100501603
v 0.297159816 -0.460884379 1.046621684
v -0.177067922 -0.729811498 0.871814101
v -0.177094725 -0.720482356 0.872090308
v 0.371052733 -0.844722963 1.099986692
v 0.352631553 -0.844722977 1.099986532
v -0.039368392 -0.249492080 0.791314733
v 0.499990894 -0.715790769 0.921430008
v 0.500000729 -0.715789420 0.939284920
v -0.052214283 -0.620292004 0.781646794
v -0.052444042 -0.605740497 0.777927326
v 0.247961047 -0.765767595 0.855632523
v 0.246209519 -0.752306045 0.853647684
v -0.048390231 -0.703018009 0.881173459
v 0.163430525 -0.581572892 0.783713516
v 0.150256737 -0.583167505 0.782026315
v 0.500360568 -0.550003588 0.832026334
v 0.499987711 -0.549995109 0.850043204
v 0.163326359 -0.352488619 0.970176175
v -0.201353588 -0.402631579 1.083455009
v -0.197396809 -0.402631579 1.097476498
v 0.500000081 -0.715789476 0.975000126
v 0.500001100 -0.715789477 0.992858220
v 0.297668242 -0.406019605 0.867315735
v 0.389592997 -0.863355254 0.885209450
v -0.113516474 -0.796113003 0.981600289
v 0.444760598 -0.661087118 0.795727777
v -0.058830270 -0.710041357 0.874491876
v -0.052676485 -0.696454425 0.871595975
v -0.070814053 -0.309963264 0.763078226
v -0.089195711 -0.309794239 0.759540642
v 0.164111033 -0.384858104 1.010554449
v 0.172188482 -0.397917041 1.083665807
v 0.162990191 -0.389376578 1.095643569
v 0.150725552 -0.384150776 1.098542460
v 0.099361873 -0.217101542 1.014745750
v 0.095277572 -0.201838641 1.010789342
v 0.089469444 -0.204815443 1.023425596
v 0.260754880 -0.641330089 0.817825980
v 0.273449159 -0.629566007 0.807807320
v 0.388865247 -0.346501698 0.850812221
v 0.395391276 -0.482701952 0.772207370
v 0.335028415 -0.696760188 0.817612058
v 0.495874728 -0.674082253 0.800553721
v 0.497512435 -0.660405679 0.798863321
v 0.113090476 -0.734096000 0.867377321
v -0.039145184 -0.316138320 0.765111232
v -0.052564630 -0.314527889 0.763143576
v -0.046657605 -0.746631325 1.051495682
v -0.049060127 -0.862737525 0.993420464
v -0.113589778 -0.600445509 0.765557785
v -0.108095959 -0.587072637 0.763652018
v -0.102631043 -0.593048773 0.772652053
v -0.126335546 -0.601977485 0.764129490
v -0.126219028 -0.587269099 0.760562158
v 0.497403294 -0.531545774 1.097476797
v 0.463147222 -0.312353735 0.835914939
v 0.482572562 -0.311179976 0.831833074
v 0.039473668 -0.642105242 1.100000962
v 0.463400272 -0.401742941 0.939683208
v 0.463174392 -0.405137493 0.953966548
v -0.039618803 -0.764908274 0.872709580
v 0.497965835 -0.897965835 1.083663946
v 0.497965835 -0.883148070 1.098028105
v 0.496529078 -0.896529078 1.096635331
v 0.483214936 -0.902142374 1.083728765
v 0.483148070 -0.897965835 1.098028105
v 0.483214936 -0.883214936 1.102076791
v 0.297135839 -0.822649373 0.853862871
v 0.297503749 -0.808257433 0.850462569
v 0.375914986 -0.489448650 0.765616665
v 0.371252440 -0.477051118 0.763128033
v 0.385174993 -0.489713212 0.765395566
v 0.389669984 -0.477064903 0.763045259
v -0.089474790 -0.199998779 0.975000110
v 0.021015587 -0.217073151 1.101290505
v -0.069796381 -0.825739853 1.064700369
v -0.066791049 -0.812734113 1.069810066
v 0.218138764 -0.665735178 0.844922075
v -0.131609288 -0.701804606 0.997431841
v 0.444825767 -0.807327730 0.868019384
v 0.448413222 -0.406217579 0.939059228
v 0.463382928 -0.399355123 0.921270334
v -0.075920980 -0.831988338 0.963151757
v 0.146070860 -0.279205234 0.988659277
v 0.052376444 -0.536786223 0.764695915
v 0.293151971 -0.461762565 1.063710773
v 0.291592008 -0.462833419 1.077808408
v 0.128132954 -0.254845612 0.871310343
v 0.136279096 -0.255461843 0.882007889
v 0.116910236 -0.256282421 0.863944308
v 0.500000296 -0.715789406 0.957142682
v -0.103174140 -0.656357988 1.063729949
v -0.102369403 -0.655475962 1.077843767
v -0.028770838 -0.635076181 0.838635766
v 0.463391941 -0.804616459 0.867496596
v 0.334104296 -0.678940291 0.810990228
v 0.499980604 -0.549999496 0.867870999
v -0.195803525 -0.747666191 0.890735745
v 0.333872377 -0.461312140 1.011252187
v 0.328805001 -0.471905956 1.016039812
v 0.109174002 -0.254785674 0.853361060
v 0.499997986 -0.715789474 1.010712331
v 0.499967368 -0.715789474 1.028539795
v 0.227642889 -0.421035764 0.889421436
v -0.140796980 -0.822462110 0.939247625
v -0.139564275 -0.821215787 0.952726321
v 0.021052440 -0.623684157 1.100001904
v 0.168421053 -0.863705859 1.100531189
v 0.224926737 -0.766806628 0.872422702
v -0.157549911 -0.507215066 0.754684329
v 0.353235466 -0.472409402 0.763706679
v 0.371151425 -0.458431163 0.762753204
v 0.457831045 -0.801728338 0.855600394
v 0.443959544 -0.803632786 0.854172081
v 0.444460330 -0.789524025 0.849798542
v 0.090114924 -0.204776110 1.051350810
v 0.426290180 -0.623666552 0.796514503
v 0.149984527 -0.439494327 1.100138575
v 0.125964696 -0.635783119 0.802476668
v 0.131358880 -0.623713272 0.798942764
v 0.136875042 -0.629580213 0.808508688
v 0.131348800 -0.638870350 0.814701396
v 0.112600588 -0.638369649 0.800164587
v 0.113587452 -0.645144335 0.814432704
v 0.113515716 -0.624550735 0.792498960
v 0.426064564 -0.493716127 1.098675029
v -0.157562015 -0.654762394 1.022884589
v 0.501782880 -0.326839328 0.831047929
v 0.497492995 -0.312312465 0.831809633
v 0.497794225 -0.312027099 0.850167240
v 0.502098605 -0.327029015 0.850798200
v 0.497445363 -0.439651633 0.781826629
v 0.337792581 -0.442852006 0.975588664
v 0.338243888 -0.443634278 0.957298232
v 0.403027709 -0.434253317 0.926156858
v -0.050237432 -0.752560653 1.097340026
v 0.496116945 -0.444787556 1.023779234
v 0.482671601 -0.442620429 1.025223487
v 0.247556939 -0.526730688 0.783858562
v 0.247533509 -0.517949389 0.783748038
v 0.131578947 -0.844722976 1.099986558
v 0.496498297 -0.896485307 0.888614213
v 0.497763868 -0.883089936 0.886967441
v 0.498006827 -0.897978059 0.902046382
v 0.247545274 -0.821508051 0.873054692
v 0.246526595 -0.807395358 0.872330085
v 0.370275725 -0.346725948 0.850388811
v 0.371239038 -0.350537121 0.864362046
v 0.389474120 -0.351058859 0.864723017
v -0.034210583 -0.200000046 0.921428644
v -0.034210500 -0.199997546 0.903570862
v 0.058190254 -0.202569780 0.835239438
v 0.076730887 -0.202329203 0.834846082
v 0.150000000 -0.844722976 1.099986558
v 0.224362999 -0.457345819 1.101104043
v 0.057903440 -0.789825635 0.889296392
v 0.070801762 -0.794597725 0.899134995
v 0.062672162 -0.794396095 0.899038601
v 0.426283048 -0.899965688 1.010712298
v 0.426283468 -0.899934174 1.028540121
v -0.107888546 -0.569103646 0.760398160
v 0.181574379 -0.370881392 0.873045960
v -0.199999977 -0.402631577 0.921428574
v -0.199999996 -0.402631579 0.939285711
v -0.020959825 -0.536926813 0.765860793
v -0.034218660 -0.531283112 0.763133345
v 0.395496691 -0.396295503 0.771772802
v 0.039470612 -0.202635867 1.097471712
v 0.058541537 -0.202374421 1.097716290
v 0.039451431 -0.217097217 1.101329276
v 0.058486818 -0.217036622 1.101761666
v 0.426283060 -0.899966787 0.992857290
v 0.497360825 -0.423751870 0.974692920
v 0.095135218 -0.804026696 0.889798312
v -0.046684663 -0.795684979 1.070618633
v -0.139505332 -0.739649560 0.880234665
v 0.099901579 -0.379292900 0.827067848
v -0.200001106 -0.402631579 0.992858215
v -0.200000114 -0.402631579 0.975000110
v 0.095470725 -0.198440914 0.866970475
v 0.095655454 -0.201455762 0.848452805
v 0.444762601 -0.402987575 0.778722117
v 0.091291391 -0.203419427 1.096537426
v 0.092751180 -0.216864241 1.098009273
v 0.077866954 -0.201987342 1.098020093
v 0.077929958 -0.216796684 1.102094953
v 0.426074467 -0.693439603 0.800177657
v 0.426234885 -0.679131161 0.795873423
v 0.147120341 -0.255759061 0.889279710
v 0.144998215 -0.242109516 0.890990666
v 0.147664065 -0.236327445 0.903319572
v 0.438681932 -0.857871829 0.892154974
v 0.440270495 -0.843356932 0.891182639
v 0.449097356 -0.844665145 0.901397531
v 0.463822042 -0.402150757 0.777624675
v 0.302294414 -0.370356660 0.827773525
v 0.302247975 -0.370137271 0.818228207
v 0.497642380 -0.897621651 0.920864498
v 0.497383401 -0.897381301 0.939303978
v 0.298015641 -0.458633483 0.938982658
v -0.197965835 -0.216851930 1.098028105
v -0.089365404 -0.199142735 0.814083560
v -0.089466622 -0.199689977 0.832191212
v 0.444782770 -0.693510365 0.799845236
v 0.463096847 -0.693734077 0.799571477
v 0.444898223 -0.679615352 0.795500633
v -0.053387060 -0.739013136 0.871319492
v 0.168395947 -0.439325352 1.100417971
v 0.282646487 -0.808041949 0.853777778
v -0.034210525 -0.200000132 0.957142827
v -0.034210524 -0.200000128 0.939285734
v -0.197576025 -0.568900597 1.097698485
v 0.003008276 -0.716167014 0.870972412
v -0.163155899 -0.197891564 0.777038782
v -0.144293055 -0.201667058 0.777421233
v -0.089113549 -0.202036990 0.795668820
v 0.149289423 -0.637364110 0.818465126
v 0.426284076 -0.899951441 1.046416233
v 0.444712046 -0.900557649 1.064804666
v 0.426282056 -0.900516543 1.064816794
v 0.346953186 -0.747583493 0.819266402
v -0.094991845 -0.481794957 0.766004848
v 0.228751377 -0.435096816 1.083055067
v 0.225015576 -0.438564439 1.098163074
v 0.438896749 -0.452301709 1.006762344
v -0.197524037 -0.457514980 0.763171178
v -0.176904612 -0.472335035 0.773806822
v 0.126861092 -0.333193964 1.045626261
v 0.131010968 -0.332088346 1.064521073
v 0.181460614 -0.371316434 0.916113513
v 0.183503744 -0.384580622 0.921244565
v -0.199999975 -0.402631579 0.957142832
v 0.016778173 -0.402778512 0.801788709
v -0.196045405 -0.656792707 0.853894818
v -0.198170700 -0.623946179 1.028765680
v 0.500978403 -0.716178321 0.849491482
v 0.500548244 -0.715792035 0.867818764
v 0.463897580 -0.844286803 0.905067029
v 0.025847655 -0.765530473 0.872900609
v 0.034578260 -0.765716074 0.872806915
v 0.497396807 -0.734210523 1.097476497
v 0.172310360 -0.398938505 1.027921651
v 0.174447449 -0.395951325 1.041352405
v -0.199967367 -0.402631579 1.028539795
v -0.199997984 -0.402631579 1.010712331
v 0.094843760 -0.199636121 0.903605849
v 0.095079453 -0.199097557 0.885613206
v 0.278265442 -0.420307708 0.780209006
v 0.052099729 -0.242218886 0.820348018
v 0.237849679 -0.444438193 1.064412915
v 0.238604778 -0.443528965 1.083066102
v 0.223811780 -0.437162653 1.064421916
v -0.182932529 -0.328947235 1.101312248
v -0.182653296 -0.786005895 0.972390774
v 0.126207316 -0.352802674 0.837483166
v -0.029043471 -0.242272140 0.784126077
v -0.020257828 -0.241687835 0.783653335
v 0.080985697 -0.655641620 0.800901985
v 0.090155307 -0.655667399 0.800943684
v 0.094922628 -0.643411514 0.798182921
v 0.100314445 -0.648599744 0.808460555
v 0.094058717 -0.658296459 0.813287412
v 0.034150362 -0.250731482 0.801072935
v 0.034260457 -0.241576990 0.801506024
v 0.021404426 -0.236669897 0.798592356
v 0.497379247 -0.897382302 0.957175182
v 0.482924088 -0.901324926 0.957179926
v 0.298038526 -0.458563272 0.956864438
v 0.297783158 -0.457813706 0.974887368
v -0.089474600 -0.199997067 0.850020244
v -0.089474582 -0.200011206 0.867856236
v -0.034210539 -0.199999930 0.975000088
v 0.228687470 -0.434633936 0.890403474
v 0.218776793 -0.422022138 0.898785033
v 0.426278820 -0.901332061 1.083448446
v 0.444715133 -0.901372338 1.083430993
v 0.444731153 -0.897385786 1.097465813
v 0.426280826 -0.897381658 1.097461811
v 0.113809672 -0.457724317 0.796320898
v 0.131710275 -0.457791559 0.799818557
v -0.125703655 -0.569038534 0.756448040
v 0.131847077 -0.858755870 0.907781547
v 0.127401010 -0.236724309 0.989369010
v 0.265374906 -0.388356011 0.819263771
v 0.278017419 -0.385554094 0.814169837
v 0.133430785 -0.331183644 1.097823336
v 0.133304507 -0.327457122 1.083161531
v 0.163491498 -0.352961219 0.873076084
v -0.139279114 -0.599818341 0.766175336
v -0.126307104 -0.361764175 0.764074472
v -0.197584830 -0.620757399 1.046776565
v -0.197722731 -0.621187287 1.064814708
v 0.500095205 -0.715770877 0.885741673
v 0.499972554 -0.715790318 0.903586834
v 0.150000000 -0.901353586 1.083455011
v 0.150000000 -0.897396809 1.097476498
v 0.242126296 -0.494563845 1.100510597
v 0.174663048 -0.396127922 1.070055754
v 0.144335874 -0.352925731 0.854715032
v 0.094736395 -0.199747348 0.921441882
v 0.278818519 -0.844740799 0.870366183
v 0.463687094 -0.901133457 1.064798713
v 0.463755170 -0.901809759 1.083496190
v 0.264474431 -0.495117057 0.782534990
v -0.020578827 -0.581469332 0.765429314
v -0.034300521 -0.583123056 0.764015813
v 0.347442867 -0.582036858 0.783111609
v 0.395065172 -0.426045152 0.773304529
v 0.145019398 -0.333399598 1.069663820
v 0.147293063 -0.331133518 1.083828349
v -0.047053537 -0.808015646 1.005639691
v -0.056441476 -0.807897402 0.996740011
v -0.198748719 -0.790680205 0.920748995
v 0.301424815 -0.471736214 0.765253783
v 0.302340920 -0.462871134 0.764931865
v 0.310092303 -0.470442472 0.765188648
v 0.315285207 -0.458198615 0.763462933
v 0.444788656 -0.388144642 0.782659243
v -0.039933678 -0.211494596 0.782345710
v -0.039540070 -0.202831807 0.781987377
v -0.033953067 -0.201739910 0.795275533
v 0.389886313 -0.420155625 0.762561166
v 0.375999471 -0.444515894 0.773886764
v 0.071239833 -0.297437504 0.819605660
v -0.066332275 -0.831225305 1.051476000
v 0.130765092 -0.682986580 0.865610192
v 0.092456624 -0.236171624 1.097714907
v 0.211054919 -0.765032079 0.874074384
v 0.147098715 -0.273683675 0.888986439
v 0.132120086 -0.273840349 0.882709740
v 0.430658195 -0.895422873 0.889599721
v 0.425890976 -0.897643101 0.902795128
v 0.444682557 -0.897813718 0.888007551
v 0.444179066 -0.886577279 0.888611565
v -0.084737638 -0.868465051 1.058505541
v -0.087045570 -0.866426249 1.044642873
v 0.200584498 -0.647078573 0.845692707
v 0.191545428 -0.647051255 0.845626430
v 0.125958491 -0.599815754 0.783887678
v 0.131794685 -0.586603615 0.781314027
v 0.118937869 -0.611260191 0.789885841
v 0.181299973 -0.389171850 1.051036073
v 0.181149459 -0.389852942 1.059897504
v 0.448694763 -0.444517467 0.765378685
v 0.457327911 -0.444911117 0.765215397
v -0.200001245 -0.402631725 0.867856546
v -0.199980406 -0.402628643 0.850002295
v 0.003221195 -0.748015426 0.871426864
v 0.003344020 -0.733983750 0.870520972
v -0.139054847 -0.316667377 0.767213897
v 0.145170071 -0.222872782 0.951671173
v -0.149954593 -0.518405544 0.748152855
v 0.297368420 -0.623684226 1.099999959
v 0.053947430 -0.807767504 0.889731057
v 0.264264057 -0.439421120 0.781808727
v 0.265744280 -0.425727383 0.783205352
v -0.196343003 -0.784643079 0.971037692
v 0.431072726 -0.444277083 1.024636992
v 0.431702111 -0.444942541 1.016290526
v -0.028250854 -0.894578675 0.962172770
v -0.030092642 -0.896660939 0.975501017
v 0.247277916 -0.691530898 0.837643987
v 0.236418711 -0.684679481 0.843783959
v 0.242334706 -0.678814940 0.835387765
v 0.488304237 -0.333595686 0.800283199
v 0.496838959 -0.332982361 0.799656159
v 0.498143816 -0.327259697 0.812567245
v 0.497396796 -0.752631552 1.097476486
v 0.081219897 -0.801949707 0.892014922
v 0.017877335 -0.217341171 0.798678908
v -0.033878555 -0.198853288 0.813460471
v 0.389474772 -0.844722926 1.099987696
v -0.068262076 -0.844375068 1.097608794
v 0.425917912 -0.900657859 0.921277676
v 0.444726581 -0.900158414 0.939287198
v 0.426230086 -0.900285336 0.939346450
v 0.039514438 -0.642167323 0.814092319
v 0.497384289 -0.605240291 0.798991351
v -0.022096242 -0.286988493 0.784352938
v 0.402536055 -0.415963896 0.765738182
v 0.402510998 -0.406826206 0.765152265
v 0.389391812 -0.401956550 0.762308683
v -0.139363267 -0.370973180 0.773052429
v 0.026275488 -0.635998278 0.802075013
v 0.020754090 -0.639205201 0.813872077
v 0.015566180 -0.628736348 0.808691498
v 0.040035006 -0.637579836 0.800543745
v 0.112343072 -0.388972033 0.819345467
v 0.186192394 -0.403116370 0.920606541
v -0.200000017 -0.402631583 0.903571438
v -0.200000878 -0.402631686 0.885714197
v -0.197396860 -0.328947245 1.097476548
v -0.199938879 -0.623673745 0.957106799
v -0.199970738 -0.623687776 0.939278976
v 0.283850090 -0.765904136 0.837029660
v 0.389412722 -0.499254186 1.096994827
v 0.035975938 -0.346765347 0.800258300
v 0.043845444 -0.347314177 0.810677740
v 0.025949120 -0.346583186 0.791143753
v 0.390034368 -0.439791898 0.938559220
v 0.321665635 -0.783384811 0.838273498
v 0.107780152 -0.501149812 0.784676242
v 0.339153975 -0.848978616 0.881227859
v 0.334210517 -0.899997969 1.010712316
v 0.334210522 -0.899967336 1.028539815
v 0.021070895 -0.899923993 1.010723327
v 0.021053191 -0.899919823 1.028536423
v 0.389769109 -0.848212711 0.882045561
v 0.016514310 -0.360278695 0.782717039
v 0.018284404 -0.346765759 0.781041646
v 0.375984425 -0.352707464 0.801629691
v 0.395149048 -0.452440807 0.980446600
v 0.358420428 -0.407084640 0.764757518
v 0.365228567 -0.396126743 0.771697885
v 0.371193380 -0.401442815 0.761784704
v 0.496528126 -0.480530776 1.096253371
v 0.482982215 -0.479172247 1.098099278
v 0.242105263 -0.897396809 1.097476498
v -0.034210377 -0.202603141 1.097476564
v 0.002690405 -0.803857878 0.889897242
v 0.457836252 -0.396773780 0.908805097
v 0.426290494 -0.899984662 0.957161341
v 0.426285504 -0.899955723 0.974998555
v 0.347209015 -0.684069552 0.808004451
v -0.197148469 -0.292421217 0.762584769
v -0.103253849 -0.656660854 1.045637058
v 0.375217405 -0.453454043 0.773378131
v 0.089049782 -0.408125243 0.801669710
v -0.139349175 -0.821128102 0.926148965
v 0.168212453 -0.748418338 0.872338451
v 0.357938973 -0.692070178 0.800987984
v -0.158771486 -0.747324702 0.872376846
v -0.149141696 -0.746862333 0.873044150
v 0.352924518 -0.472654936 1.046398125
v 0.044580586 -0.463115831 0.783549955
v 0.488235025 -0.314151791 0.818770368
v 0.496893174 -0.313607716 0.818212417
v 0.338489062 -0.444240203 0.938349786
v 0.265822923 -0.783835719 0.855646549
v 0.402319421 -0.446072536 0.969423962
v 0.339665828 -0.470048647 0.765670567
v 0.328667558 -0.462925662 0.772833289
v -0.052943869 -0.517200371 0.764481885
v 0.229087751 -0.673648687 0.837841321
v 0.498665156 -0.327142191 0.869459683
v 0.496042583 -0.333048431 0.881798518
v 0.483267263 -0.332104599 0.883344492
v -0.130830215 -0.563204541 0.747346767
v 0.449805720 -0.407397999 0.952463910
v -0.089016702 -0.753068540 0.996344344
v 0.284071686 -0.821329841 0.854882086
v 0.218251076 -0.426343050 1.032870063
v 0.218408311 -0.426847163 1.041869912
v -0.102529637 -0.653596910 0.856340549
v -0.089243381 -0.655664433 0.854726298
v 0.130782687 -0.329076467 1.010228844
v 0.375536111 -0.389265341 0.764944944
v 0.384969196 -0.388938789 0.764962364
v -0.029868145 -0.857479418 0.908482131
v -0.020505336 -0.857243958 0.908679915
v 0.155036503 -0.801880684 0.891697855
v 0.145197793 -0.794674888 0.898712558
v 0.257154275 -0.442760040 1.028007308
v 0.255153238 -0.444940144 1.040594167
v 0.469162730 -0.389674523 0.915869750
v 0.389389433 -0.840049546 0.872656176
v 0.301916498 -0.655724369 0.800777001
v 0.297896968 -0.641861018 0.799736588
v 0.183673070 -0.402838915 0.974898050
v 0.179822239 -0.409096374 0.987638926
v 0.174549448 -0.397067507 0.980685088
v 0.089895847 -0.203662068 0.836159353
v -0.195932384 -0.636348084 1.023172778
v 0.242451328 -0.443438267 1.014561274
v 0.118252521 -0.648065211 0.826955272
v -0.085016000 -0.766521015 1.006042030
v -0.089484091 -0.752431794 1.007445702
v -0.074883359 -0.766187852 1.005534440
v 0.496417923 -0.313852078 0.863848795
v -0.183148070 -0.202034165 1.098028105
v 0.339869466 -0.673299551 0.801620561
v 0.142325026 -0.335684204 0.987345762
v -0.089124752 -0.822849412 0.971783063
v 0.339202527 -0.444392366 0.988131359
v -0.182314236 -0.786029386 0.906410487
v 0.108582418 -0.203577353 1.005990966
v 0.109805411 -0.217252946 1.007227020
v -0.125929986 -0.202411994 0.781365782
v -0.122450804 -0.715685110 1.006661680
v 0.407969535 -0.498089090 1.097138416
v 0.420320172 -0.488204905 1.088893632
v 0.163214358 -0.635534367 0.820356815
v 0.347559881 -0.462919614 1.040889303
v 0.384410853 -0.444880468 0.987815352
v -0.149655282 -0.203677496 0.764695430
v -0.163209690 -0.202010061 0.762468011
v -0.094610306 -0.204015127 0.783171142
v -0.107646071 -0.202272911 0.781278499
v 0.357145240 -0.351746295 0.862893478
v 0.218448391 -0.426897929 1.069948317
v 0.125586393 -0.260667697 1.005240622
v 0.127846936 -0.273927298 1.006832884
v 0.130765632 -0.329513928 1.028352921
v 0.118805339 -0.323260546 1.033560959
v 0.181549328 -0.389684347 0.970195809
v 0.265572935 -0.839138667 0.873629534
v 0.495450181 -0.425438406 0.988097331
v -0.196848104 -0.416412970 0.764838381
v -0.188278363 -0.416080021 0.765021260
v 0.477352366 -0.692280649 0.800661306
v 0.229779614 -0.728775399 0.855728264
v 0.180354436 -0.409528413 1.016072363
v -0.176962331 -0.766148230 0.890893171
v 0.021016972 -0.202625720 1.097460928
v 0.144410903 -0.335028695 1.015258601
v 0.144778352 -0.334145909 1.024028126
v 0.320700851 -0.444974001 0.765233340
v 0.218255218 -0.408502652 0.819440594
v -0.196729514 -0.803391484 0.926195858
v 0.237195993 -0.387700023 0.874327997
v 0.237662727 -0.387872085 0.882097090
v 0.444293344 -0.328474871 0.832376695
v 0.431135306 -0.481291020 1.095872766
v 0.229184269 -0.426871809 0.801299979
v -0.066233186 -0.360931350 0.765970347
v -0.057696512 -0.361020103 0.765351536
v 0.108168079 -0.618737876 0.783060801
v 0.413740969 -0.482373399 1.077345919
v 0.283863854 -0.637162311 0.801073853
v 0.450255067 -0.335015008 0.819943943
v -0.157061576 -0.746707595 0.986708436
v 0.237107454 -0.444782905 1.096250878
v -0.195863793 -0.784589349 0.908806468
v 0.052237129 -0.821463111 0.890861585
v 0.402649458 -0.803558241 0.836946053
v 0.125727141 -0.315878529 1.023348241
v 0.112106457 -0.274145765 0.868901383
v 0.118303891 -0.279111478 0.880852788
v 0.394955891 -0.370565752 0.783311417
v 0.274002566 -0.462625964 1.095991445
v -0.057590684 -0.637471501 0.800558778
v -0.168963372 -0.499562231 0.747209485
v -0.084869555 -0.867878378 1.032383850
v -0.157394544 -0.802322897 0.969845803
v -0.102469162 -0.802275691 0.987719541
v 0.413211147 -0.334057061 0.863212233
v -0.196469127 -0.619880295 1.078045403
v 0.469181903 -0.334332706 0.881063088
v -0.144452530 -0.619700833 1.082397420
v -0.140354597 -0.619206345 1.096146364
v 0.283537733 -0.407417183 0.782954295
v -0.196529078 -0.203470922 1.096635331
v -0.120923669 -0.802292397 0.891081226
v -0.084348635 -0.765175098 0.873326877
v 0.463803087 -0.897622176 1.097694967
v 0.284340034 -0.446193714 0.915237808
v 0.137109436 -0.452438059 0.809055818
v 0.266189435 -0.654505553 0.820859254
v 0.495914504 -0.545462453 0.782183862
v 0.146962601 -0.332393076 1.096360406
v 0.414012612 -0.427318357 0.933297562
v -0.195627742 -0.444269498 0.764229218
v 0.339607677 -0.389961890 0.880040978
v 0.217571107 -0.408199869 0.897404407
v 0.125273112 -0.268708443 0.874113781
v -0.176656698 -0.823698983 0.944734308
v -0.176664931 -0.822955309 0.951935146
v -0.168440563 -0.823071113 0.944714988
v -0.168446830 -0.822387100 0.952502890
v 0.106612871 -0.268346974 0.855922676
v 0.155340331 -0.896104402 0.907655057
v 0.449490682 -0.314997147 0.837849962
v -0.084399346 -0.821353868 0.890336981
v 0.162718364 -0.507567274 0.783410334
v 0.163239299 -0.498699819 0.782866939
v 0.237016360 -0.444827800 0.962728424
v 0.237177729 -0.444263078 0.969917121
v 0.107351289 -0.655365319 0.819309741
v 0.402999316 -0.471313484 0.765130377
v 0.181522291 -0.654616014 0.838335672
v -0.045845585 -0.727943819 1.032971430
v 0.302903348 -0.409406658 0.879755979
v 0.283538969 -0.389724976 0.801322014
v 0.016876288 -0.334003988 0.782519616
v 0.210662095 -0.654280839 0.838786793
v 0.403053409 -0.838983261 0.873864504
v 0.413255757 -0.562918321 0.782988767
v 0.413124853 -0.554858357 0.783392023
v 0.420966839 -0.562948979 0.782816629
v 0.420925702 -0.554879548 0.783322360
v -0.195247615 -0.278888543 0.764758695
v -0.039181569 -0.518477036 0.765830998
v -0.138640689 -0.690862245 1.004332737
v 0.255719865 -0.444366451 1.016118809
v 0.016366324 -0.203763335 0.800270273
f 1 2 3 4
f 5 6 2 1
f 7 8 9 10
f 11 12 13 14
f 15 16 17 18
f 19 20 21 22
f 23 24 25 26
f 27 28 29 30
f 31 32 33 34
f 35 36 37 38
f 39 40 41 42
f 43 44 45 46
f 47 48 49 50
f 51 52 53 54
f 55 56 57 58
f 59 60 61 62
f 63 64 65 66
f 67 68 69 70
f 71 72 73 74
f 75 76 77 78
f 79 80 81 82
f 83 84 85 86
f 87 88 89 90
f 91 92 89 88
f 93 90 89 92
f 94 95 96 97
f 98 99 100 101
f 102 103 104 105
f 102 106 107 103
f 108 109 110 111
f 112 113 114 115
f 116 117 114 113
f 118 119 120 121
f 118 122 123 119
f 124 125 126 127
f 128 129 130 131
f 132 133 134 135
f 136 137 138 139
f 140 141 142 143
f 144 145 146 147
f 148 149 150 151
f 152 153 35 154
f 155 156 153 152
f 157 158 159 160
f 161 162 163 164
f 165 166 167 168
f 169 170 171 172
f 173 169 172 174
f 175 176 177 178
f 179 180 181 182
f 183 184 185 186
f 187 188 189 190
f 191 192 193 194
f 195 196 197 198
f 199 195 198 200
f 199 201 196 195
f 202 203 204 205
f 206 207 208 209
f 210 211 212 213
f 214 215 216 217
f 218 219 220 221
f 222 223 224 225
f 225 224 226 227
f 228 229 230 231
f 232 233 234 235
f 236 237 238 239
f 240 241 242 243
f 244 245 246 247
f 248 249 250 251
f 252 82 253 254
f 93 92 255 256
f 257 258 255 92
f 259 256 255 258
f 260 261 262 263
f 264 265 262 261
f 266 267 129 128
f 268 266 128 269
f 268 270 267 266
f 271 272 273 274
f 271 275 276 272
f 277 278 279 280
f 277 281 282 278
f 283 284 285 286
f 286 285 287 288
f 289 290 291 292
f 292 291 293 294
f 295 296 297 298
f 299 300 301 302
f 303 304 305 306
f 307 308 309 310
f 307 311 312 308
f 313 314 315 316
f 317 318 319 320
f 320 319 321 322
f 318 323 321 319
f 324 325 326 327
f 328 329 330 331
f 332 333 334 335
f 336 337 338 339
f 340 341 342 343
f 344 345 346 347
f 348 349 350 351
f 352 353 350 349
f 354 355 356 357
f 358 359 360 361
f 362 363 360 359
f 364 365 366 367
f 368 369 183 370
f 371 372 373 374
f 375 371 374 376
f 375 377 372 371
f 378 379 380 381
f 382 383 384 385
f 386 387 388 389
f 386 389 390 391
f 392 393 394 395
f 396 397 218 398
f 399 400 222 401
f 402 403 404 405
f 406 216 407 408
f 406 408 409 410
f 411 412 413 414
f 415 411 414 416
f 417 418 289 419
f 420 421 422 423
f 423 422 424 425
f 426 427 428 429
f 430 431 332 432
f 433 434 435 436
f 437 438 439 440
f 441 442 443 444
f 445 446 447 448
f 449 450 451 452
f 449 453 454 450
f 455 456 457 458
f 459 460 461 462
f 463 464 465 466
f 467 468 465 464
f 469 470 471 472
f 473 474 475 476
f 473 477 478 474
f 476 475 402 479
f 473 476 479 477
f 242 480 481 482
f 483 484 485 486
f 487 488 399 184
f 489 490 491 492
f 493 494 495 496
f 497 498 499 500
f 501 502 503 504
f 505 10 506 507
f 508 509 510 511
f 512 513 514 515
f 508 512 515 509
f 508 511 513 512
f 516 517 518 519
f 520 521 522 523
f 524 525 526 527
f 528 529 530 531
f 532 533 534 535
f 536 537 538 539
f 540 541 542 543
f 544 545 546 547
f 548 549 550 551
f 552 553 554 555
f 552 556 557 553
f 558 559 560 561
f 558 562 563 559
f 564 565 566 567
f 567 566 568 569
f 570 571 572 573
f 574 575 576 577
f 220 419 578 579
f 579 578 580 581
f 582 583 584 585
f 586 587 588 589
f 590 591 592 180
f 593 594 595 596
f 597 598 599 600
f 597 601 602 598
f 597 600 603 601
f 598 602 604 599
f 605 606 607 608
f 609 610 611 612
f 613 614 615 616
f 617 190 618 619
f 273 620 621 622
f 623 624 625 626
f 627 628 625 624
f 629 630 631 632
f 633 634 635 636
f 637 638 639 640
f 641 642 638 637
f 643 644 645 646
f 647 648 649 650
f 643 647 650 644
f 643 646 648 647
f 651 652 653 654
f 309 655 656 657
f 658 659 660 661
f 658 662 663 659
f 664 665 666 667
f 665 668 669 666
f 670 671 672 673
f 674 675 676 677
f 678 679 680 681
f 682 683 684 685
f 686 687 688 689
f 690 691 692 693
f 694 695 544 696
f 697 698 699 700
f 701 702 703 704
f 705 706 707 708
f 709 710 711 712
f 713 709 712 714
f 713 715 710 709
f 716 717 718 719
f 720 716 719 721
f 722 723 724 725
f 253 726 582 727
f 728 729 730 731
f 731 730 732 733
f 728 731 733 28
f 734 735 736 737
f 734 738 739 735
f 740 741 742 743
f 744 434 742 741
f 433 743 742 434
f 745 746 747 748
f 749 750 751 752
f 753 754 755 756
f 757 753 756 758
f 757 759 754 753
f 760 761 762 106
f 763 764 765 766
f 767 768 769 770
f 116 771 772 117
f 773 774 775 776
f 777 778 779 780
f 781 782 783 784
f 784 783 785 786
f 781 784 786 787
f 322 321 788 789
f 323 790 788 321
f 791 792 793 794
f 795 796 797 798
f 799 795 798 800
f 799 801 796 795
f 802 803 804 805
f 592 806 807 808
f 809 810 811 812
f 813 814 815 816
f 817 818 819 820
f 821 817 820 822
f 821 823 818 817
f 618 824 825 826
f 827 826 825 828
f 829 830 831 832
f 833 834 835 836
f 837 838 839 840
f 653 841 842 843
f 844 845 846 847
f 848 482 849 850
f 851 852 853 854
f 855 856 857 858
f 859 727 860 861
f 862 863 864 865
f 866 867 868 869
f 870 871 872 873
f 870 874 875 871
f 871 875 876 872
f 877 878 879 880
f 881 882 883 884
f 885 886 887 888
f 889 890 891 892
f 893 894 895 896
f 73 896 895 897
f 584 898 899 900
f 901 902 903 904
f 905 906 907 908
f 905 909 910 906
f 911 912 913 914
f 915 916 917 918
f 919 589 920 921
f 922 186 923 924
f 924 923 925 926
f 927 928 929 930
f 931 932 933 934
f 935 221 936 937
f 937 936 938 939
f 940 941 942 26
f 943 260 942 941
f 23 26 942 260
f 944 945 946 947
f 948 949 950 951
f 952 953 954 955
f 955 954 956 285
f 952 955 285 284
f 957 958 959 960
f 961 962 963 964
f 965 966 967 968
f 969 120 970 971
f 972 973 974 975
f 976 977 973 972
f 978 979 980 333
f 981 982 980 979
f 983 713 714 984
f 983 985 715 713
f 986 987 988 989
f 986 990 991 987
f 986 989 992 990
f 993 994 995 996
f 997 998 999 1000
f 1001 1002 1003 1004
f 1005 1006 1007 1008
f 1005 1009 1010 1006
f 1011 600 1012 1013
f 1011 1014 603 600
f 1011 1013 376 1014
f 1015 1016 1017 1018
f 276 1019 1020 1021
f 1022 1023 1024 141
f 1025 1026 1027 1028
f 1025 1028 750 749
f 849 1029 1030 1031
f 185 401 1032 1033
f 1033 1032 1034 1035
f 1036 1037 1038 1039
f 1040 1041 1042 1043
f 1044 1045 1046 1047
f 1048 1049 1050 1051
f 1052 1053 1049 1048
f 1054 1055 1056 1057
f 1058 160 1059 1060
f 1060 1059 1061 1062
f 1063 1064 1065 162
f 1066 1067 1068 1069
f 1070 1066 1069 1071
f 1072 1073 1074 1075
f 1076 1077 1078 1079
f 1080 1081 1082 1083
f 1084 1085 1086 1087
f 1088 1089 1090 1091
f 1092 1088 1091 1093
f 1094 1095 1096 1097
f 1098 780 1099 1100
f 1101 1102 1103 1104
f 42 41 1105 1106
f 1107 1108 1109 1110
f 1111 1112 1113 1114
f 1115 1116 1117 1118
f 1119 1120 1121 1122
f 1123 1124 1125 323
f 323 1125 997 790
f 1126 1127 1128 1129
f 1129 1128 1130 1131
f 1132 209 1133 1134
f 1135 1136 1137 1138
f 1139 1140 20 19
f 1141 1142 1143 1144
f 1145 1146 1147 1148
f 1149 1150 1151 1152
f 1153 1154 1155 1156
f 1153 1157 1158 1154
f 1153 1156 452 1157
f 1159 900 1160 1161
f 1162 1163 1164 806
f 1165 1166 1167 1168
f 1169 1170 1171 1172
f 1165 1169 1172 1166
f 1165 1168 1170 1169
f 1173 1174 1175 1176
f 1177 1178 1179 1180
f 1181 1182 1183 1184
f 1185 1186 1183 1182
f 1187 1185 1182 1181
f 1188 1189 1190 1191
f 875 286 1192 876
f 286 288 175 1192
f 1193 1194 1195 1196
f 1194 1197 1198 1195
f 1199 1200 1201 1202
f 1203 1204 1205 1206
f 1207 1208 1209 1210
f 1211 1212 1213 1214
f 1215 1216 1217 841
f 1218 1219 1220 1221
f 1218 1222 1223 1219
f 1224 1225 312 311
f 1224 374 1226 1225
f 1227 1228 1229 1230
f 1231 1232 1233 1234
f 1235 1236 1237 1238
f 1239 1240 1241 1242
f 1243 22 1244 1245
f 1246 1247 1248 1249
f 1250 1251 1252 1253
f 1254 904 1255 1256
f 1257 547 1258 1259
f 1260 66 1261 1262
f 1263 908 907 1264
f 779 930 1265 1266
f 860 585 1159 1267
f 1268 1269 1270 1271
f 1272 1273 1274 1275
f 1276 1277 1278 1279
f 1280 1281 1231 1282
f 1283 1284 1285 1286
f 1287 1288 1289 1290
f 1291 1292 864 863
f 1291 1293 1294 1292
f 1295 1296 1297 1298
f 1299 1300 1301 1302
f 1303 1304 1305 1306
f 1307 1308 1309 1310
f 1311 1312 1313 1314
f 1307 1310 1312 1311
f 1315 151 1316 1317
f 1318 1319 1320 1321
f 888 887 1322 1323
f 1324 984 714 1325
f 1326 1327 1328 456
f 1329 1330 1327 1326
f 1331 1332 1333 1334
f 1335 1336 1337 1338
f 1339 1340 1341 1342
f 20 1342 1341 21
f 1343 1344 1345 1346
f 1343 1346 1347 1348
f 1164 1349 1350 1351
f 1352 1353 1354 1355
f 1356 1357 1358 1359
f 1359 1358 1360 1361
f 1362 1363 730 729
f 1364 1365 1366 1367
f 1368 1369 1370 1371
f 1372 1373 1374 1375
f 1376 1377 1378 1379
f 1380 1381 1382 1383
f 1384 1385 1386 1387
f 1388 1389 1390 1391
f 1384 1388 1391 1385
f 1387 1386 1390 1389
f 1384 1387 1389 1388
f 1392 1393 1394 1395
f 1396 1397 1398 1399
f 1217 1400 1401 1402
f 1403 1404 1405 1053
f 1406 1031 1407 1408
f 1409 1410 1411 1412
f 1413 1414 1415 1416
f 1413 1417 1418 1414
f 1414 1418 1419 1415
f 1420 1267 1421 1422
f 1423 1424 1425 1426
f 1427 1428 1425 1424
f 1429 1427 1424 1423
f 1430 1431 1432 1433
f 1434 1435 1436 1437
f 1434 1438 1439 1435
f 1435 1439 1440 1436
f 1441 1442 1443 1444
f 1445 1446 1140 1139
f 412 1447 1448 413
f 1449 1450 1451 1452
f 1453 1452 1451 1454
f 1455 1456 1457 1458
f 1459 1460 1299 1461
f 1462 1463 967 966
f 1462 154 1464 1463
f 1465 1466 1467 1468
f 1465 1469 1470 1466
f 1466 1470 1471 1467
f 1160 1472 1473 1474
f 1475 1476 1477 1478
f 1479 1480 1481 1482
f 1482 1481 1483 1484
f 1485 1110 1486 1487
f 1488 989 1489 1490
f 1488 1491 992 989
f 1488 1490 1492 1491
f 1493 596 1494 1495
f 1496 1497 1498 341
f 149 1499 1500 150
f 1501 800 1331 1502
f 1503 1504 1505 1506
f 1503 1507 1508 1504
f 1509 1510 1511 1512
f 1513 1514 1515 1516
f 1517 1518 1519 1520
f 1520 1519 1521 1522
f 1523 1524 1525 1526
f 1527 1528 1529 1530
f 1531 1532 1533 1534
f 1535 395 1536 1537
f 1538 1539 1540 1541
f 1542 1543 1544 1545
f 1546 1547 1544 1543
f 1548 1549 1550 1551
f 263 1552 1553 1554
f 24 263 1554 25
f 682 685 1553 1552
f 1555 1556 1557 1558
f 1559 1560 1561 1562
f 1563 1564 1565 1566
f 1567 1568 1569 1570
f 1571 1572 1573 1574
f 1575 1576 1573 1572
f 1577 1575 1572 1571
f 70 69 1465 1578
f 1578 1465 1468 1579
f 1580 1104 1581 1582
f 1580 1582 1583 1584
f 1585 1586 1587 1588
f 1589 1590 1479 1591
f 1592 1593 1594 1595
f 1596 1597 1598 1599
f 1600 1601 1602 1603
f 1604 1605 1501 1300
f 1604 1606 1607 1605
f 101 100 1503 1608
f 1608 1503 1506 1609
f 1610 1611 1612 1613
f 1614 1615 1616 1617
f 599 1168 1618 1619
f 599 604 1170 1168
f 1620 1621 1622 1623
f 1624 1625 1622 1621
f 1626 1623 1622 1625
f 1386 1627 1628 1390
f 1629 1630 1631 1632
f 142 1633 1634 1635
f 1636 1202 1637 1638
f 1407 1639 1640 1641
f 1642 1643 1644 1645
f 1645 1644 1542 1646
f 1642 1645 1646 1647
f 891 1004 1648 1649
f 1425 1650 1651 1652
f 1653 1654 1651 1650
f 1428 1653 1650 1425
f 1655 1656 1657 1658
f 1655 1659 1660 1656
f 1661 1662 1663 1664
f 1665 1666 1667 1668
f 1669 1670 1671 1672
f 1673 1674 1675 1676
f 1669 1672 1674 1673
f 159 776 1677 1678
f 1678 1677 52 51
f 1679 1680 1681 1682
f 1683 1684 1681 1680
f 1685 1686 1687 1688
f 163 1689 1690 792
f 1691 1692 1575 1577
f 1693 1694 1575 1692
f 1695 1693 1692 1691
f 404 1696 1697 1698
f 1699 1700 1701 1702
f 1703 1704 1705 1706
f 1707 1708 1709 1710
f 1711 1314 1712 1713
f 1714 1715 1716 1717
f 1718 1719 1720 1721
f 1722 1723 1724 1725
f 1726 1727 1728 1729
f 1730 1731 1732 627
f 1733 1734 1732 1731
f 193 832 1735 1736
f 1737 1738 1739 1740
f 1741 1742 1743 1744
f 1745 1746 1747 1748
f 208 1749 1750 1751
f 1752 1753 1754 1755
f 1755 1754 1756 1757
f 1758 1759 1760 1761
f 1762 1763 1764 1765
f 1766 1767 1764 1763
f 1768 1766 1763 1762
f 1769 1770 1771 1772
f 1773 1774 1775 1776
f 938 581 1777 1778
f 1779 1780 1781 1782
f 1783 1779 1782 1784
f 1783 1785 1780 1779
f 1786 1787 1788 1789
f 1790 1791 1792 1793
f 1794 1795 813 1796
f 1797 1798 1799 122
f 1800 1801 1802 1803
f 1804 612 1805 1806
f 1807 132 135 1808
f 1809 478 1810 1811
f 1812 1813 1814 1815
f 1816 1817 1818 1819
f 959 139 1820 1821
f 1822 1823 1824 1825
f 1822 1826 1827 1823
f 1823 1827 1828 1824
f 1829 1830 1831 642
f 1832 1833 1834 1400
f 1835 1836 1837 1431
f 1838 1839 1840 1841
f 1838 1842 1655 1839
f 1841 1840 1658 1843
f 1838 1841 1843 1842
f 1839 1655 1658 1840
f 1844 1845 1846 1847
f 1848 1849 1850 1851
f 1852 916 1853 1854
f 1855 1856 1857 917
f 1852 1855 917 916
f 1854 1853 1857 1856
f 1852 1854 1856 1855
f 1858 1859 1860 1861
f 1862 1863 1864 1865
f 1866 1867 1868 1869
f 1866 1869 1870 1871
f 1872 1873 1874 1875
f 1876 1106 1877 421
f 1878 1879 1730 1880
f 1881 1882 1883 1884
f 1885 1522 1886 1887
f 1038 1245 1888 1889
f 1034 227 1890 1891
f 1892 1893 1809 1894
f 1895 1896 1809 1893
f 1897 1895 1893 1892
f 999 1898 1899 1900
f 1901 1902 1899 1898
f 580 294 1903 1904
f 1905 1906 1907 1908
f 1909 1905 1908 1910
f 1909 1911 1906 1905
f 1912 1234 1844 1913
f 1914 1915 1916 1917
f 1918 1919 1324 1920
f 1914 1917 1919 1918
f 611 1921 1922 1923
f 1924 1925 1926 1927
f 1928 1924 1927 1929
f 1930 1931 1926 1925
f 1928 1930 1925 1924
f 1932 1933 1934 1935
f 1936 1937 1329 1938
f 1935 1934 1329 1937
f 1932 1935 1937 1936
f 1701 1939 1940 1941
f 1942 1943 1944 1945
f 1945 1944 1946 1947
f 1942 1945 1947 1948
f 1943 1949 1946 1944
f 138 347 1950 1951
f 1952 1953 1954 1955
f 1956 1957 1958 1959
f 1956 1960 1961 1957
f 1956 1959 1962 1960
f 1957 1961 1963 1958
f 1712 1964 1965 1966
f 1967 1968 1969 1970
f 659 663 1968 1967
f 1971 1972 1973 1974
f 1975 1976 1873 1872
f 1977 1975 1872 1978
f 457 1979 1980 1016
f 1981 1982 1983 1984
f 1985 1986 1987 1988
f 1989 1990 1991 1992
f 1993 1994 1995 1996
f 1997 1998 1999 2000
f 1997 2001 2002 1998
f 1997 2000 2003 2001
f 2004 2005 2006 2007
f 2008 2009 2005 2004
f 2010 2011 2012 2013
f 2014 2015 2016 2017
f 2018 1306 2019 2020
f 475 2021 403 402
f 2022 2023 2024 2025
f 2026 2027 2028 2029
f 495 2030 2031 1045
f 2032 2033 2034 2035
f 1834 2036 2037 2038
f 2036 2039 2040 2037
f 2041 2042 2043 2044
f 2041 2044 2045 2046
f 2042 2047 2048 2043
f 2049 2050 2051 2052
f 2053 2054 2055 2056
f 2056 2055 2057 2058
f 2059 1652 2060 2061
f 2062 2063 1811 2064
f 2062 2064 2065 856
f 2066 2067 2068 2069
f 2070 2066 2069 2071
f 2072 1209 2073 2074
f 2075 2076 2077 2078
f 2079 1302 1952 2080
f 2081 2082 2083 2084
f 2081 2085 2086 2082
f 2081 2084 2087 2085
f 2088 2089 2090 2091
f 2088 2091 2092 2093
f 2094 2095 2096 2097
f 2098 2094 2097 2099
f 595 1176 2100 2101
f 2102 2103 2104 6
f 2105 2102 6 5
f 2106 1334 1985 2107
f 2108 2109 1981 2110
f 2108 2111 2112 2109
f 2113 2114 2115 2116
f 2113 2117 2118 2114
f 2119 2120 2121 2122
f 2123 2124 2125 2126
f 771 2123 2126 772
f 2127 2128 2129 2130
f 2131 1375 2026 2132
f 2133 2134 2135 2136
f 2137 934 2138 2139
f 2140 2141 2142 2143
f 2144 2145 2146 2147
f 1305 519 2148 2149
f 2150 2151 2152 2153
f 2154 67 70 1417
f 684 2155 2156 2157
f 2158 1423 2156 2155
f 683 2158 2155 684
f 1931 2159 2160 1926
f 2161 2162 2163 2164
f 2165 2166 2167 2168
f 2169 2170 2167 2166
f 2171 2169 2166 2165
f 2172 2173 2174 2175
f 2006 2176 2177 2178
f 2179 2180 2181 2182
f 1301 1502 2106 1953
f 1167 1789 2183 2184
f 2185 2186 2187 2188
f 126 2189 2190 2191
f 2192 2193 1294 1293
f 2192 2194 2195 2193
f 2196 2197 2198 2199
f 1201 1825 2200 2201
f 2202 2203 2204 2205
f 2206 2207 2204 2203
f 2208 2209 2210 2211
f 2208 2212 2213 2209
f 2214 2215 2216 2217
f 2218 2219 2220 2221
f 2222 2223 2224 2225
f 2226 2227 2228 2229
f 2067 2226 2229 2068
f 1930 2230 2159 1931
f 2231 2232 2230 1930
f 2233 2234 2235 2236
f 2237 2238 2239 2240
f 775 1321 2241 2242
f 2242 2241 698 697
f 1983 2132 2243 2244
f 2245 2246 2247 1124
f 793 2248 2249 2250
f 2251 2252 2253 2254
f 672 2254 2253 2255
f 2256 2257 2258 1939
f 2259 2260 2261 2262
f 2263 1966 2264 2265
f 2266 2267 2268 2269
f 2270 2271 2272 2273
f 2274 2275 2276 2277
f 2273 2272 2276 2275
f 2271 2277 2276 2272
f 831 1367 2278 2279
f 2280 2281 2282 2283
f 2284 2285 2286 2287
f 2288 2289 2290 898
f 2291 2292 2293 2294
f 2295 2296 2297 2298
f 2299 2300 2297 2296
f 2301 2302 2303 2304
f 2305 2306 2302 2301
f 2307 2308 2309 2310
f 2311 2312 2313 2314
f 853 1416 7 2315
f 2316 2317 1352 814
f 2318 2319 2320 2321
f 2322 2323 2324 2325
f 2326 2322 2325 2327
f 2328 2329 2324 2323
f 2330 2331 2332 2333
f 2334 2330 2333 2335
f 2334 2336 2331 2330
f 2337 2338 2339 764
f 2340 1656 2222 2341
f 2340 2342 1657 1656
f 2343 2344 2345 1228
f 2346 368 370 2347
f 747 2348 2349 2350
f 751 2351 1671 1670
f 2352 2353 2354 2355
f 2356 2078 2354 2353
f 1683 1680 2357 2358
f 2359 941 2357 1680
f 940 2358 2357 941
f 2360 2361 2362 2363
f 2364 2360 2363 2365
f 2364 2366 2361 2360
f 2367 2368 2369 2370
f 2371 2372 2373 2374
f 2375 2376 2377 2378
f 2379 396 398 2380
f 2381 2382 2383 2384
f 2385 2386 2383 2382
f 2387 2384 2383 2386
f 1056 1256 2388 2389
f 2390 2391 2392 2393
f 2394 2395 1774 1158
f 2394 2396 2397 2395
f 2398 2399 2400 2401
f 2402 2398 2401 2403
f 2402 1172 2399 2398
f 2404 2405 2406 2407
f 2408 2409 2410 2411
f 2412 2413 2414 2415
f 2416 2417 2413 2412
f 2418 1847 2346 2419
f 2420 2421 2422 2423
f 2258 2424 2425 2426
f 2427 2428 2429 2430
f 2427 2431 2432 2428
f 2433 2434 2435 2436
f 2264 2437 2438 2439
f 2440 2441 2442 2443
f 2444 2445 2446 2447
f 2444 2448 2449 2445
f 1684 2450 2451 2452
f 1017 2453 2454 1621
f 1624 1621 2454 2455
f 2286 2456 2457 2458
f 2459 2244 2460 2461
f 2462 2463 2464 2465
f 1814 2466 521 520
f 903 2467 2468 2469
f 2470 524 1631 1630
f 2470 2471 525 524
f 2472 2473 2474 2475
f 2476 2477 2478 2479
f 2480 2178 2481 2482
f 14 13 2483 2484
f 2485 2486 296 2487
f 2485 2488 2489 2486
f 2485 2487 2490 2488
f 2491 2492 2493 2186
f 2494 2495 2496 2497
f 2498 2499 541 540
f 1046 2500 2501 1666
f 929 2502 2503 2504
f 2505 2506 2507 2508
f 2509 552 555 2510
f 2509 2511 556 552
f 2512 558 561 2513
f 2512 2514 562 558
f 2515 2516 2517 2518
f 2519 2520 2521 2522
f 1096 2523 2524 1715
f 2525 2526 2527 2528
f 2529 2530 1934 1933
f 2531 1955 2433 1232
f 2532 2533 2534 2535
f 2536 2537 2538 2539
f 2540 2541 2542 2543
f 1175 2544 2545 2546
f 2544 2547 2548 2545
f 2549 1484 2550 2551
f 2552 2553 2554 2555
f 2556 1988 2462 2557
f 2558 1984 2459 1247
f 477 674 1810 478
f 479 402 405 675
f 477 479 675 674
f 2559 2560 2561 2562
f 2563 2564 2471 2470
f 2565 2563 2470 2566
f 2565 2567 2564 2563
f 2568 2569 1999 1998
f 2243 2029 2494 2570
f 2571 2572 2573 2574
f 2575 1530 2573 2572
f 2576 1111 2577 2578
f 2579 2580 2581 2582
f 2328 2583 2584 2329
f 2585 2586 2584 2583
f 2587 2588 2589 2590
f 2591 2592 2593 2594
f 2595 2596 2597 2598
f 549 1566 148 550
f 2599 2600 2601 2602
f 2216 2374 2603 2604
f 2605 2606 2607 2608
f 2609 2610 2611 2612
f 2613 1920 2614 2615
f 2616 2617 2618 2619
f 2620 2621 2622 2623
f 2624 2620 2623 2625
f 2626 2627 2622 2621
f 2624 2626 2621 2620
f 2481 2628 2629 2630
f 2631 2632 2633 1597
f 1954 2107 2556 2434
f 2634 2635 2636 2637
f 2638 2639 2640 2641
f 2638 2642 2643 2639
f 2644 1614 1617 2645
f 2646 2647 2648 2649
f 2650 1214 2651 2652
f 2653 2654 2655 2656
f 2657 2658 2659 2660
f 2661 2002 2662 2663
f 2664 2665 2666 2667
f 2668 2669 2670 2671
f 2672 2673 2670 2669
f 2674 2671 2670 2673
f 2675 2676 2677 2678
f 2679 2680 2681 2682
f 2682 2681 2683 2684
f 361 360 2685 2686
f 363 2687 2685 360
f 2688 2689 2690 2691
f 2692 2691 2690 2693
f 2095 833 836 2096
f 1320 2694 2695 2696
f 2696 2695 2697 2698
f 2699 2700 2701 2702
f 2703 2704 2705 2706
f 2460 2570 2707 2708
f 2709 2710 2711 2712
f 2713 2510 2714 2715
f 2716 2717 2718 2424
f 2719 2720 2721 2722
f 2723 2724 2725 2726
f 2719 2723 2726 2720
f 2719 2722 2724 2723
f 1545 1544 2727 2728
f 2728 2727 2729 2730
f 1544 2731 2729 2727
f 2732 2733 2734 2735
f 2736 2737 2606 2605
f 2738 2739 2737 2736
f 2740 2741 2742 2743
f 2744 2439 2745 2746
f 2747 2748 2749 2750
f 2751 2752 2753 2754
f 1366 2025 2755 2756
f 410 409 2757 2758
f 2759 2760 2761 2762
f 2763 2764 2765 2766
f 2767 2768 2764 2763
f 2769 2770 2771 2456
f 2772 1744 354 2773
f 2774 2775 2776 2777
f 2778 2779 2780 2781
f 2778 2782 1187 2779
f 2152 889 892 2783
f 2784 2785 2786 1759
f 2787 2788 2789 2790
f 2791 2792 2793 2794
f 1598 2795 2796 1798
f 1270 2797 2798 2799
f 2800 2801 2802 2803
f 1615 1821 2804 1616
f 2805 2806 2807 2808
f 2809 2211 2675 2810
f 2811 2812 2813 2814
f 2815 2225 2679 2816
f 2817 922 924 2818
f 2818 924 926 2819
f 17 2820 2821 2822
f 1484 2823 2824 2550
f 1484 1483 2825 2823
f 2823 2825 2826 2824
f 2827 2828 2829 2830
f 2827 2831 2832 2828
f 2833 2834 2835 2836
f 2837 935 937 2838
f 2838 937 939 2839
f 49 2840 2841 2842
f 2843 2844 2845 2336
f 2846 1371 2847 2848
f 2849 2850 2851 2852
f 2853 2849 2852 2854
f 2855 2856 2857 2858
f 2859 2860 2861 2862
f 2863 2864 2861 2860
f 2865 957 960 2866
f 2867 2868 2869 2376
f 2870 2871 2872 2873
f 1573 2874 2875 2876
f 1576 2877 2874 1573
f 2878 2879 2880 2881
f 2878 2882 2883 2879
f 2878 2881 2884 2882
f 2885 2886 48 47
f 2887 2888 2889 2890
f 2891 2892 2893 2894
f 2894 2893 2895 2896
f 2891 2894 2896 2897
f 2898 2347 2817 2899
f 2900 164 791 2523
f 2901 2902 2903 2904
f 146 2905 2906 2907
f 2908 2909 2910 2911
f 2623 2622 2909 2908
f 2718 2912 2913 2914
f 616 615 2915 2916
f 2917 2918 2833 2919
f 2920 2921 2833 2918
f 2922 2920 2918 2917
f 2923 2924 2925 2926
f 2745 2927 2928 2929
f 626 625 2930 2931
f 2932 2933 2934 2935
f 2936 1974 2937 2938
f 168 167 2939 2940
f 2940 2939 2941 2942
f 2771 2943 2944 2945
f 2946 2947 2948 2949
f 2946 2950 2951 2947
f 2946 2949 2952 2950
f 2953 2954 2955 2956
f 2957 2630 2958 2959
f 2960 2961 2962 2963
f 2964 2403 2965 2966
f 2960 2964 2966 2961
f 2960 2963 2403 2964
f 2967 2968 2969 2970
f 2971 2972 2973 2974
f 2971 128 131 2972
f 2975 2976 2977 2978
f 2979 118 121 2980
f 2331 2979 2980 2332
f 2331 2981 118 2979
f 2982 2020 609 2983
f 2984 2985 874 297
f 2984 2986 2987 2985
f 2988 2989 2990 2991
f 2992 144 147 2993
f 1515 2994 2995 2996
f 1667 2997 2998 2234
f 2999 3000 3001 3002
f 3003 3004 3005 3006
f 2999 3003 3006 3000
f 2999 3002 3004 3003
f 3007 3008 3009 3010
f 3011 3012 3009 3008
f 3013 3010 3009 3012
f 2349 3014 136 958
f 226 3015 3016 3017
f 3018 1253 3019 3020
f 2714 1119 1122 3021
f 1575 3022 2877 1576
f 2304 3023 2877 3022
f 1694 2304 3022 1575
f 2369 3024 3025 3026
f 3027 1149 2593 2592
f 3027 1908 1150 1149
f 1709 2262 3028 3029
f 3030 3031 2089 3032
f 3033 3034 3035 3036
f 1716 3037 3038 2267
f 293 2058 3039 3040
f 2392 1595 3041 3042
f 3043 3044 2924 2923
f 3045 3046 3044 3043
f 3047 3048 3049 3050
f 1109 1271 3051 3052
f 3053 3054 3055 3056
f 1767 3057 3058 1764
f 3059 3060 3061 3062
f 3063 3064 3061 3060
f 346 3062 3061 3064
f 3065 3066 3067 3068
f 2850 3065 3068 2851
f 3069 3070 429 3071
f 3071 429 3072 3073
f 3069 3071 3073 3074
f 3075 2465 2953 3076
f 2102 3077 3078 2103
f 3079 3080 3077 2102
f 2363 2362 3081 3082
f 3083 3084 3085 3086
f 372 3087 3088 373
f 372 2781 2780 3087
f 1973 2122 3089 3090
f 2707 2497 2988 3091
f 3092 3093 3094 3095
f 3096 3097 3098 2864
f 3099 313 316 3100
f 3101 2351 3102 2401
f 3101 1672 1671 2351
f 3101 2401 3103 1672
f 3104 3105 3106 1826
f 3107 3108 3109 3110
f 3111 3112 318 317
f 2019 2149 3113 610
f 3114 2819 3115 3116
f 3117 3118 1784 3119
f 3120 3121 3122 3123
f 2468 2582 3124 3125
f 3126 3127 3128 3129
f 3130 458 1015 3131
f 2057 3132 3133 3134
f 3135 3136 3137 3138
f 3139 3140 3136 3135
f 1594 1793 392 3141
f 2958 3142 3143 3144
f 2435 2557 3075 3145
f 3146 3147 3148 3149
f 3150 3151 3152 3153
f 3154 3155 3156 3157
f 3158 3159 3160 3161
f 3162 426 429 3070
f 3163 3164 3165 3166
f 3167 3168 3169 3170
f 3163 3167 3170 3164
f 3163 3166 3168 3167
f 1958 3171 2986 2489
f 1958 1963 3172 3171
f 58 57 3173 3174
f 64 3175 3176 65
f 518 704 3177 3178
f 3179 3180 3181 3182
f 3179 1376 3183 3180
f 3179 3182 1377 1376
f 76 1380 1383 77
f 3184 3185 3186 3187
f 3187 3186 3188 3189
f 3190 3191 3192 3193
f 3194 3091 3195 3196
f 84 3197 3198 85
f 3199 3200 3201 3202
f 2012 2479 1173 594
f 3203 3204 3205 3206
f 3207 3208 3127 3126
f 3209 3210 3208 3207
f 3211 3212 3213 3214
f 103 107 3215 270
f 3216 3217 2490 2487
f 3216 3218 1910 3217
f 2024 3219 3220 3221
f 3222 3223 3224 3225
f 3223 3226 124 3224
f 3227 3228 3229 2860
f 3230 3231 3229 3228
f 2863 2860 3229 3231
f 3232 3233 3234 2943
f 3235 3236 3237 3238
f 2581 1453 1454 3239
f 3240 3241 3242 3243
f 3244 3245 3246 3247
f 3248 3244 3247 3249
f 3250 3251 3246 3245
f 3252 3253 1456 1455
f 3254 1459 1461 3255
f 3254 661 660 1459
f 3256 3257 1695 3258
f 3259 3260 1695 3257
f 3261 3259 3257 3256
f 2173 3262 931 2174
f 2911 2910 3263 2306
f 631 3264 3265 3266
f 3267 3268 3269 3270
f 2597 3271 516 1304
f 638 1917 1916 639
f 638 3272 3273 1917
f 3274 3275 3276 3277
f 3278 3279 3280 2537
f 2578 3099 3280 3279
f 1325 714 712 3281
f 3282 3283 3284 3285
f 3286 2569 3287 3288
f 3286 2000 1999 2569
f 3286 3288 3289 2000
f 3290 3291 95 94
f 3292 3293 3294 3295
f 703 3296 3297 3298
f 1381 1559 1562 1382
f 235 234 3299 2831
f 3300 3095 3301 125
f 1439 1591 3302 1440
f 3303 3304 3305 2409
f 3306 3307 3308 3309
f 3310 3311 3312 3313
f 329 445 448 330
f 3314 3315 3316 3317
f 3318 3319 1943 1942
f 3320 3321 3322 3323
f 2524 794 3324 3037
f 351 350 1625 1624
f 353 1626 1625 350
f 3325 3326 3327 3328
f 3325 3328 3329 909
f 3330 179 182 3331
f 1180 1179 3332 3333
f 3334 3335 188 187
f 3336 191 194 3337
f 379 31 34 380
f 3338 3339 3293 3292
f 796 3338 3292 797
f 796 3340 3339 3338
f 3341 210 213 3342
f 3234 3343 3344 3345
f 400 3346 223 222
f 3347 3348 3349 1830
f 3350 2654 3351 3352
f 3350 3353 2655 2654
f 3350 3352 3354 3353
f 3355 71 74 3356
f 2361 3357 3081 2362
f 2361 3358 3359 3357
f 3260 3360 1693 1695
f 3361 244 247 3362
f 3363 248 251 3364
f 3365 236 239 3366
f 3367 3368 3369 3370
f 2802 3371 3372 3373
f 3374 2150 2153 3375
f 3376 79 82 252
f 3377 257 92 91
f 943 3378 261 260
f 3379 264 261 3378
f 3380 3381 3382 3383
f 416 3380 3383 3384
f 414 413 3382 3381
f 416 414 3381 3380
f 3385 3386 2613 3387
f 2813 3388 3386 3385
f 418 3389 290 289
f 3390 2487 296 295
f 2235 3391 300 299
f 2577 3392 314 313
f 3393 3394 314 3392
f 3395 1745 1748 3396
f 3397 3398 3399 3400
f 3397 3400 763 2511
f 2261 2743 3401 3402
f 442 2518 3403 443
f 2268 802 805 2752
f 3404 2172 2175 3405
f 883 2528 3406 3407
f 446 1804 1806 447
f 450 454 1813 1812
f 3408 3409 1927 1924
f 3410 2081 2082 3411
f 3408 3410 3411 3409
f 1924 1927 2082 2081
f 3408 1924 2081 3410
f 3412 1816 1819 3413
f 2293 2777 3414 3415
f 3416 3417 3418 3419
f 3419 3418 3420 3421
f 3416 3419 3421 3422
f 3417 3423 3420 3418
f 111 110 3424 3425
f 2303 3426 3427 3428
f 3429 3430 3431 3432
f 3433 3238 3434 383
f 917 1857 2948 2947
f 488 2956 400 399
f 32 3435 3436 33
f 3259 3437 3360 3260
f 3438 3439 3437 3259
f 3440 3441 3368 3367
f 3442 3440 3367 3349
f 3442 3443 3441 3440
f 504 503 3444 3048
f 2449 3445 3446 2567
f 3195 2991 418 417
f 3447 1876 421 420
f 3448 3449 3001 3000
f 3450 893 896 3451
f 72 3451 896 73
f 3452 2831 3299 3453
f 3452 3454 2832 2831
f 3452 3453 885 3454
f 1746 3455 3456 1747
f 3457 3458 3459 3460
f 2876 2875 3458 3457
f 3461 3462 3463 3464
f 201 3465 629 196
f 608 607 2641 3466
f 3467 1018 1620 3204
f 2527 3468 3469 3470
f 3471 3472 1632 3473
f 3004 3471 3473 3005
f 3474 1629 1632 3472
f 3004 3474 3472 3471
f 3475 3476 470 469
f 241 3477 480 242
f 3311 3478 3479 3312
f 3312 3479 349 348
f 3478 352 349 3479
f 1817 3480 3481 1818
f 3482 3076 488 487
f 3483 1642 1647 3484
f 3485 3486 494 493
f 281 3487 3488 282
f 3489 1047 1665 3490
f 3491 3492 3493 3494
f 172 171 3493 3492
f 174 172 3492 3491
f 677 676 3495 3496
f 2414 3497 3498 3499
f 3500 3501 3502 3503
f 2422 2904 3504 1073
f 3505 528 531 3506
f 687 1989 1992 688
f 3507 3508 537 536
f 3509 3510 3511 2987
f 3512 3513 3514 3515
f 3516 3517 3518 2366
f 2442 2935 1718 1102
f 708 707 3519 3520
f 3521 3522 3523 3524
f 3525 570 573 3526
f 3525 3527 3528 570
f 3525 3526 3529 3527
f 3530 564 567 3531
f 3531 567 569 3532
f 3533 574 577 3534
f 219 417 419 220
f 2588 3535 3536 2589
f 381 380 3537 3538
f 2478 3539 3540 1174
f 3539 2404 2407 3540
f 3541 613 616 3542
f 3543 3544 3545 3546
f 3547 3548 3545 3544
f 272 3549 620 273
f 272 276 1021 3549
f 1995 3550 745 587
f 3551 633 636 3552
f 3553 3554 1026 1025
f 3553 1025 749 2141
f 408 407 3149 3555
f 408 3555 3556 409
f 308 3557 655 309
f 308 312 3558 3557
f 3559 3560 233 3561
f 3559 632 3562 3560
f 3563 3564 3565 3566
f 3567 664 667 3568
f 3569 2079 2080 3570
f 3571 3572 3573 3574
f 3575 2790 3576 3577
f 3578 3579 3580 3581
f 3582 2098 2099 3583
f 768 3584 3585 769
f 1960 2108 2110 1961
f 1960 1962 2111 2108
f 1213 1317 3586 3587
f 3588 3589 3590 3591
f 3592 3593 3181 3180
f 453 2726 3594 454
f 1990 2137 2139 1991
f 3595 1600 1603 3596
f 97 96 741 740
f 3597 3598 3599 3600
f 3601 3602 3303 3603
f 3600 3599 3303 3602
f 3597 3600 3602 3601
f 34 33 3604 3605
f 2863 3231 3606 2864
f 3607 3608 3606 3231
f 3096 2864 3606 3608
f 2405 3609 1211 2406
f 3610 3255 3569 3611
f 521 3612 3613 522
f 868 15 18 3614
f 3615 3616 3582 3617
f 3615 3618 3619 3616
f 3620 3621 1251 1250
f 3622 2885 47 3623
f 3624 3625 3496 3626
f 3624 3626 55 3627
f 3628 322 789 3629
f 573 572 3630 3631
f 3038 3632 803 802
f 3633 2543 3634 3635
f 2627 3636 3637 2622
f 180 592 808 181
f 1796 813 816 3638
f 190 189 824 618
f 3639 2568 3148 3147
f 3639 3640 2569 2568
f 200 198 834 833
f 3641 3642 3643 3151
f 3644 3645 3642 3641
f 3646 3647 3648 3426
f 3263 3649 3647 3646
f 654 653 843 3650
f 3651 3652 3653 3654
f 3652 3655 2420 3653
f 245 851 854 246
f 249 3656 3657 250
f 3656 1083 3658 3657
f 3659 3660 3661 2344
f 254 253 727 859
f 263 262 3662 1552
f 265 3663 3662 262
f 3664 1552 3662 3663
f 302 301 878 877
f 964 963 145 144
f 316 315 894 893
f 3665 3666 3667 3668
f 583 2288 898 584
f 706 3669 3670 707
f 2742 3671 3672 3673
f 2753 1339 1342 3674
f 1140 3674 1342 20
f 3297 2311 2314 3675
f 1002 3036 3676 1003
f 2626 3677 3636 2627
f 1464 38 3677 2626
f 1471 1609 3678 40
f 3679 3680 3681 3458
f 2874 3679 3458 2875
f 3682 3683 3681 3680
f 2874 3682 3680 3679
f 2886 3042 3684 48
f 3685 3686 3687 3688
f 2776 3243 3689 3690
f 3494 3493 3691 3057
f 2541 3692 1368 2542
f 3693 3694 3695 3696
f 3693 2340 2341 3694
f 3693 3696 2342 2340
f 3697 3698 3699 3700
f 750 2966 2351 751
f 1546 3701 3702 1547
f 3312 348 3702 3701
f 3703 943 941 2359
f 1521 3651 3654 3704
f 2931 2930 3705 3706
f 3706 3705 3707 3708
f 2930 3709 3707 3705
f 691 2367 2370 692
f 3710 3711 3712 1568
f 3711 2684 1441 3712
f 1082 2390 2393 3713
f 3714 3715 3716 2700
f 1557 328 331 133
f 131 130 3399 3398
f 385 384 3717 3718
f 3719 3720 3721 3439
f 3722 3723 3724 1496
f 3722 340 3725 3723
f 3722 1496 341 340
f 1565 2735 1499 149
f 3726 3727 3728 3729
f 823 3730 3731 818
f 2289 3732 3733 2290
f 3734 1523 1526 3735
f 3736 3737 3685 3738
f 3205 1623 3739 3544
f 1626 3740 3739 1623
f 3547 3544 3739 3740
f 1198 1290 3741 3742
f 472 471 1023 1022
f 482 481 1029 849
f 1225 3743 3558 312
f 1225 1226 3744 3743
f 3745 1668 2233 3572
f 2880 1058 1060 3746
f 3746 1060 1062 3747
f 3748 3749 1064 1063
f 3750 3751 3752 3753
f 1048 1051 3752 3751
f 3754 1048 3751 3750
f 3755 3756 1077 1076
f 3757 1151 3758 3759
f 3757 3760 761 1151
f 3757 3759 3761 3760
f 351 1624 2455 3762
f 529 1084 1087 530
f 3406 3470 3763 2368
f 539 538 1095 1094
f 904 903 2469 1255
f 3764 3383 427 426
f 2928 1717 2266 3335
f 2934 3337 3765 1719
f 2432 3766 1263 2553
f 3767 3768 3720 3719
f 3769 3770 3720 3768
f 3771 3769 3768 3767
f 3772 3773 3774 3775
f 3424 3776 1592 2391
f 555 554 1120 1119
f 571 1132 1134 572
f 565 1126 1129 566
f 566 1129 1131 568
f 40 3777 1105 41
f 40 3678 3778 3777
f 575 1141 1144 576
f 486 485 1268 1108
f 3779 1782 3780 1397
f 3781 3782 3783 3784
f 3781 343 3785 3782
f 2826 1887 3786 3787
f 86 85 3788 345
f 2962 3362 2307 1787
f 507 506 3789 3790
f 622 621 1189 1188
f 1743 459 462 355
f 634 1193 1196 635
f 3791 3792 3793 3794
f 3791 3795 3796 3792
f 3797 1199 1202 1636
f 657 656 1208 1207
f 1281 2531 1232 1231
f 3798 3799 3800 3801
f 1792 497 500 393
f 962 3802 2800 963
f 3803 752 751 3804
f 3804 751 1670 1669
f 3803 3804 1669 3805
f 3806 3807 3808 3809
f 912 2890 3810 913
f 973 3811 3592 974
f 977 3812 3811 973
f 151 150 75 1316
f 3813 3814 3619 3618
f 3813 3815 3816 3814
f 3817 2558 1247 1246
f 3818 3819 11 3820
f 3821 3822 3823 467
f 429 428 1768 3072
f 3086 3824 3825 3826
f 3086 3085 3827 3824
f 1398 1829 642 641
f 971 970 1136 1135
f 3828 3002 3001 3449
f 3829 3830 3831 3832
f 3828 3829 3832 3002
f 1053 1405 155 1049
f 3098 3833 3834 3835
f 3097 3836 3833 3098
f 3198 3835 3834 3837
f 3838 3570 1281 1280
f 1458 1457 3326 3839
f 3840 3583 3841 3842
f 117 772 3843 3844
f 3845 3844 3843 3846
f 498 686 689 499
f 339 338 701 517
f 3847 2638 2641 607
f 3847 3848 2642 2638
f 1134 1133 3849 3850
f 800 798 1332 1331
f 2889 3056 3851 3852
f 805 804 1340 1339
f 1148 1147 3853 3854
f 1512 1511 2654 2653
f 806 1164 1351 807
f 814 1352 1355 815
f 1037 1243 1245 1038
f 3855 1372 3856 3857
f 3858 268 269 1373
f 3855 3858 1373 1372
f 3855 3857 268 3858
f 3152 3859 3860 3486
f 754 3861 3862 755
f 3863 3864 3862 3861
f 759 3863 3861 754
f 3 3865 3866 3867
f 1539 3868 3869 1540
f 841 1217 1402 842
f 2345 3870 3665 3871
f 1228 2345 3871 1229
f 1549 1260 1262 1550
f 3872 3873 3874 3875
f 780 779 1266 1099
f 861 860 1267 1420
f 3169 3876 3877 3508
f 3878 3879 3880 3881
f 637 640 1915 1914
f 3882 637 1914 3388
f 880 879 1450 1449
f 1118 1117 3883 3884
f 810 1433 3885 811
f 3886 1459 660 659
f 3887 1967 1970 1460
f 3886 3887 1460 1459
f 3886 659 1967 3887
f 1152 1151 761 760
f 900 899 1472 1160
f 3888 1493 1495 3889
f 1605 799 800 1501
f 1605 1607 801 799
f 3890 3891 2562 3892
f 3893 3894 3895 3896
f 3892 2562 3895 3894
f 3890 3892 3894 3893
f 3897 1808 1994 1993
f 3459 3898 1524 1523
f 3899 3413 3900 702
f 3242 3568 3901 3902
f 3903 1000 3904 3905
f 3905 3904 3906 3907
f 1238 1237 2812 2811
f 3908 217 3909 3910
f 3911 3912 3913 3914
f 3915 3916 3917 3918
f 3915 2815 2816 3916
f 3918 3917 3710 3919
f 2656 2655 3920 3921
f 3922 3923 3924 3925
f 29 3926 3873 3872
f 733 732 3873 3926
f 28 733 3926 29
f 1290 1289 3092 3741
f 36 3927 3928 37
f 3929 1298 3930 949
f 949 3930 3931 950
f 1298 1297 3931 3930
f 66 65 3932 1261
f 74 73 897 3933
f 1729 1728 3934 3935
f 3936 3766 3839 3937
f 3938 905 908 1263
f 3936 3938 1263 3766
f 3936 3937 905 3938
f 925 1035 3939 3940
f 1761 1760 1447 412
f 581 580 1904 1777
f 3941 3942 3943 3944
f 1008 1007 3945 3946
f 122 1799 501 123
f 3947 3948 3949 3686
f 2857 3950 3949 3948
f 3951 3952 2663 3953
f 3954 3955 3956 3957
f 3951 3953 3955 3954
f 3958 3959 3613 3612
f 3960 2653 2656 3961
f 3958 3960 3961 3959
f 3962 3963 3754 3964
f 3965 3962 3964 3966
f 3965 3967 3963 3962
f 1292 1496 3724 864
f 1292 1294 1497 1496
f 139 138 1951 1820
f 3968 3969 3970 3971
f 3968 3694 3915 3969
f 3971 3970 3918 3695
f 3968 3971 3695 3694
f 3969 3915 3918 3970
f 141 1024 1633 142
f 1026 1636 1638 1027
f 1031 1030 1639 1407
f 1837 3972 3764 3973
f 1431 1837 3973 1432
f 1842 3974 1659 1655
f 1842 1843 3510 3974
f 3975 3976 3977 3978
f 3573 2236 3979 3799
f 160 159 1678 1059
f 1059 1678 51 1061
f 162 1065 1689 163
f 1079 1078 1704 1703
f 3980 1699 1702 3981
f 3980 3982 3983 1699
f 3980 3981 976 3982
f 1085 1707 1710 1086
f 3984 1535 1537 3985
f 182 181 2740 2260
f 1495 1494 3986 3987
f 188 2269 2751 189
f 2229 2228 1726 3988
f 3988 1726 1729 3989
f 2229 3988 3989 783
f 194 193 1736 3990
f 3991 3515 2525 882
f 3992 1737 1740 3993
f 203 3994 3995 204
f 209 208 1751 1133
f 1516 1515 2996 3996
f 1142 1769 1772 1143
f 215 3997 407 216
f 3998 3999 4000 2300
f 2300 4000 4001 3310
f 3999 4002 4001 4000
f 1154 1158 1774 1773
f 712 711 4003 4004
f 4005 1005 1008 4006
f 4005 4007 1009 1005
f 247 246 4008 2308
f 251 250 4009 4010
f 4011 4012 4013 4014
f 4015 4016 4017 4018
f 1191 1190 1801 1800
f 275 918 1019 276
f 413 1448 173 3382
f 1200 1822 1825 1201
f 294 293 3040 1903
f 300 4019 4020 301
f 732 4021 3261 3873
f 1221 1220 4022 4023
f 3463 2335 2333 4024
f 327 326 690 932
f 1234 1233 1845 1844
f 2882 2884 3046 3045
f 4025 2237 2240 4026
f 4027 4028 4029 4030
f 4027 4030 4031 4032
f 1491 4033 4034 992
f 1491 1492 2720 4033
f 4035 4036 4037 4038
f 4039 4035 4038 1278
f 4039 4040 4036 4035
f 4041 4042 4043 1113
f 1114 1113 4043 4044
f 4045 1054 1057 4046
f 4047 2091 2090 4048
f 4047 527 4049 2091
f 347 346 3064 1950
f 4050 4051 4052 4053
f 4054 1848 1851 4055
f 3731 2365 2363 3795
f 1150 4056 3758 1151
f 1249 1248 1859 1858
f 3308 1098 1100 4057
f 367 366 4058 4059
f 4060 4061 3083 4062
f 4062 3083 3086 4063
f 4064 4065 4066 12
f 377 3528 2781 372
f 468 4067 4068 4069
f 395 394 303 1536
f 4070 4071 4072 4073
f 4074 4075 4076 4077
f 4070 4074 4077 4071
f 4070 4073 4075 4074
f 4078 3935 4079 4080
f 785 4078 4080 490
f 3514 3596 4081 2526
f 4082 4083 4084 4085
f 4082 3364 251 4083
f 4083 251 4010 4084
f 2040 2164 767 668
f 856 2065 3625 857
f 1282 1231 1234 1912
f 4086 2415 4087 3876
f 3372 4088 1240 1239
f 1702 1701 1941 4089
f 1314 1313 1964 1712
f 4090 2364 2365 3731
f 4091 4090 3731 3730
f 4091 4092 2364 4090
f 2093 2092 3147 3146
f 1390 1628 1836 1835
f 1055 1254 1256 1056
f 4093 4094 1976 1975
f 4095 4093 1975 1977
f 4095 4096 4094 4093
f 456 1328 1979 457
f 1751 1750 4097 4098
f 1334 1333 1986 1985
f 1353 2014 2017 1354
f 480 4099 4100 481
f 1375 1374 2027 2026
f 494 4101 2030 495
f 1284 4102 4103 1285
f 4104 4105 4103 4102
f 4106 4107 4108 4109
f 4106 176 4110 4107
f 4109 4108 3878 177
f 4106 4109 177 176
f 1601 1272 1275 1602
f 519 518 3178 2148
f 1400 1834 2038 1401
f 4111 4112 4113 4114
f 4115 4116 823 821
f 4111 4115 821 4112
f 4111 4114 4116 4115
f 531 530 4117 4118
f 537 4119 4120 538
f 3436 4121 4122 4123
f 1338 1337 4124 2047
f 4024 2333 4125 4126
f 551 550 1315 1212
f 562 1230 4127 563
f 577 576 4128 4129
f 1474 1473 4130 4131
f 4131 4130 483 4132
f 3845 3846 4133 4134
f 1383 1382 2179 2076
f 4135 4136 4137 4138
f 596 595 2101 1494
f 1242 1241 4139 3994
f 975 974 4140 4141
f 1502 1331 1334 2106
f 1504 2113 2116 1505
f 1504 1508 2117 2113
f 4142 4143 2086 2085
f 4142 4144 1277 4143
f 4142 2085 4145 4144
f 4146 4147 4148 4149
f 4150 4151 4148 4147
f 4152 4150 4147 4146
f 642 1831 3272 638
f 1526 1525 2124 2123
f 646 645 835 834
f 646 834 4153 648
f 4154 4155 4156 4007
f 667 666 4157 4158
f 666 669 944 4157
f 4159 1372 1375 2131
f 4159 4160 3856 1372
f 2189 4161 548 2190
f 4162 2144 2147 4163
f 1871 1870 605 4164
f 693 692 4165 867
f 1951 1950 72 71
f 1273 1445 1139 1274
f 704 703 3298 3177
f 3752 1462 966 965
f 1051 1050 1462 3752
f 1882 4166 4167 1883
f 4168 4169 4170 4171
f 4171 4170 4172 4173
f 4169 4174 4172 4170
f 4175 1485 1487 4176
f 3212 3718 2540 3213
f 2005 4177 2176 2006
f 1300 1501 1502 1301
f 2165 2168 4152 4178
f 2021 2165 4178 403
f 4179 4180 4181 4182
f 4182 4181 678 484
f 2033 1348 4183 2034
f 4184 4185 4186 4187
f 1202 1201 2201 1637
f 1184 1183 2343 4188
f 1206 1205 1555 1369
f 1190 1282 1912 1801
f 1652 1651 4189 2060
f 1654 4190 4189 1651
f 4191 2060 4189 4190
f 764 2339 4192 765
f 1582 1581 4193 4194
f 4194 4193 4195 4196
f 1582 4194 4196 1583
f 3800 4197 2238 2237
f 4198 4030 4199 4200
f 4198 4201 4031 4030
f 4198 4200 2992 4201
f 776 775 2242 1677
f 1677 2242 697 52
f 4202 1563 1566 549
f 1982 2131 2132 1983
f 792 1690 2248 793
f 1706 1705 2252 2251
f 2378 2377 4113 4112
f 2084 2083 4203 4204
f 2084 4204 3784 2087
f 2017 2016 2145 2144
f 808 807 4205 2741
f 4206 4207 4208 4209
f 2101 2100 4210 4211
f 824 2754 4212 825
f 828 825 4212 1446
f 4213 2270 2273 1723
f 1723 2273 2275 1724
f 2686 2685 4214 1727
f 1727 4214 4171 1728
f 2685 4168 4171 4214
f 832 831 2279 1735
f 1738 2280 2283 1739
f 3823 4215 4216 4067
f 4217 112 4216 4215
f 1749 2284 2287 1750
f 1770 2291 2294 1771
f 4218 4219 4220 4221
f 4222 2508 1203 4223
f 2122 2121 4224 3089
f 843 842 3240 2775
f 1776 4225 1481 1480
f 1776 1775 4226 4225
f 4225 4226 4227 1481
f 1662 4228 4229 1663
f 4230 4231 4232 4233
f 4230 4234 4235 4231
f 854 853 2315 4236
f 4237 4238 4239 4240
f 4241 4242 4243 4244
f 2757 2661 2663 3952
f 956 4107 4110 4245
f 878 4246 4247 879
f 884 883 3407 4248
f 892 891 1649 1528
f 4249 4250 4251 4252
f 1847 1846 368 2346
f 4253 2688 2691 4254
f 2789 4254 2691 2692
f 4255 4256 4257 2830
f 4255 4258 4259 4256
f 4255 2830 2829 4258
f 1849 2352 2355 1850
f 909 3329 2699 910
f 914 913 4260 1556
f 1861 1860 396 2379
f 4261 4262 4263 4264
f 921 920 2732 1564
f 4265 4266 2382 2381
f 4103 2385 2382 4266
f 1285 4103 4266 4265
f 1806 1805 4267 2372
f 1297 1947 4268 3931
f 3931 4268 1723 1722
f 1947 4213 1723 4268
f 4269 4270 4271 4272
f 2182 2181 4271 4270
f 4273 4274 4275 3250
f 4276 2394 1158 1157
f 4276 4277 2396 2394
f 4276 1157 4278 4277
f 2151 4279 889 2152
f 939 938 1778 1586
f 947 946 1287 1197
f 4280 4281 4282 4283
f 4284 4285 4282 4281
f 4286 4284 4281 4280
f 2507 4287 911 1204
f 960 959 1821 1615
f 1913 1844 1847 2418
f 3877 4288 4289 4119
f 985 3964 4290 715
f 3473 1632 4048 3031
f 1939 2258 2426 1940
f 1966 1965 2437 2264
f 1004 1003 4291 1648
f 4292 4293 4294 2843
f 4292 2843 2336 2334
f 1673 1676 1867 1866
f 1476 1673 1866 1477
f 1016 1980 2453 1017
f 2548 2652 2856 2855
f 2287 2286 2458 4295
f 2562 2561 1396 3895
f 4125 2980 969 4296
f 2015 14 2484 2016
f 2314 2313 2575 4297
f 1029 4298 4299 1030
f 4300 2867 2376 2375
f 1039 1038 1889 1742
f 1045 2031 2500 1046
f 4301 4302 2386 2385
f 4303 4304 4305 4306
f 1057 1056 2389 4307
f 4308 4309 4310 4002
f 4002 4310 4311 4312
f 4309 948 4311 4310
f 1077 4313 4314 1078
f 2338 4315 280 2339
f 1551 1550 4316 1791
f 1087 1086 4317 4318
f 4319 3116 2599 4320
f 1095 2900 2523 1096
f 1100 1099 2887 4321
f 4322 4323 1392 838
f 4324 2923 2926 4325
f 4326 4327 1409 845
f 1144 1143 4328 4329
f 4330 4331 1036 4332
f 3787 4333 4334 4051
f 3787 3786 4335 4333
f 4333 4335 4336 4334
f 1176 1175 2546 2100
f 2114 4337 4338 2115
f 2114 2118 4339 4337
f 4337 4339 1538 4338
f 1606 4340 4341 1607
f 4342 4343 4344 4345
f 4346 4347 4344 4343
f 2647 4348 1548 2648
f 2126 2125 4349 4350
f 772 2126 4350 3843
f 3843 4350 4349 4351
f 3055 2018 2020 2982
f 2409 3305 4352 2410
f 1214 1213 3587 2651
f 1875 4353 4354 4355
f 1875 1874 4356 4353
f 2348 4357 3014 2349
f 1236 1399 4358 1237
f 1240 4359 4360 1241
f 4077 4076 4361 4362
f 2145 2585 2583 2146
f 1245 1244 4363 1888
f 4364 3030 3032 4365
f 1256 1255 3033 2388
f 1262 1261 4366 4367
f 4368 4369 4326 4370
f 4371 4372 4373 4207
f 1936 1938 4373 4372
f 4374 1936 4372 4371
f 1266 1265 3053 2888
f 2178 2177 2628 2481
f 4375 3079 2102 2105
f 4283 4282 2530 2529
f 1275 1274 4376 4377
f 2786 4378 4379 4380
f 1759 2786 4380 1760
f 4381 3153 3485 4228
f 3128 4382 2127 3253
f 4383 4384 4385 4386
f 4386 4385 4387 4388
f 4389 4390 2658 2657
f 4391 4392 4393 4394
f 4395 4396 4393 4392
f 4397 4394 4393 4396
f 4122 4176 4398 4399
f 1825 1824 4400 2200
f 1824 1828 2154 4400
f 1802 1913 2418 2319
f 1306 1305 2149 2019
f 4401 4402 4403 4404
f 1317 1316 4405 3586
f 4406 4407 4408 4409
f 4410 4406 4409 4411
f 2522 2521 4408 4407
f 4412 4413 4414 4415
f 3843 4351 4416 4417
f 3846 3843 4417 4133
f 4133 4417 4416 4418
f 2240 2239 2689 2688
f 4419 200 833 2095
f 1321 1320 2696 2241
f 2241 2696 2698 698
f 887 809 812 1322
f 4420 2703 2706 4421
f 4421 2706 4422 4423
f 4420 4421 4423 3275
f 2244 2243 2570 2460
f 4424 2112 4425 4426
f 4424 4427 4428 2112
f 4424 4426 4429 4427
f 2484 2483 2586 2585
f 1351 1350 4430 4431
f 4432 3130 3131 4433
f 2184 2183 4434 4435
f 2546 2545 4436 4437
f 2545 2548 2855 4436
f 3173 2071 4438 717
f 4439 4440 3660 3659
f 1371 1370 1807 2847
f 1367 1366 2756 2278
f 1378 4441 4375 4442
f 4443 4325 4375 4441
f 1377 4443 4441 1378
f 2281 2759 2762 2282
f 4444 4445 2466 4446
f 4444 2750 4447 4445
f 2502 2595 2598 2503
f 4448 4449 4450 4451
f 1402 1401 3567 3241
f 2219 4452 4453 2220
f 3870 4454 3666 3665
f 1404 5 1 1405
f 1416 1415 8 7
f 1415 1419 4383 8
f 4455 4456 4457 4458
f 4459 4460 4461 4462
f 4459 425 4463 4460
f 4460 4463 2870 4461
f 1444 1443 1335 4464
f 982 4465 4466 4467
f 4149 4468 4395 4469
f 1450 4470 4471 1451
f 1454 1451 4471 2120
f 650 2192 1293 4472
f 650 649 2194 2192
f 1456 2130 4473 1457
f 154 35 38 1464
f 1467 1471 40 39
f 995 4474 1794 1178
f 2347 370 922 2817
f 1487 1486 64 63
f 3955 4030 4029 3956
f 3955 4475 4199 4030
f 4195 3983 388 387
f 4476 4053 68 67
f 2380 398 935 2837
f 1926 2160 4203 2083
f 198 4477 4153 834
f 198 197 3561 4477
f 2574 2573 4478 4479
f 1530 1529 4478 2573
f 4480 3227 2860 2859
f 2395 4481 1775 1774
f 2395 2397 4482 4481
f 4481 4482 4483 1775
f 1537 1536 4484 4485
f 2652 2651 4486 2856
f 4174 4487 4488 4172
f 4172 4488 2296 2295
f 4487 2299 2296 4488
f 3284 4489 3262 2173
f 2345 4490 4454 3870
f 2344 3661 4490 2345
f 1558 1557 133 132
f 2596 4491 3271 2597
f 3310 4001 3478 3311
f 4002 4312 3478 4001
f 424 4252 4492 4493
f 4493 4492 4494 2871
f 2419 2346 2347 2898
f 4120 161 164 2900
f 1728 4171 4495 4496
f 4496 4495 4497 4498
f 1728 4496 4498 3934
f 4171 4173 4497 4495
f 2424 2718 2914 2425
f 1595 1594 3141 3041
f 2737 4499 2916 2606
f 3542 616 2916 4499
f 2739 3542 4499 2737
f 1597 2633 2795 1598
f 2439 2438 2927 2745
f 1764 3058 475 474
f 4325 2926 3079 4375
f 1627 4500 4501 4502
f 4502 4501 4503 4504
f 1627 4502 4504 1628
f 2456 2771 2945 2457
f 3084 1072 1075 3085
f 1638 1637 245 244
f 4505 4506 249 248
f 4505 2903 4507 4506
f 4508 1020 2951 2950
f 4508 2950 4509 4510
f 1639 4511 4512 1640
f 2274 2277 4512 4511
f 3972 3384 3383 3764
f 1658 1657 284 283
f 1666 2501 2997 1667
f 4513 4514 3008 3007
f 4515 3011 3008 4514
f 4516 4517 4518 4519
f 4517 4520 3104 4518
f 2431 4521 3766 2432
f 1672 3103 2072 1674
f 2510 555 1119 2714
f 4522 1123 323 318
f 1688 1687 325 324
f 2730 2729 4523 4524
f 2731 4525 4523 2729
f 1704 4526 4527 1705
f 4528 2377 4529 4530
f 4528 4114 4113 2377
f 4528 4530 4531 4114
f 1710 1709 3029 4532
f 2822 2821 4533 4534
f 4535 4204 3725 340
f 4535 3781 3784 4204
f 4535 340 343 3781
f 2550 2824 4536 4537
f 2824 2826 3787 4536
f 1715 2524 3037 1716
f 4538 4539 4540 1393
f 4541 4542 4540 4539
f 4543 2594 2593 1149
f 4543 4426 4425 2594
f 4543 1149 1152 4426
f 4544 3411 4143 4545
f 1744 1743 355 354
f 4546 4547 2049 1410
f 1772 1771 4548 4549
f 1793 1792 393 392
f 2797 4550 1685 2798
f 4551 4552 3807 3806
f 1813 4446 2466 1814
f 2566 2470 1630 4553
f 1821 1820 3355 2804
f 1837 416 3384 3972
f 1836 415 416 1837
f 4554 4555 4556 4557
f 4557 4556 4558 4559
f 4555 4464 4558 4556
f 2578 2577 313 3099
f 2586 3107 3110 2584
f 2535 2534 4560 3093
f 1865 1864 919 4561
f 2551 2550 4537 3105
f 1869 2074 4562 1870
f 554 274 4563 1120
f 1884 1883 4564 4565
f 4566 4567 4546 4327
f 4208 455 458 3130
f 602 1169 1170 604
f 602 310 4568 1169
f 1169 4568 4569 1170
f 4570 1279 4571 4572
f 4573 4570 4572 2493
f 4573 1276 1279 4570
f 2630 2629 3142 2958
f 4574 4575 4576 4346
f 4577 4578 4576 4575
f 4229 493 496 4452
f 3017 3016 4579 4580
f 4581 4582 3065 2850
f 2660 2659 3155 3154
f 1919 983 984 1324
f 1917 3273 983 1919
f 3472 1632 1631 524
f 3472 4047 4048 1632
f 3472 524 527 4047
f 2602 2601 4583 1686
f 3026 3025 4584 4585
f 1941 1940 529 528
f 3029 3028 1319 1318
f 1959 1958 2489 2488
f 1959 2488 2591 1962
f 2320 2419 2898 2792
f 1964 536 539 1965
f 3488 4586 4587 3589
f 1443 1588 1336 1335
f 4588 4589 4590 4591
f 1974 1973 3090 2937
f 2096 836 4592 4593
f 4594 4595 1897 4596
f 2704 3190 3193 2705
f 2708 2707 3091 3194
f 3057 3691 4597 3058
f 1992 1991 2609 2516
f 2645 1617 1381 1380
f 2978 2977 3108 3107
f 2013 2012 594 593
f 2000 3289 4233 2003
f 4598 4599 203 202
f 4600 3467 3204 3203
f 4601 4602 4603 4604
f 2020 2019 610 609
f 4605 4606 1404 1403
f 4607 4608 1404 4606
f 4609 4607 4606 4605
f 2025 2024 3221 2755
f 2760 3222 3225 2761
f 4610 4611 3228 3227
f 4612 3230 3228 4611
f 2135 4612 4611 4610
f 2038 2037 665 664
f 2037 2040 668 665
f 4613 3489 3490 4614
f 3869 4615 3306 3236
f 3095 3094 4616 3301
f 4617 3267 3270 4618
f 4619 3405 1989 687
f 2749 4620 1510 1509
f 2748 4621 4620 2749
f 4622 4623 2316 1795
f 3123 3122 4624 4625
f 2170 4626 4627 2616
f 3068 3067 4627 4626
f 2851 3068 4626 2170
f 4628 2616 4627 3067
f 4133 4418 3279 3278
f 2576 2578 3279 4418
f 2773 354 357 4629
f 2111 2594 4425 2112
f 1892 1894 2063 2062
f 2128 1892 2062 2129
f 2862 2861 4630 4631
f 2864 3098 4630 2861
f 4632 4631 4630 3098
f 2134 4633 4612 2135
f 4634 4635 4612 4633
f 3354 4636 4637 4638
f 2608 2607 2768 2767
f 2806 4639 4640 2807
f 3110 3109 4640 4639
f 2149 2148 3563 3113
f 2153 2152 2783 2312
f 4641 2787 2790 3575
f 4642 987 1589 1438
f 4642 4643 988 987
f 4644 4645 4646 4465
f 4647 3111 4646 4645
f 2164 2163 768 767
f 186 185 1033 923
f 923 1033 1035 925
f 4648 4561 4649 4650
f 4651 3318 1942 1295
f 2523 791 794 2524
f 2912 3330 3331 2913
f 615 1180 3333 2915
f 2176 4652 4653 2177
f 628 4654 4655 625
f 625 4655 4656 2930
f 4654 4657 4656 4655
f 3483 4658 1645 1642
f 3421 3420 1645 4658
f 3422 3421 4658 3483
f 3423 1642 1645 3420
f 4659 2843 4294 4660
f 4659 2702 2844 2843
f 2943 3234 3345 2944
f 4661 4662 2865 2733
f 2873 2872 2161 2039
f 2567 3446 4663 2564
f 2974 2973 79 3376
f 2201 2200 852 851
f 3264 4664 1385 3265
f 2212 4665 4666 4667
f 4667 4666 1308 1307
f 2212 4667 1307 2213
f 2217 2216 2604 4668
f 4669 2758 2868 2867
f 2234 2998 3391 2235
f 3272 3370 4670 3273
f 2232 862 865 2230
f 3454 4671 4672 2832
f 3454 885 888 4671
f 3021 1122 1745 3395
f 2252 4673 4674 2253
f 2255 2253 4674 2788
f 2262 2261 3402 3028
f 2267 3038 802 2268
f 2949 2948 4675 4676
f 2283 2282 4677 4678
f 3288 4679 4135 3289
f 4680 4681 4682 2050
f 2294 2293 3415 4683
f 4684 4685 3218 4686
f 4684 1812 1815 4685
f 4687 4688 4689 4690
f 4628 3067 4691 4692
f 3262 327 932 931
f 2302 3646 3426 2303
f 2306 3263 3646 2302
f 4693 3429 3432 4694
f 4695 2836 4501 4500
f 3480 4045 4046 3481
f 3484 1647 4696 4697
f 3709 4698 4699 4700
f 4701 4702 4699 4698
f 4703 4704 1848 4054
f 4705 4706 4510 4707
f 4705 658 661 4706
f 4705 4707 662 658
f 2649 2648 4708 4709
f 2336 2845 2981 2331
f 3040 3039 4710 3435
f 3309 3308 4057 2506
f 2342 952 284 1657
f 2350 2349 958 957
f 4522 318 4711 2245
f 3112 88 4711 318
f 87 2245 4711 88
f 2366 3518 3358 2361
f 2376 2869 4529 2377
f 4712 4204 4203 2160
f 4712 3723 3725 4204
f 1121 4713 3455 1746
f 2393 2392 3042 2886
f 4714 4715 4680 4547
f 3340 4716 4717 3339
f 3131 1015 1018 3467
f 1172 1171 4718 2399
f 2407 2406 2650 2547
f 3138 3137 3476 3475
f 3144 3143 3477 241
f 3371 4126 4088 3372
f 3560 4719 234 233
f 3560 3562 4720 4719
f 4721 4722 3978 4723
f 4721 4724 4725 4722
f 4721 4723 4726 4724
f 4727 3483 3484 4728
f 4285 4727 4728 4282
f 2051 4729 4703 4552
f 4453 1044 1047 3489
f 4533 4565 1055 1054
f 2413 4730 3497 2414
f 2417 4731 4730 2413
f 3157 3156 3501 3500
f 4732 4095 1977 4733
f 4732 4734 4096 4095
f 2423 2422 1073 1072
f 3333 3332 3430 3429
f 2426 2425 1085 1084
f 3402 3401 4735 4736
f 4737 3049 4738 1092
f 4739 1093 2009 2008
f 4737 4739 2008 3049
f 4737 1092 1093 4739
f 2793 2899 4740 4741
f 4741 4740 3114 4742
f 2437 1094 1097 2438
f 2443 2442 1102 1101
f 2443 1101 3117 4743
f 4744 4745 4746 4747
f 4748 4749 4746 4745
f 4750 3521 3524 4751
f 1676 1675 1868 1867
f 4752 1138 4753 3645
f 3191 3533 3534 3192
f 3196 3195 417 219
f 2458 2457 1142 1141
f 3415 3414 2023 2022
f 3357 511 510 3081
f 3357 3359 4754 511
f 4365 3032 4755 4756
f 2469 2468 3125 3034
f 2479 2478 1174 1173
f 3206 3205 3544 3543
f 4757 4758 4759 4760
f 4761 4762 4763 4764
f 4761 3793 2416 4762
f 1857 4765 4675 2948
f 4766 4767 3891 3890
f 4768 4766 3890 4440
f 2500 4769 4770 2501
f 3159 4771 4772 3160
f 2504 2503 4773 3054
f 2508 2507 1204 1203
f 4774 4636 2640 2639
f 4774 4775 4637 4636
f 4774 2639 4472 4775
f 3609 551 1212 1211
f 3255 1461 2079 3569
f 4776 3745 3572 3571
f 61 4668 4777 4778
f 3268 3578 3581 3269
f 3616 4779 2098 3582
f 3616 3619 4780 4779
f 3453 4781 886 885
f 4782 4783 4734 4732
f 4784 4782 4732 4785
f 4784 4786 4783 4782
f 4787 4697 1070 4788
f 2530 4787 4788 1934
f 4789 4790 4791 2317
f 4692 4691 4792 2617
f 110 4793 3776 3424
f 2537 3280 4794 2538
f 3099 3100 4794 3280
f 4795 2538 4794 3100
f 2543 2542 2846 3634
f 3238 3237 2505 3434
f 2560 3119 3779 2561
f 4796 4797 3210 3209
f 4798 3607 3231 3230
f 4799 3129 3252 4800
f 2582 2581 3239 3124
f 4801 3254 3255 3610
f 4801 4706 661 3254
f 4802 3803 3805 4803
f 3668 3667 2922 3727
f 2598 2597 1304 1303
f 2604 2603 4804 4805
f 3319 3628 3629 1943
f 3322 4392 4806 362
f 4391 4807 4806 4392
f 3526 573 3631 4808
f 3526 4808 3274 3529
f 3037 3324 3632 3038
f 230 3575 3577 4809
f 1179 1796 3638 3332
f 2628 4810 4811 2629
f 4812 4813 4814 4815
f 623 626 4814 4813
f 3052 3051 3282 3175
f 2635 4816 3183 1376
f 2635 1376 1379 2636
f 305 444 4817 4818
f 3304 4819 4820 3305
f 3343 654 3650 3344
f 2658 2218 2221 2659
f 4821 1403 1053 1052
f 2358 4822 2940 2450
f 165 168 2940 4822
f 4823 4364 4587 4586
f 4823 4824 3030 4364
f 2684 2683 1442 1441
f 3587 3586 4825 4826
f 4827 1455 1458 4521
f 4192 279 4828 1853
f 4829 4830 2967 2473
f 2700 3716 2631 2701
f 2706 2705 4831 4832
f 2706 4832 4833 4422
f 4834 3444 2411 4835
f 4834 1092 4738 3444
f 4834 4835 1088 1092
f 3396 1748 2288 583
f 380 34 3605 3537
f 2722 2721 4836 1475
f 2722 1475 1478 2724
f 390 4837 2634 4838
f 2735 2734 2644 1499
f 2743 2742 3673 3401
f 2752 805 1339 2753
f 2917 2919 4695 4839
f 3728 2917 4839 4840
f 409 3556 2661 2757
f 2762 2761 4841 4842
f 3368 4843 4844 3369
f 3738 3685 3688 4845
f 2777 2776 3690 3414
f 2782 3277 1185 1187
f 1170 4569 4718 1171
f 2790 2789 2692 3576
f 3430 3697 3700 3431
f 4846 4847 2352 1849
f 2799 2798 4848 3283
f 1205 914 1556 1555
f 443 3403 4849 4850
f 3614 18 4851 2994
f 3295 3294 4666 4665
f 3919 3710 1568 1567
f 4852 4853 4829 4854
f 2839 939 1586 1585
f 99 4855 1503 100
f 99 3826 3825 4855
f 4855 3825 1507 1503
f 2844 1596 1599 2845
f 1747 3456 3732 2289
f 3782 3828 3449 3783
f 3785 4856 3830 3829
f 3782 3785 3829 3828
f 3460 3459 1523 3734
f 4857 3460 3734 4858
f 4859 3412 3413 3899
f 3441 4860 4843 3368
f 3443 2637 4860 3441
f 2866 960 1615 1614
f 4861 3736 3738 4681
f 3204 1620 1623 3205
f 4862 4863 2417 2416
f 3792 4862 2416 3793
f 3792 3796 4863 4862
f 4864 3549 1021 4865
f 4864 4801 3610 3549
f 4864 4865 4706 4801
f 4866 4867 4846 4704
f 4868 4869 3683 3682
f 2877 4868 3682 2874
f 3490 1665 1668 3745
f 744 4870 4871 434
f 2881 2880 3746 4872
f 4872 3746 3747 4873
f 2881 4872 4873 2884
f 563 4127 4874 4875
f 2890 2889 3852 3810
f 4876 4877 1298 3929
f 4651 1295 1298 4877
f 3499 3498 3749 3748
f 3503 3502 3756 3755
f 3258 1695 1691 4582
f 2909 4878 4879 2910
f 2622 3637 4878 2909
f 4880 1703 1706 4881
f 3638 816 3698 3697
f 2914 2913 1708 1707
f 3673 3672 4882 4883
f 2927 1714 1717 2928
f 2935 2934 1719 1718
f 3522 3772 3775 3523
f 4884 1039 1742 1741
f 3072 1768 1762 4595
f 2945 2944 1770 1769
f 3690 3689 4885 4886
f 4887 4888 3462 3461
f 3085 1075 1074 3827
f 2963 2962 1787 1786
f 3546 3545 4889 4890
f 3548 4891 4889 3545
f 1725 4890 4889 4891
f 4892 507 3790 4893
f 4894 1698 2892 2891
f 676 4894 2891 3495
f 4895 2758 2757 4896
f 4895 4897 2868 2758
f 4896 2757 3952 3951
f 4895 4896 3951 4897
f 680 4319 4320 4898
f 1894 1809 1811 2063
f 3554 3797 1636 1026
f 2996 2995 1817 1816
f 2997 4899 4900 2998
f 3832 3831 1629 3474
f 3002 3832 3474 3004
f 3704 3654 4901 4902
f 4903 4904 4905 533
f 4906 4722 542 541
f 4906 3975 3978 4722
f 3570 2080 2531 1281
f 3574 3573 3799 3798
f 4907 1835 1431 1430
f 4908 4038 3487 281
f 3031 4048 2090 2089
f 3579 3806 3809 3580
f 3583 2099 4909 3841
f 3036 3035 2936 3676
f 133 331 4910 134
f 1961 3817 3172 1963
f 1961 2110 2558 3817
f 4911 4912 2560 2559
f 4913 4911 2559 4914
f 4915 4743 2560 4912
f 4913 4915 4912 4911
f 3048 3444 4738 3049
f 4916 4917 3264 631
f 4918 4916 631 630
f 4919 4920 3264 4917
f 4918 4919 4917 4916
f 4921 3818 3820 4922
f 3056 3055 2982 3851
f 4923 3512 3515 3991
f 4924 4925 3822 4749
f 4926 381 3538 4927
f 3352 3466 4636 3354
f 3464 3463 4024 4928
f 2401 2400 1210 3103
f 4929 4930 2883 2882
f 4929 2882 3045 4931
f 4932 4933 2356 4934
f 3611 3569 3570 3838
f 3386 1918 1920 2613
f 3388 1914 1918 3386
f 811 3885 4935 4797
f 3617 3582 3583 3840
f 818 3791 3794 819
f 818 3731 3795 3791
f 278 4936 4828 279
f 278 282 3588 4936
f 4725 4785 739 738
f 96 4937 4938 741
f 744 741 4938 4870
f 3127 4939 4382 3128
f 572 1134 3850 3630
f 3142 4940 4941 3143
f 4773 1303 1306 2018
f 3513 3595 3596 3514
f 355 462 4942 356
f 3910 3909 4943 3976
f 3151 3643 3859 3152
f 3155 4944 4945 3156
f 3623 47 50 3868
f 3168 4086 3876 3169
f 3166 4763 4086 3168
f 4946 4947 3341 2939
f 166 4946 2939 167
f 170 3875 4948 171
f 177 3878 3881 4949
f 65 3176 3404 3932
f 4638 4637 863 862
f 4950 1138 1137 4951
f 4950 4952 4753 1138
f 4950 4951 3139 4952
f 3178 3177 3620 3564
f 4953 4324 4325 4443
f 3182 4953 4443 1377
f 4954 2744 2746 4955
f 4956 4954 4955 4957
f 4958 4959 3365 2968
f 3193 3192 4960 4961
f 4962 2093 3146 3997
f 85 3198 3837 3788
f 3671 3888 3889 3672
f 3208 4963 4939 3127
f 4964 4965 4939 4963
f 3210 4964 4963 3208
f 3214 3213 3633 3584
f 107 4966 2491 3215
f 4967 4676 4675 4765
f 4967 3591 1344 4676
f 3654 3653 4968 4901
f 3653 2420 2423 4968
f 3225 3224 4969 4970
f 3224 124 127 4969
f 3458 3681 3898 3459
f 3686 3949 4971 3687
f 3950 4972 4971 3949
f 3243 3242 3902 3689
f 4973 3905 3907 4974
f 3253 2127 2130 1456
f 3694 2341 2815 3915
f 3809 3808 4975 4976
f 2910 4879 3649 3263
f 3698 3922 3925 3699
f 3814 4977 4780 3619
f 3814 3816 4978 4977
f 461 673 4979 4980
f 4981 4982 4983 4984
f 4409 4408 4983 4982
f 4411 4409 4982 4981
f 2521 4984 4983 4408
f 4985 4059 3211 2162
f 1003 3676 4986 4291
f 165 4822 4946 166
f 26 25 4946 4822
f 499 689 4987 4988
f 54 53 4958 4830
f 3989 1729 3935 4078
f 783 3989 4078 785
f 3285 3284 2173 2172
f 3298 3297 3675 3621
f 2290 3733 3942 3941
f 3735 1526 2123 113
f 116 113 2123 771
f 3737 3947 3686 3685
f 4989 4990 3945 1007
f 4991 1221 4023 4992
f 4989 4991 4992 4990
f 4989 1007 1221 4991
f 125 3301 2189 126
f 620 3611 3838 621
f 4993 3313 4994 4995
f 4995 4994 3701 1546
f 3313 3312 3701 4994
f 4996 4997 4998 4847
f 4999 4934 4998 4997
f 4032 4031 3516 4092
f 3572 2233 2236 3573
f 5000 2231 1930 1928
f 655 3617 3840 656
f 3323 3322 5001 5002
f 5002 5001 359 358
f 3322 362 359 5001
f 5003 2251 2254 5004
f 671 5004 2254 672
f 3328 5005 3714 3329
f 815 1355 3923 3922
f 3331 182 2260 2259
f 5006 1013 5007 5008
f 5006 375 376 1013
f 5006 5008 377 375
f 3889 1495 3987 5009
f 3335 2266 2269 188
f 3337 194 3990 3765
f 4058 385 3718 3212
f 2687 4812 5010 2685
f 2685 5010 4169 4168
f 4812 4815 4169 5010
f 3773 3992 3993 3774
f 4748 5011 5012 4749
f 5013 5014 5012 5011
f 4924 4749 5012 5014
f 3777 5015 5016 1105
f 3777 3778 5017 5015
f 5015 5017 5018 5016
f 3345 3344 2292 2291
f 5019 5020 5021 1041
f 205 204 5020 5019
f 490 4080 5022 491
f 3902 3901 5023 5024
f 3356 74 3933 5025
f 1693 2301 2304 1694
f 3360 2305 2301 1693
f 3362 247 2308 2307
f 5026 5027 4011 5028
f 5028 4011 4014 5029
f 5026 5028 5029 5030
f 506 4015 4018 3789
f 1697 5031 3321 3320
f 3391 5032 4019 300
f 534 5033 5034 5035
f 4224 5035 5034 5036
f 5037 5038 3541 5039
f 3927 5037 5039 3928
f 3801 3800 2237 4025
f 746 4778 2348 747
f 5040 341 1498 4259
f 5040 5041 342 341
f 5040 4259 5042 5041
f 5043 1116 4022 1220
f 5043 5044 1117 1116
f 5043 1220 2430 5044
f 3807 4054 4055 3808
f 4933 2075 2078 2356
f 1547 3702 3762 5045
f 348 351 3762 3702
f 3407 3406 2368 2367
f 4726 2375 2378 4786
f 3413 1819 3374 3900
f 3907 3906 2672 2207
f 5046 2381 2384 4937
f 3819 4064 12 11
f 1947 1946 2270 4213
f 467 3823 4067 468
f 5047 968 3770 3769
f 5048 5047 3769 3771
f 762 5049 5050 4966
f 1574 5051 5013 5052
f 3425 3424 2391 2390
f 3925 3924 5053 5054
f 383 3434 4222 384
f 5055 59 62 3550
f 3437 5056 2305 3360
f 3439 3721 5056 3437
f 3824 4082 4085 3825
f 3824 3827 3364 4082
f 5057 2412 2415 4086
f 4762 5057 4086 4763
f 4762 2416 2412 5057
f 3981 1702 4089 5058
f 3981 5058 977 976
f 4124 108 111 5059
f 717 4438 5060 718
f 730 5061 4021 732
f 3994 4139 3644 3995
f 1133 1751 4098 3849
f 4144 4039 1278 1277
f 4144 4145 4040 4039
f 3997 3146 3149 407
f 3470 3469 5062 3763
f 902 4809 2467 903
f 3477 5063 4099 480
f 1818 3481 2151 2150
f 3486 3860 4101 494
f 3487 5064 4586 3488
f 755 3862 4102 1284
f 3864 4104 4102 3862
f 932 690 693 933
f 3501 5065 5066 3502
f 3506 531 4118 5067
f 3506 5067 4930 5068
f 1492 5069 2721 2720
f 3508 3877 4119 537
f 5070 5071 211 210
f 3515 3514 2526 2525
f 3524 3523 5072 5073
f 4166 228 231 4167
f 5074 5075 5076 5077
f 545 5074 5077 546
f 5078 5079 237 236
f 3534 577 4129 5080
f 731 5081 5061 730
f 4004 731 730 1363
f 4004 4003 5081 731
f 3715 3627 5082 3716
f 1534 1533 5083 5084
f 5085 5086 3244 3248
f 5084 5083 3244 5086
f 3538 3537 5087 109
f 5088 4888 5089 5090
f 5088 5091 3462 4888
f 5090 5089 4293 4292
f 5088 5090 4292 5091
f 5092 3847 607 606
f 5092 4909 3848 3847
f 1536 303 306 4484
f 5093 5094 3267 4617
f 5095 1148 3854 5096
f 587 745 748 588
f 1561 5025 5097 5098
f 3555 3149 3148 2568
f 3555 2568 1998 3556
f 4085 4084 2117 1508
f 3566 3565 3018 5099
f 3568 667 4158 3901
f 1000 999 5100 3904
f 3904 5100 5101 3906
f 999 1900 5101 5100
f 3916 5102 5103 3917
f 3916 2816 5104 5102
f 3917 5103 3711 3710
f 5102 5104 3711 5103
f 4055 1851 5105 5106
f 3577 3576 2580 2579
f 3923 4162 4163 3924
f 769 3585 2588 2587
f 1962 2591 2594 2111
f 685 684 5070 4947
f 4817 4850 2596 2595
f 2726 2725 5107 3594
f 700 699 5078 4959
f 213 212 5084 5108
f 1531 1534 5084 212
f 3596 1603 4330 4081
f 4942 4980 4641 229
f 5109 5110 4177 2005
f 1093 5109 2005 2009
f 1091 1090 4177 5110
f 1093 1091 5110 5109
f 719 718 5060 5111
f 719 5111 5112 5113
f 239 238 5093 5114
f 3944 3943 4180 4179
f 4231 4235 3802 962
f 3605 3604 2647 2646
f 5115 5116 4185 4184
f 4754 5117 5116 5115
f 1698 1697 5118 5119
f 5119 5118 3323 2893
f 1698 5119 2893 2892
f 1697 3320 3323 5118
f 1147 3911 3914 3853
f 4118 4117 157 5120
f 3933 897 5121 5122
f 1189 1280 1282 1190
f 3799 3979 4197 3800
f 1208 3842 2073 1209
f 5123 4159 2131 1982
f 5123 4428 4160 4159
f 766 765 916 915
f 910 2699 2702 4659
f 1230 1229 5124 4127
f 3635 3634 5125 3535
f 5126 5127 5128 5129
f 1354 2017 2144 4162
f 920 4661 2733 2732
f 181 808 2741 2740
f 5130 4371 4207 4206
f 4403 4374 4371 5130
f 1012 1619 206 5131
f 1494 2101 4211 3986
f 189 2751 2754 824
f 1805 1923 5132 4267
f 5133 4669 4943 3909
f 5133 410 2758 4669
f 3642 5134 5135 3643
f 3645 4753 5134 3642
f 3822 5136 4215 3823
f 5137 4217 4215 5136
f 4925 5137 5136 3822
f 5138 5139 2760 2759
f 1024 5140 240 1633
f 5141 98 101 1469
f 5142 5143 5144 5145
f 5142 1356 1359 5143
f 5142 5145 5146 1356
f 5143 1359 1361 5144
f 1734 4218 4221 5147
f 3650 843 2775 2774
f 1042 4381 4228 1662
f 4158 4157 5148 5149
f 4157 944 947 5148
f 246 854 4236 4008
f 250 3657 5150 4009
f 3657 3658 3622 5150
f 4979 2255 2788 2787
f 4012 4237 4240 4013
f 3893 3896 1235 5151
f 3660 3893 5151 3661
f 4016 4241 4244 4017
f 1679 1682 4394 4397
f 4121 4175 4176 4122
f 5152 3369 4844 5153
f 5152 5153 3967 3965
f 301 4020 4246 878
f 440 439 614 613
f 3666 2811 2814 3667
f 1880 1730 5154 5155
f 5155 5154 624 623
f 1730 627 624 5154
f 4026 2240 2688 4253
f 3750 3753 5048 5156
f 4290 3750 5156 5157
f 2919 2833 2836 4695
f 4007 4156 5158 1009
f 4065 4269 4272 4066
f 918 917 2947 1019
f 5159 5160 5161 2271
f 4973 4974 5161 5160
f 4069 4068 5162 5163
f 5164 2134 5162 4068
f 2133 5163 5162 2134
f 3852 3851 5165 5166
f 484 678 681 485
f 4924 5014 5137 4925
f 5167 5168 5137 5014
f 5169 1516 3996 5170
f 4163 2147 5171 5172
f 4662 2350 957 2865
f 2966 2965 3102 2351
f 1922 5099 5173 5174
f 3935 3934 5175 4079
f 523 522 706 705
f 692 2370 5176 4165
f 4312 4311 5177 5178
f 948 951 5177 4311
f 945 2587 2590 946
f 119 5179 970 120
f 119 123 5180 5179
f 3713 2393 2886 2885
f 3876 4087 4288 3877
f 4807 5181 5155 5182
f 1878 1880 5155 5181
f 569 568 4715 4714
f 3718 3717 2541 2540
f 3720 2623 2908 3721
f 5183 4050 4053 4476
f 1433 1432 5184 3885
f 5185 3422 3483 4727
f 5022 5185 4727 4285
f 4336 4062 4063 5186
f 1750 2287 4295 4097
f 4234 4138 4137 5187
f 4234 5187 5188 4235
f 3742 3741 3300 3226
f 481 4100 4298 1029
f 4353 3164 5189 4354
f 4353 4356 3165 3164
f 4357 4261 4264 3014
f 5190 4303 4306 5191
f 5190 5191 5192 5193
f 4105 4301 2385 4103
f 4107 5194 5195 4108
f 4108 5195 3879 3878
f 5196 2993 3517 3516
f 4201 5196 3516 4031
f 4201 2992 2993 5196
f 1514 3614 2994 1515
f 4246 5197 532 4247
f 4362 4361 810 809
f 3756 5198 4313 1077
f 3759 708 3520 3761
f 1244 5199 5200 4363
f 530 1087 4318 4117
f 538 4120 2900 1095
f 1255 2469 3034 3033
f 3775 3774 590 5201
f 5202 5203 617 5204
f 5205 5202 5204 5206
f 4370 4326 845 844
f 576 1144 4329 4128
f 5207 4951 1137 1136
f 5207 3047 3050 4951
f 1108 1268 1271 1109
f 5208 3940 5209 5210
f 3664 3663 5211 5212
f 1265 2504 3054 3053
f 1782 1781 3347 3780
f 3785 2447 5213 4856
f 343 342 2447 3785
f 2138 866 869 5214
f 3790 3789 651 5215
f 4964 3074 5216 4965
f 4935 3069 3074 4964
f 5217 5218 3578 3268
f 1586 1778 378 1587
f 3795 2363 3082 3796
f 4149 4148 4345 4468
f 4151 4342 4345 4148
f 4902 5219 3083 4061
f 4902 4901 4968 5219
f 5219 4968 3084 3083
f 5220 5221 4339 2118
f 5220 4009 5150 5221
f 5221 5150 5222 4339
f 3943 2791 2794 4180
f 393 500 5223 394
f 1212 1315 1317 1213
f 1850 2355 5224 5225
f 3802 5226 2801 2800
f 913 3810 5227 4260
f 3811 5228 3593 3592
f 3812 5229 5228 3811
f 1316 75 78 4405
f 4262 83 86 4263
f 5230 102 105 4160
f 4427 5230 4160 4428
f 4427 4429 102 5230
f 93 256 5231 90
f 1648 4291 5231 256
f 4277 5232 3390 2396
f 4277 4278 4686 5232
f 5233 4368 4370 5079
f 1360 5234 3433 5235
f 840 839 5236 5083
f 1532 840 5083 1533
f 5237 2141 749 5238
f 5237 4802 2142 2141
f 5238 749 752 3803
f 5237 5238 3803 4802
f 847 846 5217 5094
f 3939 1891 5239 5240
f 5021 3150 3153 4381
f 1 4 5241 156
f 1405 1 156 155
f 867 4165 15 868
f 4187 4186 4390 4389
f 4469 4395 4392 3322
f 5031 4469 3322 3321
f 5242 3154 3157 5243
f 4318 4317 773 158
f 1457 4473 3327 3326
f 1970 1969 4340 1606
f 1801 1912 1913 1802
f 287 4245 4110 176
f 1581 4412 4415 4193
f 5244 199 200 4419
f 5244 5245 201 199
f 517 701 704 518
f 3850 3849 3191 3190
f 4329 4328 829 192
f 5246 1346 4756 5247
f 5246 214 1347 1346
f 5246 5247 215 214
f 3854 3853 3197 84
f 2016 2484 2585 2145
f 1511 5248 3351 2654
f 807 1351 4431 4205
f 4209 4208 3130 4432
f 1618 2184 4435 207
f 2100 2546 4437 4210
f 5249 3207 3126 5158
f 5250 5249 5158 4156
f 5250 3209 3207 5249
f 4059 4058 3212 3211
f 3857 3856 104 103
f 3857 103 270 268
f 3859 5251 5252 3860
f 4067 4216 5253 4068
f 112 115 5253 4216
f 5164 4068 5253 115
f 968 967 2625 3770
f 5254 5255 3223 3222
f 5255 3742 3226 3223
f 1634 243 848 2197
f 4219 4448 4451 4220
f 1369 1555 1558 1370
f 842 1402 3241 3240
f 1663 4229 4452 2219
f 2339 280 279 4192
f 1550 1262 4367 4316
f 4238 4455 4458 4239
f 4491 336 339 3271
f 4242 4459 4462 4243
f 1690 5256 5257 2248
f 1697 5118 4469 5031
f 4146 4149 4469 5118
f 1696 4146 5118 1697
f 879 4247 4470 1450
f 996 995 1178 1177
f 4492 364 367 4494
f 1442 1585 1588 1443
f 4616 4650 4202 4161
f 362 4806 5258 363
f 4807 5182 5258 4806
f 4256 4259 1498 1497
f 1607 4341 5259 801
f 1481 4227 5260 1483
f 5261 4598 202 1611
f 5262 5263 5248 1511
f 4620 5262 1511 1510
f 4620 4164 5263 5262
f 5264 4605 1403 4821
f 5265 4609 4605 5264
f 3051 2799 3283 3282
f 1628 4504 415 1836
f 4274 2574 4479 4275
f 5266 4610 3227 4480
f 2136 2135 4610 5266
f 1237 4358 3882 2812
f 5267 4631 5268 3913
f 4632 5269 5268 4631
f 3914 3913 5268 5269
f 5270 5271 5272 2323
f 2146 2583 5272 5271
f 2328 2323 5272 2583
f 3741 3092 3095 3300
f 1261 3932 4619 4366
f 325 884 4248 326
f 337 4859 3899 338
f 4119 4289 161 4120
f 1131 1130 3736 4861
f 3937 3839 3326 3325
f 3937 3325 909 905
f 1760 4380 27 1447
f 2069 2068 782 781
f 2071 2069 781 4438
f 365 5235 382 366
f 5273 2429 5274 4679
f 3423 5275 1643 1642
f 2076 2179 2182 2077
f 1896 474 478 1809
f 1799 5276 502 501
f 3953 2663 2662 5277
f 3953 5277 4475 3955
f 5278 5279 1040 5116
f 1613 5278 5116 5117
f 1613 1612 5279 5278
f 3780 3347 1830 1829
f 2085 2087 5280 4145
f 3963 5281 1048 3754
f 5282 1052 1048 5281
f 3967 5282 5281 3963
f 1820 1951 71 3355
f 5283 4505 248 3363
f 5283 2904 2903 4505
f 5283 3363 3504 2904
f 1027 1638 244 3361
f 1030 4299 4511 1639
f 1843 1658 283 5284
f 1843 5284 3511 3510
f 4304 4516 4519 4305
f 2387 2386 4514 4513
f 4302 4515 4514 2386
f 4464 1335 1338 4558
f 5285 5286 5287 3815
f 5288 5285 3815 3744
f 5288 5289 5286 5285
f 4470 535 5290 4471
f 2120 4471 5290 2121
f 5291 2730 4524 5292
f 1067 5291 5292 1068
f 1078 4314 4526 1704
f 1086 1710 4532 4317
f 3985 1537 4485 5293
f 1682 1681 1879 1878
f 1684 2452 1879 1681
f 4978 561 560 5245
f 2554 1264 4888 4887
f 3987 3986 1126 565
f 1870 4562 606 605
f 4323 4538 1393 1392
f 5294 5295 4891 3548
f 1722 1725 4891 5295
f 5296 3958 3612 521
f 4445 5296 521 2466
f 4445 4447 3958 5296
f 882 2525 2528 883
f 3993 1740 1162 591
f 5297 619 5298 5299
f 5300 5297 5299 5301
f 5301 5299 5298 5302
f 3996 2996 1816 3412
f 4327 4546 1410 1409
f 1143 1772 4549 4328
f 5016 5145 4251 4250
f 5016 5018 5146 5145
f 5303 4906 541 2499
f 5303 5304 3975 4906
f 4079 5175 3417 3416
f 4458 4457 994 993
f 5305 1798 2796 5306
f 5307 5308 5276 1799
f 5305 5307 1799 1798
f 5305 5306 5308 5307
f 4018 4017 1215 652
f 5309 4551 3806 3579
f 5234 3235 3238 3433
f 4021 3438 3259 3261
f 2333 2332 2980 4125
f 2180 5098 5310 2181
f 5311 4554 4557 5312
f 5312 4557 4559 5195
f 5311 5312 5195 5194
f 2601 4923 3991 4583
f 4040 3448 3000 4036
f 4046 1057 4307 4279
f 527 526 5313 4049
f 4053 4052 5314 68
f 2187 4572 4315 2338
f 1336 4926 4927 1337
f 4057 1100 4321 4287
f 4063 3086 3826 99
f 1976 5315 1874 1873
f 951 950 5316 5177
f 5177 5316 5294 5317
f 2115 4338 1358 1357
f 4338 1538 1541 1358
f 553 271 274 554
f 553 557 275 271
f 4340 737 736 4341
f 1863 1996 586 1864
f 2397 295 298 4482
f 4482 298 5318 4483
f 2125 743 5319 4349
f 433 436 5319 743
f 4351 4349 5319 436
f 4073 4072 1391 1388
f 4075 5320 4907 4076
f 1388 1391 4907 5320
f 4073 1388 5320 4075
f 4369 4566 4327 4326
f 4207 4373 455 4208
f 601 307 310 602
f 601 603 311 307
f 4274 5321 5322 2574
f 1395 1394 5322 5321
f 2571 2574 5322 1394
f 1412 1411 5309 5218
f 4228 3485 493 4229
f 668 767 770 669
f 5323 756 1283 5324
f 5325 758 756 5323
f 3896 3895 1236 1235
f 5326 3500 3503 5256
f 4088 4296 4359 1240
f 4089 1941 528 3505
f 4532 3029 1318 774
f 2319 2418 2419 2320
f 1313 3507 536 1964
f 5209 5240 3513 3512
f 4413 4588 4591 4414
f 5106 5105 4064 3819
f 4096 822 820 4094
f 4098 4097 574 3533
f 5327 5328 1356 5017
f 5327 2116 2115 5328
f 5328 2115 1357 1356
f 4549 4548 1364 830
f 5329 2642 4592 836
f 5329 645 2643 2642
f 5329 836 835 645
f 2483 2978 3107 2586
f 1350 2013 593 4430
f 4433 3131 3467 4600
f 2183 4601 4604 4434
f 4099 3543 3546 4100
f 5330 3166 3165 4356
f 5330 4764 4763 3166
f 2372 4267 1145 2373
f 2001 5277 2662 2002
f 2001 2003 5331 5277
f 4101 5332 140 2030
f 5333 5191 3554 3553
f 5333 2140 5192 5191
f 5333 3553 2141 2140
f 2198 850 1406 2665
f 2804 3355 3356 1560
f 5212 1429 1423 2158
f 4449 5086 5334 4450
f 5085 5335 5334 5086
f 1602 1275 4377 4331
f 2148 3178 3564 3563
f 1401 2038 664 3567
f 4275 4479 257 3377
f 2220 4453 3489 4613
f 4116 4091 3730 823
f 4114 4531 4091 4116
f 5336 757 758 5325
f 3648 2766 757 5336
f 2821 1884 4565 4533
f 4456 4617 4618 4457
f 2249 5337 5338 2710
f 4465 4646 320 4466
f 3111 317 320 4646
f 5339 4397 4396 4347
f 2163 3214 3584 768
f 4123 4122 4399 4348
f 2047 4124 5059 2048
f 5340 5341 1479 1590
f 5340 1773 1776 5341
f 5341 1776 1480 1479
f 2841 5293 777 5342
f 2410 4352 4402 4401
f 4474 4622 1795 1794
f 4132 483 486 5343
f 1241 4360 4752 4139
f 974 3592 3180 4140
f 5344 1346 1345 3590
f 5344 4365 4756 1346
f 5345 4768 4440 4439
f 5346 5306 2796 2795
f 5346 721 5347 5306
f 5348 4761 4764 5330
f 5349 5348 5330 5315
f 5349 5350 4761 5348
f 4160 105 104 3856
f 5164 115 4633 2134
f 2190 548 551 3609
f 2324 5351 4639 2806
f 2584 3110 4639 5351
f 2329 2584 5351 2324
f 2906 5352 4599 4598
f 5132 5174 5353 1146
f 2230 4712 2160 2159
f 2230 865 3723 4712
f 981 4644 4465 982
f 1274 1139 19 4376
f 5354 5355 5356 5357
f 5358 5354 5357 5359
f 5358 5360 5355 5354
f 1883 4167 901 4564
f 2937 3090 1901 5361
f 1579 5362 4385 4384
f 1579 1468 1467 5362
f 5362 1467 39 4385
f 4391 4394 5181 4807
f 1682 1878 5181 4394
f 5363 5364 5365 5366
f 5292 4524 5365 5364
f 1757 1756 3947 3737
f 4176 1487 63 4398
f 3213 2540 2543 3633
f 4177 5367 4652 2176
f 1090 4404 5367 4177
f 4485 4484 927 778
f 4220 4451 5368 5369
f 5369 5368 978 431
f 4685 1909 1910 3218
f 4685 1815 1911 1909
f 3016 3123 4625 4579
f 4700 4699 4309 4308
f 4702 5370 4309 4699
f 4185 1043 1661 4186
f 1010 4799 4800 1222
f 4506 5371 3656 249
f 5371 1080 1083 3656
f 1637 2201 851 245
f 1640 4512 5372 2203
f 2277 5373 5372 4512
f 2206 2203 5372 5373
f 5374 4473 855 5375
f 5374 3328 3327 4473
f 5375 855 858 5005
f 5374 5375 5005 3328
f 1183 3659 2344 2343
f 3039 3134 5376 4710
f 3041 3141 1535 3984
f 5377 5378 1711 5379
f 2209 5377 5379 2210
f 2209 2213 5378 5377
f 5172 5171 3012 3011
f 2223 2379 2380 2224
f 3058 4597 2021 475
f 1705 4527 4673 2252
f 4211 4210 1752 1127
f 5380 2949 4676 5381
f 5380 2032 2952 2949
f 5380 5381 2033 2032
f 1739 2283 4678 1163
f 5335 3249 3247 5334
f 5334 3247 4645 4644
f 4547 4680 2050 2049
f 1771 2294 4683 4548
f 4223 1203 1206 3692
f 3089 4224 5036 1902
f 1014 1224 311 603
f 1014 376 374 1224
f 5382 5383 5384 5275
f 2295 2298 5384 5383
f 4618 3270 5385 5386
f 2610 5214 1513 2611
f 5387 4693 4694 5388
f 2607 5387 5388 2768
f 4728 3484 4697 4787
f 4282 4728 4787 2530
f 4244 4243 1832 1216
f 4552 4703 4054 3807
f 3113 3563 3566 1921
f 3122 827 828 4624
f 1223 4827 4521 2431
f 3752 965 968 5047
f 3753 3752 5047 5048
f 1081 3425 2390 1082
f 3133 5343 1107 5389
f 4264 4263 344 137
f 1252 4541 4539 5390
f 1120 4563 4713 1121
f 5391 4544 5392 5393
f 5391 3409 3411 4544
f 5394 696 1257 5395
f 4567 4714 4547 4546
f 4498 4497 5382 3417
f 3934 4498 3417 5175
f 5396 4188 1227 2514
f 2052 2051 4552 4551
f 1204 911 914 1205
f 4668 2604 4805 4777
f 4452 496 1044 4453
f 4561 919 921 4649
f 1295 1942 1948 1296
f 3964 3754 3750 4290
f 4788 1070 1071 1330
f 1934 4788 1330 1329
f 5257 3755 1076 5337
f 2915 3333 3429 4693
f 1940 2426 1084 529
f 3028 3402 4736 1319
f 2792 2898 2899 2793
f 1965 539 1094 2437
f 2618 5397 4745 4744
f 4792 4748 4745 5397
f 2617 4792 5397 2618
f 4589 4750 4751 4590
f 4793 2649 4709 3776
f 2428 2552 5274 2429
f 2428 2432 2553 2552
f 5398 5399 3773 3772
f 4919 5400 3729 4920
f 5401 3726 3729 5400
f 4874 5401 5400 4919
f 5225 5224 4269 4065
f 5402 492 4286 4819
f 4295 2458 1141 575
f 4683 3415 2022 1365
f 1483 5260 1885 2825
f 2825 1885 1887 2826
f 2977 5403 5404 3108
f 5405 5406 5404 5403
f 3265 1385 1391 4072
f 4602 4757 4760 4603
f 2980 121 120 969
f 2463 5407 5394 2464
f 4297 2575 2572 4542
f 4298 4890 5408 4299
f 1725 1724 5408 4890
f 2836 2835 1758 4501
f 5409 4573 2493 2492
f 5409 4545 1276 4573
f 3273 4670 985 983
f 3006 3005 3473 4824
f 2031 143 4769 2500
f 4306 4305 1199 3797
f 5195 4559 2041 5410
f 5410 2041 2046 3880
f 5195 5410 3880 3879
f 2666 1408 4771 3159
f 2495 254 859 2496
f 4614 3490 3745 4776
f 4313 3798 3801 4314
f 4803 1475 4836 5411
f 4803 3805 1476 1475
f 4320 2599 2602 4550
f 5412 3258 4582 4581
f 4321 2887 2890 912
f 2711 4880 4881 3200
f 2516 2609 2612 2517
f 5176 3026 4585 16
f 2603 5095 5096 4804
f 4623 4789 2317 2316
f 2755 3221 5413 5414
f 4332 1036 1039 4884
f 4694 3432 5415 5416
f 2103 3078 5027 2104
f 2648 1548 1551 4708
f 1378 4442 4608 4607
f 1379 1378 4607 4609
f 3305 4820 5417 4352
f 4066 4272 2976 2975
f 2807 4640 5418 5419
f 3109 5420 5418 4640
f 5421 5419 5418 5420
f 4076 4907 1430 4361
f 1417 70 1578 1418
f 1418 1578 1579 1419
f 2993 5422 3518 3517
f 2993 147 5423 5422
f 5424 5425 5426 3291
f 1283 1286 5426 5425
f 5324 1283 5425 5424
f 1478 1477 4621 2748
f 5427 5428 5429 3294
f 3339 5427 3294 3293
f 3339 4717 5428 5427
f 4719 3453 3299 234
f 4719 4720 4781 3453
f 3025 2773 4629 4584
f 2177 4653 4810 2628
f 2619 2618 4342 4151
f 2312 2783 1527 2313
f 4382 4596 2128 2127
f 4769 1635 2196 4770
f 4390 1664 2218 2658
f 4399 4398 1260 1549
f 2200 4400 1413 852
f 4400 2154 1417 1413
f 3403 5126 5129 4849
f 1683 2358 2450 1684
f 4402 5430 4374 4403
f 4415 4414 2256 1700
f 2227 361 5431 5432
f 5432 5431 1727 1726
f 2227 5432 1726 2228
f 361 2686 1727 5431
f 5433 1713 2263 5434
f 2676 5433 5434 2677
f 4854 4829 2473 2472
f 2680 2837 2838 2681
f 2681 2838 2839 2683
f 1733 5435 4218 1734
f 3093 4560 4648 3094
f 4437 4436 5436 1753
f 4436 2855 2858 5436
f 4435 4434 2284 1749
f 5437 5438 4237 4012
f 4440 3890 3893 3660
f 2282 2762 4842 4677
f 5439 5440 3359 3358
f 5439 5441 1610 5440
f 3119 1784 1782 3779
f 2503 2598 1303 4773
f 2749 1509 1512 5442
f 2750 2749 5442 4447
f 4681 3738 4845 4682
f 5443 2519 2522 3912
f 4563 622 1188 4713
f 4454 1238 2811 3666
f 5444 2034 4183 3908
f 5444 3908 3910 5304
f 3269 3581 5445 5446
f 1114 4044 2322 3392
f 3393 3392 2322 2326
f 4462 4461 5447 1833
f 4461 2870 2873 5447
f 3124 3239 2119 1972
f 4568 2399 4718 4569
f 4568 657 1207 2399
f 4704 4846 1849 1848
f 1288 2532 2535 1289
f 2130 2129 855 4473
f 5448 4638 862 2232
f 1686 4583 881 1687
f 5449 4852 4854 5450
f 5127 5169 5170 5128
f 2475 2474 5437 5451
f 5357 5452 3446 3445
f 5357 5356 4006 5452
f 4715 4861 4681 4680
f 5453 1259 5454 5455
f 2856 4486 3950 2857
f 5456 3954 3957 2869
f 4897 5456 2869 2868
f 4897 3951 3954 5456
f 4490 5457 1238 4454
f 5151 1235 1238 5457
f 3661 5151 5457 4490
f 1826 3106 5183 1827
f 1827 5183 4476 1828
f 4722 4725 738 542
f 2930 4656 4698 3709
f 4657 4701 4698 4656
f 4729 4866 4704 4703
f 3217 1910 1908 3027
f 3519 1929 1927 3409
f 5458 4981 4984 5459
f 2520 5459 4984 2521
f 4824 3473 3031 3030
f 1943 3629 5460 1949
f 2871 4494 4985 2872
f 4832 4831 2440 5461
f 4833 4913 4914 5462
f 4832 5461 4913 4833
f 5338 1079 1703 4880
f 3607 5463 5464 3608
f 2536 2539 5464 5463
f 3332 3638 3697 3430
f 2425 2914 1707 1085
f 2533 3317 1862 2534
f 3401 3673 4883 4735
f 2438 1097 1714 2927
f 626 2931 3706 4814
f 2068 2229 783 782
f 4747 4746 5465 5466
f 4749 3822 5465 4746
f 3821 5466 5465 3822
f 5467 5414 1737 3992
f 3137 2007 2480 3476
f 2926 2925 3080 3079
f 2457 2945 1769 1142
f 3414 3690 4886 2023
f 4700 4308 4002 3999
f 5468 4004 1363 1362
f 3281 712 4004 5468
f 5469 2963 1786 1166
f 5469 2402 2403 2963
f 5469 1166 1172 2402
f 4758 4892 4893 4759
f 2954 5395 5453 2955
f 9 5470 4016 4015
f 4730 5471 5472 3497
f 2501 4770 4899 2997
f 4519 4518 1822 1200
f 4518 3104 1826 1822
f 3160 4772 4904 4903
f 4521 1458 3839 3766
f 4928 4024 4126 3371
f 3103 1210 1209 2072
f 2989 861 1420 2990
f 3294 5429 5473 4666
f 5474 707 3670 5000
f 5475 1928 1929 3519
f 5474 5475 3519 707
f 5474 5000 1928 5475
f 4526 4025 4026 4527
f 3115 5208 5210 2600
f 4530 4529 4028 4027
f 4530 4027 4032 4531
f 4534 4533 1054 4045
f 4536 3787 4051 4050
f 3201 5003 5004 5476
f 5200 5476 5004 671
f 4785 4732 4733 739
f 2615 2614 2785 2784
f 3411 2082 2086 4143
f 3034 3125 1971 3035
f 3307 5342 1098 3308
f 4790 4921 4922 4791
f 5477 5478 1654 1653
f 3220 3552 5479 5480
f 3315 3897 1993 3316
f 3431 3700 5481 5482
f 2798 1685 1688 4848
f 18 17 2822 4851
f 2039 2161 2164 2040
f 502 3603 2408 503
f 50 49 2842 4615
f 171 4948 2853 3493
f 56 5483 2070 57
f 62 61 4778 746
f 2698 2697 4368 5233
f 3373 3372 1239 5352
f 4878 5484 2608 4879
f 2736 2605 2608 5484
f 3637 2736 5484 4878
f 1584 1783 1784 3118
f 1584 1583 1785 1783
f 78 77 2075 4933
f 4724 4784 4785 4725
f 4724 4726 4786 4784
f 4323 5485 5486 4538
f 5487 5458 5486 5485
f 95 5046 4937 96
f 1391 1390 1835 4907
f 4565 4564 1254 1055
f 127 126 2191 5488
f 2629 4811 4940 3142
f 145 2803 2905 146
f 4899 2199 2664 4900
f 1440 3302 2549 5489
f 5489 2549 2551 4520
f 4580 4579 1272 1601
f 3065 5490 1571 3066
f 1691 1577 1571 5490
f 4582 1691 5490 3065
f 2659 2221 4944 3155
f 156 5241 3867 5491
f 153 5492 36 35
f 5491 3867 36 5492
f 156 5491 5492 153
f 4585 4584 1881 2820
f 5493 4258 2829 2828
f 5494 5495 5496 5497
f 5493 5494 5497 4258
f 5493 2828 5495 5494
f 3676 2936 2938 4986
f 178 177 4949 3655
f 3324 2250 2709 3632
f 4591 4590 2716 2257
f 5498 5499 2736 3637
f 3677 5498 3637 3636
f 5500 2738 2736 5499
f 3677 5500 5499 5498
f 5501 2265 2744 4954
f 5502 5501 4954 4956
f 4830 4958 2968 2967
f 1762 1765 1896 1895
f 4595 1762 1895 1897
f 3684 3984 3985 2840
f 2705 3193 4961 4831
f 3096 3608 3836 3097
f 5503 5504 4448 4219
f 3691 2854 2171 4597
f 4599 1242 3994 203
f 4604 4603 2769 2285
f 227 226 3017 1890
f 5505 5506 4455 4238
f 231 230 4809 902
f 2761 3225 4970 4841
f 5355 4005 4006 5356
f 5355 4154 4007 4005
f 270 3215 2185 267
f 3455 1191 1800 3456
f 306 305 4818 928
f 3580 3809 4976 5507
f 3301 4616 4161 2189
f 3236 3306 3309 3237
f 314 2325 2805 315
f 3394 2327 2325 314
f 331 330 2214 4910
f 4847 4998 2353 2352
f 4934 2356 2353 4998
f 5423 2907 5261 5441
f 4621 1871 4164 4620
f 940 26 4822 2358
f 4625 4624 1445 1273
f 4629 357 4166 1882
f 4853 54 4830 4829
f 2942 2941 5503 5435
f 972 975 4141 4837
f 389 972 4837 390
f 5376 5389 1485 4175
f 2970 2969 5505 5438
f 5508 5339 5509 2359
f 3703 2359 5509 4578
f 5510 5511 5512 5513
f 5513 5512 3120 3015
f 514 4184 4187 5471
f 3393 2326 2327 3394
f 3549 3610 3611 620
f 427 5514 5515 428
f 5516 1184 4188 5396
f 4867 4996 4847 4846
f 5517 3400 3399 130
f 5517 2188 2337 3400
f 434 4871 5518 435
f 4041 435 5518 4042
f 5044 5273 3883 1117
f 5044 2430 2429 5273
f 3557 3615 3617 655
f 3557 3558 3618 3615
f 789 788 3905 4973
f 790 3903 3905 788
f 5386 5385 4622 4474
f 444 443 4850 4817
f 4951 3050 3140 3139
f 4650 4649 1563 4202
f 3564 3620 1250 3565
f 2893 3323 5002 5519
f 5519 5002 358 5520
f 2893 5519 5520 2895
f 1765 1764 474 1896
f 4961 4960 2932 2441
f 448 447 2371 2215
f 4881 1706 2251 5003
f 3059 3062 5521 5522
f 3788 3837 5521 3062
f 816 815 3922 3698
f 2913 3331 2259 1708
f 3672 3889 5009 4882
f 2921 3387 2834 2833
f 4652 4206 4209 4653
f 462 461 4980 4942
f 4792 5523 5011 4748
f 5052 5013 5011 5523
f 4691 5052 5523 4792
f 5413 5480 2280 1738
f 470 2482 2957 471
f 2702 2701 1596 2844
f 5524 1226 3088 3087
f 5524 5288 3744 1226
f 5524 3087 5289 5288
f 2944 3345 2291 1770
f 3434 2505 2508 4222
f 4489 324 327 3262
f 5525 3442 3349 3348
f 5525 4838 3443 3442
f 3689 3902 5024 4885
f 2733 2865 2866 2734
f 500 499 4988 5223
f 3346 5455 5510 223
f 4664 4840 1386 1385
f 5526 5527 4242 4241
f 5526 3447 420 5527
f 3498 5528 5529 3749
f 3816 2513 561 4978
f 2998 4900 5032 3391
f 533 4905 5033 534
f 3389 1422 2053 290
f 3023 3428 4868 2877
f 4673 4253 4254 4674
f 2788 4674 4254 2789
f 5090 4659 4660 5089
f 906 5090 5089 907
f 906 910 4659 5090
f 589 588 4661 920
f 5530 1474 4131 5531
f 5531 4131 4132 3132
f 4678 4677 2010 1349
f 4974 3907 2207 2206
f 5426 4265 2381 5046
f 1286 1285 4265 5426
f 3621 3675 5532 1251
f 1296 1948 1947 1297
f 4191 4190 4406 4410
f 5533 5267 4406 4190
f 636 635 5139 5138
f 4688 5163 5266 4689
f 2133 2136 5266 5163
f 3067 5534 5052 4691
f 1571 1574 5052 5534
f 3066 1571 5534 3067
f 3469 4884 1741 5062
f 3699 3925 5054 5535
f 3481 4046 4279 2151
f 4707 4510 4509 5536
f 4707 5536 2498 662
f 673 672 2255 4979
f 4709 4708 1790 1593
f 2845 1599 1797 2981
f 4819 4286 4280 4820
f 3435 4710 4121 3436
f 681 680 4898 1269
f 2506 4057 4287 2507
f 689 688 2515 4987
f 5454 5537 5538 5511
f 3189 3188 4566 4369
f 2869 3957 4028 4529
f 5005 858 857 5539
f 5005 5539 3715 3714
f 1421 1161 5530 2054
f 3537 3605 2646 5087
f 5540 4918 630 629
f 5541 5540 629 3465
f 5541 4875 4918 5540
f 5542 2334 2335 3463
f 5091 5542 3463 3462
f 5091 4292 2334 5542
f 4716 1978 1872 4717
f 3599 5543 3304 3303
f 2547 2650 2652 2548
f 748 747 2350 4662
f 3466 2641 2640 4636
f 3606 5544 5545 3833
f 3608 3606 3833 3836
f 5464 5522 5545 5544
f 3608 5464 5544 3606
f 5025 3933 5122 5097
f 3143 4941 5063 3477
f 3562 3266 4071 4720
f 4126 4125 4296 4088
f 4723 3978 3977 4300
f 4723 4300 2375 4726
f 5473 4354 5189 1309
f 876 1192 5546 5547
f 1192 175 178 5546
f 5548 1437 4304 4303
f 5032 2667 3158 4019
f 5416 5415 3864 3863
f 2765 5416 3863 759
f 5549 5082 58 5550
f 5551 5552 3174 2632
f 5549 5551 2632 5082
f 5550 58 3174 5552
f 5549 5550 5552 5551
f 3156 4945 5065 3501
f 4736 4735 3184 2694
f 801 5259 3340 796
f 4742 3114 3116 4319
f 4947 5070 210 3341
f 803 2712 3199 804
f 5553 2529 1933 1932
f 5417 5553 1932 5430
f 4751 3524 5073 2717
f 4955 2746 5075 5074
f 4957 4955 5074 545
f 4959 5078 236 3365
f 3192 3534 5080 4960
f 3900 3374 3375 3296
f 5108 5084 5086 4449
f 1603 1602 4331 4330
f 5554 5555 5556 3866
f 5030 5554 3866 3865
f 5029 4014 5556 5555
f 5030 5029 5555 5554
f 4760 4759 3232 2770
f 3600 5557 5543 3599
f 5113 3600 3599 5558
f 5113 5112 5557 3600
f 5114 5093 4617 4456
f 3604 4123 4348 2647
f 4771 1641 2202 4772
f 5056 5559 2306 2305
f 2908 2911 2306 5559
f 3721 2908 5559 5056
f 3825 4085 1508 1507
f 2637 2636 5265 4860
f 3054 4773 2018 3055
f 3732 1803 2318 3733
f 869 868 3614 1514
f 873 872 1519 1518
f 872 876 5547 1519
f 4778 4777 4357 2348
f 954 1570 5311 5560
f 5560 5311 5194 4107
f 954 5560 4107 956
f 3808 4055 5106 4975
f 3830 5561 4553 3831
f 894 2808 5562 895
f 897 895 5562 5121
f 4781 4077 4362 886
f 4786 2378 4112 4783
f 5563 3589 4587 4364
f 5563 5344 3590 3589
f 5563 4364 4365 5344
f 3584 3633 3635 3585
f 4966 5050 2492 2491
f 3634 2846 2848 5125
f 5228 3182 3181 3593
f 5228 4931 4953 3182
f 3681 5564 3290 3898
f 3683 5565 5564 3681
f 5566 5567 3292 3338
f 5566 5568 2809 5567
f 3338 3292 3295 5569
f 5566 3338 5569 5568
f 53 700 4959 4958
f 930 929 2504 1265
f 3342 213 5108 5504
f 3695 3918 5570 5571
f 5571 5570 1567 953
f 3918 3919 1567 5570
f 3763 5062 2772 3024
f 4879 2608 2767 3649
f 4797 4935 4964 3210
f 4442 4375 2105 4608
f 3366 239 5114 5506
f 3129 3128 3253 3252
f 5472 4389 2657 5528
f 4990 4992 5572 5573
f 5067 4118 5120 2879
f 5067 2879 2883 4930
f 621 3838 1280 1189
f 3667 2814 2920 2922
f 1089 4401 4404 1090
f 5574 5575 4155 4154
f 1323 5574 4154 5576
f 1323 1322 5575 5574
f 1103 1721 4413 4412
f 4805 4804 4262 4261
f 656 3840 3842 1208
f 5446 5445 4789 4623
f 4808 3631 2703 4420
f 4808 4420 3275 3274
f 5080 4129 3336 2933
f 4809 3577 2579 2467
f 1355 1354 4162 3923
f 1009 5158 4799 1010
f 1013 1012 5131 5007
f 4810 4432 4433 4811
f 1019 2947 2951 1020
f 2271 5161 5373 2277
f 4974 2206 5373 5161
f 1186 4439 3659 1183
f 3175 3282 3285 3176
f 588 748 4662 4661
f 1654 5577 5578 4190
f 2859 2862 5578 5577
f 5478 2859 5577 1654
f 5533 4190 5578 2862
f 5479 5138 2759 2281
f 1023 2959 5140 1024
f 4818 4817 2595 2502
f 3344 3650 2774 2292
f 1041 5021 4381 1042
f 5099 3018 3020 5173
f 3901 4158 5149 5023
f 1064 5242 5243 1065
f 1083 1082 3713 3658
f 4826 4825 4999 4972
f 5038 440 613 3541
f 3716 5082 2632 2631
f 4835 2411 2410 5579
f 1088 5580 4401 1089
f 5579 2410 4401 5580
f 4835 5579 5580 1088
f 3765 3990 5581 5582
f 1110 1109 3052 1486
f 5583 5000 3670 3669
f 5583 5584 2231 5000
f 4837 4141 4140 5585
f 5585 4140 4816 2635
f 4837 5585 2635 2634
f 1499 2644 2645 1500
f 3556 1998 2002 2661
f 4842 4841 2476 2011
f 4081 4330 4332 3468
f 1927 1926 2083 2082
f 3906 5101 2673 2672
f 1900 2674 2673 5101
f 4937 2384 5586 4938
f 2387 4513 5586 2384
f 4870 4938 5586 4513
f 1949 5460 5159 1946
f 1946 5159 2271 2270
f 1185 5587 4439 1186
f 3276 5345 4439 5587
f 3277 3276 5587 1185
f 1196 1195 5255 5254
f 1195 1198 3742 5255
f 5477 4480 2859 5478
f 3576 2692 2693 2580
f 3924 4163 5172 5053
f 1222 4800 4827 1223
f 374 373 3088 1226
f 3706 3708 2299 4487
f 3283 4848 4489 3284
f 4795 3100 3450 3063
f 4850 4849 4491 2596
f 2994 4851 5588 2995
f 5589 5391 5393 5049
f 3761 3520 5391 5589
f 1253 1252 5390 3019
f 3867 3866 3927 36
f 5590 3495 2891 5591
f 5591 2891 2897 5483
f 5590 5591 5483 56
f 3527 2778 2781 3528
f 3527 3529 2782 2778
f 3532 569 4714 4567
f 3535 5125 3314 3536
f 1271 1270 2799 3051
f 5134 3138 3475 5135
f 4863 509 4731 2417
f 3796 3082 509 4863
f 4968 2423 1072 3084
f 4865 1021 1020 4508
f 4865 4508 4510 4706
f 1808 135 5055 1994
f 4870 4513 3007 4871
f 1436 5592 4517 4516
f 1436 1440 5489 5592
f 5592 5489 4520 4517
f 4020 3161 5197 4246
f 3743 3813 3618 3558
f 3743 3744 3815 3813
f 3629 789 5593 5594
f 5594 5593 5160 5159
f 3629 5594 5159 5460
f 789 4973 5160 5593
f 5482 5481 4105 4104
f 4127 5124 5401 4874
f 3810 3852 5166 5227
f 5595 5596 3509 3171
f 5595 3817 1246 5596
f 5595 3171 3172 3817
f 3502 5066 5198 3756
f 5597 2092 5598 5599
f 5597 3639 3147 2092
f 5597 5599 3640 3639
f 4883 4882 3530 3185
f 1330 1071 1069 5600
f 1327 5601 5602 1328
f 5600 1069 5602 5601
f 1330 5600 5601 1327
f 1340 3202 5603 1341
f 21 1341 5603 5199
f 5532 4297 4542 4541
f 3523 3775 5201 5072
f 5604 5050 5392 4544
f 5604 5409 2492 5050
f 5604 4544 4545 5409
f 5077 5076 5203 5202
f 546 5077 5202 5205
f 5500 5605 2739 2738
f 37 3928 5605 5500
f 5079 4370 844 237
f 5083 5236 3245 3244
f 4273 3250 3245 5236
f 4886 4885 3551 3219
f 4013 4240 437 5606
f 4893 3790 5215 3233
f 1397 3780 1829 1398
f 5094 5217 3268 3267
f 4898 4320 4550 2797
f 1891 1890 5607 5239
f 4904 2205 2668 4905
f 4682 4845 4866 4729
f 4084 5220 2118 2117
f 4084 4010 4009 5220
f 4165 5176 16 15
f 3942 2321 2791 3943
f 1447 27 30 1448
f 640 639 1916 1915
f 4038 4037 5064 3487
f 1851 1850 5225 5105
f 1569 5608 4555 4554
f 5608 1444 4464 4555
f 3627 55 58 5082
f 134 4910 60 59
f 1490 2143 5069 1492
f 150 1500 76 75
f 684 2157 5071 5070
f 3851 2982 2983 5165
f 1522 1521 3704 1886
f 1524 94 97 1525
f 699 5233 5079 5078
f 5609 2810 5610 5611
f 4927 3538 109 108
f 5612 2830 4257 2195
f 1541 1540 3235 5234
f 3226 3300 125 124
f 238 847 5094 5093
f 5020 5613 3150 5021
f 204 3995 5613 5020
f 5179 5207 1136 970
f 5179 5180 3047 5207
f 1562 1561 5098 2180
f 5529 2660 3154 5242
f 5614 152 154 1462
f 1049 5614 1462 1050
f 1049 155 152 5614
f 4117 4318 158 157
f 5184 3162 3070 3069
f 3885 5184 3069 4935
f 3382 173 174 5514
f 282 3488 3589 3588
f 288 287 176 175
f 1720 5582 4589 4588
f 5507 4976 4921 4790
f 4939 4594 4596 4382
f 3630 3850 3190 2704
f 4128 4329 192 191
f 5615 5616 4819 3304
f 5557 5615 3304 5543
f 5617 5402 4819 5616
f 5557 5617 5616 5615
f 4235 5188 5226 3802
f 4033 2720 2726 453
f 1611 202 205 1612
f 1781 5618 3348 3347
f 1619 1618 207 206
f 798 5567 5609 1332
f 798 797 3292 5567
f 4940 4600 3203 4941
f 1788 2310 4602 4601
f 356 4942 229 228
f 3643 5135 5251 3859
f 5139 5254 3222 2760
f 1633 240 243 1634
f 5619 5620 5621 232
f 5619 5622 5612 5620
f 5619 232 235 5622
f 1649 1648 256 259
f 23 260 263 24
f 5085 3248 3249 5335
f 4944 4613 4614 4945
f 3979 299 302 4197
f 394 5223 304 303
f 3868 50 4615 3869
f 1689 5326 5256 1690
f 4260 5227 329 328
f 3874 5412 4581 5623
f 3875 3874 5623 4948
f 4949 3881 2901 2421
f 3932 3404 3405 4619
f 439 996 1177 614
f 3940 3939 5240 5209
f 4577 4575 5624 3379
f 1736 1735 5625 5626
f 899 3941 3944 1472
f 1778 1777 379 378
f 5235 3433 383 382
f 3591 3590 1345 1344
f 1780 391 5618 1781
f 1785 386 391 1780
f 4970 4969 5627 2477
f 4969 127 5488 5627
f 4008 4236 5628 5629
f 5150 3622 3623 5222
f 4791 4922 2014 1353
f 5630 217 216 406
f 5630 5133 3909 217
f 5630 406 410 5133
f 5533 2862 4631 5267
f 1830 3349 3367 1831
f 3353 5448 3920 2655
f 3353 3354 4638 5448
f 2147 2146 5271 5171
f 2446 2566 4553 5561
f 3747 1062 4852 5449
f 4980 4979 2787 4641
f 2162 3211 3214 2163
f 90 5231 5631 2246
f 4291 4986 5631 5231
f 4988 4987 442 441
f 4560 1865 4561 4648
f 568 1131 4861 4715
f 5166 5165 446 445
f 1889 1888 460 459
f 5081 5632 5633 5061
f 4003 5634 5632 5081
f 5251 469 472 5252
f 4702 5635 4876 5370
f 1904 1903 32 31
f 2193 4256 1497 1294
f 2193 2195 4257 4256
f 4316 4367 498 497
f 1028 1027 3361 2961
f 1028 2961 2966 750
f 123 501 504 5180
f 1911 520 523 1906
f 4087 3499 3748 4288
f 1923 1922 5174 5132
f 5636 3976 4943 4669
f 5636 4300 3977 3976
f 5636 4669 2867 4300
f 4247 532 535 4470
f 5535 5054 4302 4301
f 5184 5637 426 3162
f 3973 3764 426 5637
f 1432 3973 5637 5184
f 3974 1249 1858 1659
f 1968 543 5638 1969
f 663 540 543 1968
f 5639 3145 3482 5640
f 5008 5007 571 570
f 5008 570 3528 377
f 5009 3987 565 564
f 1979 5363 5366 1980
f 5317 5294 3548 3547
f 5641 2708 3194 5642
f 4341 736 5643 5259
f 1996 1995 587 586
f 3770 2625 2623 3720
f 3774 3993 591 590
f 4164 605 608 5263
f 5204 617 619 5297
f 5206 5204 5297 5300
f 196 3559 3561 197
f 196 629 632 3559
f 5212 5211 1427 1429
f 4687 4690 1427 5211
f 2298 2297 3313 4993
f 2300 3310 3313 2297
f 5644 5645 5634 4003
f 710 5644 4003 711
f 710 5157 5645 5644
f 5024 5023 634 633
f 4080 4079 3416 5646
f 5646 3416 3422 5185
f 4080 5646 5185 5022
f 4358 641 637 3882
f 4239 4458 993 438
f 3789 4018 652 651
f 5647 4467 3319 3318
f 5588 4534 4045 3480
f 5218 5309 3579 3578
f 5111 5060 787 5648
f 5648 787 5649 5650
f 5111 5648 5650 5112
f 2044 2043 5371 4506
f 2044 4506 4507 2045
f 2043 2048 1080 5371
f 4363 5200 671 670
f 5033 2671 5651 5034
f 2674 5652 5651 2671
f 5036 5034 5651 5652
f 3688 3687 4996 4867
f 2064 1811 1810 674
f 2064 674 677 2065
f 4180 2794 5653 4181
f 4181 5653 679 678
f 363 5258 4812 2687
f 2355 2354 5654 5224
f 2078 2077 5654 2354
f 4366 4619 687 686
f 1233 2436 5639 1845
f 5655 3759 3758 4056
f 5655 705 708 3759
f 2091 4049 5598 2092
f 4094 5349 5315 1976
f 4094 820 5350 5349
f 5178 5177 5317 5656
f 1248 2461 5641 1859
f 4380 4379 729 728
f 4380 728 28 27
f 2396 3390 295 2397
f 5049 5393 5392 5050
f 2124 740 743 2125
f 5657 43 46 5658
f 384 4222 4223 3717
f 4273 5236 5321 4274
f 839 1395 5321 5236
f 5277 5331 5659 4475
f 2139 2138 5214 2610
f 3550 62 746 745
f 4405 78 4933 4932
f 846 1412 5218 5217
f 4429 760 106 102
f 5243 3157 3500 5326
f 5058 4089 3505 5660
f 5058 5660 3812 977
f 5059 111 3425 1081
f 4317 4532 774 773
f 5293 4485 778 777
f 1310 1309 5189 3164
f 1312 3170 3507 1313
f 1310 3164 3170 1312
f 4438 781 787 5060
f 5061 5633 3438 4021
f 4574 4744 4747 4575
f 5581 5626 3521 4750
f 4975 5106 3819 3818
f 4139 4752 3645 3644
f 4140 3180 3183 4816
f 3849 4098 3533 3191
f 5661 5327 5017 3778
f 5661 1505 2116 5327
f 4328 4549 830 829
f 4145 5280 3448 4040
f 5607 4580 1601 1600
f 1333 5611 5657 1986
f 5063 3206 3543 4099
f 2186 2493 4572 2187
f 2309 5629 4758 4757
f 5347 5662 3598 3597
f 5306 5347 3597 5308
f 169 5663 3875 170
f 29 3872 3875 5663
f 30 29 5663 169
f 3860 5252 5332 4101
f 2197 848 850 2198
f 1969 5638 737 4340
f 682 1552 2158 683
f 3664 5212 2158 1552
f 44 5502 4956 45
f 1374 2974 3376 2027
f 3250 4275 3377 3251
f 933 693 867 866
f 5065 4776 3571 5066
f 60 2217 4668 61
f 2238 877 880 2239
f 5245 560 3465 201
f 5069 5411 4836 2721
f 4279 4307 890 889
f 2248 5257 5337 2249
f 3880 2046 2045 2902
f 80 3021 3395 81
f 5664 5340 1590 991
f 5664 1154 1773 5340
f 5664 991 1155 1154
f 5073 5072 3330 2912
f 4205 4431 3888 3671
f 4167 231 902 901
f 5075 2929 3334 5076
f 264 463 466 265
f 2279 2278 5399 5398
f 557 915 918 275
f 109 5087 4793 110
f 1473 4179 4182 4130
f 4130 4182 484 483
f 4484 306 928 927
f 5096 3854 84 83
f 5098 5097 5405 5310
f 2315 7 10 505
f 5575 5250 4156 4155
f 5575 4796 3209 5250
f 3820 11 14 2015
f 4036 5665 5064 4037
f 4036 3000 3006 5665
f 648 5620 2194 649
f 648 4153 5621 5620
f 5610 2678 44 43
f 1061 51 54 4853
f 5666 4475 5659 961
f 5666 4200 4199 4475
f 5666 961 964 4200
f 5667 2143 2142 4802
f 5668 4803 5411 5069
f 5667 5668 5069 2143
f 5667 4802 4803 5668
f 3982 389 388 3983
f 3982 976 972 389
f 1566 1565 149 148
f 2374 2373 5095 2603
f 2973 2715 80 79
f 5669 91 88 3112
f 4504 4503 1761 5670
f 5670 1761 412 411
f 4504 5670 411 415
f 2389 2388 1002 1001
f 1069 1068 5292 5671
f 5602 5672 5364 5363
f 5671 5292 5364 5672
f 1069 5671 5672 5602
f 1130 1757 3737 3736
f 229 4641 3575 230
f 4217 3735 113 112
f 4221 4220 5369 5673
f 5673 5369 431 430
f 5275 5384 4995 1643
f 2298 4993 4995 5384
f 5332 1022 141 140
f 304 441 444 305
f 5674 1348 1347 214
f 5674 3908 4183 1348
f 5674 214 217 3908
f 5116 1040 1043 4185
f 4651 4877 5675 3318
f 335 334 5675 4877
f 5647 3318 5675 334
f 3853 3914 5269 3197
f 5120 157 160 1058
f 5122 5121 5421 5406
f 4289 1063 162 161
f 2048 5059 1081 1080
f 5676 2633 5677 720
f 5676 5346 2795 2633
f 5676 720 721 5346
f 5053 5172 3011 4515
f 765 4192 1853 916
f 1660 1861 2379 2223
f 369 487 184 183
f 3871 3665 3668 5678
f 1229 3871 5678 5124
f 5343 486 1108 1107
f 2576 4418 1112 1111
f 391 5525 3348 5618
f 391 390 4838 5525
f 5129 5128 337 336
f 5679 4049 5313 1115
f 5679 5599 5598 4049
f 5679 1115 1118 5599
f 3986 4211 1127 1126
f 5131 206 209 1132
f 4360 1135 1138 4752
f 2453 5680 5681 2454
f 4525 5682 5681 5680
f 2455 2454 5681 5682
f 4267 5132 1146 1145
f 397 3196 219 218
f 3729 3728 4840 4664
f 5178 5656 353 352
f 1740 1739 1163 1162
f 2087 3784 3783 5280
f 5140 3144 241 240
f 4450 5334 4644 981
f 5683 1181 1184 5516
f 2779 5683 5516 2780
f 2779 1187 1181 5683
f 5144 1361 365 364
f 5284 283 286 875
f 3417 5382 5275 3423
f 5149 5148 1194 1193
f 5148 947 1197 1194
f 5350 3794 3793 4761
f 4457 4618 5386 994
f 4017 4244 1216 1215
f 4466 320 322 3628
f 2514 1227 1230 562
f 432 332 335 5635
f 5264 4821 1052 5282
f 5153 5264 5282 3967
f 2518 2517 5126 3403
f 4376 19 22 1243
f 5520 358 361 2227
f 1846 5640 369 368
f 4385 39 42 4387
f 2553 1263 1264 2554
f 950 3931 5684 5316
f 5316 5684 5295 5294
f 3931 1722 5295 5684
f 1860 5642 397 396
f 485 681 1269 1268
f 5170 3996 3412 4859
f 1887 1886 5685 3786
f 5407 694 696 5394
f 5686 2035 2034 5444
f 5686 5303 2499 2035
f 5686 5444 5304 5303
f 5174 5173 5443 5353
f 522 3613 3669 706
f 1411 2052 4551 5309
f 543 734 737 5638
f 543 542 738 734
f 4657 430 432 4701
f 722 5687 5688 723
f 1425 1652 5688 5687
f 1426 1425 5687 722
f 2059 723 5688 1652
f 946 2590 1288 1287
f 5606 437 440 5038
f 559 5541 3465 560
f 559 563 4875 5541
f 5689 2074 2073 3842
f 5689 5690 4562 2074
f 5689 3842 3841 5690
f 550 148 151 1315
f 5256 3503 3755 5257
f 4634 3844 5691 4635
f 3845 4134 5691 3844
f 2916 2915 4693 5387
f 2606 2916 5387 2607
f 2612 2611 5169 5127
f 1920 1324 1325 2614
f 4373 1326 456 455
f 1938 1329 1326 4373
f 5624 5466 464 463
f 3821 467 464 5466
f 5625 5398 3772 3522
f 5105 5225 4065 4064
f 2632 3174 5677 2633
f 5186 4063 99 98
f 4097 4295 575 574
f 4378 1362 729 4379
f 4548 4683 1365 1364
f 5650 5649 489 5692
f 5617 5693 492 5402
f 5692 489 492 5693
f 5650 5692 5693 5617
f 5187 4887 3461 5188
f 1987 5658 5407 2463
f 4100 3546 4890 4298
f 5628 505 507 4892
f 3895 1396 1399 1236
f 3014 4264 137 136
f 679 4742 4319 680
f 2030 140 143 2031
f 5191 4306 3797 3554
f 2665 1406 1408 2666
f 5197 4903 533 532
f 4477 232 5621 4153
f 4477 3561 233 232
f 5694 2488 2490 3217
f 5695 3027 2592 2591
f 5694 5695 2591 2488
f 5694 3217 3027 5695
f 4361 1430 1433 810
f 695 4957 545 544
f 2028 252 254 2495
f 4479 4478 258 257
f 1529 259 258 4478
f 5198 3574 3798 4313
f 5696 4315 5697 4908
f 5696 277 280 4315
f 5696 4908 281 277
f 2689 1449 1452 2690
f 2693 2690 1452 1453
f 2710 5338 4880 2711
f 837 5698 5699 838
f 725 724 5699 5698
f 4322 838 5699 724
f 5656 5317 5700 353
f 353 5700 3740 1626
f 5317 3547 3740 5700
f 726 3396 583 582
f 735 5701 5643 736
f 735 739 4733 5701
f 5201 590 180 179
f 5702 3289 4135 5703
f 5702 4230 4233 3289
f 5703 4135 4138 4234
f 5702 5703 4234 4230
f 4430 593 596 1493
f 5203 187 190 617
f 5210 5209 3512 4923
f 3663 5704 5705 5211
f 5706 4688 5705 5704
f 4687 5211 5705 4688
f 2756 2755 5414 5467
f 5214 869 1514 1513
f 2764 5707 5416 2765
f 5388 4694 5416 5707
f 2768 5388 5707 2764
f 5215 651 654 3343
f 2783 892 1528 1527
f 2786 5468 1362 4378
f 2785 3281 5468 2786
f 1587 378 381 4926
f 8 5708 5470 9
f 8 4383 4386 5708
f 5708 4386 4388 5470
f 12 4066 2975 13
f 4339 5222 1539 1538
f 5315 5330 4356 1874
f 1616 2804 1560 1559
f 5226 3464 4928 2801
f 5229 5068 4930 4929
f 5229 4929 4931 5228
f 46 45 695 694
f 2819 926 5208 3115
f 52 697 700 53
f 4263 86 345 344
f 812 811 4797 4796
f 2156 722 725 5709
f 2157 2156 5709 5071
f 82 81 726 253
f 5359 5357 3445 5710
f 2842 2841 5342 3307
f 1886 5711 5712 5685
f 3704 4902 5219 5713
f 1886 3704 5713 5711
f 5685 5712 5219 4902
f 5711 5713 5219 5712
f 2848 2847 3897 3315
f 5366 5365 5714 5680
f 4524 4523 5714 5365
f 4525 5680 5714 4523
f 1756 5715 3948 3947
f 2858 2857 3948 5715
f 5716 5331 4232 4231
f 5716 961 5659 5331
f 5716 4231 962 961
f 115 114 5717 4633
f 117 3844 5717 114
f 4634 4633 5717 3844
f 5442 1512 2653 3960
f 4447 5442 3960 3958
f 1775 4483 5718 4226
f 4226 5718 1517 4227
f 4663 3946 3945 4990
f 4451 4450 5719 5368
f 5368 5719 979 978
f 4450 981 979 5719
f 2167 2619 4151 4150
f 2168 2167 4150 4152
f 5240 5239 3595 3513
f 865 864 3724 3723
f 143 142 1635 4769
f 5720 989 988 4643
f 5720 5193 1489 989
f 890 1001 1004 891
f 4186 1661 1664 4390
f 158 773 776 159
f 164 163 792 791
f 2905 3373 5352 2906
f 4193 4415 1700 1699
f 4193 1699 3983 4195
f 5379 1711 1713 5433
f 2210 5379 5433 2676
f 3013 3012 5721 5722
f 5171 5271 5721 3012
f 5270 5722 5721 5271
f 5450 4854 2472 5723
f 2924 5450 5723 2925
f 2224 2380 2837 2680
f 192 829 832 193
f 5247 4756 4755 4962
f 5247 4962 3997 215
f 5495 5358 5359 5496
f 5495 4672 5360 5358
f 4052 5724 5141 5314
f 5724 5186 98 5141
f 2247 5725 5361 5726
f 2938 2937 5361 5725
f 4210 4437 1753 1752
f 207 4435 1749 208
f 1531 212 840 1532
f 211 837 840 212
f 4501 1758 1761 4503
f 5451 5437 4012 4011
f 3078 5451 4011 5027
f 221 220 579 936
f 936 579 581 938
f 243 242 482 848
f 5727 1008 3946 4663
f 5452 5727 4663 3446
f 5452 4006 1008 5727
f 237 844 847 238
f 4647 4645 5728 5669
f 3247 3246 5728 4645
f 3251 5669 5728 3246
f 2981 1797 122 118
f 2983 609 612 1804
f 1370 1558 132 1807
f 4486 4826 4972 3950
f 274 273 622 4563
f 285 956 4245 287
f 298 870 873 5318
f 298 297 874 870
f 958 136 139 959
f 3270 3269 5446 5385
f 3959 5583 3669 3613
f 3961 2656 3921 5584
f 3959 3961 5584 5583
f 3271 339 517 516
f 4243 4462 1833 1832
f 4992 4023 4022 1116
f 310 309 657 4568
f 5647 334 5729 4467
f 333 980 5729 334
f 982 4467 5729 980
f 1908 1907 4056 1150
f 990 1156 1155 991
f 990 992 4034 1156
f 460 670 673 461
f 4494 367 4059 4985
f 4161 4202 549 548
f 3042 3041 3984 3684
f 3317 3316 1863 1862
f 3044 5730 5450 2924
f 5731 5449 5450 5730
f 3046 5731 5730 3044
f 370 183 186 922
f 3077 5732 5451 3078
f 5733 2475 5451 5732
f 3080 5733 5732 3077
f 398 218 221 935
f 401 222 225 1032
f 1032 225 227 1034
f 4596 1897 1892 2128
f 5395 1257 1259 5453
f 3090 3089 1902 1901
f 4173 4172 5734 4497
f 4497 5734 5383 5382
f 4172 2295 5383 5734
f 419 289 292 578
f 578 292 294 580
f 5422 5439 3358 3518
f 5422 5423 5441 5439
f 610 3113 1921 611
f 431 978 333 332
f 5487 5735 4981 5458
f 2060 4411 4981 5735
f 2061 2060 5735 5487
f 4825 4932 4934 4999
f 4531 4032 4092 4091
f 326 4248 691 690
f 436 435 5736 5737
f 4041 1113 5736 435
f 1112 5737 5736 1113
f 438 993 996 439
f 137 344 347 138
f 790 997 1000 3903
f 338 3899 702 701
f 5337 1076 1079 5338
f 4798 5738 5463 3607
f 5739 2536 5463 5738
f 3125 3124 1972 1971
f 458 457 1016 1015
f 3134 3133 5389 5376
f 366 382 385 4058
f 3405 2175 1990 1989
f 466 465 5740 5704
f 468 4069 5740 465
f 5706 5704 5740 4069
f 5399 5467 3992 3773
f 3136 2004 2007 3137
f 3140 2008 2004 3136
f 3141 392 395 1535
f 5224 5654 4270 4269
f 2077 2182 4270 5654
f 184 399 401 185
f 5279 5019 1041 1040
f 1612 205 5019 5279
f 496 495 1045 1044
f 2464 5394 5395 2954
f 5741 2950 2952 2032
f 5741 5536 4509 2950
f 5741 2032 2035 5536
f 4299 5408 5742 4511
f 1724 2275 5742 5408
f 2274 4511 5742 2275
f 6 2104 5027 5026
f 2 5030 3865 3
f 6 5026 5030 2
f 10 9 4015 506
f 515 514 5471 4730
f 509 515 4730 4731
f 4305 4519 1200 1199
f 4559 4558 2042 2041
f 4558 1338 2047 2042
f 22 21 5199 1244
f 5289 5516 5396 5286
f 535 534 5035 5290
f 2121 5290 5035 4224
f 2511 763 766 556
f 2129 2062 856 855
f 2496 859 861 2989
f 547 546 5205 1258
f 57 2070 2071 3173
f 5743 1101 1104 1580
f 5744 1584 3118 3117
f 5743 5744 3117 1101
f 5743 1580 1584 5744
f 4314 3801 4025 4526
f 1674 1869 1868 1675
f 1674 2072 2074 1869
f 77 1383 2076 2075
f 1264 907 5089 4888
f 3200 4881 5003 3201
f 5745 1613 5117 4754
f 5440 5745 4754 3359
f 5440 1610 1613 5745
f 585 584 900 1159
f 591 1162 806 592
f 5746 3032 2089 2088
f 5746 4962 4755 3032
f 5746 2088 2093 4962
f 594 1173 1176 595
f 619 618 826 5298
f 5302 5298 826 827
f 614 1177 1180 615
f 5685 4902 4061 4060
f 4564 901 904 1254
f 1427 5747 1653 1428
f 4689 5477 1653 5747
f 4690 4689 5747 1427
f 3221 3220 5480 5413
f 5304 3910 3976 3975
f 106 762 4966 107
f 3432 3431 5482 5415
f 3239 1454 2120 2119
f 644 2639 2643 645
f 644 650 4472 2639
f 652 1215 841 653
f 786 785 490 489
f 787 786 489 5649
f 2174 931 934 2137
f 135 134 59 5055
f 5748 5193 5192 2140
f 5748 1490 1489 5193
f 5748 2140 2143 1490
f 4272 4271 5749 2976
f 2181 5310 5749 4271
f 1304 516 519 1305
f 4583 3991 882 881
f 696 544 547 1257
f 698 2698 5233 699
f 2872 4985 2162 2161
f 4572 4571 5697 4315
f 1337 4927 108 4124
f 4287 4321 912 911
f 4322 724 5485 4323
f 723 5487 5485 724
f 1358 1541 5234 1360
f 727 582 585 860
f 1864 586 589 919
f 3291 5426 5046 95
f 1382 1562 2180 2179
f 4612 5750 5751 3230
f 5691 5738 5751 5750
f 4635 5691 5750 4612
f 4798 3230 5751 5738
f 267 5517 130 129
f 267 2185 2188 5517
f 2618 4744 4343 4342
f 4574 4346 4343 4744
f 1419 1579 4384 4383
f 669 770 945 944
f 756 755 1284 1283
f 4770 2196 2199 4899
f 1460 1604 1300 1299
f 1460 1970 1606 1604
f 330 448 2215 2214
f 774 1318 1321 775
f 794 793 2250 3324
f 4414 4591 2257 2256
f 4624 828 1446 1445
f 5434 2263 2265 5501
f 2677 5434 5501 5502
f 357 356 228 4166
f 5552 3174 3173 5752
f 5552 720 5677 3174
f 5752 3173 717 716
f 5552 5752 716 720
f 5017 1356 5146 5018
f 5435 5503 4219 4218
f 830 1364 1367 831
f 4434 4604 2285 2284
f 838 1392 1395 839
f 5438 5505 4238 4237
f 5662 5558 3599 3598
f 2373 1145 1148 5095
f 4848 1688 324 4489
f 2003 4233 4232 5331
f 404 5753 4146 1696
f 4178 4152 4146 5753
f 403 4178 5753 404
f 3375 2153 2312 2311
f 850 849 1031 1406
f 1560 3356 5025 1561
f 845 1409 1412 846
f 852 1413 1416 853
f 4666 5473 1309 1308
f 4331 4377 1037 1036
f 4713 1188 1191 3455
f 5754 1434 1437 5548
f 5754 4642 1438 1434
f 5754 5548 4643 4642
f 2766 2765 759 757
f 3581 3580 5507 5445
f 2399 1207 1210 2400
f 3400 2337 764 763
f 4395 5755 5756 4396
f 4345 4344 5756 5755
f 4468 4345 5755 4395
f 4347 4396 5756 4344
f 4188 2343 1228 1227
f 4348 4399 1549 1548
f 3094 4648 4650 4616
f 5342 777 780 1098
f 4196 4195 387 386
f 1583 4196 386 1785
f 4649 921 1564 1563
f 4352 5417 5430 4402
f 447 1806 2372 2371
f 454 3594 4446 1813
f 2451 2942 5435 1733
f 2474 2970 5438 5437
f 1646 1542 1545 5757
f 1647 1646 5757 4696
f 5347 5113 5558 5662
f 721 719 5113 5347
f 33 3436 4123 3604
f 503 2408 2411 3444
f 5455 5454 5511 5510
f 953 1567 1570 954
f 513 5115 4184 514
f 511 4754 5115 513
f 5352 1239 1242 4599
f 4670 3966 3964 985
f 1146 5353 3911 1147
f 525 5573 5572 526
f 1687 881 884 325
f 987 991 1590 1589
f 5360 5576 4154 5355
f 994 5386 4474 995
f 5726 5361 5758 998
f 998 5758 1898 999
f 5361 1901 1898 5758
f 556 766 915 557
f 4831 4961 2441 2440
f 2539 3059 5522 5464
f 4398 63 66 1260
f 2517 2612 5127 5126
f 5367 5130 4206 4652
f 4404 4403 5130 5367
f 600 599 1619 1012
f 778 927 930 779
f 1018 1017 1621 1620
f 612 611 1923 1805
f 1815 1814 520 1911
f 5414 5413 1738 1737
f 3476 2480 2482 470
f 4579 4625 1273 1272
f 662 2498 540 663
f 1043 1042 1662 1661
f 1047 1046 1666 1665
f 3237 3309 2506 2505
f 2955 5453 5455 3346
f 1258 5205 5206 5537
f 5470 5526 4241 4016
f 5470 4388 3447 5526
f 3497 5472 5528 3498
f 4710 5376 4175 4121
f 675 405 404 5759
f 5759 404 1698 4894
f 675 5759 4894 676
f 5760 3370 3369 5152
f 5761 3965 3966 4670
f 5760 5761 4670 3370
f 5760 5152 3965 5761
f 688 1992 2516 2515
f 5378 1311 1314 1711
f 2213 1307 1311 5378
f 3020 3019 2520 2519
f 1097 1096 1715 1714
f 2990 1420 1422 3389
f 5537 5206 5300 5538
f 4597 2171 2165 2021
f 1102 1718 1721 1103
f 1106 1105 5016 1877
f 1877 5016 4250 4249
f 4527 4026 4253 4673
f 5762 1323 5576 5360
f 4671 5762 5360 4672
f 4671 888 1323 5762
f 715 4290 5157 710
f 1122 1121 1746 1745
f 1124 2247 5763 1125
f 1125 5763 998 997
f 2247 5726 998 5763
f 1127 1752 1755 1128
f 1128 1755 1757 1130
f 5381 4676 1344 1343
f 5381 1343 1348 2033
f 2589 3536 2533 2532
f 1161 1160 1474 5530
f 1163 4678 1349 1164
f 1174 3540 2544 1175
f 3540 2407 2547 2544
f 1166 1786 1789 1167
f 5764 4679 5274 2552
f 5703 2555 4136 4135
f 5764 5703 4135 4679
f 5764 2552 2555 5703
f 1178 1794 1796 1179
f 3692 1206 1369 1368
f 1900 1899 5652 2674
f 1902 5036 5652 1899
f 3552 636 5138 5479
f 4767 2559 2562 3891
f 5706 4069 5163 4688
f 3700 3699 5535 5481
f 2611 1513 1516 5169
f 1216 1832 1400 1217
f 3708 3707 3999 3998
f 3709 4700 3999 3707
f 1921 3566 5099 1922
f 1906 5655 4056 1907
f 1906 523 705 5655
f 4697 4696 5757 5765
f 5765 5757 1067 1066
f 4697 5765 1066 1070
f 770 769 2587 945
f 1259 1258 5537 5454
f 4387 42 1106 1876
f 2697 3189 4369 4368
f 5389 1107 1110 1485
f 3116 3115 2600 2599
f 3105 5766 5183 3106
f 3105 4537 4536 5766
f 5766 4536 4050 5183
f 1991 2139 2610 2609
f 3387 2613 2615 2834
f 4538 5486 5767 4539
f 5458 5459 5767 5486
f 5390 4539 5767 5459
f 1267 1159 1161 1421
f 3121 5302 827 3122
f 5685 4060 4062 5712
f 3786 5685 5712 4335
f 4335 5712 4062 4336
f 2406 1211 1214 2650
f 4777 4805 4261 4357
f 5768 5548 4303 5190
f 5768 5720 4643 5548
f 5768 5190 5193 5720
f 4900 2664 2667 5032
f 1302 1301 1953 1952
f 886 4362 809 887
f 5769 5589 5049 762
f 3760 5769 762 761
f 3760 3761 5589 5769
f 5770 821 822 4096
f 4783 5770 4096 4734
f 4783 4112 821 5770
f 5691 4417 5771 5738
f 4133 3278 5771 4417
f 4134 4133 4417 5691
f 5739 5738 5771 3278
f 4868 5772 5773 4869
f 3428 3427 5772 4868
f 3626 3496 3495 5590
f 3626 5590 56 55
f 4258 5497 5042 4259
f 1319 4736 2694 1320
f 3632 2709 2712 803
f 2109 5123 1982 1981
f 2109 2112 4428 5123
f 4590 4751 2717 2716
f 3776 4709 1593 1592
f 1349 2010 2013 1350
f 492 491 5022 5774
f 5774 5022 4285 4284
f 492 5774 4284 4286
f 3640 3884 3287 2569
f 926 925 3940 5208
f 5504 5108 4449 4448
f 1365 2022 2025 1366
f 934 933 866 2138
f 3647 2763 2766 3648
f 3649 2767 2763 3647
f 4603 4760 2770 2769
f 4608 2105 5 1404
f 2571 1394 5775 2572
f 1393 4540 5775 1394
f 4542 2572 5775 4540
f 5506 5114 4456 4455
f 2835 2784 1759 1758
f 4545 4143 1277 1276
f 1408 1407 1641 4771
f 1410 2049 2052 1411
f 1422 1421 2054 2053
f 1599 1598 1798 1797
f 3456 1800 1803 3732
f 963 2800 2803 145
f 3805 1669 1673 1476
f 4775 1291 863 4637
f 4775 4472 1293 1291
f 315 2805 2808 894
f 1461 1299 1302 2079
f 4550 2602 1686 1685
f 16 4585 2820 17
f 4804 5096 83 4262
f 3957 3956 4029 4028
f 5776 4419 2095 2094
f 4779 5776 2094 2098
f 4779 4780 4419 5776
f 3675 2314 4297 5532
f 3276 5777 4768 5345
f 4423 4422 4768 5777
f 3275 4423 5777 3276
f 38 37 5500 3677
f 48 3684 2840 49
f 3493 2853 2854 3691
f 2941 3342 5504 5503
f 2542 1368 1371 2846
f 3696 3695 5571 5778
f 5778 5571 953 952
f 3696 5778 952 2342
f 4708 1551 1791 1790
f 4280 4283 2529 5553
f 4820 4280 5553 5417
f 2969 3366 5506 5505
f 1035 1034 1891 3939
f 1568 3712 5608 1569
f 3712 1441 1444 5608
f 5471 4187 4389 5472
f 425 424 4493 4463
f 4463 4493 2871 2870
f 1574 1573 2876 5051
f 1279 4908 5697 4571
f 1279 1278 4038 4908
f 147 146 2907 5423
f 1104 1103 4412 1581
f 1591 5779 2549 3302
f 1591 1479 1482 5779
f 5779 1482 1484 2549
f 5385 5446 4623 4622
f 3727 2922 2917 3728
f 1477 1866 1871 4621
f 5428 1875 4355 5429
f 4717 1872 1875 5428
f 4960 5080 2933 2932
f 4856 5213 5561 3830
f 4720 4071 4077 4781
f 4584 4629 1882 1881
f 4227 5780 1885 5260
f 4227 1517 1520 5780
f 5780 1520 1522 1885
f 3035 1971 1974 2936
f 4653 4209 4432 4810
f 1168 1167 2184 1618
f 2313 1527 1530 2575
f 5480 5479 2281 2280
f 471 2957 2959 1023
f 1635 1634 2197 2196
f 1641 1640 2203 2202
f 1643 4995 5781 1644
f 1644 5781 1543 1542
f 4995 1546 1543 5781
f 1664 1663 2219 2218
f 4869 5773 5565 3683
f 3708 3998 2300 2299
f 1656 1660 2223 2222
f 1668 1667 2234 2233
f 223 5510 5513 224
f 224 5513 3015 226
f 4849 5129 336 4491
f 5527 5782 4459 4242
f 5527 420 423 5782
f 5782 423 425 4459
f 3749 5529 5242 1064
f 4522 2245 1124 1123
f 5430 1932 1936 4374
f 5045 3762 5783 2731
f 2731 5783 5682 4525
f 3762 2455 5682 5783
f 2368 3763 3024 2369
f 1700 2256 1939 1701
f 1708 2259 2262 1709
f 1713 1712 1966 2263
f 3383 3382 5514 427
f 1717 1716 2267 2266
f 290 2053 2056 291
f 291 2056 2058 293
f 1719 3765 5582 1720
f 5784 5785 4492 4252
f 5784 5145 5144 5785
f 5784 4252 4251 5145
f 5785 5144 364 4492
f 2683 2839 1585 1442
f 5483 2897 2896 5786
f 5786 2896 2067 2066
f 5483 5786 2066 2070
f 2391 1592 1595 2392
f 2701 2631 1597 1596
f 1748 1747 2289 2288
f 4953 3043 2923 4324
f 4931 3045 3043 4953
f 1753 5436 5787 1754
f 1754 5787 5715 1756
f 5436 2858 5715 5787
f 5788 1156 4034 4033
f 5788 449 452 1156
f 5788 4033 453 449
f 345 3788 3062 346
f 2734 2866 1614 2644
f 4677 4842 2011 2010
f 5441 5261 1611 1610
f 4860 5153 4844 4843
f 4860 5265 5264 5153
f 1787 2307 2310 1788
f 1795 2316 814 813
f 4839 4695 4500 1627
f 4840 4839 1627 1386
f 1803 1802 2319 2318
f 5267 3913 4407 4406
f 3912 2522 4407 3913
f 635 1196 5254 5139
f 4689 5266 4480 5477
f 3831 4553 1630 1629
f 4044 5270 2323 2322
f 1833 5447 2036 1834
f 5447 2873 2039 2036
f 1972 2119 2122 1973
f 1289 2535 3093 3092
f 4520 2551 3105 3104
f 5508 2359 1680 1679
f 3815 5287 2513 3816
f 1547 5045 2731 1544
f 4743 3117 3119 2560
f 5789 3594 5107 2747
f 5789 4444 4446 3594
f 5789 2747 2750 4444
f 5511 5538 5790 5512
f 5512 5790 3121 3120
f 5128 5170 4859 337
f 1877 4249 4252 5784
f 421 1877 5784 422
f 422 5784 4252 424
f 3188 3532 4567 4566
f 2452 2451 5791 1879
f 1879 5791 1731 1730
f 2451 1733 1731 5791
f 5062 1741 1744 2772
f 2467 2579 2582 2468
f 5515 5792 1767 1766
f 428 5515 1766 1768
f 2054 5530 5531 2055
f 2055 5531 3132 2057
f 1361 1360 5235 365
f 5793 3884 3883 5273
f 5793 3288 3287 3884
f 5793 5273 4679 3288
f 5794 3135 3138 5134
f 4952 5794 5134 4753
f 4952 3139 3135 5794
f 1593 1790 1793 1594
f 3833 5545 5795 3834
f 5522 5521 5795 5545
f 3837 3834 5795 5521
f 1828 4476 67 2154
f 1437 1436 4516 4304
f 4019 3158 3161 4020
f 5415 5482 4104 3864
f 1955 1954 2434 2433
f 5370 4876 5796 4309
f 4309 5796 949 948
f 4876 3929 949 5796
f 5461 2440 2443 5797
f 5797 2443 4743 4915
f 5461 5797 4915 4913
f 2534 1862 1865 4560
f 3848 4593 4592 2642
f 1500 2645 1380 76
f 4735 4883 3185 3184
f 2555 5187 4137 4136
f 2555 2554 4887 5187
f 4977 5244 4419 4780
f 4977 4978 5245 5244
f 4815 4814 5798 4169
f 4169 5798 4487 4174
f 4814 3706 4487 5798
f 804 3199 3202 1340
f 1988 1987 2463 2462
f 1984 1983 2244 2459
f 2007 2006 2178 2480
f 2011 2476 2479 2012
f 5723 2472 2475 5733
f 2925 5723 5733 3080
f 2023 4886 3219 2024
f 2029 2028 2495 2494
f 4014 4013 5606 5556
f 4759 4893 3233 3232
f 1540 3869 3236 3235
f 2580 2693 1453 2581
f 3874 3256 3258 5412
f 3873 3261 3256 3874
f 5339 4347 5799 5509
f 4346 4576 5799 4347
f 4578 5509 5799 4576
f 2050 4682 4729 2051
f 632 631 3266 3562
f 4772 2202 2205 4904
f 4191 4410 4411 2060
f 3733 2318 2321 3942
f 5429 4355 4354 5473
f 1570 1569 4554 5311
f 2600 5210 4923 2601
f 2080 1952 1955 2531
f 2188 2187 2338 2337
f 5739 3278 2537 2536
f 2614 1325 3281 2785
f 2097 2096 4593 3848
f 2099 2097 3848 4909
f 1588 1587 4926 1336
f 2110 1981 1984 2558
f 2107 1985 1988 2556
f 2215 2371 2374 2216
f 3316 1993 1996 1863
f 3898 3290 94 1524
f 5567 2809 2810 5609
f 702 3900 3296 703
f 2636 1379 4609 5265
f 1617 1616 1559 1381
f 2132 2026 2029 2243
f 5622 2827 2830 5612
f 5622 235 2831 2827
f 4851 2822 4534 5588
f 1423 1426 722 2156
f 5800 5323 5324 5565
f 5772 5800 5565 5773
f 5772 5325 5323 5800
f 5801 5802 1439 1438
f 5803 1589 1591 5804
f 5801 5803 5804 5802
f 5801 1438 1589 5803
f 5802 5804 1591 1439
f 3603 3303 2409 2408
f 4615 2842 3307 3306
f 5623 4581 2850 2849
f 4948 5623 2849 2853
f 5528 2657 2660 5529
f 5167 4857 4858 5168
f 5125 2848 3315 3314
f 2170 2616 2619 2167
f 1721 1720 4588 4413
f 5445 5507 4790 4789
f 3631 3630 2704 2703
f 1953 2106 2107 1954
f 4129 4128 191 3336
f 1777 1904 31 379
f 5041 2444 2447 342
f 5041 5042 2448 2444
f 5089 4660 4294 4293
f 5488 2191 2405 2404
f 4811 4433 4600 4940
f 1789 1788 4601 2183
f 2803 2802 3373 2905
f 1819 1818 2150 3374
f 2199 2198 2665 2664
f 2205 2204 2669 2668
f 2207 2672 2669 2204
f 2211 2210 2676 2675
f 2920 3385 3387 2921
f 2814 2813 3385 2920
f 2221 2220 4613 4944
f 2225 2224 2680 2679
f 2236 2235 299 3979
f 5805 5336 5325 5772
f 3426 5805 5772 3427
f 3426 3648 5336 5805
f 2820 1881 1884 2821
f 2828 2832 4672 5495
f 1065 5243 5326 1689
f 2246 5631 5725 2247
f 4986 2938 5725 5631
f 3655 4949 2421 2420
f 2250 2249 2710 2709
f 5806 2713 3398 3397
f 5806 2509 2510 2713
f 5806 3397 2511 2509
f 5508 1679 4397 5339
f 2257 2716 2424 2258
f 5757 1545 2728 5807
f 5807 2728 2730 5291
f 5757 5807 5291 1067
f 2260 2740 2743 2261
f 2265 2264 2439 2744
f 2840 3985 5293 2841
f 2269 2268 2752 2751
f 3990 1736 5626 5581
f 3176 3285 2172 3404
f 5165 2983 1804 446
f 2852 2851 2170 2169
f 2854 2852 2169 2171
f 5808 4278 451 450
f 5808 4684 4686 4278
f 5808 450 1812 4684
f 898 2290 3941 899
f 2285 2769 2456 2286
f 2292 2774 2777 2293
f 1890 3017 4580 5607
f 4841 4970 2477 2476
f 2304 2303 3428 3023
f 2308 4008 5629 2309
f 2317 4791 1353 1352
f 3215 2491 2186 2185
f 2321 2320 2792 2791
f 1448 30 169 173
f 1903 3040 3435 32
f 928 4818 2502 929
f 5180 504 3048 3047
f 2445 2565 2566 2446
f 2445 2449 2567 2565
f 2325 2324 2806 2805
f 5568 2208 2211 2809
f 5569 3295 4665 2212
f 5568 5569 2212 2208
f 4910 2214 2217 60
f 4873 3747 5449 5731
f 2884 4873 5731 3046
f 2341 2222 2225 2815
f 2907 2906 4598 5261
f 5584 3921 3920 5448
f 5584 5448 2232 2231
f 3063 3450 3451 3064
f 1950 3064 3451 72
f 87 90 2246 2245
f 5013 3457 3460 5014
f 5051 2876 3457 5013
f 5167 5014 3460 4857
f 2403 2401 3102 2965
f 2526 4081 3468 2527
f 5135 3475 469 5251
f 3015 3120 3123 3016
f 1006 1218 1221 1007
f 1006 1010 1222 1218
f 5515 3491 3494 5792
f 5514 174 3491 5515
f 2065 677 3496 3625
f 2415 2414 3499 4087
f 2058 2057 3134 3039
f 2421 2901 2904 2422
f 4871 3007 3010 5518
f 4042 5518 3010 3013
f 5481 5535 4301 4105
f 3050 3049 2008 3140
f 5596 3974 3510 3509
f 5596 1246 1249 3974
f 2436 2435 3145 5639
f 3565 1250 1253 3018
f 4092 3516 2366 2364
f 2441 2932 2935 2442
f 2447 2446 5561 5213
f 4882 5009 564 3530
f 2450 2940 2942 2451
f 1328 5602 5363 1979
f 5809 5810 4595 4594
f 3074 5809 4594 5216
f 3073 3072 4595 5810
f 3074 3073 5810 5809
f 2461 2460 2708 5641
f 2465 2464 2954 2953
f 3082 3081 510 509
f 2482 2481 2630 2957
f 2473 2967 2970 2474
f 2477 5627 3539 2478
f 5627 5488 2404 3539
f 13 2975 2978 2483
f 3087 2780 5516 5289
f 2486 2984 297 296
f 2486 2489 2986 2984
f 4838 2634 2637 3443
f 4885 5024 633 3551
f 2497 2496 2989 2988
f 5223 4988 441 304
f 4240 4239 438 437
f 5227 5166 445 329
f 4845 3688 4867 4866
f 4905 2668 2671 5033
f 1219 2427 2430 1220
f 1219 1223 2431 2427
f 1232 2433 2436 1233
f 2539 2538 3060 3059
f 4795 3063 3060 2538
f 3132 4132 5343 3133
f 2175 2174 2137 1990
f 4920 3729 4664 3264
f 2557 2462 2465 3075
f 1247 2459 2461 1248
f 1251 5532 4541 1252
f 1831 3367 3370 3272
f 1525 97 740 2124
f 5611 5610 43 5657
f 2570 2494 2497 2707
f 5536 2035 2499 2498
f 2191 2190 3609 2405
f 5286 2512 2513 5287
f 5286 5396 2514 2512
f 1269 4898 2797 1270
f 2059 2061 5487 723
f 4987 2515 2518 442
f 3177 3298 3621 3620
f 5539 857 3625 3624
f 5539 3624 3627 3715
f 5582 5581 4750 4589
f 5087 2646 2649 4793
f 4875 4874 4919 4918
f 4976 4975 3818 4921
f 1609 5661 3778 3678
f 1609 1506 1505 5661
f 2434 2556 2557 2435
f 5613 3641 3151 3150
f 3995 3644 3641 5613
f 5097 5122 5406 5405
f 1332 5609 5611 1333
f 4941 3203 3206 5063
f 3266 3265 4072 4071
f 2310 2309 4757 4602
f 5665 4823 4586 5064
f 5665 3006 4824 4823
f 5547 5546 3652 3651
f 5546 178 3655 3652
f 5620 5612 2195 2194
f 2667 2666 3159 3158
f 1373 2971 2974 1374
f 1373 269 128 2971
f 2678 2677 5502 44
f 4945 4614 4776 5065
f 4197 302 877 2238
f 4200 964 144 2992
f 1099 1266 2888 2887
f 2694 3184 3187 2695
f 2695 3187 3189 2697
f 5259 5643 4716 3340
f 3881 3880 2902 2901
f 2712 2711 3200 3199
f 2715 2714 3021 80
f 2717 5073 2912 2718
f 2370 2369 3026 5176
f 5263 3352 3351 5248
f 5263 608 3466 3352
f 2741 4205 3671 2742
f 2746 2745 2929 5075
f 2754 2753 3674 4212
f 1446 4212 3674 1140
f 3296 3375 2311 3297
f 3379 5624 463 264
f 1735 2279 5398 5625
f 4628 4692 2617 2616
f 3529 3274 3277 2782
f 1463 2624 2625 967
f 1463 1464 2626 2624
f 1469 101 1608 1470
f 1470 1608 1609 1471
f 1472 3944 4179 1473
f 4965 5216 4594 4939
f 2770 3232 2943 2771
f 5112 5650 5617 5557
f 2775 3240 3243 2776
f 3717 4223 3692 2541
f 5792 3494 3057 1767
f 4236 2315 505 5628
f 4922 3820 2015 2014
f 2794 2793 4741 5653
f 5653 4741 4742 679
f 1519 5547 3651 1521
f 4248 3407 2367 691
f 1528 1649 259 1529
f 2808 2807 5419 5562
f 5121 5562 5419 5421
f 2810 2675 2678 5610
f 1062 1061 4853 4852
f 2816 2679 2682 5104
f 5104 2682 2684 3711
f 3329 3714 2700 2699
f 4946 5811 5812 4947
f 1554 1553 5812 5811
f 25 1554 5811 4946
f 685 4947 5812 1553
f 1556 4260 328 1557
f 3585 3635 3535 2588
f 2972 2713 2715 2973
f 2972 131 3398 2713
f 4647 5669 3112 3111
f 1853 4828 4765 1857
f 5633 3719 3439 3438
f 4833 5462 4767 4766
f 4422 4833 4766 4768
f 1564 2732 2735 1565
f 2448 5710 3445 2449
f 5564 5424 3291 3290
f 5565 5324 5424 5564
f 2724 2747 5107 2725
f 2724 1478 2748 2747
f 5280 3783 3449 3448
f 5137 3734 3735 4217
f 5168 4858 3734 5137
f 1157 452 451 4278
f 3024 2772 2773 3025
f 5147 4221 5673 4654
f 4654 5673 430 4657
f 5252 472 1022 5332
f 1197 1287 1290 1198
f 5635 335 4877 4876
f 2879 5120 1058 2880
f 4288 3748 1063 4289
f 2899 2817 2818 4740
f 4740 2818 2819 3114
f 2528 2527 3470 3406
f 2902 2045 4507 2903
f 1322 812 4796 5575
f 5054 5053 4515 4302
f 1659 1858 1861 1660
f 5640 3482 487 369
f 2929 2928 3335 3334
f 2933 3336 3337 2934
f 5632 3767 3719 5633
f 5634 3771 3767 5632
f 5813 5359 5710 2448
f 5497 5813 2448 5042
f 5497 5496 5359 5813
f 5158 3126 3129 4799
f 5007 5131 1132 571
f 1980 5366 5680 2453
f 2939 3341 3342 2941
f 5814 3601 3603 502
f 5308 5814 502 5276
f 5308 3597 3601 5814
f 5642 3194 3196 397
f 2956 2955 3346 400
f 2561 3779 1397 1396
f 5815 4990 5573 525
f 2564 5815 525 2471
f 2564 4663 4990 5815
f 2959 2958 3144 5140
f 2968 3365 3366 2969
f 5816 3363 3364 3827
f 5816 1073 3504 3363
f 5816 3827 1074 1073
f 2961 3361 3362 2962
f 2976 5749 5403 2977
f 5310 5405 5403 5749
f 3251 3377 91 5669
f 3703 4578 3378 943
f 4577 3379 3378 4578
f 627 1732 4654 628
f 1734 5147 4654 1732
f 1742 1889 459 1743
f 2985 5284 875 874
f 2985 2987 3511 5284
f 5173 3020 2519 5443
f 5023 5149 1193 634
f 2991 2990 3389 418
f 5232 3216 2487 3390
f 5232 4686 3218 3216
f 4307 2389 1001 890
f 1111 1114 3392 2577
f 4467 4466 3628 3319
f 4701 432 5635 4702
f 1791 4316 497 1792
f 3658 3713 2885 3622
f 2590 2589 2532 1288
f 3687 4971 4997 4996
f 4972 4999 4997 4971
f 5690 5092 606 4562
f 5690 3841 4909 5092
f 5182 5155 5817 5258
f 5258 5817 4813 4812
f 5155 623 4813 5817
f 1486 3052 3175 64
f 2896 2895 5520 5818
f 5818 5520 2227 2226
f 2896 5818 2226 2067
f 4042 3013 5722 4043
f 4044 4043 5722 5270
f 5462 4914 2559 4767
f 1845 5639 5640 1846
f 5645 5819 3771 5634
f 5156 5048 3771 5819
f 5157 5156 5819 5645
f 4051 4334 5724 4052
f 4334 4336 5186 5724
f 3468 4332 4884 3469
f 1859 5641 5642 1860
f 3076 2953 2956 488
f 5188 3461 3464 5226
f 2651 3587 4826 4486
f 5658 46 694 5407
f 4800 3252 1455 4827
f 3091 2988 2991 3195
f 1399 1398 641 4358
f 4388 4387 1876 3447
f 4359 971 1135 4360
f 4632 3098 3835 5269
f 3197 5269 3835 3198
f 5820 526 5572 4992
f 5820 1115 5313 526
f 5820 4992 1116 1115
f 3100 316 893 3450
f 4312 5178 352 3478
f 2995 5588 3480 1817
f 3108 5404 5420 3109
f 5406 5421 5420 5404
f 3520 3519 3409 5391
f 1888 4363 670 460
f 3019 5390 5459 2520
f 5556 5606 5038 5037
f 3866 5556 5037 3927
f 2388 3033 3036 1002
f 820 819 3794 5350
f 5821 1977 1978 4716
f 5701 5821 4716 5643
f 5701 4733 1977 5821
f 5538 5300 5301 5790
f 5790 5301 5302 3121
f 4367 4366 686 498
f 3536 3314 3317 2533
f 2888 3053 3056 2889
f 4575 4747 5466 5624
f 5626 5625 3522 3521
f 4377 4376 1243 1037
f 3145 3075 3076 3482
f 3153 3152 3486 3485
f 4 3 3867 5241
f 1986 5657 5658 1987
f 5629 5628 4892 4758
f 5222 3623 3868 1539
f 1994 5055 3550 1995
f 5822 4296 969 5823
f 5824 5825 971 4359
f 5822 5824 4359 4296
f 5823 969 971 5825
f 5822 5823 5825 5824
f 5660 3505 3506 5826
f 5826 3506 5068 5229
f 5660 5826 5229 3812
f 3161 3160 4903 5197
f 2801 4928 3371 2802
f 3170 3169 3508 3507
f 5401 5827 3727 3726
f 5678 3668 3727 5827
f 5124 5678 5827 5401
f 3586 4405 4932 4825
f 2027 3376 252 2028
f 3171 3509 2987 2986
f 45 4956 4957 695
f 2812 3882 3388 2813
f 4351 436 5737 4416
f 4418 4416 5737 1112
f 5066 3571 3574 5198
f 2239 880 1449 2689
f 5599 1118 3884 3640
f 68 5828 1465 69
f 68 5314 5141 5828
f 5828 5141 1469 1465
f 3185 3530 3531 3186
f 3186 3531 3532 3188
f 4426 1152 760 4429
f 211 5829 5698 837
f 5709 725 5698 5829
f 5071 5709 5829 211
f 3202 3201 5476 5603
f 5199 5603 5476 5200
f 81 3395 3396 726
f 5072 5201 179 3330
f 2834 2615 2784 2835
f 4936 4967 4765 4828
f 4936 3588 3591 4967
f 4431 4430 1493 3888
f 5076 3334 187 5203
f 5605 5830 3542 2739
f 5039 3541 3542 5830
f 3928 5039 5830 5605
f 265 466 5704 3663
f 2278 2756 5467 5399
f 2847 1807 1808 3897
f 3219 3551 3552 3220
f 4483 5318 873 5718
f 5718 873 1518 1517
f 3233 5215 3343 3234
f 3241 3567 3568 3242
f 5239 5607 1600 3595
f 5353 5443 3912 3911
