# IK reachable fitted solid mesh
v 0.200492777 -0.283334755 1.067163216
v 0.200467350 -0.266697188 1.067162342
v 0.201205198 -0.266700115 1.084551883
v 0.201222477 -0.283335444 1.084558668
v -0.233731371 -0.396699099 0.966852107
v -0.233351888 -0.399427878 0.983245518
v -0.228989664 -0.388022133 0.979026657
v -0.228780583 -0.387562014 0.971540959
v -0.216471184 -0.387029255 0.979291870
v -0.216483746 -0.386278934 0.966277219
v -0.221647447 -0.394751497 0.961464403
v -0.217031257 -0.396433655 0.986712404
v -0.549873670 -0.530276990 1.033394021
v -0.549647225 -0.536408559 1.049647800
v -0.533196372 -0.536584640 1.049935303
v -0.533376791 -0.532845868 1.033317980
v -0.545539719 -0.545253699 1.054925570
v -0.537388834 -0.545076826 1.055149490
v -0.483670997 -0.449604199 0.779997264
v -0.483655816 -0.433596635 0.780542627
v -0.466304465 -0.433055504 0.783599625
v -0.466101188 -0.446868908 0.780139048
v -0.033154433 -0.749689408 0.883501855
v -0.033058517 -0.732993466 0.883414482
v -0.016823249 -0.733711406 0.880596588
v -0.016669570 -0.749696140 0.883484094
v 0.201224679 -0.733333333 1.084558009
v 0.201224675 -0.716666667 1.084558008
v 0.197644731 -0.716666667 1.097644732
v 0.197644732 -0.733333334 1.097644732
v 0.184558008 -0.733333334 1.101224675
v 0.184558008 -0.716666667 1.101224675
v -0.100237986 -0.350225579 0.816594795
v -0.104240868 -0.345253832 0.828514056
v -0.099445255 -0.334122689 0.831668571
v -0.094402601 -0.338986584 0.822030762
v -0.088170275 -0.329251747 0.828157601
v -0.083072838 -0.333139013 0.816522971
v -0.088936399 -0.344384552 0.811061816
v -0.100000000 -0.733333334 1.100000000
v -0.083333333 -0.733333334 1.100000000
v -0.083333333 -0.716666667 1.100000000
v -0.100000000 -0.716666667 1.100000000
v 0.201637401 -0.232792942 1.084596444
v 0.201938338 -0.215186486 1.084813514
v 0.198159565 -0.215246984 1.098159565
v 0.197848636 -0.232749588 1.097848636
v 0.184596444 -0.232792942 1.101637401
v 0.184813514 -0.215186486 1.101938338
v 0.167162417 -0.783333431 1.100495912
v 0.184558006 -0.783333454 1.101224763
v 0.184558001 -0.766666642 1.101224663
v 0.167162440 -0.766666640 1.100495761
v -0.383234107 -0.530413243 1.066375350
v -0.383995556 -0.529538844 1.084167534
v -0.378553929 -0.521048773 1.079981615
v -0.377848389 -0.521845140 1.070888513
v -0.367028492 -0.519050176 1.084075258
v -0.366357766 -0.519992931 1.066678697
v -0.371391488 -0.528487232 1.062194481
v -0.372504566 -0.526962700 1.089537619
v -0.116366432 -0.397147532 0.814018375
v -0.116114307 -0.383927997 0.817269730
v -0.103454179 -0.383551859 0.813148906
v -0.104533830 -0.395691438 0.812203079
v -0.166666667 -0.901224675 1.084558008
v -0.150000000 -0.901224675 1.084558008
v -0.150000000 -0.897644732 1.097644732
v -0.166666667 -0.897644732 1.097644732
v -0.150000000 -0.884558008 1.101224675
v -0.166666667 -0.884558008 1.101224675
v -0.116666667 -0.783333436 1.100000103
v -0.100000000 -0.783333436 1.100000103
v -0.100000000 -0.766666644 1.099999977
v -0.116666667 -0.766666644 1.099999977
v 0.167163216 -0.283334755 1.100492777
v 0.184558668 -0.283335444 1.101222477
v 0.184551883 -0.266700115 1.101205198
v 0.167162342 -0.266697188 1.100467350
v -0.181689163 -0.384574216 1.017016636
v -0.182558054 -0.381426875 1.033270765
v -0.170248198 -0.379802767 1.028540859
v -0.168829303 -0.381008268 1.017289351
v -0.395153087 -0.394579406 0.810692108
v -0.399932651 -0.383149482 0.813650137
v -0.383088521 -0.382781483 0.819129426
v -0.382993283 -0.395919988 0.812872134
v -0.119900279 -0.283267961 1.084187897
v -0.117843872 -0.282631085 1.098407242
v -0.112424030 -0.270884831 1.096375485
v -0.113138015 -0.270027135 1.083786515
v -0.100364845 -0.266496792 1.098113340
v -0.103837682 -0.262668879 1.084474169
v -0.101062911 -0.282355185 1.101208697
v -0.599981255 -0.699995139 0.899992966
v -0.599971320 -0.700002004 0.916680615
v -0.599984258 -0.683333629 0.916680333
v -0.599985772 -0.683333352 0.900037996
v -0.199369065 -0.347720203 0.916301674
v -0.200497862 -0.346170702 0.933900337
v -0.200426215 -0.335686125 0.934114171
v -0.195341728 -0.338228682 0.921270241
v -0.183402533 -0.333441439 0.933290426
v -0.185757541 -0.333820875 0.916323876
v -0.188406159 -0.345729739 0.912185710
v -0.188459644 -0.344222241 0.938163101
v -0.350740375 -0.715726804 0.834366723
v -0.350564902 -0.702621566 0.830768724
v -0.333858415 -0.702849339 0.830567510
v -0.333920217 -0.715816910 0.834299041
v 0.149988483 -0.200043931 1.033304640
v 0.149986378 -0.200022940 1.049986378
v 0.167151022 -0.199495459 1.049977565
v 0.167162342 -0.199532650 1.033302812
v -0.266666667 -0.816664842 1.099998176
v -0.250000000 -0.816664842 1.099998176
v -0.250000000 -0.800001001 1.100001001
v -0.266666667 -0.800001001 1.100001001
v 0.199989621 -0.749957621 0.950008424
v 0.199965962 -0.733326098 0.950031059
v 0.199977933 -0.733336749 0.966675475
v 0.199928644 -0.749994966 0.966684733
v -0.133333328 -0.899998468 1.016664834
v -0.116666653 -0.899998637 1.016664547
v -0.116666667 -0.899970502 1.033303828
v -0.133333336 -0.899970437 1.033303846
v 0.201305016 -0.449964534 0.782117978
v 0.201420496 -0.433164564 0.782085003
v 0.200618863 -0.433322653 0.799495131
v 0.200493624 -0.449979078 0.799540272
v 0.199914977 -0.833302844 1.050003614
v 0.199969229 -0.816666401 1.049989184
v 0.200494425 -0.816665398 1.067161730
v 0.200462288 -0.833303035 1.067161866
v -0.299850620 -0.470740537 0.787768099
v -0.300370415 -0.463675893 0.796743361
v -0.288054259 -0.461689794 0.795409758
v -0.283321455 -0.466722178 0.786486379
v -0.300016624 -0.482857280 0.783275984
v -0.283270753 -0.483045118 0.783570928
v -0.500073432 -0.883943700 0.913352120
v -0.496345599 -0.866497379 0.913805300
v -0.483242370 -0.866133836 0.917576606
v -0.483482222 -0.883996040 0.916722871
v -0.549987654 -0.816665065 1.099985207
v -0.533303760 -0.816664808 1.099968733
v -0.533303787 -0.800000979 1.099971518
v -0.549987409 -0.800000984 1.099988516
v -0.233760448 -0.366116137 0.849209285
v -0.239117697 -0.360875645 0.860639587
v -0.234367827 -0.351538835 0.866272080
v -0.229568880 -0.354433079 0.854498308
v -0.217460726 -0.346877400 0.865857224
v -0.216589214 -0.349736405 0.852661739
v -0.217727443 -0.362556969 0.846200911
v -0.416666702 -0.899998684 1.016664557
v -0.400000001 -0.899998501 1.016664871
v -0.399999995 -0.899970429 1.033303844
v -0.416666666 -0.899970486 1.033303834
v -0.033822592 -0.533263191 0.784027843
v -0.033636130 -0.516576753 0.784498390
v -0.017063836 -0.516581842 0.783967245
v -0.017085130 -0.533592302 0.780826347
v -0.512212224 -0.362068002 0.871539714
v -0.499814789 -0.363191260 0.870497590
v -0.499810298 -0.349875544 0.866989527
v -0.516303082 -0.349873428 0.869899345
v -0.311916107 -0.528585370 0.779132753
v -0.316636271 -0.516818048 0.780454733
v -0.304996003 -0.521415624 0.778816558
v -0.303942908 -0.529457365 0.778773059
v 0.200496399 -0.783333401 1.067162505
v 0.200495659 -0.766666676 1.067162476
v 0.201224612 -0.766666647 1.084557995
v 0.201224661 -0.783333474 1.084558041
v -0.370846432 -0.529275601 1.053362444
v -0.365472045 -0.520288303 1.049495771
v -0.353374870 -0.513170930 1.066807736
v -0.352712879 -0.513560349 1.049613377
v -0.516961786 -0.816888135 0.869365187
v -0.500195862 -0.812881357 0.870443831
v -0.499445062 -0.820482451 0.879054033
v -0.512005134 -0.822362418 0.877356249
v -0.516701014 -0.800365743 0.866598945
v -0.499964427 -0.799929810 0.866642446
v -0.250012403 -0.500162760 0.780755185
v -0.250031844 -0.483097861 0.783820569
v -0.233287619 -0.483538495 0.784018525
v -0.233328584 -0.500101494 0.781160451
v 0.016666667 -0.450000000 1.100000000
v 0.033333334 -0.450000000 1.100000000
v 0.033333334 -0.433333333 1.100000000
v 0.016666667 -0.433333333 1.100000000
v 0.133298617 -0.200039830 0.833372113
v 0.133302285 -0.200047425 0.850013004
v 0.149987279 -0.200039001 0.850014677
v 0.149976049 -0.200005009 0.833326535
v 0.028599829 -0.827900905 0.904910208
v 0.033254321 -0.816515593 0.902848046
v 0.038559592 -0.821407806 0.911608558
v 0.033388548 -0.833331388 0.916531413
v 0.016183949 -0.829436277 0.902873562
v 0.017037298 -0.836335179 0.912530910
v 0.016942508 -0.816483623 0.900182988
v 0.000003410 -0.200006560 1.000001341
v 0.000004309 -0.200016079 1.016664473
v 0.016666715 -0.200002252 1.016665029
v 0.016666409 -0.199997609 1.000001042
v -0.000007730 -0.899965430 0.983368313
v 0.016642840 -0.899991374 0.983337864
v 0.016664932 -0.899950864 1.000019218
v 0.000002121 -0.899980496 1.000011830
v -0.134958133 -0.232272352 0.899650659
v -0.130583988 -0.232845404 0.916429988
v -0.131976095 -0.215171739 0.916170985
v -0.135311384 -0.214942148 0.899332434
v -0.150207491 -0.300177337 0.983239763
v -0.146977073 -0.300428766 0.999791928
v -0.144268033 -0.289030298 0.994810774
v -0.146446092 -0.286836965 0.982543424
v -0.132935977 -0.284052514 0.999722199
v -0.137428671 -0.279821379 0.983895888
v -0.138272308 -0.295130361 1.004595272
v -0.283333200 -0.900000623 0.983332098
v -0.266666690 -0.899999004 0.983334468
v -0.266666657 -0.900001583 1.000000483
v -0.283333303 -0.900001588 1.000000639
v -0.200196977 -0.898188299 0.899320708
v -0.183409630 -0.897169329 0.903189818
v -0.183295534 -0.900828399 0.916945425
v -0.200009917 -0.901322142 0.916105969
v -0.196349941 -0.884115162 0.895550783
v -0.183834088 -0.883681604 0.897053218
v -0.000000000 -0.483333333 1.100000000
v 0.016666667 -0.483333333 1.100000000
v 0.016666667 -0.466666667 1.100000000
v -0.000000000 -0.466666667 1.100000000
v -0.428674084 -0.678295075 0.805044280
v -0.433697915 -0.683567912 0.813197714
v -0.438490368 -0.672149051 0.810865740
v -0.433510861 -0.667004196 0.802699073
v -0.416448765 -0.679959302 0.803753018
v -0.416992335 -0.686998587 0.812675963
v -0.416974265 -0.667641699 0.799686491
v 0.199944490 -0.533325275 0.850030437
v 0.199951200 -0.516664686 0.850014958
v 0.199993757 -0.516667952 0.866667434
v 0.199971353 -0.533334362 0.866671829
v -0.601332277 -0.549233634 1.050471282
v -0.598638615 -0.548836432 1.067482001
v -0.596523324 -0.537490588 1.062146839
v -0.597929129 -0.535898118 1.050319189
v -0.584311981 -0.535996032 1.063346706
v -0.584518651 -0.532218496 1.050959832
v -0.584537771 -0.544873946 1.071343830
v -0.283315671 -0.483353368 1.100304018
v -0.266594454 -0.483405393 1.099938145
v -0.266645126 -0.466698984 1.100322622
v -0.283729307 -0.466278643 1.101095009
v -0.216149762 -0.370808256 0.837030555
v -0.205024139 -0.361345390 0.844102040
v -0.200046968 -0.367142094 0.833580488
v -0.217021189 -0.383805020 0.830628202
v -0.205225576 -0.377985547 0.828044380
v -0.133333340 -0.483333324 1.100000004
v -0.116666667 -0.483333332 1.100000011
v -0.116666677 -0.466666655 1.099999996
v -0.133333334 -0.466666673 1.099999839
v -0.520149533 -0.446915972 0.915613921
v -0.516829328 -0.450719062 0.933776954
v -0.511365249 -0.438451151 0.928163722
v -0.513753354 -0.433454200 0.915961059
v -0.500444393 -0.436166031 0.930214071
v -0.500394568 -0.429349976 0.920469104
v -0.499980413 -0.446178698 0.937191381
v 0.198422128 -0.800528661 0.932364348
v 0.201193380 -0.783976070 0.932315679
v 0.200874995 -0.783432315 0.949774968
v 0.201297211 -0.800291353 0.949213063
v -0.500517971 -0.535837790 1.088138959
v -0.500749610 -0.535121147 1.097464722
v -0.483768793 -0.535078625 1.097314996
v -0.483575775 -0.534939621 1.084596889
v -0.500971103 -0.546300068 1.080390396
v -0.488138628 -0.544847709 1.078582561
v -0.500808974 -0.548212997 1.100993150
v -0.483542578 -0.548382363 1.101330596
v 0.033333331 -0.200000025 0.933333331
v 0.033333358 -0.200000029 0.950000008
v 0.049999998 -0.200000011 0.949999998
v 0.049999996 -0.199999996 0.933333332
v 0.049999998 -0.199999023 1.000000998
v 0.049999987 -0.200001778 1.016664838
v 0.066666646 -0.200001857 1.016664842
v 0.066666647 -0.199999035 1.000001001
v 0.201592971 -0.884604500 1.032884251
v 0.200845787 -0.867169243 1.033146923
v 0.200514518 -0.867139036 1.050018309
v 0.201272906 -0.884511541 1.049981312
v 0.100631749 -0.383311883 0.769536961
v 0.095379021 -0.378405256 0.779337779
v 0.096700980 -0.366072130 0.780244184
v 0.103838538 -0.366034138 0.770238846
v 0.117077367 -0.366175178 0.765912983
v 0.116493596 -0.383205435 0.765798361
v 0.037504024 -0.850014299 0.929644163
v 0.037689868 -0.837847378 0.928409259
v 0.045199924 -0.838161414 0.928873347
v 0.050207288 -0.849949981 0.930701633
v -0.597610181 -0.293977276 0.836704980
v -0.599652654 -0.299115904 0.849969184
v -0.598872956 -0.285508399 0.848943387
v -0.597509559 -0.286624360 0.836433790
v -0.584553158 -0.295491095 0.835130276
v -0.584937919 -0.303817896 0.845365086
v -0.585050716 -0.281388731 0.848864089
v -0.584642584 -0.285649604 0.835161152
v -0.466675899 -0.530071701 1.019570758
v -0.466147145 -0.538059725 1.029258964
v -0.449482376 -0.537264584 1.032742808
v -0.449516900 -0.530478684 1.019950734
v -0.466263578 -0.547523034 1.036635120
v -0.454208609 -0.546111261 1.036977307
v -0.346036587 -0.897254044 0.869642584
v -0.349790778 -0.898650047 0.882754167
v -0.350367488 -0.883968582 0.879558306
v -0.350044658 -0.883986363 0.868704292
v -0.333568244 -0.898115538 0.868961735
v -0.333653690 -0.901560304 0.882044068
v -0.338429130 -0.879240360 0.878109205
v -0.333541727 -0.883691936 0.868751356
v -0.083743853 -0.383089488 0.799398092
v -0.084147496 -0.365800276 0.799293538
v -0.067384587 -0.365731139 0.798902150
v -0.066572194 -0.383550135 0.796203271
v -0.350738613 -0.382611081 0.866940349
v -0.349868034 -0.385920201 0.880181586
v -0.333391473 -0.385798246 0.879833170
v -0.333675007 -0.382050750 0.867308650
v -0.350423956 -0.395251473 0.887647447
v -0.333051002 -0.395563982 0.887546948
v -0.083436383 -0.566559455 0.783313597
v -0.082627985 -0.554066929 0.779280127
v -0.066335441 -0.550132134 0.780133547
v -0.066547195 -0.567026931 0.782998100
v -0.533262643 -0.550052788 0.766027185
v -0.533384275 -0.533414070 0.765553816
v -0.516684002 -0.533484811 0.766017350
v -0.516658040 -0.550537015 0.766057399
v -0.133469168 -0.783353263 0.883630691
v -0.133327888 -0.766636179 0.883417711
v -0.116852926 -0.766722761 0.882692561
v -0.116680896 -0.783329531 0.883164525
v 0.133303808 -0.650000000 1.099970475
v 0.149987454 -0.650000000 1.099987454
v 0.149987454 -0.633333333 1.099987454
v 0.133303808 -0.633333333 1.099970475
v -0.016378423 -0.350204489 0.797155604
v -0.016132891 -0.333778402 0.800241559
v -0.003572273 -0.333133997 0.796263401
v -0.005087472 -0.345270285 0.794680868
v -0.483489946 -0.467052374 0.966389094
v -0.483402556 -0.470947554 0.979377966
v -0.466752667 -0.466537363 0.980386581
v -0.466582115 -0.463963050 0.966377146
v -0.483026757 -0.479471006 0.987720227
v -0.466734498 -0.479337375 0.987463504
v -0.034104873 -0.198534683 0.815795310
v -0.033601074 -0.198794317 0.832864875
v -0.016632672 -0.199503769 0.833209097
v -0.016999279 -0.198785494 0.815839822
v -0.232606721 -0.403125760 0.803233232
v -0.233343711 -0.400070839 0.816594221
v -0.220190192 -0.396240808 0.816292448
v -0.216872087 -0.399259516 0.799156766
v -0.233381630 -0.416543041 0.799534146
v -0.220436297 -0.415191044 0.795226094
v 0.116664842 -0.683333333 1.099998176
v 0.133303808 -0.683333333 1.099970475
v 0.133303808 -0.666666667 1.099970475
v 0.116664842 -0.666666667 1.099998176
v -0.083333333 -0.900495774 1.067162445
v -0.066666667 -0.900495775 1.067162447
v -0.066666667 -0.901224675 1.084558008
v -0.083333333 -0.901224675 1.084558008
v 0.200001001 -0.383333333 1.000001001
v 0.200001001 -0.366666666 1.000001001
v 0.199998176 -0.366666666 1.016664842
v 0.199998176 -0.383333333 1.016664842
v -0.166666667 -0.683333333 1.100000000
v -0.150000000 -0.683333333 1.100000000
v -0.150000000 -0.666666667 1.100000000
v -0.166666667 -0.666666667 1.100000000
v -0.366666667 -0.900495777 1.067162444
v -0.350000000 -0.900495777 1.067162444
v -0.350000000 -0.901224675 1.084558008
v -0.366666667 -0.901224675 1.084558008
v -0.238088849 -0.678747360 0.821449354
v -0.233666191 -0.666169186 0.819473269
v -0.228264048 -0.671807577 0.827689522
v -0.233045705 -0.683389502 0.832948099
v -0.249888643 -0.683796296 0.818543109
v -0.244513330 -0.689050697 0.827749068
v -0.249787575 -0.666619931 0.816633642
v 0.033333334 -0.566666667 1.100000000
v 0.049999997 -0.566666667 1.099999997
v 0.049999997 -0.550000000 1.099999997
v 0.033333334 -0.550000000 1.100000000
v -0.300000000 -0.683333333 1.100000000
v -0.283333333 -0.683333333 1.100000000
v -0.283333333 -0.666666667 1.100000000
v -0.300000000 -0.666666667 1.100000003
v -0.567160899 -0.900480741 0.983340870
v -0.549988524 -0.899969696 0.983338633
v -0.549987701 -0.899989251 0.999998797
v -0.567162913 -0.900496854 0.999999372
v -0.033333333 -0.733333334 1.100000000
v -0.016666667 -0.733333334 1.100000000
v -0.016666667 -0.716666667 1.100000000
v -0.033333333 -0.716666667 1.100000000
v -0.316666667 -0.733333334 1.100000000
v -0.300000000 -0.733333334 1.100000000
v -0.300000000 -0.716666667 1.100000000
v -0.316666667 -0.716666667 1.100000000
v -0.033338801 -0.232846379 1.100531843
v -0.016649423 -0.232836954 1.100473659
v -0.016634885 -0.215447572 1.101204344
v -0.033358385 -0.215464764 1.101255896
v -0.050507312 -0.199073793 1.016765395
v -0.050066257 -0.199601683 1.033420266
v -0.033306583 -0.199789147 1.033298283
v -0.033401275 -0.199830224 1.016660202
v -0.266666668 -0.599999995 1.099999885
v -0.250000005 -0.599999996 1.100000004
v -0.250000005 -0.583333323 1.099999916
v -0.266666579 -0.583333385 1.099999816
v -0.211360903 -0.479513825 0.772056674
v -0.216406983 -0.483429388 0.780741774
v -0.216757395 -0.467006585 0.780229821
v -0.211631645 -0.471094759 0.771594576
v -0.199932296 -0.483713671 0.769970310
v -0.204907655 -0.488137619 0.778580559
v -0.205785796 -0.461916503 0.777473437
v -0.200223199 -0.466649122 0.769179807
v -0.598852101 -0.348851481 0.815202920
v -0.601427408 -0.349462081 0.832455666
v -0.597746859 -0.336313366 0.833106161
v -0.596620246 -0.337946868 0.820698346
v -0.584569837 -0.329968617 0.832862053
v -0.584528329 -0.336114341 0.819848627
v -0.584864794 -0.345034344 0.811516297
v -0.601224675 -0.733333334 1.084558008
v -0.597644732 -0.733333334 1.097644732
v -0.597644732 -0.716666667 1.097644732
v -0.601224675 -0.716666666 1.084558008
v -0.584558008 -0.733333334 1.101224675
v -0.584558008 -0.716666666 1.101224675
v -0.083437438 -0.649313339 0.853209969
v -0.066690414 -0.645544598 0.854609001
v -0.066632073 -0.652340371 0.863596935
v -0.078296389 -0.654728382 0.861963040
v -0.083106279 -0.636648451 0.846877534
v -0.066755527 -0.636122889 0.847158489
v -0.250031472 -0.900984844 0.916282817
v -0.233312680 -0.901126516 0.916279886
v -0.233342841 -0.900487033 0.932977152
v -0.250010182 -0.900476826 0.932950587
v 0.201225254 -0.215441672 0.883332222
v 0.197645208 -0.202354775 0.883332236
v 0.197644780 -0.202355223 0.899999887
v 0.201224764 -0.215441998 0.899999887
v 0.184558305 -0.198774714 0.883332189
v 0.184558002 -0.198775228 0.899999845
v -0.383333333 -0.901224675 1.084558008
v -0.366666667 -0.897644732 1.097644732
v -0.383333333 -0.897644732 1.097644732
v -0.366666667 -0.884558008 1.101224675
v -0.383333333 -0.884558008 1.101224675
v 0.050001019 -0.899968188 1.033302391
v 0.066667490 -0.899952618 1.033308446
v 0.066667215 -0.899990002 1.049985681
v 0.050000109 -0.899989745 1.049986374
v -0.533330146 -0.898325337 0.915864989
v -0.516800472 -0.897495635 0.919478965
v -0.516749857 -0.900698399 0.933077443
v -0.533313024 -0.900556850 0.932784099
v -0.528263260 -0.889888779 0.910631364
v -0.515912669 -0.888075726 0.912097167
v -0.233618145 -0.516832011 0.769873512
v -0.237654264 -0.511632126 0.778554191
v -0.228476822 -0.505745787 0.772724012
v -0.216597665 -0.496364233 0.780241044
v -0.215709236 -0.503840031 0.771414672
v -0.216851539 -0.516993575 0.766656698
v -0.278396011 -0.429348930 0.938244182
v -0.283856992 -0.430689227 0.950406561
v -0.266489046 -0.431740676 0.949054986
v -0.265714636 -0.431539583 0.936614840
v 0.116408482 -0.300468866 0.785037921
v 0.116218552 -0.283375391 0.781295824
v 0.133638512 -0.283912183 0.784077092
v 0.132996402 -0.300053691 0.784683254
v -0.550181749 -0.666640273 0.833449551
v -0.550123477 -0.649504915 0.833954819
v -0.532971797 -0.649138251 0.834657845
v -0.533150399 -0.666253970 0.834073509
v -0.600000080 -0.599997051 1.000002651
v -0.599979872 -0.600001874 1.016666046
v -0.599935675 -0.583367507 1.016652700
v -0.599958891 -0.583341956 0.999998974
v 0.199999977 -0.483333333 0.966666644
v 0.199999977 -0.466666667 0.966666644
v 0.200000103 -0.466666667 0.983333436
v 0.200000103 -0.483333333 0.983333436
v -0.150010262 -0.899920881 0.950055933
v -0.133343923 -0.899975288 0.950050760
v -0.133336670 -0.899958812 0.966684544
v -0.150000146 -0.899969279 0.966676708
v -0.516861099 -0.516447110 0.765745173
v -0.517013764 -0.499718736 0.766143334
v -0.500249276 -0.499984009 0.765702656
v -0.500029790 -0.516625084 0.766340109
v -0.150576890 -0.316304641 0.849095578
v -0.155417077 -0.311083139 0.861533036
v -0.152890727 -0.299738914 0.866308422
v -0.146743513 -0.300128048 0.852935346
v -0.133564635 -0.299060300 0.846143777
v -0.138594597 -0.311253962 0.843821666
v -0.017152048 -0.399635531 0.782852854
v -0.016933304 -0.382991547 0.786266005
v -0.000770790 -0.382824772 0.782863295
v -0.000061675 -0.400221438 0.779256707
v -0.433353537 -0.900355958 0.949847524
v -0.416668589 -0.900118381 0.950017730
v -0.416660437 -0.899959536 0.966695435
v -0.433332803 -0.900000517 0.966686041
v 0.100442202 -0.566865402 0.797107551
v 0.104118788 -0.555146287 0.794823993
v 0.112288413 -0.555550927 0.794304154
v 0.116487887 -0.566862146 0.796833211
v -0.088285287 -0.845050631 0.888334081
v -0.086679534 -0.832953182 0.886969995
v -0.079427711 -0.833459951 0.896328855
v -0.083235255 -0.849990330 0.897116024
v -0.099912083 -0.846709727 0.886378042
v -0.099399066 -0.853853551 0.895899820
v -0.099689291 -0.833458458 0.882493774
v -0.579223395 -0.461495352 0.937913110
v -0.584266036 -0.462880211 0.950405543
v -0.570853613 -0.462334807 0.950245801
v -0.571204232 -0.461870610 0.937324002
v 0.200000103 -0.433333333 0.983333436
v 0.200000103 -0.416666667 0.983333436
v 0.200001001 -0.416666667 1.000001001
v 0.200001001 -0.433333333 1.000001001
v 0.149987455 -0.766666643 1.099987430
v 0.167162444 -0.749999997 1.100495773
v 0.149987454 -0.749999997 1.099987451
v -0.450018187 -0.446370064 0.779788018
v -0.449699239 -0.433060816 0.783191983
v -0.432803456 -0.432724732 0.779872127
v -0.437531260 -0.444489258 0.777752817
v -0.388172454 -0.895883180 0.887803336
v -0.383111347 -0.884183431 0.885853791
v -0.378940783 -0.889387263 0.894760345
v -0.383243347 -0.898184240 0.899412140
v -0.400252926 -0.897735184 0.885648231
v -0.400249477 -0.901289576 0.898788745
v -0.400140366 -0.884199308 0.882785760
v -0.133112182 -0.383592848 0.816872667
v -0.133317216 -0.366695074 0.817463553
v -0.116526747 -0.366931287 0.817019651
v 0.149988483 -0.266695360 1.099956069
v 0.167151022 -0.250022435 1.100504541
v 0.149986378 -0.250013622 1.099977060
v 0.103717241 -0.787214505 0.899103244
v 0.116753280 -0.783444658 0.900121645
v 0.116673361 -0.785259112 0.917918118
v 0.104856213 -0.787539548 0.912746900
v 0.016666667 -0.867162443 1.100495777
v 0.033333334 -0.867162443 1.100495777
v 0.033333334 -0.849987454 1.099987455
v 0.016666667 -0.849987454 1.099987454
v -0.183293640 -0.400041355 1.100282755
v -0.166607568 -0.400066027 1.099944428
v -0.166638059 -0.383376089 1.100321045
v -0.183669928 -0.383014986 1.101076459
v 0.137927050 -0.628228597 0.838254021
v 0.132899932 -0.633271528 0.847313646
v 0.128244997 -0.622157543 0.844101994
v 0.133162633 -0.619840822 0.832773483
v 0.150227673 -0.629934789 0.836780881
v 0.149516948 -0.637088696 0.846048357
v 0.149885234 -0.621168268 0.829219655
v -0.599999987 -0.699999974 0.966666636
v -0.600000057 -0.700000001 0.983333448
v -0.600000092 -0.683333335 0.983333446
v -0.599999968 -0.683333334 0.966666620
v -0.066666981 -0.333330165 1.099977259
v -0.050002690 -0.333331255 1.100003914
v -0.050002147 -0.316663927 1.099986199
v -0.066644193 -0.316681069 1.099926863
v 0.083333436 -0.433333333 1.100000103
v 0.100001001 -0.433333333 1.100001001
v 0.100001001 -0.416666667 1.100001001
v 0.083333436 -0.416666667 1.100000103
v -0.150000000 -0.800001001 1.100001001
v -0.133333333 -0.800001001 1.100001001
v -0.133333333 -0.783333436 1.100000103
v -0.150000000 -0.783333436 1.100000103
v -0.600495912 -0.783333431 1.067162416
v -0.601224764 -0.783333454 1.084558003
v -0.601224663 -0.766666642 1.084557998
v -0.600495760 -0.766666640 1.067162440
v -0.249999921 -0.566666702 1.099999774
v -0.233333344 -0.566666652 1.099999956
v -0.233333279 -0.550000027 1.099999751
v -0.249999773 -0.550000241 1.100000165
v -0.199980241 -0.433370657 1.099924767
v -0.183332837 -0.433339129 1.099957372
v -0.183296049 -0.416716998 1.099937660
v -0.199940132 -0.416720344 1.100121620
v -0.133444661 -0.333373284 0.833157951
v -0.132921269 -0.316891869 0.835836597
v -0.116180144 -0.317120526 0.836983133
v -0.116108294 -0.333917147 0.833567549
v -0.216228488 -0.400507038 1.016729989
v -0.216656956 -0.397223278 1.033240340
v -0.204767508 -0.395467264 1.028891479
v -0.203259870 -0.397090407 1.016118777
v -0.533670758 -0.549849555 1.084164491
v -0.533714070 -0.553051025 1.097476473
v -0.517236836 -0.548812843 1.097937472
v -0.517098647 -0.546581422 1.084464011
v -0.533414048 -0.566088371 1.101078104
v -0.516997506 -0.565857858 1.100856466
v 0.200000907 -0.450000529 0.850000302
v 0.199995603 -0.433333121 0.850002215
v 0.200001828 -0.433333173 0.866665275
v 0.200002167 -0.449999975 0.866665584
v -0.550336510 -0.496971683 0.986634805
v -0.549872272 -0.504399359 0.995354296
v -0.533265721 -0.500023955 0.997026340
v -0.538176389 -0.494883788 0.988905594
v -0.549959124 -0.513482522 1.003354582
v -0.533195044 -0.513300018 1.003129084
v -0.549983246 -0.599982209 1.099985676
v -0.533293578 -0.599989194 1.099973059
v -0.533288116 -0.582996284 1.100453112
v -0.549958612 -0.582809792 1.100531540
v -0.412243101 -0.361222433 0.833273521
v -0.419722293 -0.352073963 0.832949123
v -0.421068565 -0.353722252 0.845411585
v -0.415507735 -0.362881399 0.850162111
v -0.432491581 -0.348599756 0.833038721
v -0.432872926 -0.351491770 0.850457496
v -0.427613800 -0.360340844 0.856112340
v -0.062789311 -0.533565878 0.779432780
v -0.049640417 -0.533312003 0.783892138
v -0.050087233 -0.550295358 0.783488493
v -0.396038855 -0.462292719 0.954553246
v -0.399697209 -0.464053218 0.966307503
v -0.383438609 -0.463839427 0.966343373
v -0.387820316 -0.462123178 0.954775291
v 0.133303808 -0.200029475 0.899999979
v 0.133303809 -0.200029540 0.916666678
v 0.149987454 -0.200012561 0.916666679
v 0.149987440 -0.200012414 0.899999953
v -0.000134815 -0.516466089 0.780703513
v 0.000102193 -0.499260215 0.780367104
v 0.016367909 -0.499267317 0.779675833
v 0.012021108 -0.511471137 0.778082435
v -0.000002817 -0.199517521 1.067163019
v 0.000002217 -0.198781760 1.084558404
v 0.016666290 -0.198774102 1.084558351
v 0.016666311 -0.199504701 1.067162432
v -0.049374051 -0.733114992 0.883980249
v -0.049531471 -0.716447556 0.883175002
v -0.033690615 -0.717022482 0.880512510
v -0.599953753 -0.483334660 0.866665334
v -0.599934666 -0.483361360 0.883314885
v -0.600120993 -0.466707484 0.883293026
v -0.599932472 -0.466683422 0.866646623
v -0.332984702 -0.650186179 0.786160765
v -0.333161910 -0.634381463 0.779579743
v -0.316771988 -0.633523476 0.783010026
v -0.317100694 -0.650283878 0.786011709
v -0.528147468 -0.344797206 0.872220038
v -0.532564654 -0.332290473 0.869978930
v -0.537766136 -0.337918926 0.878403889
v -0.533496698 -0.349828225 0.880728415
v -0.549496097 -0.329413217 0.870480481
v -0.550114369 -0.336350848 0.879589224
v -0.549536960 -0.349224337 0.883999954
v -0.278904164 -0.511526672 0.777953520
v -0.283209747 -0.499622827 0.780138079
v -0.266633643 -0.500112564 0.780529640
v -0.270747655 -0.511547179 0.778042903
v -0.601373517 -0.667146218 0.848952058
v -0.601022913 -0.666784060 0.866053402
v -0.600597637 -0.649983389 0.866383017
v -0.601172207 -0.650164379 0.849537406
v -0.138286394 -0.311764370 1.072076939
v -0.137173317 -0.313183710 1.084128573
v -0.130367929 -0.300094190 1.083803980
v -0.132943802 -0.300640914 1.066725407
v -0.121445169 -0.295019294 1.079619091
v -0.121159545 -0.295647935 1.070744612
v -0.199999694 -0.899970813 0.966678902
v -0.183333856 -0.899981943 0.966663928
v -0.183333496 -0.899998662 0.983333711
v -0.200000026 -0.899997924 0.983333822
v -0.567234241 -0.512963246 0.779567519
v -0.566581281 -0.500482956 0.783160261
v -0.550009510 -0.500314243 0.780777121
v -0.554538418 -0.511837828 0.778425200
v -0.483208078 -0.812675825 0.870648352
v -0.466478827 -0.816052659 0.869631388
v -0.471382141 -0.821400966 0.878070107
v -0.483645854 -0.820133264 0.879494153
v -0.483144957 -0.799811630 0.867048597
v -0.466532613 -0.799955864 0.866801250
v -0.599996531 -0.750000222 0.949999056
v -0.600001405 -0.750000040 0.966665740
v -0.600001052 -0.733333366 0.966666246
v -0.600001973 -0.733333779 0.949997636
v 0.200000118 -0.533333300 0.916666729
v 0.199999887 -0.516666664 0.916666711
v 0.199999972 -0.516666669 0.933333334
v 0.199999919 -0.533333340 0.933333358
v -0.233412357 -0.649456175 0.817170640
v -0.233027165 -0.636540392 0.813061587
v -0.216905429 -0.636594507 0.813450375
v -0.216723636 -0.649215681 0.819780275
v -0.483333093 -0.899990749 0.966655141
v -0.466667242 -0.899992761 0.966649133
v -0.466666551 -0.899969221 0.983362827
v -0.483333637 -0.899967917 0.983366777
v 0.199998176 -0.616666667 1.016664840
v 0.199998178 -0.600000000 1.016664842
v 0.199970475 -0.600000000 1.033303809
v 0.199970476 -0.616666667 1.033303808
v -0.584665484 -0.352603756 0.801787588
v -0.567210875 -0.345210080 0.811672623
v -0.567276829 -0.352746343 0.802228042
v -0.584839435 -0.365719345 0.798114952
v -0.567478296 -0.365887193 0.798884004
v -0.511204936 -0.644554516 0.822186305
v -0.516640835 -0.649494077 0.831873567
v -0.521015394 -0.637798188 0.829062219
v -0.516763904 -0.633226777 0.816847380
v -0.499867297 -0.650276529 0.816544998
v -0.504947780 -0.654772786 0.828631013
v -0.505379203 -0.638981408 0.811112984
v -0.233333067 -0.533333600 1.099999886
v -0.216666633 -0.533333358 1.099999746
v -0.216666390 -0.516666944 1.099999826
v -0.233333405 -0.516666674 1.100002671
v -0.083333333 -0.633333333 1.100000000
v -0.066666667 -0.633333333 1.100000000
v -0.066666667 -0.616666667 1.100000000
v -0.083333333 -0.616666667 1.100000000
v 0.200093722 -0.800006008 1.000030699
v 0.199969907 -0.783346330 1.000006295
v 0.199976584 -0.783337252 1.016663163
v 0.199970930 -0.800015104 1.016676894
v -0.428920028 -0.428492297 0.904149613
v -0.433057621 -0.429854066 0.916566237
v -0.416701661 -0.430549535 0.916643421
v -0.416024330 -0.429938798 0.902708535
v 0.033333209 -0.199998579 1.000000988
v 0.033333219 -0.200001341 1.016664865
v -0.366666819 -0.633332348 1.100001799
v -0.349999980 -0.633332972 1.100001068
v -0.350000500 -0.616664962 1.100001914
v -0.366667390 -0.616667378 1.099995659
v 0.154368064 -0.828195882 0.938420359
v 0.150202803 -0.833268108 0.946927914
v 0.145363743 -0.822115234 0.944634313
v 0.150241222 -0.816681636 0.936386247
v 0.162520477 -0.827919012 0.938504274
v 0.166920201 -0.816610585 0.936265136
v 0.170883869 -0.821596793 0.944727253
v 0.166706125 -0.833629635 0.946385540
v -0.584558008 -0.700000004 1.101224673
v -0.567162444 -0.700000004 1.100495773
v -0.567162440 -0.683333362 1.100495759
v -0.584557997 -0.683333360 1.101224662
v -0.299999913 -0.600000091 1.100001222
v -0.283333264 -0.600000072 1.099999852
v -0.283333220 -0.583333471 1.100001225
v -0.300000717 -0.583332609 1.100003719
v 0.066674290 -0.198740528 0.782180846
v 0.066689219 -0.199527934 0.799527685
v 0.083304448 -0.199516649 0.799536695
v 0.083343351 -0.198731324 0.782137429
v -0.066690353 -0.900985791 0.932776022
v -0.049993414 -0.901102022 0.932596836
v -0.050010286 -0.900518428 0.949490227
v -0.066663102 -0.900528155 0.949507236
v 0.016801165 -0.533693822 0.768383747
v 0.017045464 -0.516043442 0.768867918
v 0.033335757 -0.516836038 0.768777754
v 0.034068098 -0.533590160 0.765051704
v -0.516664841 -0.666666643 1.099998227
v -0.500000996 -0.666666707 1.100001011
v -0.500001077 -0.649999640 1.100001506
v -0.516664880 -0.649999482 1.099998750
v -0.466705995 -0.531479864 1.084241424
v -0.466528731 -0.534743149 1.097608614
v -0.450100923 -0.535189897 1.097782670
v -0.449689171 -0.531019135 1.084528363
v -0.466500602 -0.548558541 1.101462060
v -0.449692570 -0.548794324 1.101295227
v -0.349994285 -0.900125919 0.933340391
v -0.333313659 -0.899955269 0.933346463
v -0.333328880 -0.899958747 0.950001830
v -0.349994401 -0.899981961 0.949998681
v 0.136590752 -0.767643269 0.882555856
v 0.150131677 -0.762903664 0.886592350
v 0.149721583 -0.766381268 0.900868828
v 0.136856738 -0.769489159 0.900259184
v 0.139017663 -0.755713768 0.877099842
v 0.150589632 -0.750254857 0.879398395
v 0.201024168 -0.633556219 0.883062458
v 0.200322748 -0.616655032 0.883322405
v 0.199944192 -0.616630520 0.900051698
v 0.200256998 -0.633328821 0.900027816
v 0.121163898 -0.528618555 0.796151324
v 0.120986892 -0.521457099 0.796739764
v 0.133269165 -0.520725220 0.797758413
v 0.133317002 -0.529502070 0.797031834
v -0.149677601 -0.449673460 0.768348437
v -0.144897907 -0.444377253 0.777347569
v -0.132386927 -0.446051040 0.778516055
v -0.133239810 -0.453309534 0.769214698
v -0.149629231 -0.466222316 0.766068216
v -0.133126713 -0.466541972 0.766191705
v -0.599968809 -0.833303730 1.016664835
v -0.599940348 -0.833304088 1.033304108
v -0.599968714 -0.816664809 1.033303769
v -0.599996368 -0.816664811 1.016664852
v -0.479032676 -0.595129750 0.771073478
v -0.483080922 -0.597448545 0.783220269
v -0.488213086 -0.589416224 0.777101062
v -0.483320622 -0.584203767 0.768259070
v -0.471019506 -0.595533220 0.771104707
v -0.466935566 -0.583724626 0.768675030
v -0.462005882 -0.588980652 0.777707326
v -0.466920029 -0.600096302 0.783251206
v -0.420116289 -0.466052267 0.769621024
v -0.420019559 -0.449670034 0.769702118
v -0.412659465 -0.449417305 0.778888031
v -0.412825644 -0.467136025 0.779721917
v -0.432869862 -0.466444328 0.765722334
v -0.432552661 -0.449806332 0.768796426
v -0.169169763 -0.333513948 0.966612882
v -0.162994082 -0.333995385 0.983145921
v -0.160850118 -0.321935851 0.978312581
v -0.163868586 -0.316610365 0.966248553
v -0.153145484 -0.316616411 0.983791496
v -0.155802053 -0.311235308 0.971687163
v -0.154604766 -0.328695249 0.987373320
v -0.033300888 -0.200070569 0.883350267
v -0.033328716 -0.200038705 0.900000379
v -0.016669838 -0.199999632 0.899997487
v -0.016664993 -0.200024143 0.883331431
v -0.162896718 -0.799690599 0.879468942
v -0.166290803 -0.783094897 0.880774978
v -0.150356261 -0.783344136 0.883895170
v -0.150259396 -0.799837772 0.883642462
v 0.199977054 -0.583336150 0.900003372
v 0.199997973 -0.566668414 0.899999349
v 0.200002925 -0.566666702 0.916665925
v 0.200003919 -0.583334962 0.916664512
v 0.200495777 -0.383333333 1.067162443
v 0.200495777 -0.366666666 1.067162444
v 0.201224675 -0.366666666 1.084558008
v 0.201224675 -0.383333333 1.084558008
v -0.266595950 -0.446328889 0.796267783
v -0.266387461 -0.433455138 0.800517403
v -0.249375923 -0.433347502 0.800180448
v -0.250226959 -0.446180617 0.796202908
v -0.567151017 -0.900504527 1.049977581
v -0.549986379 -0.899977039 1.049986393
v -0.549977566 -0.900504540 1.067151021
v -0.567145466 -0.901025507 1.067145466
v -0.049801476 -0.329882260 0.813076009
v -0.049467957 -0.317399216 0.817231786
v -0.036476824 -0.317131108 0.813586227
v -0.037700667 -0.328881436 0.811998609
v 0.100001001 -0.816664843 1.099999175
v 0.116664816 -0.816664816 1.099996404
v 0.116664843 -0.800001001 1.099999175
v 0.100001002 -0.800001002 1.100001998
v 0.149987454 -0.683333333 1.099987454
v 0.167162443 -0.683333333 1.100495777
v 0.167162443 -0.666666667 1.100495777
v 0.149987454 -0.666666667 1.099987454
v -0.050387521 -0.198243235 1.084616869
v -0.050673283 -0.202143050 1.097889429
v -0.033373149 -0.202380637 1.097637499
v -0.033349602 -0.198749135 1.084542098
v -0.050604696 -0.215397087 1.101675609
v -0.183333333 -0.816664842 1.099998176
v -0.166666667 -0.816664842 1.099998176
v -0.166666667 -0.800001001 1.100001001
v -0.183333333 -0.800001001 1.100001001
v 0.100001001 -0.316666564 1.100001103
v 0.116664844 -0.316666563 1.099998276
v 0.116664843 -0.299998999 1.099999175
v 0.100001002 -0.299998998 1.100001998
v -0.116666667 -0.884558008 1.101224675
v -0.100000000 -0.884558008 1.101224675
v -0.100000000 -0.867162443 1.100495777
v -0.116666667 -0.867162443 1.100495777
v -0.066666667 -0.749999997 1.099999997
v -0.050000000 -0.749999997 1.099999997
v -0.050000000 -0.733333334 1.100000000
v -0.066666667 -0.733333334 1.100000000
v 0.012227694 -0.645452246 0.837897657
v 0.017055288 -0.636723209 0.832559098
v 0.022060026 -0.639175434 0.844494042
v 0.016982752 -0.650276289 0.847116831
v -0.000449798 -0.647253117 0.836515437
v 0.000404853 -0.654222491 0.845808237
v -0.000042858 -0.637739704 0.829061668
v -0.249999937 -0.899997508 0.983336374
v -0.233333233 -0.899998107 0.983335606
v -0.233333351 -0.900001939 1.000000709
v -0.250000004 -0.900001633 1.000000816
v 0.201224673 -0.215441992 0.949999996
v 0.197644730 -0.202355270 0.949999996
v 0.197644721 -0.202355279 0.966666643
v 0.201224663 -0.215442001 0.966666642
v 0.184558008 -0.198775327 0.949999996
v 0.184557998 -0.198775337 0.966666642
v -0.400000000 -0.884558008 1.101224675
v -0.383333333 -0.867162443 1.100495777
v -0.400000000 -0.867162443 1.100495777
v -0.116670763 -0.383332890 1.099977896
v -0.100002492 -0.383330660 1.100001176
v -0.100002214 -0.366667129 1.099968336
v -0.116651890 -0.366691468 1.099932588
v -0.350000000 -0.749999997 1.099999997
v -0.333333333 -0.749999997 1.099999997
v -0.333333333 -0.733333334 1.100000000
v -0.350000000 -0.733333334 1.100000000
v -0.067145259 -0.250009261 1.100768853
v -0.050121133 -0.250023793 1.100311050
v -0.050316886 -0.232854766 1.100997178
v -0.067131335 -0.232849417 1.101298956
v -0.533304182 -0.899957299 0.983343865
v -0.516664306 -0.899978324 0.983345306
v -0.516664805 -0.899996764 1.000002425
v -0.533303799 -0.899971207 1.000000974
v -0.085964579 -0.230660614 1.016511761
v -0.086112808 -0.230605598 1.033251221
v -0.080273283 -0.216671883 1.033816965
v -0.082824933 -0.216850615 1.016577352
v -0.016644433 -0.200081512 0.866689958
v -0.000002750 -0.199996621 0.883330535
v -0.000002103 -0.200025664 0.866669030
v -0.567172732 -0.650144756 0.830110819
v -0.562069173 -0.638692168 0.828288312
v -0.549463966 -0.636608245 0.830651309
v 0.199970475 -0.483333333 1.033303808
v 0.199970475 -0.466666667 1.033303808
v 0.199987454 -0.466666667 1.049987454
v 0.199987454 -0.483333333 1.049987454
v -0.150000015 -0.899998213 1.016664891
v -0.150000002 -0.899970425 1.033303831
v -0.416724413 -0.750038501 0.833286041
v -0.417318243 -0.737249881 0.828976691
v -0.404929963 -0.739051452 0.827396025
v -0.399920971 -0.750795788 0.829625090
v -0.154763484 -0.311812394 0.921965474
v -0.153021875 -0.314075901 0.932968143
v -0.145978975 -0.301305863 0.933562809
v -0.152577042 -0.300046905 0.916792457
v -0.088052335 -0.677553395 0.872443215
v -0.083053495 -0.666380876 0.867036151
v -0.077909216 -0.671175761 0.879093556
v -0.083037028 -0.682988393 0.881568279
v -0.100379221 -0.679430928 0.870922623
v -0.100036427 -0.686484677 0.880545932
v -0.099480963 -0.670612903 0.862742454
v -0.433333346 -0.899998728 1.016664380
v -0.433333334 -0.899970537 1.033303774
v -0.299599115 -0.385405521 0.849815964
v -0.299544709 -0.382411461 0.866574095
v -0.282852935 -0.382445066 0.866539186
v -0.282515577 -0.383207226 0.849965080
v -0.584324709 -0.680108933 0.836114138
v -0.567116376 -0.683496199 0.835855933
v -0.572028632 -0.688792528 0.844409984
v -0.584911131 -0.687109715 0.845505158
v -0.584518997 -0.667147463 0.832347664
v -0.567287868 -0.667178671 0.832764448
v -0.044682704 -0.429572410 0.788847484
v -0.049775552 -0.433917620 0.797943484
v -0.049974561 -0.417435748 0.797594049
v -0.044928889 -0.421163816 0.788667655
v -0.033255210 -0.433572984 0.786325140
v -0.038225571 -0.438339180 0.795250804
v -0.038867837 -0.412118142 0.795086156
v -0.033596022 -0.416799530 0.786203294
v 0.199987454 -0.433333333 1.049987454
v 0.199987454 -0.416666667 1.049987454
v 0.200495777 -0.416666667 1.067162443
v 0.200495777 -0.433333333 1.067162443
v 0.167162440 -0.199504239 0.966666640
v 0.167162416 -0.199504088 0.983333431
v 0.184558003 -0.198775235 0.983333454
v 0.016378798 -0.198783921 0.799205985
v 0.016699721 -0.199531786 0.816578115
v 0.033375385 -0.199883493 0.816696699
v 0.033252771 -0.198941711 0.799439984
v -0.116662930 -0.900144957 0.949974290
v -0.100001763 -0.900272152 0.949860704
v -0.099999625 -0.899998877 0.966691251
v -0.116669385 -0.899968895 0.966693939
v -0.266750120 -0.482892393 0.783306320
v -0.399986497 -0.899946899 0.950044523
v -0.383328927 -0.899975456 0.950019177
v -0.383335196 -0.899982012 0.966665501
v -0.399996986 -0.899951670 0.966677137
v -0.549268292 -0.483861789 0.783403555
v -0.533160846 -0.483268883 0.780761095
v -0.538021996 -0.495332578 0.778417683
v -0.467130936 -0.783272324 0.863968313
v -0.455277895 -0.788336552 0.861615954
v -0.450226924 -0.800607048 0.863398645
v -0.049927488 -0.383710540 0.796879927
v -0.049589237 -0.366122422 0.800211583
v -0.032952267 -0.366675863 0.800553459
v -0.032962408 -0.383422144 0.797558946
v 0.116651448 -0.200049766 0.833383373
v 0.116663271 -0.200016007 0.850005444
v -0.599970476 -0.699999999 1.033303809
v -0.599987453 -0.699999999 1.049987454
v -0.599987440 -0.683333344 1.049987455
v -0.599970463 -0.683333334 1.033303809
v 0.066666644 -0.416666667 1.099999977
v 0.083333436 -0.400000000 1.100000103
v 0.066666644 -0.400000000 1.099999977
v 0.201269474 -0.766911869 0.932731502
v 0.200581800 -0.749957412 0.933089279
v 0.200275554 -0.766630325 0.949991358
v 0.116664816 -0.283335184 1.099996404
v 0.133303760 -0.283335192 1.099968733
v 0.133304089 -0.266695911 1.099940389
v 0.116664808 -0.266696240 1.099968733
v -0.216630050 -0.416556826 1.100535217
v -0.200107033 -0.399800256 1.100892650
v -0.216998297 -0.399307605 1.101221389
v 0.199970473 -0.266696192 0.933333337
v 0.199987451 -0.250012546 0.933333337
v 0.199987451 -0.250012546 0.949999997
v 0.199970473 -0.266696192 0.949999997
v -0.283113031 -0.696502739 0.820291141
v -0.266565767 -0.696956877 0.819475979
v -0.266068139 -0.703881468 0.829112993
v -0.283112720 -0.704104295 0.829212601
v -0.283341756 -0.683560430 0.816184608
v -0.266359164 -0.683816823 0.816495834
v -0.000000000 -0.583333333 1.100000000
v 0.016666667 -0.583333333 1.100000000
v 0.016666667 -0.566666667 1.100000000
v -0.000000000 -0.566666667 1.100000000
v 0.199999997 -0.450000001 0.916666666
v 0.199999991 -0.433333334 0.916666673
v 0.200000001 -0.433333333 0.933333333
v 0.200000002 -0.450000000 0.933333333
v 0.049999997 -0.450000000 1.099999997
v 0.066666644 -0.450000000 1.099999977
v 0.066666644 -0.433333333 1.099999977
v 0.049999997 -0.433333333 1.099999997
v -0.333333333 -0.716666667 1.100000000
v -0.316666667 -0.700000000 1.100000000
v -0.333333333 -0.700000000 1.100000000
v -0.266666501 -0.566666863 1.100000719
v -0.283334268 -0.566666274 1.100003720
v -0.233260081 -0.450078935 1.099934814
v -0.216650729 -0.450025567 1.099921359
v -0.216597681 -0.433401927 1.099970596
v -0.233297383 -0.433335366 1.100337945
v -0.166674602 -0.333076837 0.835749854
v -0.162607060 -0.328151156 0.844195508
v -0.154157138 -0.328476216 0.844663430
v -0.150227723 -0.334087557 0.835903905
v -0.166667613 -0.350346871 0.833127722
v -0.150122931 -0.350203111 0.830202265
v -0.567144721 -0.582795517 1.101041209
v -0.549968500 -0.565659967 1.101229910
v -0.567203829 -0.565400304 1.101583846
v -0.449259696 -0.348323551 0.833255161
v -0.449626004 -0.349461272 0.850650825
v -0.182917479 -0.520169010 0.753179404
v -0.183744794 -0.513075556 0.762681211
v -0.171573993 -0.511176517 0.761299493
v -0.166572116 -0.516301196 0.752143650
v -0.183861869 -0.533251997 0.748770782
v -0.166733923 -0.532870000 0.748342649
v -0.483333434 -0.649999950 1.100000444
v -0.483333802 -0.633331568 1.100002739
v -0.500001401 -0.633331378 1.100001611
v -0.100006824 -0.900609570 0.932721238
v -0.083423440 -0.900726053 0.933054797
v -0.083342284 -0.900418664 0.949700290
v 0.049722827 -0.699780520 0.866173833
v 0.049447761 -0.683504289 0.866489737
v 0.067135021 -0.683489490 0.869678032
v 0.067017173 -0.700564461 0.869682208
v -0.600483433 -0.400046589 0.832866212
v -0.600411916 -0.400029098 0.850290695
v -0.600522037 -0.383380649 0.850558184
v -0.600671081 -0.383316260 0.832833466
v 0.201183869 -0.283368159 0.799407664
v 0.201157838 -0.266696649 0.798947619
v 0.200455873 -0.266688533 0.816151590
v 0.200444520 -0.283327750 0.816349608
v -0.178692469 -0.368008185 1.037415435
v -0.185342248 -0.367029786 1.050142984
v -0.180223182 -0.350111729 1.049818482
v -0.177338782 -0.355005824 1.038657610
v -0.172207167 -0.344520138 1.044523113
v -0.169369477 -0.350025309 1.033014150
v -0.168792427 -0.367658941 1.030005859
v -0.601172753 -0.482790363 0.933697689
v -0.601036590 -0.482443470 0.950819561
v -0.598079774 -0.465635698 0.950364812
v -0.601168536 -0.465729911 0.934171139
v -0.270027965 -0.429732207 1.033403287
v -0.270493805 -0.429037559 1.049636733
v -0.264202292 -0.416492226 1.050284017
v -0.263151253 -0.420135591 1.033990830
v -0.255962461 -0.410900135 1.045179101
v -0.254074843 -0.412720460 1.032619627
v 0.083333424 -0.200012422 1.049987443
v 0.083333430 -0.199504089 1.067162416
v 0.100001098 -0.199503386 1.067162510
v 0.100000984 -0.200011484 1.049987409
v 0.066850900 -0.585960744 0.799199545
v 0.083146713 -0.580649762 0.799852422
v 0.083503747 -0.586737163 0.812481495
v 0.070952096 -0.588239073 0.811096564
v -0.200000000 -0.899970456 1.033303819
v -0.183333333 -0.899970467 1.033303807
v -0.183333333 -0.899987453 1.049987453
v -0.200000000 -0.899987451 1.049987455
v -0.599998166 -0.749999997 1.016664844
v -0.599970473 -0.749999997 1.033303808
v -0.599970476 -0.733333334 1.033303808
v -0.599998175 -0.733333334 1.016664841
v -0.483286451 -0.516663125 0.766712280
v -0.483300134 -0.500073978 0.766195116
v -0.466694404 -0.499941689 0.766223948
v -0.466660303 -0.516649342 0.766610301
v -0.483333435 -0.899970705 1.033303629
v -0.466666645 -0.899970575 1.033303664
v -0.466666643 -0.899987407 1.049987472
v -0.483333425 -0.899987553 1.049987464
v -0.198877460 -0.387215304 1.033913975
v -0.199993638 -0.381091289 1.049550751
v -0.187996775 -0.378515447 1.045189904
v 0.201027426 -0.232855827 0.816183777
v 0.201637660 -0.215404341 0.816130121
v 0.201241435 -0.215464500 0.833354817
v 0.200504509 -0.232849388 0.833358290
v 0.201224675 -0.616666667 1.084558008
v 0.201224675 -0.600000000 1.084558008
v 0.197644732 -0.600000000 1.097644732
v 0.197644732 -0.616666667 1.097644732
v 0.184558008 -0.616666667 1.101224675
v 0.184558008 -0.600000000 1.101224675
v -0.584617031 -0.366292337 0.884675969
v -0.567158316 -0.366491072 0.884133231
v -0.566993928 -0.349115584 0.884607699
v -0.584740019 -0.349059329 0.884912030
v -0.417091755 -0.884130337 0.884661758
v -0.417236430 -0.867088209 0.882735712
v -0.399760343 -0.867000603 0.882762388
v 0.133304640 -0.250011517 1.099956069
v 0.149977565 -0.232848978 1.100504541
v 0.133302812 -0.232837658 1.100467350
v -0.100000000 -0.616666667 1.100000000
v -0.083333333 -0.600000000 1.100000000
v -0.100000000 -0.600000000 1.100000000
v -0.300247141 -0.450143269 0.796858272
v -0.300233742 -0.433617687 0.796776296
v -0.283140965 -0.433670520 0.800115444
v -0.283099509 -0.449925120 0.797085849
v 0.116664844 -0.783333437 1.099998276
v 0.133303810 -0.783333436 1.099970576
v 0.133303809 -0.766666644 1.099970450
v 0.116664842 -0.766666644 1.099998153
v 0.184558008 -0.666666667 1.101224675
v 0.184558008 -0.650000000 1.101224675
v 0.167162443 -0.650000000 1.100495777
v -0.584334855 -0.816665228 0.882511826
v -0.584625725 -0.800669391 0.879430709
v -0.572197500 -0.805324965 0.877277781
v -0.567030002 -0.817184234 0.879959581
v -0.166666667 -0.783333436 1.100000103
v -0.150000000 -0.766666644 1.099999977
v -0.166666667 -0.766666644 1.099999977
v -0.600933964 -0.499707837 0.799583044
v -0.600818364 -0.499920852 0.816406107
v -0.600406385 -0.483260486 0.816556966
v -0.597974279 -0.483090361 0.799310310
v 0.066666233 -0.199998714 0.850001270
v 0.066666667 -0.199998544 0.866665824
v 0.083333476 -0.199998371 0.866665723
v 0.083334421 -0.199999350 0.850000908
v -0.600001226 -0.583333712 0.899998321
v -0.600000841 -0.583333497 0.916666303
v -0.600001889 -0.566666663 0.916666625
v -0.600002170 -0.566667029 0.899999128
v -0.067377576 -0.198976486 1.016993650
v -0.066990579 -0.202108320 1.033829116
v -0.066666761 -0.899998457 1.000004834
v -0.049999765 -0.899999664 1.000004029
v -0.049999985 -0.899999674 1.016663945
v -0.066666696 -0.899999035 1.016664323
v -0.350000010 -0.900001264 1.000001037
v -0.333333334 -0.900001291 1.000000994
v -0.333333327 -0.899998154 1.016664836
v -0.350000000 -0.899998219 1.016664836
v -0.466666644 -0.833303809 1.099970450
v -0.449999997 -0.833303808 1.099970472
v -0.449999997 -0.816664842 1.099998173
v -0.466666644 -0.816664842 1.099998153
v -0.266573405 -0.900903592 0.916039973
v -0.266650027 -0.900338255 0.933148744
v -0.266666667 -0.700000000 1.100000000
v -0.250000000 -0.700000000 1.100000000
v -0.250000000 -0.683333333 1.100000000
v -0.266666667 -0.683333333 1.100000000
v 0.199997156 -0.633333599 0.949998082
v 0.200002788 -0.616667123 0.949998705
v 0.200000791 -0.616666670 0.966666674
v 0.200001291 -0.633333427 0.966665934
v -0.116666667 -0.800001001 1.100001001
v -0.100000000 -0.800001001 1.100001001
v -0.549909929 -0.901340871 0.915425762
v -0.549932281 -0.901021296 0.932761674
v -0.272333853 -0.394116936 0.922817155
v -0.266450961 -0.399734976 0.930415884
v -0.262179626 -0.387890168 0.928799373
v -0.267338175 -0.385188885 0.917661405
v -0.249002006 -0.387027030 0.929582535
v -0.249898417 -0.383326825 0.917141911
v -0.249045880 -0.400632911 0.933195406
v -0.154868454 -0.438236984 0.771185159
v -0.149932179 -0.433238517 0.783169360
v -0.167278537 -0.436494778 0.769414030
v -0.166351529 -0.430438515 0.783221880
v -0.166742193 -0.449178394 0.765304044
v -0.601205199 -0.833299885 1.084551883
v -0.597631023 -0.833301700 1.097631023
v -0.597644003 -0.816664475 1.097644003
v -0.601222477 -0.816664556 1.084558668
v -0.584551883 -0.833299885 1.101205198
v -0.584558668 -0.816664556 1.101222477
v -0.012923807 -0.546271505 0.770799929
v -0.017120746 -0.550008052 0.780357806
v -0.012868061 -0.537203327 0.770927023
v -0.000134849 -0.549874132 0.769281569
v 0.000101979 -0.534071053 0.769486843
v -0.000429868 -0.533590756 0.780199836
v -0.000553317 -0.550127880 0.779748367
v -0.549987455 -0.700000003 1.099987450
v -0.533303808 -0.700000002 1.099970472
v -0.533303808 -0.683333345 1.099970459
v -0.549987455 -0.683333346 1.099987432
v -0.299512990 -0.550085522 0.765639015
v -0.299848948 -0.533052670 0.768814071
v -0.283010139 -0.533207574 0.766006855
v -0.283165253 -0.549878898 0.768973949
v 0.100226568 -0.198540939 0.781896859
v 0.099992894 -0.199337912 0.799502552
v 0.116869742 -0.199007766 0.799344050
v 0.117376652 -0.198760633 0.781734876
v -0.033327631 -0.200029485 0.950004326
v -0.033318182 -0.200029360 0.966676396
v -0.016664865 -0.200010131 0.966668816
v -0.016667723 -0.200002530 0.949999712
v -0.483759095 -0.852651249 0.914495308
v -0.471837612 -0.854147144 0.913277628
v -0.466342519 -0.866291265 0.915419455
v 0.199999826 -0.583333327 0.966666662
v 0.199999959 -0.566666673 0.966666638
v 0.200000112 -0.566666667 0.983333435
v 0.200000097 -0.583333337 0.983333429
v -0.378645695 -0.794142057 0.855922383
v -0.383388881 -0.799593371 0.864596601
v -0.387672877 -0.788165299 0.862276852
v -0.383632844 -0.783096911 0.850283638
v -0.366203303 -0.796084449 0.854803899
v -0.367233562 -0.803328785 0.863439427
v -0.366902421 -0.782975308 0.850097448
v 0.200495777 -0.666666667 1.067162443
v 0.200495777 -0.650000000 1.067162443
v 0.201224675 -0.650000000 1.084558008
v 0.201224675 -0.666666667 1.084558008
v 0.033195244 -0.383943537 0.780728296
v 0.032898934 -0.366400918 0.783724348
v 0.050621848 -0.367047840 0.781185804
v 0.049834197 -0.383724163 0.780076270
v -0.600014584 -0.849973429 0.950004424
v -0.599945477 -0.849983450 0.966688682
v -0.599945485 -0.833303792 0.966680396
v -0.599941669 -0.833294554 0.950043747
v -0.601914466 -0.550403508 0.782336059
v -0.601006375 -0.550210601 0.799899293
v -0.601046561 -0.533141655 0.799804137
v -0.601575074 -0.532709012 0.782281661
v -0.000000003 -0.366666665 1.100000012
v 0.016666667 -0.366666667 1.100000002
v 0.016666665 -0.350000002 1.100000007
v -0.000000009 -0.349999996 1.099999981
v 0.199987572 -0.416666696 0.850006956
v 0.199985308 -0.399999539 0.850006942
v 0.199999110 -0.399999979 0.866667724
v 0.200000414 -0.416666649 0.866665841
v 0.201222477 -0.215441332 1.016664556
v 0.197644003 -0.202355997 1.016664475
v 0.197631023 -0.202368977 1.033301700
v 0.201205198 -0.215448117 1.033299885
v 0.184558668 -0.198777523 1.016664556
v 0.184551883 -0.198794802 1.033299885
v 0.066666644 -0.833303809 1.099970450
v 0.083333436 -0.833303810 1.099970576
v 0.083333437 -0.816664844 1.099998276
v 0.066666644 -0.816664842 1.099998153
v -0.133273963 -0.366721589 1.099977561
v -0.116613263 -0.350037420 1.100093998
v -0.133301513 -0.349906250 1.100507166
v 0.033333334 -0.466666667 1.100000000
v 0.133466266 -0.812277522 0.938069780
v 0.132868015 -0.820170445 0.946839080
v 0.133061733 -0.799611134 0.931072886
v 0.149809968 -0.804070404 0.929238231
v -0.216666667 -0.833303808 1.099970475
v -0.200000000 -0.833303808 1.099970475
v -0.200000000 -0.816664842 1.099998176
v -0.216666667 -0.816664842 1.099998176
v 0.199993452 -0.683329728 0.933320581
v 0.199989646 -0.666666492 0.933351893
v 0.199984641 -0.666667523 0.950010771
v 0.199971221 -0.683334052 0.950014535
v -0.016667246 -0.199996280 0.933333003
v -0.000000497 -0.199998819 0.949999688
v 0.000000036 -0.199999348 0.933333380
v -0.133333333 -0.901224675 1.084558008
v -0.133333333 -0.897644732 1.097644732
v -0.133333333 -0.884558008 1.101224675
v -0.601637400 -0.884596443 1.067207060
v -0.601938339 -0.884813514 1.084813514
v -0.601637401 -0.867207058 1.084596444
v -0.601025507 -0.867145466 1.067145467
v -0.379451048 -0.378465762 0.832742527
v -0.366673574 -0.382721077 0.832792020
v -0.366898490 -0.386288991 0.819897043
v -0.367017981 -0.395932767 0.812690881
v -0.433333334 -0.901224675 1.084558008
v -0.416666667 -0.901224675 1.084558008
v -0.416666667 -0.897644732 1.097644732
v -0.433333334 -0.897644732 1.097644732
v -0.416666667 -0.884558008 1.101224675
v -0.433333334 -0.884558008 1.101224675
v -0.149985976 -0.400016930 1.099927528
v -0.133337934 -0.399996653 1.099985315
v -0.133319286 -0.383356800 1.099924187
v -0.149934499 -0.383406262 1.099933772
v -0.165429775 -0.367988813 1.016712480
v 0.184535593 -0.198758361 1.049980359
v -0.516673739 -0.531187662 1.015713395
v -0.516710836 -0.533453034 1.033093122
v -0.500226865 -0.537057066 1.032366289
v -0.500093433 -0.533951334 1.015657719
v 0.016663899 -0.200001001 0.866664335
v 0.016666225 -0.199996298 0.883332321
v 0.033333483 -0.199998846 0.883333087
v 0.033332648 -0.199996558 0.866664223
v 0.049932250 -0.349752182 0.784071053
v 0.050034036 -0.333187889 0.780883741
v 0.062921474 -0.332951048 0.779740715
v 0.063489472 -0.349670951 0.780463974
v -0.133590122 -0.583066765 0.783820221
v -0.133346473 -0.570543805 0.779749364
v -0.116814494 -0.570354019 0.779654169
v -0.116759399 -0.583240474 0.786352382
v -0.316665555 -0.899931442 0.933363856
v -0.300022504 -0.899977624 0.933385979
v -0.300004266 -0.899957398 0.950006770
v -0.316666673 -0.899973505 0.949997022
v -0.337401015 -0.870781303 0.878503061
v -0.333510511 -0.866843730 0.869101932
v -0.316052951 -0.866477655 0.865911703
v -0.315992152 -0.884198896 0.868344153
v 0.116664841 -0.200001815 0.900000040
v 0.116664841 -0.200001838 0.916666679
v -0.466564682 -0.483127892 0.765528010
v -0.450003110 -0.483134881 0.765706596
v -0.450316562 -0.499947784 0.766451452
v -0.349872081 -0.646955531 0.787011140
v -0.337849456 -0.655714590 0.794527016
v -0.350358582 -0.654101100 0.796347465
v -0.350053327 -0.637232503 0.778815147
v -0.597771470 -0.897757272 0.933355844
v -0.597797519 -0.897793844 0.949801479
v -0.601413077 -0.884599150 0.949845319
v -0.601431013 -0.884661677 0.932632261
v -0.584674582 -0.901427930 0.932669109
v -0.584604282 -0.901394567 0.949855638
v 0.199988671 -0.766669458 0.999997240
v 0.200004173 -0.750000130 0.999999311
v 0.200000108 -0.749999623 1.016664850
v 0.199997484 -0.766666028 1.016663379
v -0.584288469 -0.512724073 0.779136740
v -0.584087307 -0.499793420 0.783156083
v -0.083724758 -0.400245601 0.800270892
v -0.066297738 -0.399840792 0.796947822
v -0.029162753 -0.283058880 0.804181022
v -0.036744520 -0.283594786 0.813114899
v -0.038486388 -0.271458831 0.811325680
v -0.033028418 -0.266665956 0.803045020
v -0.016384609 -0.266516052 0.800413669
v -0.016106133 -0.283201019 0.800268391
v -0.499998511 -0.900008934 0.966640707
v -0.500001124 -0.899972601 0.983357475
v 0.199971518 -0.266696213 1.000000979
v 0.199988516 -0.250012591 1.000000984
v 0.199985207 -0.250012346 1.016665065
v 0.199968733 -0.266696240 1.016664808
v -0.238336785 -0.378295619 0.905482586
v -0.236073657 -0.379751814 0.916538860
v -0.230316527 -0.366452758 0.916570115
v -0.237219037 -0.366090490 0.903849025
v -0.299817672 -0.684300849 0.813532263
v -0.294967237 -0.672088303 0.811515804
v -0.283194691 -0.666829476 0.814045795
v -0.016666667 -0.566666667 1.100000000
v -0.000000000 -0.550000000 1.100000000
v -0.016666667 -0.550000000 1.100000000
v -0.300002595 -0.566664279 1.099994572
v -0.283336580 -0.549997391 1.099999882
v -0.299995687 -0.549999068 1.099961125
v -0.033333333 -0.616666667 1.100000000
v -0.016666667 -0.616666667 1.100000000
v -0.016666667 -0.600000000 1.100000000
v -0.033333333 -0.600000000 1.100000000
v -0.366666667 -0.733333334 1.100000000
v -0.350000000 -0.716666667 1.100000000
v -0.366666667 -0.716666667 1.100000000
v -0.100000012 -0.899999963 1.000001327
v -0.083333395 -0.899998441 1.000002721
v -0.083333353 -0.899998763 1.016664391
v -0.100000002 -0.899998683 1.016664352
v 0.004679623 -0.521144746 0.771115881
v 0.012255646 -0.537311050 0.778452217
v -0.383333333 -0.783333436 1.100000103
v -0.366666667 -0.783333436 1.100000103
v -0.366666667 -0.766666644 1.099999977
v -0.383333333 -0.766666644 1.099999977
v -0.116133639 -0.267503380 1.016172748
v -0.119659328 -0.266720938 1.033284171
v -0.112979841 -0.253647411 1.033404720
v -0.112122110 -0.254329967 1.015987280
v -0.103538617 -0.246762777 1.032755206
v -0.102738593 -0.247192147 1.015873183
v -0.282898466 -0.516542877 0.769008705
v -0.266578657 -0.516643109 0.769068081
v -0.266708394 -0.533179638 0.765445485
v 0.199996926 -0.283335267 0.866667471
v 0.199968672 -0.266696261 0.866669787
v 0.199971434 -0.266696203 0.883332696
v 0.199999127 -0.283335147 0.883332791
v -0.566757434 -0.520043162 0.770564885
v -0.549854135 -0.517049497 0.769578218
v -0.566657206 -0.533181241 0.765740642
v -0.549916892 -0.533217533 0.766024781
v -0.200774490 -0.332411292 0.852685052
v -0.200830961 -0.332658459 0.866203914
v -0.195844824 -0.320223248 0.861870965
v -0.195983758 -0.319598711 0.853837231
v -0.183548484 -0.318257904 0.865867111
v -0.183757640 -0.318324581 0.849294644
v -0.187939535 -0.331255666 0.845302594
v -0.188904048 -0.327479207 0.871570719
v -0.466666603 -0.649999895 1.100000298
v -0.449999989 -0.649999651 1.100000477
v -0.449999871 -0.633332539 1.100000504
v -0.466666528 -0.633331814 1.100002517
v -0.282915243 -0.800355431 0.852163485
v -0.266281126 -0.796605042 0.852413841
v -0.265683142 -0.803782596 0.862602330
v -0.278122076 -0.805611528 0.860474814
v -0.282727823 -0.784169385 0.849026908
v -0.265936059 -0.783582954 0.849440439
v -0.146182753 -0.283387955 0.953727383
v -0.147582173 -0.282768709 0.966554238
v -0.145584258 -0.271189898 0.961767730
v -0.145320527 -0.271199286 0.954306657
v -0.136972927 -0.266480095 0.966289110
v -0.136133938 -0.267111346 0.949924194
v -0.137099682 -0.283330844 0.946113981
v -0.139440289 -0.277481965 0.971287609
v 0.195912956 -0.728594227 0.887421713
v 0.197683544 -0.716416637 0.885848888
v 0.201171215 -0.716918269 0.898738269
v 0.198302184 -0.733348888 0.899076389
v 0.184244558 -0.733700125 0.885354365
v 0.189813277 -0.738409326 0.893668383
v 0.184465957 -0.716761951 0.882989024
v -0.601224673 -0.749999997 1.084558008
v -0.597644730 -0.749999997 1.097644730
v -0.584558008 -0.749999997 1.101224673
v -0.404555541 -0.794556933 0.855642671
v -0.399593456 -0.783453718 0.850019598
v -0.395561050 -0.788251385 0.862254854
v -0.399705484 -0.799839288 0.864527272
v -0.417052788 -0.796415305 0.854196398
v -0.416467741 -0.803829876 0.863260549
v -0.416324162 -0.783923687 0.849560669
v 0.200379781 -0.816300090 0.983263473
v 0.200254181 -0.799921110 0.983383753
v 0.200471658 -0.816559408 0.999979222
v -0.584155985 -0.568400644 0.765115991
v -0.584415632 -0.549914372 0.761437708
v -0.566675496 -0.550420689 0.765350173
v -0.566952497 -0.567566528 0.768657570
v -0.100476184 -0.732984952 0.887731805
v -0.100248282 -0.733195536 0.898019814
v -0.105103378 -0.721745664 0.896748016
v -0.100701738 -0.716562600 0.886800507
v -0.082732817 -0.730208988 0.887524280
v -0.083194969 -0.737241802 0.897450790
v -0.082971501 -0.715918689 0.883923978
v 0.200496627 -0.232837492 0.883332170
v 0.200495914 -0.232837584 0.899999901
v 0.044824971 -0.612053249 0.804176985
v 0.049563894 -0.600386772 0.799044178
v 0.053396361 -0.603529115 0.815723255
v 0.046114439 -0.613956270 0.816609730
v 0.033975009 -0.613985878 0.803281361
v 0.033523749 -0.620421942 0.815685217
v 0.033605745 -0.600609977 0.796275430
v 0.200000205 -0.316666564 0.983333436
v 0.200001103 -0.299998999 0.983333436
v 0.200001998 -0.299998998 1.000001002
v 0.200001103 -0.316666564 1.000001001
v -0.483504928 -0.362754735 0.870725932
v -0.483294180 -0.350312678 0.864084154
v -0.161538823 -0.896526552 0.886962382
v -0.166739479 -0.898810451 0.899236450
v -0.172076386 -0.889229522 0.894273643
v -0.166310382 -0.884316972 0.884981232
v -0.149547255 -0.898099704 0.885138656
v -0.149714183 -0.901464872 0.898603548
v -0.150167631 -0.884923420 0.881668206
v -0.100235062 -0.766783413 0.882853640
v -0.100059226 -0.783213925 0.882800040
v -0.566824102 -0.528559338 1.037610026
v -0.566769673 -0.532849570 1.050518107
v 0.099711331 -0.579027127 0.804203638
v 0.116529343 -0.579343536 0.804567395
v 0.116567985 -0.587290152 0.812838419
v 0.099748370 -0.586779010 0.813326410
v 0.100001001 -0.283335157 1.099999175
v 0.100000979 -0.266696213 1.099971518
v -0.450196546 -0.396358949 0.887125316
v -0.450217658 -0.404064274 0.895761145
v -0.433361658 -0.404007145 0.895997856
v -0.433295231 -0.395773794 0.887327577
v -0.450224975 -0.412843546 0.903425030
v -0.433149943 -0.416396701 0.902705612
v -0.455044431 -0.478052984 0.989423600
v -0.453965026 -0.465218491 0.987974357
v -0.066790693 -0.329841226 0.812751451
v -0.066353710 -0.316995568 0.816985998
v 0.083333436 -0.800001001 1.100001103
v 0.066666643 -0.200000019 0.916666668
v 0.066666644 -0.200000021 0.933333333
v 0.083333436 -0.199999896 0.933333333
v 0.083333437 -0.199999898 0.916666668
v -0.600003673 -0.583330757 0.966668245
v -0.599991515 -0.583331076 0.983336297
v -0.599934037 -0.566688096 0.983324481
v -0.599977719 -0.566668042 0.966669812
v -0.067467747 -0.197930256 1.084731085
v -0.067923800 -0.201808511 1.098201085
v -0.067825146 -0.215213146 1.101861741
v -0.112014468 -0.728594911 0.896779817
v -0.112614716 -0.720726789 0.895967270
v 0.083333436 -0.316666564 1.100000205
v 0.083333436 -0.299998999 1.100001103
v 0.167163024 -0.199532816 0.850026784
v 0.167147593 -0.199487872 0.833327856
v -0.400311238 -0.650488204 0.796555079
v -0.396134248 -0.638589840 0.794933927
v -0.387780942 -0.638311908 0.795387615
v -0.383595827 -0.650300376 0.797222028
v 0.012402648 -0.879674990 0.921375849
v 0.016228386 -0.866062949 0.920477235
v 0.016513229 -0.866737953 0.930455773
v 0.017232671 -0.884554083 0.929928591
v -0.000104075 -0.884479107 0.918700815
v 0.005421103 -0.889753353 0.927348733
v 0.000568208 -0.866551789 0.916540705
v 0.004705434 -0.861766391 0.929377604
v -0.249963724 -0.450049790 1.100325385
v -0.250385529 -0.432965164 1.101088163
v 0.149987443 -0.783333425 1.099987579
v -0.133333333 -0.766666644 1.099999977
v -0.166658173 -0.416677805 1.099938646
v -0.600543834 -0.533197338 0.983319313
v -0.601195151 -0.532778643 1.000330419
v -0.601263057 -0.515542575 1.001015914
v -0.601168259 -0.515955291 0.983663468
v -0.416666667 -0.783333436 1.100000103
v -0.400000000 -0.783333436 1.100000103
v -0.400000000 -0.766666644 1.099999977
v -0.416666667 -0.766666644 1.099999977
v -0.433422173 -0.749768722 0.836472306
v -0.433399936 -0.733982099 0.830104594
v -0.350000000 -0.849987454 1.099987454
v -0.333333333 -0.849987454 1.099987454
v -0.333333333 -0.833303808 1.099970475
v -0.350000000 -0.833303808 1.099970475
v -0.478250285 -0.445108026 0.921444616
v -0.483652842 -0.433288780 0.919354555
v -0.488696325 -0.438044482 0.928410182
v -0.483313614 -0.447528506 0.932751065
v -0.016660404 -0.200012324 1.033297437
v -0.016653930 -0.200031502 1.016659000
v 0.103323410 -0.499918566 0.779277453
v 0.103169136 -0.482747387 0.780111629
v 0.116197037 -0.483269810 0.780702901
v 0.115965097 -0.499708746 0.780529336
v 0.199970475 -0.583333333 1.033303808
v 0.199970475 -0.566666667 1.033303808
v 0.199987454 -0.566666667 1.049987454
v 0.199987454 -0.583333333 1.049987454
v -0.363160394 -0.716231180 0.830191300
v -0.362214708 -0.703862278 0.829134862
v 0.016097216 -0.366308910 0.783516400
v 0.016216309 -0.350064626 0.783704527
v 0.033245487 -0.350040491 0.784161985
v -0.250226861 -0.384286460 0.850205834
v -0.253584456 -0.379880550 0.866287694
v -0.247974930 -0.366078956 0.867021298
v -0.244902605 -0.371655730 0.854706181
v -0.238773830 -0.378439395 0.844946906
v -0.000567314 -0.198689627 0.799182586
v -0.000064300 -0.198988239 0.816269743
v -0.050360239 -0.516652823 0.784104023
v 0.016211091 -0.382965787 0.783030845
v 0.016111612 -0.400432263 0.779922429
v 0.083150443 -0.700507797 0.869831649
v 0.083649941 -0.683369928 0.869639648
v 0.100360934 -0.683397401 0.865687292
v 0.099997667 -0.699998467 0.866088416
v -0.399664400 -0.833610544 0.866597820
v -0.399803030 -0.816490288 0.866827682
v -0.383146786 -0.816003247 0.867499979
v -0.382755926 -0.833029838 0.870044525
v -0.200031825 -0.699635595 0.864451269
v -0.195331727 -0.688325195 0.861738765
v -0.183132727 -0.686515383 0.863388587
v -0.184012791 -0.699721144 0.867039073
v -0.599946558 -0.549993076 0.850003871
v -0.599996345 -0.550001828 0.866663069
v -0.600006161 -0.533333944 0.866664281
v -0.599972691 -0.533335961 0.850001264
v -0.529071650 -0.828633497 0.871068960
v -0.533243878 -0.833846666 0.879686812
v -0.538087712 -0.822487555 0.877232144
v -0.533302569 -0.817028105 0.869088181
v -0.521025684 -0.828661287 0.871125362
v -0.516844307 -0.833489989 0.879768400
v -0.600000003 -0.633333303 0.950000016
v -0.599999838 -0.633333345 0.966666657
v -0.599999853 -0.616666799 0.966666570
v -0.599999802 -0.616666704 0.950000016
v -0.253832597 -0.412694978 0.966407906
v -0.249984830 -0.416381544 0.983273574
v -0.245339559 -0.404517431 0.978182583
v -0.246754057 -0.402680077 0.966599289
v -0.238584088 -0.411123547 0.988399443
v 0.199999989 -0.416666667 0.916666677
v 0.199999989 -0.400000000 0.916666665
v 0.199999999 -0.400000000 0.933333335
v 0.200000000 -0.416666667 0.933333334
v -0.496407935 -0.462280269 0.778529237
v -0.500080474 -0.449577890 0.779701857
v -0.487476150 -0.462414478 0.778740906
v 0.049999997 -0.416666667 1.099999997
v 0.049999997 -0.400000000 1.099999997
v 0.199998176 -0.500000000 1.016664842
v 0.199998176 -0.483333333 1.016664842
v 0.199970475 -0.500000000 1.033303808
v 0.049928758 -0.799295663 0.900544313
v 0.062769824 -0.804090180 0.899580504
v 0.062101508 -0.805238457 0.912046095
v 0.054518641 -0.804241964 0.912245975
v 0.050036248 -0.199364402 0.799528564
v 0.050025701 -0.200037253 0.816696107
v 0.066671816 -0.200041742 0.816678245
v -0.083333333 -0.516666667 1.100000000
v -0.066666667 -0.516666667 1.100000000
v -0.066666667 -0.500000000 1.100000000
v -0.083333333 -0.500000000 1.100000000
v 0.200001092 -0.683333327 1.000000964
v 0.200001012 -0.666666663 1.000000972
v 0.199998161 -0.666666667 1.016664850
v 0.199998142 -0.683333332 1.016664857
v -0.016652740 -0.200042824 1.000000925
v 0.116664842 -0.383333333 1.099998176
v 0.133303808 -0.383333333 1.099970475
v 0.133303808 -0.366666666 1.099970476
v 0.116664842 -0.366666666 1.099998176
v -0.149968582 -0.366648959 1.100327380
v -0.167022073 -0.366269949 1.101077937
v -0.016666667 -0.483333333 1.100000000
v -0.016666667 -0.466666667 1.100000000
v 0.083073760 -0.612976590 0.851015933
v 0.100412328 -0.618225223 0.850959326
v 0.095485672 -0.620797372 0.862625699
v 0.083677815 -0.619055133 0.864489605
v -0.200429869 -0.533374289 0.752117028
v -0.205581997 -0.528012542 0.760539179
v -0.199930229 -0.516204375 0.763498824
v -0.195369372 -0.521876646 0.754529654
v -0.216666681 -0.549999983 1.099999981
v -0.111831911 -0.311793615 0.845283706
v -0.103778458 -0.312289616 0.845983284
v -0.099539903 -0.317319732 0.837112872
v -0.549987432 -0.666666549 1.099987605
v -0.567162414 -0.666666529 1.100495921
v -0.512748827 -0.536492656 1.096411944
v -0.512593769 -0.536904651 1.089508862
v 0.077457551 -0.278315858 0.772408795
v 0.082836844 -0.266595563 0.769360969
v 0.087351763 -0.271166906 0.779191909
v 0.082571447 -0.283863327 0.781050825
v 0.066025159 -0.283319758 0.769384265
v 0.071186376 -0.287587890 0.778767810
v 0.066489606 -0.266778859 0.766195345
v -0.049895859 -0.649118044 0.853202516
v -0.054960525 -0.654361993 0.862090599
v -0.050235185 -0.637092226 0.846586624
v -0.599998178 -0.716666667 1.016664841
v -0.599970476 -0.716666667 1.033303808
v -0.599998178 -0.700000000 1.016664842
v -0.316666667 -0.900000972 1.000001100
v -0.300000002 -0.900001257 1.000001060
v -0.300000008 -0.899998131 1.016664882
v -0.316666666 -0.899998099 1.016664848
v 0.116664842 -0.200001847 0.966666644
v 0.116664844 -0.200001725 0.983333437
v 0.133303810 -0.200029424 0.983333436
v 0.133303809 -0.200029550 0.966666644
v -0.483382616 -0.483543414 0.766026975
v -0.483909797 -0.466542386 0.768986092
v -0.466403622 -0.466833057 0.765998635
v -0.332898277 -0.583843509 0.765675391
v -0.333570416 -0.566367515 0.769770745
v -0.316013741 -0.567146674 0.765216086
v -0.315944501 -0.583916795 0.765564715
v -0.597643722 -0.897643682 1.000002242
v -0.597644086 -0.897644033 1.016664518
v -0.601222595 -0.884558912 1.016664270
v -0.601224021 -0.884558053 1.000002462
v -0.584558091 -0.901224583 1.000002469
v -0.584558929 -0.901222577 1.016664348
v -0.167010745 -0.596106632 0.787925216
v -0.150014645 -0.595743436 0.787387711
v -0.149948731 -0.604211660 0.795982320
v -0.166352432 -0.603782644 0.796114501
v -0.166850227 -0.586522833 0.780203292
v -0.150250252 -0.583205754 0.780643414
v -0.083754749 -0.199090925 0.882876187
v -0.083439871 -0.199029535 0.899789181
v -0.066614929 -0.199786123 0.900019869
v -0.066851580 -0.199168037 0.883242154
v 0.200830488 -0.383405798 0.800267179
v 0.201306477 -0.366691712 0.799459478
v 0.200488051 -0.366677095 0.816512180
v 0.200415522 -0.383352036 0.816564481
v 0.200495712 -0.750000002 1.067162439
v 0.201224675 -0.749999995 1.084558006
v -0.483051070 -0.749608505 0.849803259
v -0.483700361 -0.737048142 0.846043493
v -0.471395073 -0.738420516 0.844761873
v -0.466510124 -0.749632299 0.847181862
v 0.199999949 -0.466666656 0.900000049
v 0.199999925 -0.449999999 0.900000032
v 0.199999994 -0.466666666 0.916666670
v -0.096339575 -0.383531196 0.803860065
v -0.103487161 -0.366526591 0.812701390
v -0.096336254 -0.366741294 0.803047872
v -0.500000977 -0.899971656 1.033303653
v -0.500000984 -0.899988498 1.049987422
v 0.200504541 -0.250022435 1.067151022
v 0.201241639 -0.250019641 1.084535593
v -0.371142549 -0.394241650 0.872003694
v -0.367175478 -0.396420747 0.883713515
v -0.362211540 -0.387898751 0.878465714
v -0.367136871 -0.385851376 0.866740578
v -0.105857491 -0.261375220 1.072171500
v -0.097455167 -0.250331145 1.083937985
v -0.104229801 -0.249360064 1.070519060
v -0.366723073 -0.463086275 0.969986836
v -0.366555974 -0.466605379 0.983636031
v -0.353418429 -0.462490769 0.983717540
v -0.354924600 -0.461457098 0.971656353
v -0.112674024 -0.432929977 0.796535792
v -0.116464619 -0.416456325 0.797222568
v -0.099954230 -0.416532362 0.800410159
v -0.099982543 -0.433472163 0.797432186
v -0.021814546 -0.721873408 0.878108596
v -0.050797983 -0.201245074 0.815482371
v -0.051032128 -0.198631129 0.832311713
v -0.195603248 -0.871424701 0.894872247
v -0.188056345 -0.871360574 0.895375355
v 0.100001001 -0.700000000 1.100001001
v 0.116664842 -0.700000000 1.099998176
v 0.100001001 -0.683333333 1.100001001
v -0.601043748 -0.733446127 0.882715762
v -0.600122868 -0.733308181 0.900013817
v -0.599972819 -0.716643246 0.899999325
v -0.600644481 -0.716647044 0.882823267
v 0.184558008 -0.749999997 1.101224673
v -0.449999641 -0.900005948 0.966651080
v -0.449999640 -0.899974614 0.983351170
v -0.100000000 -0.749999997 1.099999997
v -0.116666667 -0.749999997 1.099999997
v 0.184535593 -0.250019641 1.101241639
v -0.063409680 -0.250351473 0.820299035
v -0.070361256 -0.249820122 0.829524270
v -0.070750055 -0.233049604 0.829106246
v -0.063180887 -0.233002455 0.820113867
v -0.054730717 -0.232989165 0.811982284
v -0.053882277 -0.250367814 0.812443269
v 0.049999997 -0.867162444 1.100495773
v 0.049999997 -0.849987454 1.099987451
v -0.050000000 -0.633333333 1.100000000
v -0.050000000 -0.616666667 1.100000000
v 0.167015825 -0.630454973 0.836435152
v 0.167026444 -0.637855768 0.845705520
v 0.167159764 -0.621177124 0.828842771
v -0.387756505 -0.371181373 0.821441744
v -0.386460860 -0.369311660 0.832250751
v -0.399736370 -0.369527528 0.819944256
v -0.398668859 -0.365649606 0.833058594
v -0.383333333 -0.749999997 1.099999997
v -0.400000000 -0.749999997 1.099999997
v -0.596316836 -0.594771460 0.804988875
v -0.598280476 -0.600157297 0.816330479
v -0.600973849 -0.583792998 0.816205091
v -0.598479691 -0.583847470 0.799379423
v -0.584095106 -0.596436022 0.803588678
v -0.584891547 -0.603714882 0.812303537
v -0.584497527 -0.587730250 0.795823398
v -0.317287577 -0.466630641 1.066590431
v -0.318056459 -0.462696439 1.083749531
v -0.304723671 -0.461464829 1.079096215
v -0.298759657 -0.465369583 1.066032418
v 0.197555494 -0.483943133 0.768748366
v 0.197676563 -0.467211777 0.768416733
v 0.201446759 -0.466898389 0.781893877
v 0.201238353 -0.484068616 0.781713307
v 0.184567668 -0.483664552 0.768436599
v 0.184533046 -0.467272869 0.765210801
v -0.250000000 -0.867162443 1.100495777
v -0.233333333 -0.867162443 1.100495777
v -0.233333333 -0.849987454 1.099987454
v -0.250000000 -0.849987454 1.099987454
v -0.233284079 -0.396657888 0.830071499
v -0.232754360 -0.384160096 0.836237827
v -0.221434470 -0.395168061 0.828424060
v -0.599985690 -0.666665921 0.916673535
v -0.599951776 -0.666660962 0.900041799
v 0.199998236 -0.566654335 0.866682803
v 0.199960019 -0.549998503 0.866683032
v 0.199986022 -0.550001610 0.883334328
v 0.199962962 -0.566668257 0.883344783
v -0.533302812 -0.867162342 1.100467350
v -0.516665245 -0.867163216 1.100492777
v -0.516665065 -0.849987654 1.099985207
v -0.533304640 -0.849988483 1.099956069
v -0.299931002 -0.783873866 0.849848421
v -0.299806695 -0.766721213 0.846912157
v -0.283061531 -0.767051083 0.846351433
v -0.349019931 -0.497145999 1.019626125
v -0.337587086 -0.495730015 1.020609803
v -0.335890228 -0.483919738 1.019685383
v -0.349499610 -0.483991510 1.016052020
v 0.199957373 -0.716666884 0.950042106
v 0.199989691 -0.716667527 0.966672306
v 0.201263192 -0.416392366 0.782097776
v 0.200884503 -0.416611436 0.799434706
v 0.199987653 -0.800000822 1.049985759
v 0.200498454 -0.800000887 1.067162109
v -0.494829812 -0.854360352 0.912613381
v -0.533303810 -0.783333436 1.099970576
v -0.549987443 -0.783333425 1.099987579
v 0.200495774 -0.232837556 0.949999997
v 0.200495761 -0.232837560 0.966666640
v 0.199987579 -0.316666575 1.049987443
v 0.199988516 -0.299999016 1.049987409
v 0.200496613 -0.299998902 1.067162510
v 0.200495912 -0.316666569 1.067162416
v -0.499533919 -0.332552684 0.864101915
v -0.515694601 -0.332774504 0.866974910
v 0.166530874 -0.763463976 0.886773967
v 0.166948796 -0.769505994 0.899745100
v 0.166680086 -0.750766004 0.882713003
v -0.166668479 -0.899965695 0.950006173
v -0.166665959 -0.899983311 0.966672117
v -0.111639831 -0.478399483 0.778015169
v -0.113183698 -0.466713076 0.779548096
v -0.100188673 -0.466750735 0.783149074
v -0.099804610 -0.479841423 0.779454583
v -0.045036718 -0.261910428 0.804802983
v -0.050407190 -0.266674951 0.813475944
v -0.046819181 -0.249791182 0.803186174
v -0.033495615 -0.250190128 0.800194847
v -0.250112151 -0.466400006 0.783311427
v -0.233275527 -0.466554873 0.783619890
v -0.133667875 -0.799916513 0.883569913
v -0.596185478 -0.778672380 0.871016280
v -0.598588432 -0.783533498 0.882448824
v -0.601092290 -0.766898162 0.882717753
v -0.597773108 -0.766411121 0.869393974
v -0.584317205 -0.783034019 0.868792946
v -0.589429177 -0.788475794 0.877153144
v -0.584578062 -0.767058115 0.866075282
v -0.599950899 -0.583374455 1.033279152
v -0.600147597 -0.583332259 1.049969484
v -0.600996111 -0.566240455 1.050082392
v -0.600462287 -0.566547137 1.033284692
v -0.533020903 -0.466882500 0.783299537
v -0.520529339 -0.466182315 0.779507785
v -0.521923818 -0.478595997 0.778158470
v 0.167162440 -0.199504237 0.916666683
v 0.167162407 -0.199504063 0.899999876
v 0.066666643 -0.299998999 1.100000979
v 0.083333437 -0.283335156 1.099998276
v 0.066666643 -0.283335158 1.099998153
v 0.016825877 -0.800273954 0.899703546
v 0.033779391 -0.799764592 0.900466140
v -0.129991036 -0.203390960 0.911303140
v -0.131745067 -0.201734002 0.898608463
v -0.117872493 -0.200937313 0.916644925
v -0.118204636 -0.198205727 0.899391985
v -0.123176012 -0.210076564 0.922014911
v -0.266666667 -0.899987452 1.049987456
v -0.250000000 -0.899987451 1.049987456
v -0.250000000 -0.900495777 1.067162444
v -0.266666667 -0.900495777 1.067162443
v 0.049999997 -0.833303808 1.099970472
v 0.049999997 -0.816664842 1.099998173
v -0.000000000 -0.450000000 1.100000000
v -0.533304640 -0.899956055 1.049988491
v -0.533302812 -0.900467349 1.067162342
v 0.049999997 -0.333333356 1.099999974
v 0.066666644 -0.333333356 1.099999954
v 0.066666644 -0.316666564 1.100000080
v 0.049999997 -0.316666564 1.100000103
v -0.433174780 -0.650316367 0.799970419
v -0.416583708 -0.650418836 0.796447791
v -0.267044215 -0.449605394 1.101088992
v -0.284363211 -0.448784806 1.101112667
v 0.100215465 -0.266457502 0.769718396
v 0.100279414 -0.249643481 0.768843046
v 0.103702106 -0.253835273 0.778835815
v 0.100374003 -0.266821792 0.780492802
v 0.083161043 -0.249729686 0.766234954
v -0.366666667 -0.867162443 1.100495777
v 0.096250505 -0.354590973 0.778544830
v 0.100224703 -0.349498161 0.769379163
v 0.116410833 -0.350144537 0.769228636
v -0.145233287 -0.571847657 0.778676301
v -0.450121096 -0.448316491 0.932891706
v -0.449505881 -0.453496204 0.949669685
v -0.432936265 -0.446641766 0.950775242
v -0.438197735 -0.444199030 0.938739246
v -0.600004496 -0.549998004 0.916667987
v -0.599993224 -0.549996660 0.933335973
v -0.599941421 -0.533344775 0.933327414
v -0.599986468 -0.533331158 0.916669725
v -0.599999320 -0.633333095 1.016664823
v -0.599972286 -0.633332382 1.033303947
v -0.599965915 -0.616665454 1.033304824
v -0.600000295 -0.616664693 1.016665493
v -0.533536440 -0.516409284 0.766255927
v -0.250488067 -0.402106588 1.050222083
v -0.246877026 -0.403260235 1.034039963
v -0.234015578 -0.396546707 1.049606457
v -0.232979496 -0.399801586 1.033561602
v 0.200000103 -0.400000000 0.983333436
v 0.200001001 -0.400000000 1.000001001
v -0.516993057 -0.450130393 0.780244131
v -0.516809968 -0.432321415 0.782331284
v -0.499869054 -0.432638569 0.779926823
v -0.099812520 -0.616306936 0.819651632
v -0.083538478 -0.617108368 0.816445923
v -0.087789623 -0.621280173 0.828357658
v -0.095692090 -0.621598406 0.829005710
v -0.100014328 -0.602905173 0.813698916
v -0.088478294 -0.604560184 0.812125978
v -0.272151420 -0.844995224 0.871838928
v -0.270330744 -0.832500350 0.870897862
v -0.263256854 -0.833700099 0.879955078
v -0.267013545 -0.849955665 0.880512647
v -0.283344269 -0.849866000 0.869261515
v -0.278104415 -0.854818846 0.877551509
v -0.283186316 -0.832990347 0.866847665
v 0.201224675 -0.500000000 1.084558008
v 0.201224675 -0.483333333 1.084558008
v 0.197644732 -0.483333333 1.097644732
v 0.197644732 -0.500000000 1.097644732
v 0.184558008 -0.500000000 1.101224675
v 0.184558008 -0.483333333 1.101224675
v -0.016015437 -0.316962171 0.800384296
v -0.003670117 -0.316913612 0.796348610
v -0.016663227 -0.199530867 1.067163908
v -0.016649884 -0.198812375 1.084551312
v -0.284222855 -0.430182182 0.967373914
v -0.283140005 -0.433765019 0.980549699
v -0.279151114 -0.421078081 0.978926062
v -0.279360386 -0.420470271 0.972085333
v -0.266486898 -0.420203879 0.979472402
v -0.267359327 -0.419052419 0.967173594
v -0.272277120 -0.428273889 0.961891986
v -0.266690882 -0.433889777 0.986206052
v -0.304350573 -0.411877493 0.904587402
v -0.299850913 -0.416550041 0.916441261
v -0.296127747 -0.399890505 0.912834181
v -0.302674943 -0.399705930 0.899834686
v -0.288384032 -0.411753794 0.921866733
v -0.284095018 -0.398781916 0.920081154
v -0.567018879 -0.328841879 0.870217677
v -0.566951704 -0.335995201 0.879752872
v 0.116664842 -0.650000000 1.099998176
v -0.020123447 -0.366169926 0.796509093
v -0.022009250 -0.378344823 0.795174375
v -0.150000000 -0.650000000 1.100000000
v -0.166666667 -0.650000000 1.100000000
v -0.038074819 -0.628014867 0.822397473
v -0.033327544 -0.616313633 0.819668910
v -0.029095989 -0.621413192 0.828705560
v -0.033113392 -0.633240291 0.833363521
v -0.050374017 -0.629823246 0.820084400
v -0.049572399 -0.633487852 0.833446972
v -0.050011332 -0.617571769 0.813285555
v -0.597793142 -0.382914360 0.802266235
v -0.601423127 -0.383122882 0.815358496
v -0.601615206 -0.365668027 0.815095919
v -0.597967865 -0.365985357 0.801910204
v -0.584721336 -0.382976458 0.798432621
v -0.100000000 -0.633333333 1.100000000
v -0.050000000 -0.516666667 1.100000000
v -0.033333333 -0.516666667 1.100000000
v -0.033333333 -0.500000000 1.100000000
v -0.050000000 -0.500000000 1.100000000
v -0.254209758 -0.695726972 0.820981710
v -0.249912156 -0.700500419 0.832808302
v 0.184558008 -0.683333333 1.101224675
v -0.133409448 -0.346505472 0.829157028
v -0.597644730 -0.700000003 1.097644730
v -0.601224673 -0.700000002 1.084558008
v -0.433333334 -0.816664842 1.099998176
v -0.433333334 -0.800001001 1.100001001
v -0.449999997 -0.800001001 1.100000998
v -0.083793412 -0.198974365 0.950012918
v -0.083518113 -0.199473782 0.966428700
v -0.066674947 -0.199400859 0.966522968
v -0.066709329 -0.199735337 0.949991450
v 0.199999977 -0.450000000 0.966666644
v 0.200000103 -0.450000000 0.983333436
v -0.516558102 -0.483360199 0.769049447
v -0.500425305 -0.483549545 0.766074097
v -0.366919488 -0.600508266 0.765911963
v -0.366926286 -0.583659963 0.765481985
v -0.350123499 -0.583700484 0.765949058
v -0.350010070 -0.600756527 0.764738703
v -0.017460760 -0.416699708 0.782271570
v -0.016851399 -0.433485443 0.783042051
v -0.584491157 -0.528449316 1.038081203
v 0.088453945 -0.571832476 0.794765556
v -0.049972846 -0.199873694 0.883375245
v -0.049960253 -0.200064462 0.900025279
v 0.100450224 -0.901099576 0.982883202
v 0.116840427 -0.898143917 0.983276088
v 0.116744062 -0.901076393 0.999532372
v 0.100126062 -0.901011547 0.999591098
v -0.600000338 -0.716666633 0.966666567
v -0.600002809 -0.716666860 0.949998769
v -0.166666476 -0.900001133 0.983334007
v -0.166666686 -0.900001721 1.000000959
v -0.183333334 -0.900001484 1.000001124
v -0.066248034 -0.750039629 0.886511626
v -0.070929020 -0.745640739 0.895941194
v -0.070881743 -0.738496201 0.895952822
v -0.066032528 -0.733553502 0.886716348
v -0.049619024 -0.749908283 0.883298535
v -0.366664213 -0.900014432 0.950000035
v -0.366667329 -0.899993702 0.966663520
v -0.383174927 -0.866351154 0.883545812
v -0.132822156 -0.353720140 0.820564389
v -0.116765561 -0.346339791 0.829845541
v -0.116323635 -0.353520686 0.820627117
v 0.167145466 -0.232854534 1.101025508
v 0.033333334 -0.833303808 1.099970476
v 0.016666667 -0.833303808 1.099970475
v 0.066666644 -0.716666667 1.099999977
v 0.083333436 -0.716666667 1.100000103
v 0.083333436 -0.700000000 1.100000103
v 0.066666644 -0.700000000 1.099999977
v 0.199952920 -0.483320820 0.833383527
v 0.199947651 -0.466660878 0.833369062
v 0.199995811 -0.466667673 0.850000379
v 0.199987053 -0.483332214 0.850005428
v 0.033333334 -0.350000003 1.099999998
v 0.033333333 -0.333333356 1.099999983
v 0.016666660 -0.333333353 1.099999971
v -0.600000096 -0.666666663 0.983333449
v -0.599999995 -0.666666668 0.966666668
v 0.200000227 -0.566666533 0.933333396
v 0.199999869 -0.549999981 0.933333391
v 0.199999954 -0.550000008 0.950000001
v 0.199999804 -0.566666656 0.950000034
v -0.145129757 -0.395019316 0.811776519
v -0.149946693 -0.382992412 0.813649740
v -0.132633928 -0.396874149 0.813711294
v -0.600495773 -0.749999997 1.067162444
v 0.053964397 -0.844791796 0.921723911
v 0.049678292 -0.832994368 0.919836654
v 0.062516778 -0.845220556 0.921589246
v 0.066961724 -0.833572269 0.918932588
v 0.072006445 -0.839424513 0.927971467
v 0.066073044 -0.849816834 0.933481519
v -0.334030514 -0.516332112 1.101168206
v -0.316808316 -0.516667298 1.100539863
v -0.317248676 -0.499637509 1.101218176
v -0.334478391 -0.499063972 1.101262680
v 0.200000001 -0.516666667 0.949999995
v 0.199999999 -0.500000000 0.949999997
v 0.199999977 -0.500000000 0.966666644
v 0.199999978 -0.516666667 0.966666644
v 0.036953004 -0.316784055 0.769893110
v 0.029310572 -0.317617376 0.778944564
v 0.027331655 -0.305106263 0.777355250
v 0.033043451 -0.300301548 0.768400333
v 0.049514788 -0.299984487 0.765734040
v 0.050274606 -0.316625406 0.768945823
v -0.166666675 -0.899998147 1.016664825
v -0.166666666 -0.899970453 1.033303805
v -0.183585613 -0.599573378 0.786846915
v -0.178638260 -0.605106063 0.794868777
v -0.182798545 -0.587289819 0.780595783
v -0.066371593 -0.516854321 0.780641692
v -0.599968603 -0.783327134 0.933364520
v -0.599978768 -0.783334869 0.950011870
v -0.599988556 -0.766667265 0.950003968
v -0.599959299 -0.766665973 0.933360251
v 0.149987455 -0.200012570 0.966666643
v 0.149987443 -0.200012421 0.983333425
v -0.133389519 -0.403497804 0.804185110
v -0.116188317 -0.404273387 0.804489351
v -0.133266986 -0.412914496 0.796156139
v 0.016666662 -0.900495688 1.067162482
v 0.033333316 -0.900495703 1.067162515
v 0.033333335 -0.901224635 1.084558020
v 0.016666668 -0.901224665 1.084558008
v -0.566508875 -0.483750271 0.783596553
v -0.483138069 -0.783372906 0.863659720
v -0.016666667 -0.450000000 1.100000000
v -0.000000000 -0.433333333 1.100000000
v -0.016666667 -0.433333333 1.100000000
v 0.133303808 -0.550000000 1.099970475
v 0.149987454 -0.550000000 1.099987454
v 0.149987454 -0.533333333 1.099987454
v 0.133303808 -0.533333333 1.099970475
v -0.016398863 -0.833245672 0.900219405
v -0.016508423 -0.816935671 0.900021732
v 0.000083939 -0.816551189 0.900038932
v 0.000051935 -0.833160696 0.902300408
v -0.216901260 -0.350193434 0.900196164
v -0.216996426 -0.352221859 0.916835162
v -0.199486897 -0.348140186 0.900045831
v -0.016909496 -0.616119627 0.820117615
v -0.021127786 -0.621565733 0.828024428
v -0.032997269 -0.603031565 0.813815877
v -0.016685766 -0.602746840 0.814227364
v -0.066666667 -0.600000000 1.100000000
v -0.233134578 -0.897228154 0.903562601
v -0.216253164 -0.898335105 0.898930771
v -0.216639561 -0.901404665 0.915793852
v -0.233385565 -0.883565311 0.900052652
v -0.219831024 -0.884422749 0.895388882
v -0.350001384 -0.600003404 1.099983101
v -0.366664574 -0.600018540 1.099957787
v -0.216666667 -0.716666667 1.100000000
v -0.200000000 -0.716666667 1.100000000
v -0.200000000 -0.700000000 1.100000000
v -0.216666667 -0.700000000 1.100000000
v 0.029577214 -0.649419137 0.853924816
v 0.033746652 -0.636028239 0.850090013
v 0.037882416 -0.637797239 0.861751823
v 0.036363635 -0.649644050 0.863728882
v 0.166971586 -0.804271786 0.928760824
v 0.004913147 -0.411780955 0.770487146
v 0.000164285 -0.416369250 0.779526015
v 0.004836921 -0.404874595 0.770423390
v 0.011844914 -0.411801051 0.770915964
v 0.011773031 -0.404925338 0.770797100
v 0.016338467 -0.416497243 0.780665766
v -0.383333331 -0.666666652 1.100000032
v -0.366666662 -0.666666699 1.099999957
v -0.366666656 -0.649999894 1.100000326
v -0.383333348 -0.649999638 1.100000636
v 0.049379711 -0.283461421 0.765015051
v 0.049631185 -0.266653464 0.764943807
v 0.016666686 -0.199999817 0.949999983
v 0.016666703 -0.200000139 0.933333354
v 0.149944609 -0.900255518 1.033218572
v 0.167151188 -0.900970471 1.032988619
v 0.167151962 -0.900547453 1.049964528
v 0.149990638 -0.899973614 1.050009195
v -0.183414795 -0.363583561 0.829992420
v -0.182827221 -0.350095611 0.836026490
v -0.167169242 -0.363269364 0.829325622
v 0.100001377 -0.199996933 0.866665037
v 0.100002081 -0.200004214 0.850000571
v -0.316666653 -0.633333400 1.099999881
v -0.300000002 -0.633333334 1.099999922
v -0.299999962 -0.616666747 1.099999868
v -0.316666597 -0.616666741 1.100000725
v 0.199964661 -0.599948988 0.883385327
v 0.199928213 -0.599989153 0.900021531
v -0.601221996 -0.633334902 1.084558743
v -0.597643405 -0.633336758 1.097643914
v -0.597631188 -0.616694872 1.097630725
v -0.601210272 -0.616686663 1.084551829
v -0.584558477 -0.633336237 1.101222399
v -0.584551132 -0.616703445 1.101204876
v 0.200001832 -0.700000003 0.983332378
v 0.200001289 -0.683333336 0.983332929
v 0.200001270 -0.700000007 1.000000860
v -0.499959308 -0.750259598 0.849656917
v -0.500036359 -0.736991974 0.845882098
v -0.483414099 -0.538044203 1.028735754
v -0.483571344 -0.531228483 1.015781021
v -0.495358013 -0.545839680 1.038134005
v -0.482676126 -0.547789784 1.036664175
v -0.428109596 -0.437953128 0.771145044
v -0.420554510 -0.437567712 0.770979311
v -0.416379048 -0.432537948 0.779385456
v -0.130718718 -0.250510714 0.966812617
v -0.130189865 -0.250229861 0.950584353
v -0.121487115 -0.245359179 0.962494062
v -0.121482537 -0.245019829 0.954330028
v 0.129916532 -0.780195365 0.882293509
v 0.129381411 -0.779245901 0.900348441
v 0.117262757 -0.784503973 0.881923267
v -0.100139179 -0.579011989 0.787417492
v -0.099518762 -0.586102533 0.796616790
v -0.111753360 -0.588491253 0.794926313
v -0.100263913 -0.566638950 0.780944151
v -0.549973711 -0.549961762 0.766080890
v -0.167246490 -0.766444429 0.884486870
v -0.150163794 -0.766592383 0.884538492
v -0.299526862 -0.884417566 0.868123198
v -0.303661580 -0.889514959 0.876981370
v -0.312107277 -0.889370337 0.877108439
v -0.299812931 -0.866652167 0.865650931
v -0.049863196 -0.349793556 0.800063443
v -0.032628598 -0.350007106 0.800553532
v -0.063877989 -0.215433109 0.819416450
v -0.071441162 -0.215227249 0.828690918
v -0.067902502 -0.201242949 0.832485201
v -0.062611512 -0.203178200 0.820725091
v -0.054728908 -0.215164377 0.811741590
v -0.316684265 -0.450576664 0.966257597
v -0.316939479 -0.449832060 0.983122278
v -0.299774609 -0.448197148 0.983081847
v -0.303657849 -0.447476877 0.967303008
v -0.601141485 -0.383382321 0.867617754
v -0.597479107 -0.383502913 0.880156823
v -0.597797862 -0.366232032 0.881062141
v -0.601545460 -0.366501382 0.867982519
v -0.584463955 -0.383770080 0.883856965
v -0.249833253 -0.635937589 0.800225801
v -0.233555599 -0.630174444 0.800695407
v -0.245153091 -0.638335113 0.811731343
v -0.266794555 -0.666907979 0.816211952
v 0.100001001 -0.783333436 1.100001103
v -0.116688893 -0.799995238 0.883046990
v -0.099961895 -0.799924909 0.882699695
v -0.596460054 -0.828568920 0.887599696
v -0.598332668 -0.833546954 0.899007742
v -0.601361455 -0.817159075 0.898972346
v -0.597673935 -0.816824805 0.886349883
v -0.584226047 -0.829779682 0.886597784
v -0.584782950 -0.837028070 0.895675678
v -0.183333333 -0.783333436 1.100000103
v -0.133333333 -0.666666667 1.100000000
v -0.116666667 -0.666666667 1.100000000
v -0.116666667 -0.650000000 1.100000000
v -0.133333333 -0.650000000 1.100000000
v -0.050000000 -0.716666667 1.100000000
v -0.066666667 -0.716666667 1.100000000
v -0.077992349 -0.204922511 1.029073293
v -0.079574888 -0.203177253 1.016269506
v -0.071261593 -0.211445278 1.038348324
v -0.183333333 -0.833303808 1.099970475
v 0.196244910 -0.662107426 0.871107555
v 0.198453704 -0.650167558 0.866121286
v 0.200934408 -0.650309691 0.882738110
v 0.198569781 -0.666780196 0.882900206
v 0.184415331 -0.666795984 0.868892372
v 0.189592712 -0.671795877 0.877529069
v 0.184730642 -0.654207560 0.862427678
v 0.199970475 -0.450000000 1.033303808
v 0.199987454 -0.450000000 1.049987454
v -0.483333436 -0.833303810 1.099970576
v -0.483333437 -0.816664844 1.099998276
v -0.567173915 -0.901632434 0.915278137
v -0.567242982 -0.901436892 0.932721094
v -0.584242573 -0.650837387 0.829149812
v -0.254215644 -0.794768270 0.854337597
v -0.252973801 -0.783915581 0.852579296
v -0.246056844 -0.783449853 0.862480423
v -0.249696125 -0.799562852 0.866751693
v 0.103396328 -0.517187044 0.779435104
v 0.116123990 -0.516967998 0.786947116
v 0.003651240 -0.283386145 0.787411905
v -0.003590719 -0.283273001 0.796422370
v -0.003185939 -0.266402038 0.796808088
v 0.003935249 -0.266435412 0.787660349
v 0.012357998 -0.266492028 0.779145725
v 0.012151461 -0.283418739 0.778989909
v 0.099999473 -0.899967680 1.049994018
v 0.116667611 -0.899948213 1.049999142
v 0.116664627 -0.900488269 1.067163932
v 0.100000772 -0.900497893 1.067161833
v -0.166666666 -0.899987455 1.049987454
v -0.166666667 -0.900495777 1.067162444
v -0.183333333 -0.900495777 1.067162443
v -0.600046201 -0.433339536 0.850007054
v -0.600489433 -0.433350260 0.866707547
v -0.600565620 -0.416765470 0.866881315
v -0.600252740 -0.416702299 0.850050913
v -0.383333311 -0.899998176 1.016664918
v -0.366666663 -0.899998160 1.016664862
v -0.366666668 -0.899970472 1.033303804
v -0.383333333 -0.899970435 1.033303813
v -0.600256618 -0.516702633 0.949967153
v -0.600837307 -0.516472859 0.966710566
v -0.600975808 -0.499440349 0.967092679
v -0.600954810 -0.499772006 0.950213566
v 0.061180470 -0.595297690 0.804205850
v 0.066673749 -0.599480988 0.817008633
v 0.055111344 -0.589392807 0.794032117
v -0.216340562 -0.833154570 0.883677958
v -0.217182769 -0.820048436 0.880037588
v -0.204675928 -0.821787723 0.878243389
v -0.200045557 -0.833257529 0.880476743
v -0.263987724 -0.749296620 0.864280185
v -0.262926633 -0.738062496 0.862986723
v -0.250438620 -0.736700256 0.864080677
v -0.250802092 -0.749881770 0.867431013
v -0.138345884 -0.896747904 0.886769765
v -0.136849992 -0.884455843 0.885324580
v -0.129433965 -0.884820611 0.895185633
v -0.133096556 -0.898612746 0.898851113
v -0.599987494 -0.666666707 1.049987441
v -0.599970433 -0.666666703 1.033303804
v 0.200001001 -0.566666666 1.000001001
v 0.200001000 -0.550000000 1.000001001
v 0.199998176 -0.550000000 1.016664842
v 0.199998175 -0.566666667 1.016664842
v -0.166604118 -0.370200083 0.820229228
v -0.154865452 -0.361704191 0.828030851
v -0.150018174 -0.366950378 0.819682250
v -0.166521548 -0.379404859 0.812241689
v 0.116665065 -0.250012346 1.099985207
v -0.016666667 -0.867162443 1.100495777
v -0.000000000 -0.867162443 1.100495777
v -0.000000000 -0.849987454 1.099987454
v -0.016666667 -0.849987454 1.099987454
v -0.183504269 -0.349471630 1.066584263
v -0.186700164 -0.349230447 1.084425627
v -0.180662889 -0.336082316 1.084243162
v -0.179884827 -0.336651457 1.067314575
v -0.171609658 -0.328401177 1.084672142
v -0.171830049 -0.328425284 1.066964806
v -0.016666676 -0.366666657 1.099999964
v -0.016666631 -0.350000017 1.099999793
v -0.412616912 -0.478394011 0.988488181
v -0.416308714 -0.466405192 0.983708609
v -0.421873890 -0.471451948 0.995299025
v -0.416756265 -0.483290358 1.000339260
v -0.428324787 -0.460282206 0.989410818
v -0.433542562 -0.465620728 0.998297373
v -0.432983935 -0.483488629 1.000367991
v 0.184552383 -0.198795511 0.850035348
v 0.184536499 -0.198757887 0.833347279
v 0.199998176 -0.516666667 1.016664842
v 0.199970475 -0.516666667 1.033303808
v -0.266667400 -0.549999851 1.100003305
v -0.233654883 -0.416093666 1.101237605
v -0.567072749 -0.549031019 1.084586065
v -0.567238538 -0.552661768 1.097506271
v -0.550051293 -0.553183976 1.097407933
v -0.549940604 -0.549932717 1.084016978
v 0.021201405 -0.295164144 0.771075587
v 0.015979895 -0.299977741 0.780143884
v 0.019359174 -0.282855671 0.769332561
v 0.032595980 -0.283504862 0.765349056
v -0.416666666 -0.666666654 1.100000111
v -0.399999996 -0.666666603 1.100000089
v -0.400000017 -0.649999827 1.100000555
v -0.416666689 -0.650000013 1.100000363
v -0.584537181 -0.600012151 1.101244620
v -0.567151620 -0.600014432 1.100508174
v -0.584604714 -0.582742223 1.101648167
v -0.200674013 -0.549698352 0.751967660
v -0.183559730 -0.549353555 0.748605590
v 0.115947281 -0.469353462 0.780484628
v 0.128347420 -0.470940407 0.779203780
v 0.132686531 -0.483497567 0.779995213
v 0.016663132 -0.249718044 0.780331162
v 0.016236365 -0.233204687 0.779951922
v 0.028210302 -0.237660914 0.778021297
v 0.028179764 -0.245716542 0.778093719
v -0.600001110 -0.783333417 1.000001009
v -0.599998237 -0.783333437 1.016664856
v -0.599998140 -0.766666645 1.016664849
v -0.600000945 -0.766666642 1.000001026
v -0.216820127 -0.613615413 0.786830895
v -0.200538473 -0.612819189 0.787328844
v -0.199989591 -0.620576288 0.796174909
v -0.216380246 -0.620547672 0.796678434
v -0.216099496 -0.603787994 0.779390143
v -0.199902335 -0.600305899 0.780844503
v -0.528322671 -0.761171690 0.855434752
v -0.533091572 -0.766329117 0.864251797
v -0.538012399 -0.755022945 0.861820816
v -0.533252496 -0.749789369 0.853212575
v -0.516110872 -0.763042938 0.853732570
v -0.517136615 -0.770233516 0.863037903
v -0.516843016 -0.749817338 0.849989392
v 0.201232702 -0.250003280 0.798765490
v 0.200508161 -0.250019779 0.816150469
v 0.200000089 -0.350000001 0.899999926
v 0.200000034 -0.333333357 0.900000036
v 0.199999954 -0.333333356 0.916666672
v 0.199999974 -0.350000002 0.916666674
v -0.162295438 -0.428379051 0.795425766
v -0.166516533 -0.417110478 0.797659298
v -0.150123737 -0.416475902 0.797434188
v -0.154281851 -0.428734336 0.795280176
v -0.366289863 -0.645928777 0.787535546
v -0.366744457 -0.653705307 0.796587100
v -0.367013489 -0.634185469 0.779953774
v -0.584898426 -0.329284931 0.870646532
v -0.584569762 -0.336157646 0.880413913
v -0.233332718 -0.899971831 0.966679267
v -0.216666632 -0.899968070 0.966687836
v -0.216666526 -0.899998525 0.983334016
v -0.050053048 -0.866832851 0.902869719
v -0.050149312 -0.850190619 0.900069693
v -0.033008061 -0.850458131 0.899120424
v -0.033016102 -0.867265882 0.899429661
v -0.516663410 -0.900012902 0.966647923
v 0.184558008 -0.633333333 1.101224675
v 0.167162443 -0.633333333 1.100495777
v -0.066209998 -0.630719008 0.819826277
v -0.066819903 -0.633117781 0.833576295
v -0.066828369 -0.621279793 0.812091273
v -0.150000000 -0.749999997 1.099999997
v -0.166666667 -0.749999997 1.099999997
v -0.100000000 -0.650000000 1.100000000
v -0.116666667 -0.633333333 1.100000000
v 0.033333334 -0.749999997 1.099999998
v 0.049999997 -0.749999997 1.099999994
v 0.049999997 -0.733333334 1.099999998
v 0.033333334 -0.733333334 1.100000001
v -0.600530208 -0.466732591 0.816523803
v -0.598198534 -0.466717149 0.798943286
v -0.589303157 -0.470942461 0.793780334
v -0.589203837 -0.479036797 0.794077625
v -0.250000000 -0.749999997 1.099999997
v -0.233333333 -0.749999997 1.099999997
v -0.233333333 -0.733333334 1.100000000
v -0.250000000 -0.733333334 1.100000000
v 0.100001001 -0.199998998 0.933333333
v 0.100001000 -0.199999011 0.916666670
v -0.600003152 -0.549999750 0.900000069
v -0.050000000 -0.600000000 1.100000000
v -0.016924465 -0.663293612 0.853736042
v 0.000473588 -0.663228457 0.853912905
v 0.000235957 -0.670270425 0.863386597
v -0.016975275 -0.670278829 0.862908950
v -0.016878685 -0.654359497 0.845925438
v 0.100001001 -0.716666667 1.100001001
v 0.116664842 -0.716666667 1.099998176
v -0.601159108 -0.750244204 0.882542170
v -0.600454911 -0.750011937 0.899885353
v -0.333333374 -0.616665951 1.100002140
v -0.316666969 -0.599999110 1.100003144
v -0.333334373 -0.599997851 1.099998631
v -0.349716244 -0.566314359 0.770202979
v -0.349730276 -0.550169436 0.769763539
v -0.345111588 -0.554850736 0.779481873
v -0.345126796 -0.561784430 0.779647492
v -0.366950163 -0.566803047 0.766454658
v -0.366936177 -0.549824099 0.766224356
v 0.200001612 -0.600000000 0.949999969
v 0.199999897 -0.599999952 0.966666760
v -0.495033685 -0.660905778 0.822617911
v -0.499748021 -0.666601588 0.831520288
v -0.482471133 -0.662781271 0.820846958
v -0.483197336 -0.669658821 0.831007970
v -0.484194524 -0.653802869 0.812479925
v 0.198736845 -0.316558014 0.782282467
v 0.198746137 -0.300184610 0.781977894
v 0.201417434 -0.299987913 0.799146803
v 0.201381235 -0.316660277 0.799332024
v 0.199987457 -0.700000000 1.049987454
v 0.199987455 -0.683333333 1.049987454
v 0.200495777 -0.683333333 1.067162443
v 0.200495777 -0.700000000 1.067162443
v -0.533303806 -0.666666608 1.099970584
v -0.299961072 -0.516954656 0.769412343
v -0.449443454 -0.466757267 0.765147790
v -0.299719797 -0.567094083 0.765574491
v -0.299829002 -0.583327635 0.769017904
v -0.596416953 -0.580140202 0.770146022
v -0.597958519 -0.581204416 0.782202399
v -0.601804006 -0.567781213 0.782441900
v -0.597892017 -0.568263228 0.768544335
v -0.584854099 -0.581233391 0.769075494
v -0.584487067 -0.584420604 0.781945381
v -0.319599879 -0.467003167 1.033662109
v -0.313878290 -0.467388632 1.049699172
v -0.313427050 -0.449556178 1.045994319
v -0.314644712 -0.449239538 1.033920426
v -0.298699014 -0.464315433 1.053589190
v -0.300107558 -0.449791371 1.049826938
v 0.022158087 -0.612398956 0.804515348
v 0.017063420 -0.617472200 0.813644915
v 0.011989643 -0.605551404 0.811234062
v 0.016894723 -0.600138780 0.799601956
v -0.527787281 -0.446302417 0.903291919
v -0.520980103 -0.446229603 0.903332479
v -0.520370385 -0.433919537 0.903112232
v -0.532978783 -0.434329603 0.901648275
v -0.599983728 -0.816664871 0.966672924
v -0.599943471 -0.816658415 0.950041820
v -0.000000000 -0.833303808 1.099970475
v 0.116659821 -0.617050725 0.832613091
v 0.116160752 -0.620591348 0.846631267
v -0.601141295 -0.516367367 0.799412192
v -0.598597676 -0.516032407 0.782712380
v 0.000000018 -0.333333364 1.099999824
v -0.087149279 -0.316861270 0.829830401
v -0.079786945 -0.317223088 0.820289538
v 0.066666644 -0.800001001 1.100000978
v 0.200722625 -0.583474304 0.833264309
v 0.200594827 -0.566663171 0.833198644
v 0.200383735 -0.566635694 0.849928203
v 0.200827442 -0.583358533 0.849673470
v -0.299823624 -0.715934209 0.833357770
v -0.299937555 -0.703520721 0.829478078
v -0.283400832 -0.716123005 0.836333986
v -0.084269511 -0.215641500 1.084404615
v -0.080324387 -0.215512158 1.097687768
v -0.079476699 -0.203174732 1.096663094
v -0.080828391 -0.201729750 1.084273999
v -0.200000000 -0.800001001 1.100001001
v -0.216666667 -0.800001001 1.100001001
v 0.199970339 -0.649998590 0.933357767
v 0.199989177 -0.649999922 0.950003240
v -0.016268250 -0.885250598 0.912338167
v -0.011218111 -0.872882483 0.910163347
v 0.184481524 -0.630258517 0.836129941
v 0.184830848 -0.637929644 0.845381848
v 0.184612497 -0.618003919 0.829699024
v -0.416666667 -0.867162443 1.100495777
v -0.433333334 -0.867162444 1.100495777
v 0.116541456 -0.249818840 0.769113799
v 0.112553330 -0.253988180 0.778508647
v 0.099790199 -0.232430248 0.765700831
v 0.116308735 -0.232795712 0.769211342
v -0.300331489 -0.446583491 1.016532890
v -0.300444975 -0.445593115 1.030635587
v -0.288145266 -0.445183827 1.028649265
v -0.286248563 -0.446916642 1.016512593
v 0.200307762 -0.500030253 0.816548871
v 0.200135107 -0.483323564 0.816680449
v 0.199979345 -0.499993097 0.833371763
v 0.000004543 -0.729947241 0.869902974
v 0.016107353 -0.730407406 0.869771719
v 0.016429019 -0.737022983 0.879979193
v -0.000305909 -0.737142528 0.879802610
v -0.000548262 -0.717180414 0.865794109
v 0.016253514 -0.716743618 0.866038561
v -0.479495231 -0.346131250 0.850994179
v -0.486422529 -0.336316003 0.850339165
v -0.487892381 -0.338103439 0.862293061
v -0.499009242 -0.329109847 0.850664749
v -0.017533392 -0.201525518 0.798760760
v -0.600656889 -0.867166171 0.949959911
v -0.601302284 -0.867265500 0.932712966
v -0.133616742 -0.596176256 0.787037431
v -0.132968991 -0.603738211 0.796020294
v 0.200495777 -0.566666667 1.067162443
v 0.200495777 -0.550000000 1.067162443
v 0.201224675 -0.550000000 1.084558008
v 0.201224675 -0.566666667 1.084558008
v -0.416715298 -0.833778570 0.865975830
v -0.416609654 -0.817163016 0.866450215
v -0.584135037 -0.483292002 0.785662259
v -0.433242142 -0.599381141 0.783533004
v -0.433828131 -0.586882413 0.779514247
v -0.421464919 -0.588485608 0.777935349
v -0.416373399 -0.599873784 0.780466462
v -0.016553066 -0.249853131 0.799767036
v -0.104655106 -0.245446897 1.004410123
v -0.094919199 -0.238390533 1.015941220
v -0.099244842 -0.233768696 1.002674658
v -0.087360183 -0.229261403 1.004184526
v 0.184557999 -0.198775339 0.916666691
v 0.045199649 -0.811368802 0.905245757
v 0.050624048 -0.816314232 0.914133116
v 0.201224675 -0.516666667 1.084558008
v 0.197644732 -0.516666667 1.097644732
v 0.184558008 -0.516666667 1.101224675
v -0.579434830 -0.444881688 0.794988404
v -0.584284286 -0.433025622 0.796132148
v -0.566890705 -0.436680526 0.796547787
v -0.566071480 -0.446588452 0.796829473
v -0.100621921 -0.198849010 0.916557231
v -0.100685046 -0.198306259 0.899386636
v 0.033323183 -0.899931947 1.000045541
v 0.049982892 -0.899978239 1.000051584
v 0.049998810 -0.899956981 1.016682722
v 0.033333813 -0.899978787 1.016670927
v -0.378967470 -0.428170818 0.794889443
v -0.383323139 -0.416608492 0.797187113
v -0.367386926 -0.416428948 0.799962753
v -0.366829089 -0.429842780 0.796456227
v -0.100000000 -0.516666667 1.100000000
v -0.100000000 -0.500000000 1.099999999
v 0.167162443 -0.566666667 1.100495777
v 0.184558008 -0.566666667 1.101224675
v 0.184558008 -0.550000000 1.101224675
v 0.167162443 -0.550000000 1.100495777
v 0.128413139 -0.210778364 0.770583224
v 0.128996724 -0.202915929 0.770240486
v 0.133626516 -0.201890721 0.782254702
v 0.133293412 -0.215902514 0.779913461
v 0.116925357 -0.215639419 0.768439286
v 0.121852963 -0.220250981 0.777654183
v 0.117103293 -0.202492228 0.768792574
v -0.316668422 -0.583331053 1.099994239
v -0.200688237 -0.349486809 0.847182881
v -0.194791761 -0.355735679 0.838678572
v -0.189010767 -0.344861435 0.844019826
v -0.449999997 -0.700000001 1.099999996
v -0.433333334 -0.700000001 1.099999998
v -0.433333334 -0.683333333 1.099999990
v -0.449999997 -0.683333343 1.099999986
v 0.066905166 -0.615882404 0.850794504
v 0.071426282 -0.620352026 0.863118602
v 0.070227002 -0.603810021 0.846487274
v 0.079321464 -0.603324293 0.846466251
v -0.477535784 -0.343888814 0.837991785
v -0.466340633 -0.349400830 0.850323326
v -0.466216174 -0.346124550 0.833232359
v 0.049420988 -0.384101221 0.769188719
v 0.054857418 -0.372042279 0.770399389
v 0.061797184 -0.379072094 0.770725352
v 0.066750512 -0.366543390 0.769627237
v 0.067041072 -0.366796985 0.780567360
v 0.066809015 -0.383374618 0.780895499
v -0.366666667 -0.749999997 1.099999997
v 0.199985028 -0.250012328 0.866669040
v 0.199988503 -0.250012585 0.883332311
v 0.199999974 -0.350000003 0.966666644
v 0.199999954 -0.333333356 0.966666644
v 0.200000080 -0.333333356 0.983333436
v 0.200000100 -0.350000003 0.983333436
v -0.266925408 -0.767046270 0.852725341
v -0.584540559 -0.533119621 0.762051811
v 0.199998276 -0.283335156 0.983333437
v 0.199999175 -0.283335157 1.000001001
v -0.100473925 -0.201637843 0.883071799
v 0.178929952 -0.762682135 0.886980704
v 0.180469349 -0.750458115 0.885991590
v 0.188153785 -0.751193481 0.894818639
v 0.184348742 -0.767441319 0.896007385
v -0.233333333 -0.899970454 1.033303814
v -0.216666667 -0.899970448 1.033303829
v -0.216666667 -0.899987451 1.049987457
v -0.233333333 -0.899987451 1.049987455
v -0.117173665 -0.750237286 0.883632732
v -0.099950436 -0.750463189 0.886409046
v -0.516664811 -0.899968833 1.033303704
v -0.516665065 -0.899985198 1.049987663
v -0.533242877 -0.599128015 0.803471299
v -0.533564036 -0.586170834 0.797103421
v -0.521480918 -0.588110017 0.794456131
v -0.516833585 -0.599787295 0.797656610
v -0.250764329 -0.862402620 0.887999226
v -0.233043094 -0.862440085 0.887316549
v -0.233460440 -0.870102773 0.896443270
v -0.250019261 -0.870083310 0.896838836
v -0.250720676 -0.849685675 0.883784448
v -0.233360889 -0.849679689 0.883772915
v 0.016666667 -0.733333334 1.100000000
v 0.033333334 -0.716666667 1.100000000
v 0.016666667 -0.716666667 1.100000000
v -0.253922670 -0.428808053 0.988440519
v 0.083333436 -0.199999793 0.983333436
v 0.083333436 -0.199998897 1.000001001
v 0.100001002 -0.199998002 1.000001002
v 0.100001001 -0.199998897 0.983333436
v 0.016666013 -0.232837550 1.100496276
v 0.033333271 -0.232837588 1.100495919
v 0.033333143 -0.215442040 1.101224798
v 0.016665803 -0.215441658 1.101225212
v -0.599978911 -0.550056642 0.983278880
v -0.599929057 -0.550035151 0.966650806
v -0.050000000 -0.901224676 1.084558008
v -0.033333333 -0.901224675 1.084558007
v -0.033333333 -0.897644732 1.097644731
v -0.050000000 -0.897644732 1.097644732
v -0.033333333 -0.884558008 1.101224675
v -0.050000000 -0.884558008 1.101224675
v -0.333333333 -0.901224675 1.084558008
v -0.316666667 -0.901224675 1.084558008
v -0.316666667 -0.897644732 1.097644732
v -0.333333333 -0.897644732 1.097644732
v -0.316666667 -0.884558008 1.101224675
v -0.333333333 -0.884558008 1.101224675
v -0.050000010 -0.399999991 1.099999929
v -0.033333337 -0.399999997 1.100000010
v -0.033333342 -0.383333323 1.099999940
v -0.049999948 -0.383333372 1.099999781
v -0.216233310 -0.666800424 0.830048803
v -0.211707174 -0.655187042 0.827556270
v -0.199374521 -0.653463097 0.829681662
v -0.200468630 -0.666648838 0.835878694
v -0.133333333 -0.749999997 1.099999997
v 0.199972819 -0.316666943 0.850011735
v 0.199972041 -0.299999080 0.850018063
v 0.199999752 -0.299999095 0.866666257
v 0.199998998 -0.316666455 0.866666722
v -0.415971514 -0.365525472 0.818969383
v -0.416375195 -0.379701310 0.812682887
v -0.416666667 -0.749999997 1.099999997
v -0.500000979 -0.833303787 1.099971518
v -0.500001001 -0.816664843 1.099999175
v -0.433324694 -0.530158566 1.019636578
v -0.421190893 -0.529125380 1.021379026
v -0.417014982 -0.517182896 1.018936605
v -0.432830763 -0.518058367 1.012717668
v 0.104648728 -0.470548420 0.779371176
v 0.149672269 -0.346453126 0.780152087
v 0.149421131 -0.333872717 0.784580020
v 0.166871154 -0.333917204 0.784005531
v 0.167086417 -0.345944055 0.779553243
v -0.584562916 -0.899137668 0.915393639
v -0.416666667 -0.800001001 1.100001001
v -0.433333334 -0.783333436 1.100000103
v -0.338216822 -0.561757700 0.779549658
v -0.338232615 -0.554823198 0.779398790
v -0.333744881 -0.550260283 0.769552447
v -0.316321639 -0.550068956 0.765835816
v 0.099925735 -0.750419384 0.865300882
v 0.100035932 -0.733506525 0.864920298
v 0.116925920 -0.733119058 0.865298301
v 0.117101903 -0.750462905 0.864902580
v -0.600857146 -0.583440906 0.833149034
v -0.600142135 -0.583317263 0.850021255
v -0.599949164 -0.566642440 0.850033492
v -0.600223544 -0.566641880 0.833358718
v -0.049978263 -0.199885221 0.966656383
v -0.049977697 -0.200031523 0.950010919
v 0.083333624 -0.899984290 1.049987791
v 0.083333622 -0.900498375 1.067161381
v -0.332883671 -0.600639757 0.765666262
v -0.000277113 -0.366362359 0.783358909
v -0.266058361 -0.386619602 0.850066641
v -0.266405739 -0.383472116 0.866874350
v -0.262172480 -0.395384536 0.844795824
v -0.254086011 -0.395433434 0.845018064
v -0.599999329 -0.516665421 0.866668112
v -0.599966964 -0.516670886 0.850009178
v -0.600001860 -0.599999762 0.966666577
v -0.600000129 -0.600000154 0.949999892
v 0.133303808 -0.433333333 1.099970475
v 0.149987454 -0.433333333 1.099987454
v 0.149987454 -0.416666667 1.099987454
v 0.133303808 -0.416666667 1.099970475
v 0.120345516 -0.883759934 0.979818751
v 0.120809319 -0.871108330 0.978602141
v 0.128029070 -0.870950694 0.979201512
v 0.132695300 -0.883389106 0.980944709
v -0.066666667 -0.483333333 1.100000000
v -0.083333333 -0.483333333 1.099999999
v 0.200001014 -0.650000002 1.000001019
v 0.199998168 -0.650000000 1.016664851
v -0.367176314 -0.883843443 0.883195313
v -0.371099308 -0.889361611 0.894607538
v -0.370612728 -0.866519268 0.879751971
v 0.199988430 -0.366667319 0.833344790
v 0.199974415 -0.349996734 0.833349947
v 0.199970948 -0.349999846 0.850014401
v 0.199970597 -0.366666688 0.850013013
v 0.049999997 -0.350000003 1.099999994
v -0.300905323 -0.465760121 1.101293244
v -0.300338353 -0.449170054 1.098314325
v -0.016666667 -0.516666667 1.100000000
v -0.016666667 -0.500000000 1.100000000
v 0.066681870 -0.249978180 0.765593476
v -0.596103212 -0.628856969 0.820937559
v -0.598702180 -0.633665890 0.832300588
v -0.601115562 -0.616890075 0.832723650
v -0.597571636 -0.616415622 0.819543411
v -0.584159374 -0.633694308 0.818838467
v -0.589492944 -0.639074809 0.826739213
v -0.584174927 -0.617462573 0.815538685
v -0.299937822 -0.516727685 1.099972049
v -0.300016935 -0.500010906 1.100316867
v -0.335967443 -0.497448888 1.032128341
v -0.329184478 -0.484981496 1.032558562
v 0.198617727 -0.399758430 0.782603738
v 0.200736786 -0.400004187 0.799568794
v 0.200001319 -0.499999978 0.883332839
v 0.200000482 -0.483333375 0.883332981
v 0.199999949 -0.483333332 0.900000041
v 0.199999958 -0.499999983 0.900000007
v 0.028362645 -0.661517197 0.855667068
v 0.033125335 -0.666557767 0.863889253
v 0.016977563 -0.662790257 0.853918714
v 0.017185448 -0.670365406 0.863075698
v -0.600493131 -0.867163336 1.016664753
v -0.600495972 -0.867163024 1.000000146
v -0.362486479 -0.879548131 0.870780677
v -0.363331853 -0.866248600 0.869901239
v -0.349908595 -0.867212741 0.868907438
v -0.345749579 -0.872049374 0.878284458
v -0.094971594 -0.238524817 1.078475087
v -0.100640251 -0.233155991 1.066233892
v -0.086461037 -0.232836108 1.084074092
v -0.089593317 -0.227887741 1.072127834
v -0.088459035 -0.245234298 1.088908678
v 0.200001919 -0.716666584 0.983331965
v 0.200001447 -0.716666585 1.000000718
v 0.017436469 -0.786887404 0.896409576
v 0.033492977 -0.782919284 0.897303830
v -0.099759938 -0.400414158 0.803796903
v 0.049999955 -0.900495969 1.067162467
v 0.049999990 -0.901224580 1.084558052
v -0.399847411 -0.399729997 0.799709783
v -0.383794692 -0.404009643 0.803938042
v -0.394854413 -0.411126325 0.794464763
v -0.119162764 -0.283512126 1.067195363
v 0.100001001 -0.666666667 1.100001001
v -0.600455719 -0.699968382 0.883017204
v 0.167162443 -0.533333333 1.100495777
v 0.004873516 -0.837904957 0.911086945
v -0.250733983 -0.399366865 1.066739257
v -0.253437875 -0.398975623 1.084119519
v -0.246864077 -0.385607384 1.084565632
v -0.245325930 -0.387461942 1.071876305
v -0.234769059 -0.381792193 1.084125377
v -0.233540623 -0.385192450 1.067116878
v -0.238639391 -0.394202132 1.061518116
v -0.187702060 -0.346124871 0.904230955
v -0.183333333 -0.683333333 1.100000000
v -0.183333333 -0.666666667 1.100000000
v -0.600002933 -0.800001120 0.983332462
v -0.600002289 -0.800000989 1.000000966
v -0.600001323 -0.783333415 0.983332966
v 0.197669357 -0.450011127 0.768885455
v 0.184596866 -0.450221915 0.765370571
v -0.233333333 -0.833303808 1.099970475
v -0.250000000 -0.833303808 1.099970475
v -0.183333333 -0.716666667 1.100000000
v -0.183333333 -0.700000000 1.100000000
v -0.228671333 -0.372160311 0.839040926
v 0.199999531 -0.533333889 0.883331696
v -0.516664808 -0.833303760 1.099968733
v -0.533304089 -0.833304089 1.099940389
v 0.199970472 -0.350000003 1.033303808
v 0.199970450 -0.333333356 1.033303809
v 0.199987430 -0.333333357 1.049987455
v 0.199987451 -0.350000003 1.049987454
v -0.483333436 -0.716666667 1.100000103
v -0.466666644 -0.716666667 1.099999977
v -0.466666644 -0.699999999 1.099999978
v -0.483333436 -0.699999999 1.100000104
v -0.316692606 -0.813504780 0.853401063
v -0.300294598 -0.813244988 0.853412308
v -0.299612253 -0.820347074 0.862563417
v -0.316667504 -0.820792280 0.862857576
v -0.316784669 -0.800732769 0.849749158
v -0.299754159 -0.800688241 0.849944003
v 0.199985207 -0.283334935 1.049987654
v -0.100779073 -0.198778949 0.950247242
v -0.100790193 -0.201452181 0.966719174
v -0.503851393 -0.320137413 0.855592673
v -0.503598261 -0.320460527 0.863087432
v -0.515587566 -0.318685208 0.850266272
v -0.515381358 -0.319543235 0.863057321
v -0.510546552 -0.326603834 0.844981392
v -0.532984311 -0.500314601 0.769361735
v -0.598574488 -0.316487234 0.853913576
v -0.599366273 -0.316302530 0.868083018
v -0.599682619 -0.299278566 0.867772448
v -0.584747854 -0.316758439 0.847474992
v -0.116614126 -0.450173488 0.783390508
v -0.112196366 -0.445297705 0.795307113
v -0.104812754 -0.445110723 0.795779230
v -0.100510426 -0.450270824 0.786852446
v 0.071575468 -0.711776207 0.879105006
v 0.071495529 -0.704922996 0.879053036
v 0.078480733 -0.704902180 0.879182961
v 0.078466146 -0.711761957 0.879205090
v -0.134433594 -0.249931935 0.883534584
v -0.137372864 -0.249345448 0.898970565
v -0.130676631 -0.232707713 0.886546466
v -0.116888347 -0.232977203 0.880548001
v -0.122211182 -0.244908575 0.877879861
v -0.266899451 -0.549290986 0.769449126
v -0.250013697 -0.533359008 0.765528460
v -0.249990322 -0.549901739 0.766607764
v -0.400004577 -0.467052008 0.784124213
v -0.399854420 -0.449661867 0.783054895
v -0.383669025 -0.449805356 0.783183964
v -0.383652582 -0.466708040 0.783807395
v -0.047167345 -0.233050882 0.802831292
v -0.033829849 -0.233002302 0.799184347
v -0.598657274 -0.750553522 0.865374106
v -0.584645297 -0.754090622 0.861798987
v -0.601183315 -0.549380395 1.033567849
v -0.147741303 -0.283072185 0.883183801
v -0.150205498 -0.282784431 0.900213387
v -0.148164929 -0.266522511 0.899797278
v -0.147122307 -0.266728748 0.887327069
v -0.137790295 -0.266127396 0.879475890
v -0.139468461 -0.278285119 0.877768940
v -0.478558674 -0.394898841 0.888476099
v -0.483479064 -0.400183827 0.897124522
v -0.466928550 -0.404047325 0.895777215
v -0.466407196 -0.396596216 0.886867142
v -0.483534627 -0.412249784 0.904121218
v -0.466797186 -0.412716924 0.903678425
v 0.049999997 -0.800001001 1.100000998
v 0.198190274 -0.898230107 1.015349005
v 0.201808450 -0.884818120 1.015745974
v 0.197860720 -0.897873099 1.032630475
v 0.184814583 -0.901850102 1.015487594
v 0.184632610 -0.901672040 1.032678884
v 0.200000081 -0.316666565 0.916666675
v 0.200000977 -0.299998999 0.916666687
v 0.200000998 -0.299998999 0.933333336
v 0.200000101 -0.316666564 0.933333335
v -0.233333333 -0.816664842 1.099998176
v -0.233333333 -0.800001001 1.100001001
v 0.049999995 -0.299998999 1.100000998
v -0.433077172 -0.633014580 0.800213348
v -0.419985558 -0.633576188 0.796275229
v 0.199998176 -0.400000000 1.016664842
v 0.199970475 -0.383333333 1.033303808
v 0.199970475 -0.400000000 1.033303808
v -0.267790633 -0.432250567 1.101103806
v -0.284456680 -0.432257927 1.098191968
v -0.133333333 -0.550000000 1.100000000
v -0.116666667 -0.550000000 1.100000000
v -0.116666667 -0.533333333 1.100000000
v -0.133333333 -0.533333333 1.100000000
v -0.584552049 -0.901220240 0.983344198
v 0.184233419 -0.816877125 0.935705724
v 0.179864199 -0.821729392 0.944419521
v 0.184466601 -0.804021201 0.928790750
v 0.055120849 -0.528839751 0.778711947
v 0.050429212 -0.516310947 0.781187725
v 0.063157538 -0.516915108 0.780305895
v 0.066905353 -0.533788154 0.779891438
v -0.599947574 -0.516717357 0.933291076
v -0.599929962 -0.516687590 0.916654087
v -0.599926705 -0.600015821 1.033301688
v -0.036685182 -0.399659902 0.796313083
v -0.029853732 -0.400545226 0.787257230
v -0.433838502 -0.833815604 0.865963629
v -0.433607898 -0.817244241 0.866034437
v -0.567094167 -0.466211547 0.967418568
v -0.561888520 -0.454100535 0.962170127
v -0.563423443 -0.453011436 0.949491265
v -0.550436008 -0.452112194 0.963700856
v -0.550515572 -0.449325964 0.950456426
v -0.550700267 -0.465635627 0.970273030
v -0.100398491 -0.867047224 0.899800587
v -0.083196172 -0.866384027 0.900376557
v 0.200000126 -0.366666664 0.899999928
v 0.199999980 -0.366666666 0.916666675
v 0.116664842 -0.633333333 1.099998176
v 0.184558008 -0.533333333 1.101224675
v 0.167162443 -0.516666667 1.100495777
v -0.150000000 -0.633333333 1.100000000
v -0.166666667 -0.633333333 1.100000000
v 0.033333334 -0.633333333 1.100000000
v 0.049999997 -0.633333333 1.099999997
v 0.049999997 -0.616666667 1.099999997
v 0.033333334 -0.616666667 1.100000000
v -0.045241942 -0.605448096 0.810770469
v -0.596813270 -0.353755715 0.803427773
v -0.601211184 -0.449548628 0.900406763
v -0.598354051 -0.449005252 0.917317011
v -0.597826153 -0.432396338 0.914189233
v -0.601432546 -0.432782280 0.900737184
v -0.584241441 -0.445853739 0.920901484
v -0.584360883 -0.432319201 0.917250357
v -0.033333333 -0.483333333 1.100000000
v -0.050000000 -0.483333333 1.100000000
v 0.078138490 -0.845126847 0.938546241
v 0.083951580 -0.836051674 0.933118916
v 0.088072890 -0.837988105 0.945487831
v 0.083406504 -0.849874000 0.947786215
v 0.071167966 -0.854669043 0.945022599
v -0.599966034 -0.633325337 0.883365968
v -0.599978417 -0.633335006 0.900011515
v -0.599988706 -0.616667564 0.900004044
v -0.599958292 -0.616666533 0.883361025
v -0.317771187 -0.482506170 1.101339063
v -0.334947151 -0.482887888 1.098479705
v 0.199999997 -0.483333333 0.949999997
v -0.100000000 -0.666666667 1.100000000
v -0.144995837 -0.322162774 0.838590683
v -0.214601906 -0.349064402 0.934106141
v -0.213230927 -0.348788271 0.946536294
v -0.213845827 -0.336165239 0.946291176
v -0.212728419 -0.336423000 0.938708279
v -0.206193586 -0.336662708 0.945612948
v -0.201140402 -0.349433740 0.950247844
v -0.449999997 -0.783333436 1.100000100
v 0.133308298 -0.900080593 1.033279393
v 0.133314646 -0.899921470 1.050002205
v 0.199987458 -0.716666665 1.049987453
v 0.200495780 -0.716666666 1.067162444
v -0.516856658 -0.733983557 0.846553654
v -0.395445958 -0.411678927 0.888277350
v -0.387421558 -0.411537794 0.888334895
v -0.383320583 -0.399765513 0.883351832
v -0.399475504 -0.399749332 0.886505790
v -0.600001293 -0.699999945 0.949999543
v -0.066004394 -0.716529893 0.883818062
v -0.599988517 -0.800000984 1.049987408
v -0.600496614 -0.800001098 1.067162510
v -0.599987580 -0.783333425 1.049987443
v -0.449999997 -0.899987436 1.049987468
v -0.433333334 -0.899987442 1.049987464
v -0.433333334 -0.900495775 1.067162445
v -0.449999997 -0.900495771 1.067162446
v -0.187946084 -0.378769806 0.987905062
v -0.182292600 -0.381477648 1.000191040
v -0.177546125 -0.372734871 0.994472017
v -0.182450744 -0.370017234 0.982574283
v -0.167900205 -0.367828645 0.999638818
v -0.169440977 -0.364034544 0.982811038
v -0.170477033 -0.379280745 1.005041971
v -0.333184834 -0.450736221 0.966458792
v -0.333509100 -0.450293568 0.983550952
v 0.083333436 -0.683333333 1.100000103
v 0.066666644 -0.683333333 1.099999977
v 0.199959257 -0.450001569 0.833361421
v -0.199995311 -0.900490184 0.933197989
v -0.216686070 -0.900490296 0.933138149
v -0.482796384 -0.833000103 0.886158539
v -0.466849796 -0.833030567 0.883106148
v -0.470447353 -0.837963488 0.895272858
v -0.478611008 -0.837431022 0.895721046
v 0.033333329 -0.316666563 1.100000102
v 0.016666674 -0.316666567 1.100000015
v -0.200000000 -0.683333333 1.100000000
v -0.216666667 -0.683333333 1.100000000
v 0.199999996 -0.533333335 0.949999995
v -0.428241684 -0.378268551 0.810747379
v -0.429410023 -0.365401550 0.811935893
v -0.433333334 -0.766666644 1.099999977
v -0.433333334 -0.749999997 1.099999998
v -0.283333333 -0.867162443 1.100495777
v -0.266666667 -0.867162443 1.100495777
v -0.266666667 -0.849987454 1.099987454
v -0.283333333 -0.849987454 1.099987454
v -0.567145466 -0.867145466 1.101025508
v -0.549977565 -0.867151022 1.100504541
v -0.549986378 -0.849986378 1.099977060
v -0.567151022 -0.849977565 1.100504541
v -0.033333319 -0.900000000 1.016663492
v -0.016666679 -0.899999522 1.016663317
v -0.016666719 -0.899970870 1.033303530
v -0.033333335 -0.899970741 1.033303696
v -0.232831885 -0.403251366 1.016660732
v -0.366130258 -0.496188086 1.019779333
v -0.366026246 -0.504091586 1.028957641
v -0.348790877 -0.504034681 1.031961462
v -0.366246657 -0.513703085 1.036472910
v -0.353931270 -0.511852242 1.037331847
v -0.120249232 -0.433554143 0.787194198
v -0.133537638 -0.432778157 0.783061375
v -0.400017288 -0.432574681 0.783118191
v -0.596457424 -0.678577107 0.837427983
v -0.598304754 -0.683455583 0.849050329
v -0.597788164 -0.666991100 0.836113007
v 0.197377915 -0.563842520 0.798929610
v 0.201580541 -0.550551394 0.798575829
v 0.200938824 -0.550243983 0.816222552
v 0.198234759 -0.566930082 0.816196588
v 0.184101869 -0.570255480 0.798612210
v 0.189609487 -0.572312634 0.810543408
v -0.178386342 -0.845722284 0.870652252
v -0.183110504 -0.850495790 0.879769107
v -0.187848688 -0.838707875 0.877361968
v -0.182393305 -0.833831306 0.868653113
v -0.170898625 -0.845960346 0.870604423
v -0.170487765 -0.833932819 0.869444369
v -0.163188067 -0.833921926 0.879048253
v -0.166863737 -0.850566900 0.879487591
v -0.121188119 -0.712284811 0.871078630
v -0.121694737 -0.704208967 0.870955311
v -0.116858342 -0.699681584 0.880504622
v -0.116560103 -0.716503459 0.883623112
v -0.132785099 -0.713373677 0.869280180
v -0.132838978 -0.720028226 0.879564032
v -0.133115321 -0.699413007 0.869572844
v -0.128329156 -0.695018661 0.878082192
v -0.599963490 -0.749998146 0.933349855
v -0.188273320 -0.611361393 0.788965703
v -0.183252743 -0.617211085 0.796602142
v 0.200493006 -0.516635935 0.816361792
v 0.199984994 -0.516641610 0.833325199
v 0.198158252 -0.898158613 1.084757435
v 0.201935718 -0.884814276 1.084815143
v 0.198159891 -0.884753402 1.098158751
v 0.196860289 -0.896860421 1.096858533
v 0.184813625 -0.901934983 1.084818154
v 0.184753403 -0.898160105 1.098158703
v 0.184813627 -0.884813646 1.101938057
v -0.566655563 -0.467366680 0.783215032
v -0.549168390 -0.466826969 0.783868569
v 0.149987454 -0.516666667 1.099987454
v 0.133303808 -0.516666667 1.099970475
v -0.016475377 -0.803299632 0.896756416
v 0.000016823 -0.800232410 0.897162788
v 0.201224675 -0.400000000 1.084558008
v 0.197644732 -0.383333333 1.097644732
v 0.197644732 -0.400000000 1.097644732
v 0.184558008 -0.400000000 1.101224675
v 0.184558008 -0.383333333 1.101224675
v 0.169538922 -0.866385149 0.984067858
v 0.183876381 -0.866292517 0.983437661
v 0.184166866 -0.870415693 0.996184740
v 0.170962925 -0.870752125 0.995753248
v 0.170584627 -0.853364700 0.978969724
v 0.183869232 -0.849245594 0.980516187
v -0.100000017 -0.399999585 1.100003149
v -0.083333126 -0.400000178 1.100000465
v -0.083333563 -0.383332890 1.100003440
v -0.516593876 -0.517174224 1.002198713
v -0.500001914 -0.517395612 0.999531810
v -0.500189615 -0.499801517 0.999685196
v -0.516889887 -0.499799389 0.999941814
v -0.584535587 -0.901241637 1.049980358
v -0.584596443 -0.901637400 1.067207060
v -0.016520680 -0.850415309 0.899242748
v -0.016552524 -0.867331341 0.901288147
v 0.116664842 -0.566666667 1.099998176
v 0.133303808 -0.566666667 1.099970475
v 0.116664842 -0.550000000 1.099998176
v -0.505037904 -0.878472229 0.905128458
v -0.503640132 -0.866170803 0.904099332
v -0.516700440 -0.880251530 0.903528712
v -0.516821177 -0.866654823 0.899832721
v -0.449417013 -0.500465417 0.999817935
v -0.433381756 -0.500291035 1.003059166
v -0.449478315 -0.483609431 0.997176956
v -0.166666667 -0.566666667 1.100000000
v -0.150000000 -0.566666667 1.100000000
v -0.150000000 -0.550000000 1.100000000
v -0.166666667 -0.550000000 1.099999999
v -0.597705703 -0.866518539 0.902802677
v -0.601411223 -0.867333198 0.915510950
v -0.601242770 -0.850115988 0.916056768
v -0.597603759 -0.850002624 0.902845447
v -0.584045693 -0.849988295 0.899341500
v -0.584421552 -0.866939077 0.899637926
v 0.049978215 -0.249908029 0.765984182
v -0.266275621 -0.397411358 0.833460637
v -0.249759573 -0.398050204 0.833457850
v 0.017154791 -0.897604152 0.935946022
v 0.033685910 -0.897869291 0.936247782
v 0.033879327 -0.901392094 0.948922490
v 0.016830458 -0.901164166 0.949533133
v 0.033808815 -0.884795297 0.932518927
v -0.136751748 -0.296140821 0.938045580
v -0.137948545 -0.295605945 0.945561991
v -0.135484187 -0.284155948 0.933758488
v -0.249981511 -0.483351304 1.099927592
v -0.249926169 -0.466745174 1.099941770
v -0.597642994 -0.599976568 1.097637251
v -0.601256750 -0.599999989 1.084534316
v -0.166689713 -0.313457169 0.866692327
v -0.168444840 -0.316814170 0.883324987
v -0.162637468 -0.303570303 0.883912491
v -0.161289020 -0.304412347 0.871419346
v -0.153662704 -0.296073054 0.883017410
v -0.483282534 -0.454471958 0.945679361
v -0.465989416 -0.455639504 0.945310778
v -0.466266915 -0.451021759 0.931853853
v -0.482736410 -0.463684649 0.953632912
v -0.466527255 -0.463761013 0.953548104
v 0.199999977 -0.366666666 0.966666644
v 0.200000103 -0.366666666 0.983333436
v -0.167196865 -0.750008706 0.884441837
v -0.149997133 -0.749699279 0.884202932
v 0.200495777 -0.450000000 1.067162443
v 0.201224675 -0.433333333 1.084558008
v 0.201224675 -0.450000000 1.084558008
v -0.598044784 -0.349472274 0.881275881
v -0.601882139 -0.349461251 0.867879183
v -0.049958971 -0.283352078 1.099958284
v -0.033326082 -0.283337346 1.099964442
v -0.033308362 -0.266697969 1.099937246
v -0.049985952 -0.266700540 1.100098811
v -0.078770932 -0.627982184 0.821972915
v -0.083798511 -0.630310800 0.833762643
v -0.528329304 -0.611050090 0.805834866
v -0.533630841 -0.616368407 0.813967742
v -0.537320698 -0.604669500 0.811993348
v -0.516407131 -0.616158680 0.802761543
v -0.521649157 -0.621735668 0.811603558
v -0.133333333 -0.633333333 1.100000000
v 0.016666667 -0.749999997 1.099999997
v -0.400000162 -0.633334917 1.099998098
v -0.416666760 -0.633334136 1.099996919
v 0.201342336 -0.634118247 0.865662527
v -0.133333333 -0.683333333 1.100000000
v -0.600495862 -0.666666640 1.067162415
v -0.601224767 -0.666666591 1.084558001
v -0.601224969 -0.649999365 1.084558342
v -0.600496218 -0.649999364 1.067162521
v -0.466666644 -0.800001001 1.100000978
v -0.483333436 -0.800001001 1.100001103
v -0.584814487 -0.565201657 1.101877465
v -0.416666666 -0.683333335 1.099999996
v -0.433333334 -0.666666618 1.100000078
v -0.305174879 -0.445272823 0.955049604
v -0.296798719 -0.437524442 0.966910145
v -0.299726549 -0.433799026 0.950228927
v -0.254905368 -0.772090126 0.854896324
v -0.249903391 -0.766510175 0.864075098
v -0.261936524 -0.761383794 0.862188732
v -0.003226830 -0.250280951 0.796938614
v 0.004299410 -0.249637884 0.787975867
v -0.600838148 -0.400136786 0.866949577
v 0.071471036 -0.813015140 0.886610115
v 0.070204906 -0.813752069 0.899023205
v 0.067008915 -0.800976715 0.885152424
v 0.078693184 -0.813298822 0.886372456
v 0.082796256 -0.801333296 0.884597731
v 0.086367679 -0.804309928 0.899163549
v 0.079944392 -0.814275611 0.898773282
v 0.066723634 -0.900895032 0.982951521
v 0.083528316 -0.901018395 0.982627337
v 0.083323453 -0.900433538 0.999851722
v 0.066640698 -0.900126681 0.999991460
v -0.349679254 -0.433202826 0.786263745
v -0.349826661 -0.432543765 0.796439750
v -0.349545808 -0.416436324 0.796938503
v -0.345085594 -0.421040631 0.787085077
v -0.338333268 -0.428234887 0.787744324
v -0.337211126 -0.419949681 0.787300486
v -0.333273328 -0.416027923 0.796555165
v -0.333764404 -0.432664166 0.796737406
v -0.500471105 -0.412269411 0.904577809
v -0.500104609 -0.399310552 0.900129673
v -0.200000014 -0.900001928 1.000000540
v -0.216666655 -0.900002143 1.000000145
v 0.200001001 -0.533333333 1.000001001
v 0.199998176 -0.533333333 1.016664842
v -0.533237598 -0.452919036 0.950284997
v -0.533750099 -0.452193271 0.964232588
v -0.516860045 -0.452992691 0.963917479
v -0.516871930 -0.453380589 0.950255744
v -0.528517975 -0.462716691 0.945603597
v -0.521529045 -0.462799879 0.945653577
v -0.533724803 -0.461604795 0.971548177
v -0.516517524 -0.461649915 0.971130980
v -0.428589127 -0.878866990 0.887815680
v -0.430808453 -0.883864451 0.899612467
v -0.436941166 -0.870219952 0.900177715
v -0.433342067 -0.866372431 0.885999790
v -0.422207999 -0.889587991 0.893736379
v -0.533364478 -0.547226354 1.066958172
v -0.529040919 -0.538723782 1.061518129
v -0.511802778 -0.545067651 1.055444826
v -0.517151425 -0.536237948 1.050092123
v -0.520790059 -0.538475100 1.062005291
v -0.516902729 -0.547310647 1.067512989
v -0.016666667 -0.833303808 1.099970475
v -0.300000000 -0.849987454 1.099987454
v -0.283333333 -0.833303808 1.099970475
v -0.300000000 -0.833303808 1.099970475
v -0.016666506 -0.333333473 1.099999928
v 0.100001001 -0.199999002 0.949999997
v 0.116664842 -0.200001827 0.949999997
v 0.116664842 -0.200001825 0.933333333
v -0.016666667 -0.901224676 1.084558008
v -0.016666667 -0.897644732 1.097644731
v -0.016666667 -0.884558008 1.101224675
v -0.234168438 -0.398915282 1.101381977
v -0.166678500 -0.900869395 0.916245093
v -0.166676875 -0.900249540 0.933240679
v -0.183317719 -0.900391729 0.933239669
v -0.016666666 -0.400000000 1.100000004
v -0.016666670 -0.383333331 1.100000011
v 0.019478029 -0.267136330 0.769509458
v 0.032757889 -0.266512594 0.765700211
v -0.188587577 -0.661268345 0.838641193
v -0.183665870 -0.648993294 0.833940598
v -0.178787907 -0.654814495 0.844574246
v -0.183016413 -0.666526576 0.847565722
v -0.194877046 -0.671883210 0.844847354
v -0.600464017 -0.516653697 0.816524598
v -0.599998295 -0.516687881 0.833341633
v -0.600166534 -0.500005265 0.833304737
v -0.395767128 -0.446368228 0.920826951
v -0.399472705 -0.447893885 0.933032734
v -0.383671251 -0.447621412 0.933429199
v -0.387723151 -0.445310989 0.921467810
v 0.144962543 -0.694604637 0.872357506
v 0.150190808 -0.683055339 0.869634898
v 0.154950225 -0.688739576 0.878430993
v 0.149723467 -0.700052562 0.881080838
v 0.132270232 -0.696597716 0.870822942
v 0.132846097 -0.703546727 0.880259415
v 0.133411949 -0.683164709 0.866731439
v -0.600000964 -0.749999997 1.000001031
v -0.186852883 -0.346367796 0.950806616
v -0.179363882 -0.336888360 0.949598847
v -0.170338250 -0.329530254 0.950619261
v -0.171722585 -0.328629040 0.937800358
v -0.600219776 -0.466694273 0.833414843
v -0.599960117 -0.466671110 0.850024633
v -0.599910198 -0.450009615 0.850016735
v -0.600255129 -0.449987237 0.833314524
v 0.200000181 -0.316666565 0.899999974
v 0.200002900 -0.516666822 0.883332511
v 0.200000640 -0.516666614 0.899999974
v 0.200000017 -0.599999997 0.983333443
v 0.200001007 -0.583333334 1.000001000
v 0.200000999 -0.600000001 1.000000996
v -0.366468167 -0.816194055 0.867037662
v -0.166460556 -0.400002011 0.800504083
v -0.150082887 -0.400292561 0.803378963
v -0.016666665 -0.900495768 1.067162452
v 0.000000001 -0.900495734 1.067162454
v 0.000000001 -0.901224677 1.084558007
v -0.300000000 -0.900495777 1.067162443
v -0.283333333 -0.900495777 1.067162443
v -0.283333333 -0.901224675 1.084558008
v -0.300000000 -0.901224675 1.084558008
v -0.449668649 -0.612447284 0.787954351
v -0.433002668 -0.612423273 0.787990043
v -0.433162229 -0.620043036 0.796894656
v -0.449780850 -0.620022159 0.796719888
v -0.450430101 -0.599894609 0.783583037
v 0.100001001 -0.566666667 1.100001001
v 0.100001001 -0.550000000 1.100001001
v -0.050191049 -0.833807248 0.896951256
v -0.033283584 -0.833354607 0.899714574
v 0.049999997 -0.716666667 1.099999997
v -0.600475905 -0.867152844 0.966707604
v -0.600484029 -0.867160962 0.983342598
v -0.599979964 -0.849988119 0.983334347
v 0.083333436 -0.600000000 1.100000103
v 0.100001001 -0.600000000 1.100001001
v 0.100001001 -0.583333333 1.100001001
v 0.083333436 -0.583333333 1.100000103
v -0.233333333 -0.716666667 1.100000000
v -0.250000000 -0.716666667 1.100000000
v 0.050000015 -0.232837556 1.100495767
v 0.050000011 -0.215442005 1.101224663
v 0.016667859 -0.899993930 1.016664799
v 0.016666308 -0.200031019 1.033303948
v 0.033333360 -0.200029342 1.033303837
v -0.200000000 -0.600000000 1.100000000
v -0.183333333 -0.600000000 1.100000000
v -0.183333333 -0.583333333 1.100000000
v -0.200000000 -0.583333333 1.099999999
v -0.136674285 -0.297256526 1.016899568
v -0.129044593 -0.287756438 1.016228233
v -0.119346444 -0.280393786 1.015881536
v -0.121224372 -0.279388601 1.004732786
v -0.533303808 -0.733333334 1.099970476
v -0.516664842 -0.733333334 1.099998176
v -0.516664842 -0.716666667 1.099998176
v -0.533303808 -0.716666667 1.099970475
v 0.116537629 -0.811975757 0.938496915
v 0.116985905 -0.819772668 0.947631118
v 0.116159505 -0.798926843 0.932152723
v -0.333333611 -0.583338190 1.099965036
v 0.116677612 -0.899968175 1.033306378
v -0.166666667 -0.700000000 1.100000000
v -0.599999773 -0.816665036 0.983331917
v -0.599999819 -0.816664827 1.000000672
v 0.197845542 -0.283560117 0.786147241
v 0.184666623 -0.296385212 0.778129936
v 0.184559796 -0.283275730 0.782883672
v -0.333333288 -0.633333407 1.100000206
v 0.200146612 -0.850008029 1.033266687
v 0.199935960 -0.849982631 1.050016620
v 0.184591791 -0.333533477 0.783358894
v 0.184907282 -0.346186194 0.778815165
v 0.199970476 -0.366666666 1.033303808
v 0.199987455 -0.366666666 1.049987454
v 0.154693263 -0.897304039 0.970497412
v 0.149925215 -0.898564995 0.983031621
v 0.149282322 -0.887538786 0.983193175
v 0.150049872 -0.883978280 0.968874150
v 0.168057312 -0.898765593 0.969079034
v 0.167281686 -0.898294939 0.979294510
v 0.166776903 -0.885374708 0.965656380
v 0.166471915 -0.884041908 0.986441481
v -0.598061501 -0.549933026 0.764726368
v -0.313412973 -0.436474719 1.045470152
v -0.313313321 -0.436847656 1.039353774
v -0.300772057 -0.436133920 1.046573807
v -0.300655797 -0.436079826 1.037801651
v -0.600000732 -0.649980541 0.883338375
v -0.600270151 -0.633289797 0.866561735
v 0.020780163 -0.588527223 0.794740777
v 0.029236150 -0.588717675 0.793943749
v -0.454369613 -0.545802305 1.044887793
v -0.449319649 -0.536478161 1.049387829
v -0.433005878 -0.533263579 1.049387413
v -0.432698930 -0.534019987 1.032443528
v -0.316542378 -0.898389718 0.882269015
v -0.316637178 -0.900724483 0.899883398
v -0.333579315 -0.901552834 0.899485542
v -0.133394098 -0.749982378 0.883501656
v -0.346338517 -0.453598511 0.982841145
v -0.349957806 -0.453124365 0.966610037
v 0.200668351 -0.700022728 0.916139385
v 0.200458768 -0.683312937 0.916361562
v 0.200003648 -0.699992877 0.933316374
v 0.049999997 -0.700000000 1.099999997
v 0.049999997 -0.683333333 1.099999997
v -0.499846618 -0.833310485 0.883120961
v 0.000000119 -0.316666619 1.100000018
v -0.083333333 -0.800001001 1.100001001
v -0.066666667 -0.800001001 1.100001001
v -0.066666667 -0.783333436 1.100000103
v -0.083333333 -0.783333436 1.100000103
v 0.199996404 -0.283335184 1.016664816
v 0.199940389 -0.266695911 1.033304089
v 0.199968733 -0.283335192 1.033303760
v -0.200000000 -0.783333436 1.100000103
v -0.216666667 -0.783333436 1.100000103
v 0.199967911 -0.633331228 0.933340385
v -0.483447810 -0.517076201 1.002184910
v -0.466688634 -0.513439808 1.003376706
v -0.466398141 -0.500241115 0.999725461
v -0.483345961 -0.500040303 0.999949891
v -0.378374667 -0.438893241 0.928230950
v -0.383169878 -0.434023526 0.916379670
v -0.366668971 -0.437572758 0.929774010
v -0.366656541 -0.430754472 0.916390742
v -0.366783047 -0.446307970 0.937145159
v -0.516664816 -0.816664816 1.099996404
v 0.133399012 -0.346637740 0.780051483
v 0.132710733 -0.334119280 0.784676626
v -0.149976187 -0.716416140 0.869629363
v -0.150114266 -0.716847910 0.879872682
v -0.154840767 -0.704823896 0.879083744
v -0.150644704 -0.699904843 0.869945902
v 0.066666671 -0.900496897 1.067162067
v -0.200000000 -0.900495777 1.067162443
v -0.216666667 -0.900495777 1.067162443
v 0.197644741 -0.750280234 0.902565546
v 0.200607537 -0.733284573 0.916128298
v 0.200977119 -0.750114602 0.916376568
v -0.116667097 -0.899987425 0.983338303
v -0.133333239 -0.899996241 0.983332227
v 0.200495777 -0.533333333 1.067162443
v 0.201224675 -0.533333333 1.084558008
v -0.216108948 -0.386447653 1.050494523
v -0.217673369 -0.379792976 1.066537517
v -0.204913097 -0.377811713 1.061394798
v -0.095332274 -0.745000449 0.896316218
v -0.082581616 -0.746640401 0.897235021
v 0.199987586 -0.250012558 0.899999871
v 0.200495760 -0.232837560 0.916666696
v 0.199987431 -0.250012545 0.916666689
v -0.400000342 -0.899996277 0.983331492
v -0.416665779 -0.899987465 0.983337104
v -0.366803830 -0.450255235 0.782856139
v -0.366703298 -0.466435610 0.782782192
v -0.017174375 -0.232956045 0.796631819
v 0.100001001 -0.200000825 1.016664843
v 0.116664816 -0.200003596 1.016664816
v 0.116664843 -0.200000825 1.000001001
v 0.046257460 -0.782810205 0.896555798
v -0.367209120 -0.403898716 0.804674382
v -0.100000000 -0.483333334 1.100000001
v -0.600002187 -0.516663457 0.883335504
v -0.599977826 -0.516666566 0.900003113
v -0.599930890 -0.500029098 0.899984357
v -0.599966182 -0.500001285 0.883335288
v -0.100000000 -0.550000000 1.100000000
v -0.100000000 -0.533333333 1.100000000
v 0.000310518 -0.898705957 0.932436184
v 0.000001193 -0.900799888 0.949374869
v -0.399524535 -0.437296349 0.915575763
v -0.404662310 -0.439248785 0.927727545
v -0.417046314 -0.432945327 0.933388563
v -0.411369814 -0.443980032 0.938831141
v -0.450000001 -0.666666663 1.100000012
v 0.133235738 -0.399900166 0.766565038
v 0.133139929 -0.383007162 0.765576972
v 0.149730685 -0.382754379 0.765938528
v 0.150089119 -0.399805140 0.766302762
v -0.404125490 -0.546222025 1.083884055
v -0.400343960 -0.549908171 1.097980198
v -0.395214539 -0.538404338 1.096192845
v -0.396759014 -0.536885138 1.083603544
v -0.383660555 -0.535875718 1.097628581
v -0.383829585 -0.549524171 1.101143452
v -0.283334765 -0.900138517 0.933350019
v -0.266667562 -0.899993679 0.950017099
v -0.283339674 -0.899952789 0.950032739
v -0.600694943 -0.466587563 0.900023046
v -0.601060694 -0.466103130 0.916924648
v 0.200000080 -0.316666564 0.966666644
v -0.449999997 -0.716666667 1.099999997
v 0.061045505 -0.626842218 0.856303778
v 0.066787056 -0.632454026 0.868172607
v 0.048836708 -0.630008001 0.851048636
v 0.049378507 -0.635928637 0.863965521
v 0.054397168 -0.621028009 0.845967729
v -0.270620793 -0.749672246 0.854454589
v -0.280278175 -0.750239094 0.845818466
v 0.181091366 -0.885684984 0.969331140
v 0.184337170 -0.867308393 0.966061430
v 0.180816529 -0.884689333 0.980184532
v 0.166682542 -0.866785089 0.965959051
v 0.199987454 -0.600000000 1.049987454
v 0.200495777 -0.583333333 1.067162443
v 0.200495777 -0.600000000 1.067162443
v 0.050000006 -0.200000040 0.966666646
v 0.066666643 -0.200000045 0.966666644
v 0.066666643 -0.200000026 0.949999997
v -0.584059002 -0.519881537 0.769633881
v -0.250210158 -0.833052730 0.883977020
v -0.233546128 -0.833000337 0.884285372
v -0.600467395 -0.867162327 1.033302806
v -0.600504535 -0.867151017 1.049977580
v -0.599977048 -0.849986379 1.049986383
v -0.599956060 -0.849988469 1.033304682
v -0.066730460 -0.849984363 0.900263659
v -0.066452708 -0.866571990 0.903388582
v -0.533634673 -0.850241131 0.885963224
v -0.516890100 -0.846648142 0.886421287
v -0.516129731 -0.853957859 0.895998498
v -0.528661341 -0.855665782 0.894093980
v 0.199974128 -0.333333512 0.833312791
v 0.199975143 -0.333333434 0.849999995
v 0.016665887 -0.202354197 1.097645312
v 0.033333123 -0.202355218 1.097644795
v 0.033333254 -0.198774955 1.084558012
v -0.033333333 -0.867162443 1.100495777
v -0.050000000 -0.867162443 1.100495777
v -0.000000000 -0.749999997 1.099999997
v -0.000000000 -0.733333334 1.100000000
v -0.316666667 -0.867162443 1.100495777
v -0.333333333 -0.867162443 1.100495777
v -0.033333283 -0.366666691 1.099999778
v -0.049999810 -0.366666849 1.100000479
v -0.599985208 -0.816665065 1.049987653
v -0.600492777 -0.816665245 1.067163216
v -0.283333333 -0.749999997 1.099999997
v -0.266666667 -0.749999997 1.099999997
v -0.266666667 -0.733333334 1.100000000
v -0.283333333 -0.733333334 1.100000000
v -0.000000002 -0.250012365 1.099985921
v 0.016666253 -0.250012595 1.099988079
v 0.000001204 -0.232836807 1.100491993
v 0.199971069 -0.283335548 0.850015155
v -0.561744099 -0.427770786 0.905450511
v -0.567217478 -0.415903693 0.903191051
v -0.572261947 -0.421305827 0.912436465
v -0.566878465 -0.433464072 0.913889850
v -0.584377615 -0.413151533 0.901077333
v -0.584857627 -0.419489714 0.913951992
v -0.500001002 -0.800001002 1.100001998
v -0.217404676 -0.679385910 0.836706840
v -0.216203551 -0.687013472 0.846761608
v -0.228639778 -0.688535957 0.844352960
v 0.149323057 -0.316888489 0.780704596
v 0.166384779 -0.320767155 0.779114582
v -0.516631783 -0.683371034 0.833286033
v -0.516371755 -0.666149693 0.833889415
v -0.499648921 -0.683011876 0.833916353
v 0.016748166 -0.433687770 0.783839223
v 0.033353384 -0.417141730 0.783534925
v 0.032887850 -0.433467783 0.780906986
v 0.099901291 -0.716746255 0.866174633
v 0.116523284 -0.716308902 0.869395195
v 0.133457880 -0.579273893 0.804466991
v 0.150464757 -0.579314544 0.804692880
v 0.149927425 -0.587263479 0.812902234
v 0.133553555 -0.587212775 0.812976608
v 0.133157166 -0.566794590 0.796931454
v 0.150069505 -0.566276119 0.799822988
v -0.129609340 -0.515822004 0.762841400
v -0.133299171 -0.499601013 0.763386315
v -0.116604443 -0.499700706 0.766540360
v -0.116551172 -0.516730017 0.766288749
v -0.599897691 -0.549966557 0.833375594
v -0.183515805 -0.733115845 0.869392281
v -0.167155398 -0.730101313 0.870292856
v -0.166126127 -0.737118330 0.879783693
v -0.178728416 -0.738727738 0.878334095
v -0.183818294 -0.716646369 0.867087484
v -0.166463153 -0.716121587 0.869695209
v -0.033326465 -0.900594470 0.949521578
v -0.033343233 -0.899985478 0.966668965
v -0.050004114 -0.899983241 0.966646200
v -0.600001724 -0.650000177 0.933332316
v -0.600000354 -0.649999996 0.949999952
v -0.600001178 -0.633333318 0.933332865
v -0.417151769 -0.503489279 0.770545105
v -0.417118181 -0.496171638 0.780062917
v -0.400216425 -0.496468695 0.780456146
v -0.400411715 -0.503812827 0.770461498
v -0.416701737 -0.516526074 0.766028576
v -0.399639806 -0.516354597 0.766148133
v -0.333060391 -0.813292815 0.853680060
v -0.333582689 -0.820319113 0.862880925
v -0.333717556 -0.800809900 0.849670055
v -0.066435769 -0.662202879 0.871022554
v -0.050112247 -0.666187277 0.867167434
v -0.055131672 -0.670689112 0.879263282
v -0.066103831 -0.669214608 0.881587414
v -0.316666717 -0.900003140 0.966664395
v -0.333333787 -0.899996047 0.966666711
v -0.199677739 -0.369608017 1.067216266
v -0.194852918 -0.372368581 1.054925408
v -0.187498897 -0.363001674 1.065942973
v 0.200270698 -0.400013349 0.816557507
v 0.200010291 -0.383331917 0.833304096
v 0.199993768 -0.400000658 0.833335835
v -0.600002969 -0.583332584 0.950000089
v 0.149987454 -0.400000000 1.099987454
v 0.133303808 -0.400000000 1.099970475
v 0.197631023 -0.266698300 1.097631023
v 0.197644003 -0.283335525 1.097644003
v 0.200000974 -0.633333331 1.000001032
v 0.199998167 -0.633333333 1.016664843
v 0.116664842 -0.450000000 1.099998176
v 0.133303808 -0.450000000 1.099970475
v 0.116664842 -0.433333333 1.099998176
v -0.316335607 -0.667757148 0.796345057
v -0.311521646 -0.655838131 0.793484297
v -0.299639303 -0.650281296 0.796871416
v -0.300395335 -0.666685632 0.802874573
v -0.165550725 -0.350630554 0.999671710
v -0.165753538 -0.350628067 0.982976713
v -0.500003767 -0.550675078 1.066618561
v -0.300230206 -0.449487366 1.084305053
v -0.296004987 -0.436784929 1.097262140
v -0.295941262 -0.437176888 1.089317394
v -0.286672438 -0.432026254 1.084271267
v -0.288856446 -0.444490690 1.078867712
v 0.066700798 -0.232854225 0.765522527
v 0.083230670 -0.232692361 0.765205546
v 0.116349975 -0.700364132 0.869444798
v 0.120707179 -0.704983829 0.879026767
v 0.116527784 -0.683479108 0.866070794
v -0.601085953 -0.600204393 0.832724665
v -0.300375862 -0.483000632 1.101101100
v -0.327485471 -0.472490344 1.027606778
v -0.333379602 -0.466747842 1.016719494
v -0.322369249 -0.461566818 1.021889507
v -0.321378758 -0.479487729 1.037812941
v 0.137165632 -0.878017345 0.971833241
v 0.132276841 -0.865598794 0.969787426
v 0.148810770 -0.866597577 0.966047375
v 0.200002777 -0.733334360 0.983332278
v 0.199988252 -0.750002652 0.983331920
v -0.116666667 -0.899987444 1.049987464
v -0.133333334 -0.899987444 1.049987455
v 0.201223532 -0.816664513 1.084558460
v 0.201206918 -0.833299986 1.084550985
v 0.199987430 -0.250012545 0.966666643
v 0.200495912 -0.232837584 0.983333431
v 0.199987579 -0.250012557 0.983333425
v -0.234310422 -0.349022686 0.883329289
v -0.217414218 -0.348997919 0.882986611
v -0.400000000 -0.899987443 1.049987455
v -0.416666666 -0.899987442 1.049987464
v -0.445751340 -0.845633401 0.870799813
v -0.450145027 -0.850526211 0.882371427
v -0.455507452 -0.838751684 0.877519804
v -0.450024516 -0.833626154 0.868430794
v -0.433401143 -0.846859951 0.869189693
v -0.434090628 -0.854369144 0.878599840
v 0.100001106 -0.198774751 1.084558330
v 0.116664556 -0.198777523 1.084558668
v 0.116665245 -0.199507223 1.067163216
v -0.461985405 -0.611288841 0.788770801
v -0.466623606 -0.616602891 0.797627442
v -0.471541662 -0.604997534 0.795369192
v -0.066665026 -0.833158119 0.897199128
v -0.379144603 -0.395095377 0.871734704
v 0.133303824 -0.200030331 0.866666359
v 0.149987925 -0.200015409 0.866667746
v 0.000000631 -0.899999597 1.016664045
v -0.116666667 -0.516666667 1.100000000
v -0.133333333 -0.516666667 1.100000000
v 0.016666667 -0.633333333 1.100000000
v 0.016666667 -0.616666667 1.100000000
v -0.129790493 -0.233368184 0.932999249
v -0.129547972 -0.219969808 0.928783231
v -0.120703948 -0.237950387 0.921763365
v -0.119851991 -0.233234800 0.933390958
v -0.120185018 -0.215348803 0.933691663
v -0.266666666 -0.899998235 1.016664770
v -0.283333334 -0.899998196 1.016664867
v -0.133333333 -0.566666667 1.100000000
v 0.199970576 -0.316666564 1.033303810
v -0.466666645 -0.683333337 1.099999965
v -0.483333435 -0.683333336 1.100000090
v 0.100211559 -0.433545522 0.766373061
v 0.100110999 -0.416425012 0.765972446
v 0.116550288 -0.416532083 0.766536900
v 0.116484906 -0.433405059 0.766093073
v 0.200157073 -0.783300500 0.966727072
v 0.200760305 -0.799936699 0.966518705
v 0.045324479 -0.896515517 0.937559749
v 0.046670198 -0.884421338 0.936624891
v 0.053928554 -0.884854924 0.945528563
v 0.050363998 -0.898429165 0.948874684
v 0.033333357 -0.200000057 0.966666643
v 0.050000009 -0.200029476 1.033303807
v 0.066666644 -0.200029552 1.033303809
v -0.116452828 -0.483137497 0.769530444
v -0.100197648 -0.486851818 0.770224606
v -0.099881726 -0.499814055 0.766523640
v -0.316895469 -0.783630152 0.849921350
v -0.597970508 -0.286811616 0.861972931
v -0.585011274 -0.284767860 0.863449266
v -0.585380028 -0.295207610 0.872408371
v -0.454374727 -0.462467812 0.953951145
v -0.119755093 -0.233344174 0.966268474
v -0.119495689 -0.233323160 0.950220545
v -0.250062004 -0.516668616 0.769408184
v -0.383617300 -0.433681942 0.786142286
v -0.146724164 -0.254416399 0.895320627
v -0.145941869 -0.254503196 0.887927879
v -0.139502104 -0.261523747 0.904688642
v -0.279346820 -0.867369971 0.878941983
v -0.267260275 -0.866482893 0.886530898
v -0.000000000 -0.716666667 1.100000000
v -0.166958063 -0.313033686 0.920222960
v -0.166234632 -0.319720563 0.933183799
v 0.133304089 -0.833304089 1.099940389
v 0.149988484 -0.833304640 1.099956068
v 0.149987655 -0.816665065 1.099985207
v 0.133303760 -0.816664808 1.099968733
v 0.000004428 -0.215440768 1.101221549
v 0.199998153 -0.283335158 0.916666682
v 0.199998174 -0.283335158 0.933333335
v 0.049999998 -0.283335158 1.099998164
v -0.066666667 -0.897644732 1.097644731
v -0.083333333 -0.897644732 1.097644732
v -0.066666667 -0.884558008 1.101224675
v -0.083333333 -0.884558008 1.101224675
v -0.299767807 -0.399508094 0.816216327
v -0.303980613 -0.387183468 0.821264396
v -0.299395473 -0.385814094 0.833029700
v -0.299581297 -0.396447635 0.832685032
v -0.316499027 -0.385446832 0.819454807
v -0.316108841 -0.386481914 0.829248096
v -0.315899182 -0.394730317 0.812143443
v -0.316473711 -0.396696668 0.836830896
v -0.350000000 -0.897644732 1.097644732
v -0.350000000 -0.884558008 1.101224675
v -0.066666628 -0.400000050 1.099999780
v -0.066666471 -0.383333505 1.100000649
v -0.016668629 -0.283334819 1.099995352
v -0.016663551 -0.266696086 1.099958070
v -0.300000000 -0.867162443 1.100495777
v -0.167255134 -0.645381410 0.837841126
v -0.166644452 -0.653411276 0.846920383
v -0.178592830 -0.638546323 0.828243804
v -0.166461081 -0.636775689 0.829808334
v -0.254612618 -0.711262600 0.838301088
v -0.244677574 -0.705297020 0.844065167
v -0.249889629 -0.716821457 0.847412576
v -0.267240928 -0.712863858 0.837124459
v -0.266803265 -0.719831905 0.846660494
v 0.121140455 -0.345162401 0.778201028
v 0.116707874 -0.333671759 0.780925062
v -0.050000005 -0.899970580 1.033303684
v -0.049707282 -0.199618528 1.049971327
v -0.033216020 -0.199787671 1.049984203
v -0.600000905 -0.650000038 1.000000993
v -0.599998152 -0.650000074 1.016664820
v -0.600001219 -0.633333432 1.000000946
v -0.316666667 -0.899970473 1.033303805
v -0.333333333 -0.899970466 1.033303809
v 0.066987456 -0.746516558 0.869612316
v 0.083461279 -0.750103440 0.869092041
v 0.078504441 -0.754589723 0.878182835
v 0.066738474 -0.753383379 0.879387361
v 0.066859615 -0.733723522 0.866121146
v 0.083615620 -0.733845661 0.865899231
v -0.233334349 -0.899992949 0.949966098
v -0.250001033 -0.900012112 0.949955218
v 0.050315213 -0.499909313 0.784309300
v 0.062939741 -0.500373708 0.780641134
v -0.216909233 -0.749866600 0.867225743
v -0.216824902 -0.733102424 0.866341077
v -0.200223038 -0.733288483 0.867175818
v -0.200585828 -0.750027975 0.869897963
v -0.516675404 -0.900393760 0.949732228
v -0.533300666 -0.900212775 0.949898478
v 0.200000478 -0.400000015 0.883333229
v 0.200000591 -0.383333362 0.883333346
v 0.200000089 -0.383333337 0.900000011
v 0.200000048 -0.400000000 0.899999956
v 0.200001001 -0.466666667 1.000001001
v 0.200001001 -0.483333333 1.000001001
v -0.433474596 -0.804052187 0.862658567
v -0.228488074 -0.388534651 1.054931551
v -0.221462637 -0.394885609 1.045179506
v 0.200495777 -0.633333333 1.067162444
v 0.201224675 -0.633333333 1.084558008
v -0.583985868 -0.468513729 0.967872789
v 0.082778150 -0.599828400 0.819613438
v 0.100012036 -0.600304375 0.818887952
v 0.095446694 -0.604686256 0.828497954
v 0.082526724 -0.602764129 0.833266884
v 0.049999997 -0.600000000 1.099999997
v 0.033333334 -0.600000000 1.100000000
v -0.104876730 -0.895855612 0.904743029
v -0.100153804 -0.883984955 0.902689274
v -0.095065710 -0.889776957 0.910630606
v -0.099982119 -0.898300656 0.915920060
v -0.117092957 -0.897506663 0.903021751
v -0.116434073 -0.901001708 0.916096498
v -0.116527760 -0.883838153 0.899607808
v -0.366555782 -0.832720092 0.870285569
v -0.370654128 -0.837505675 0.878895813
v -0.378054312 -0.837937562 0.878846623
v 0.083333436 -0.483333333 1.100000103
v 0.100001001 -0.483333333 1.100001001
v 0.100001001 -0.466666667 1.100001001
v 0.083333436 -0.466666667 1.100000103
v 0.132944470 -0.353678753 0.769949389
v 0.149742878 -0.353898002 0.769910519
v 0.133053613 -0.366469786 0.765421305
v 0.149629044 -0.366183427 0.765813403
v -0.349820952 -0.679659457 0.803955335
v -0.332961779 -0.680286848 0.803339099
v -0.333163943 -0.687713740 0.812587914
v -0.350100437 -0.687013154 0.812729326
v -0.349662582 -0.666961898 0.799866673
v -0.332893820 -0.667262641 0.796586247
v -0.383242767 -0.900568438 0.916539181
v -0.400127558 -0.901502906 0.916121873
v -0.033333333 -0.466666667 1.100000000
v -0.050000000 -0.466666667 1.100000000
v 0.116664842 -0.583333333 1.099998176
v -0.599996271 -0.600000126 0.899999768
v -0.599963135 -0.599998452 0.883349528
v -0.337518986 -0.482705583 1.084570464
v -0.330217188 -0.470027139 1.096544622
v -0.331593356 -0.465524414 1.083672504
v -0.317145544 -0.466072581 1.098682185
v 0.116427032 -0.399929916 0.765922555
v -0.166666667 -0.583333333 1.100000000
v -0.183333333 -0.566666667 1.099999999
v -0.600001001 -0.700000001 1.000001000
v -0.600001004 -0.683333332 1.000001002
v 0.061276411 -0.861608477 0.939058899
v 0.066657653 -0.867098899 0.947313953
v 0.049672733 -0.867022277 0.936550301
v 0.055210166 -0.871871648 0.944998902
v -0.383333498 -0.633332987 1.100000225
v 0.196783275 -0.361425697 0.770161553
v 0.197087184 -0.354595091 0.769867147
v 0.198691174 -0.350132046 0.782352879
v 0.198196985 -0.366477581 0.782712175
v 0.184154058 -0.362490958 0.769208378
v 0.184101380 -0.370185704 0.778856758
v 0.184768630 -0.353488976 0.768931742
v -0.354253605 -0.512320695 1.084356048
v -0.350388022 -0.516106761 1.098206054
v -0.347248140 -0.499426082 1.097590318
v -0.347604902 -0.499755010 1.084580196
v 0.199970919 -0.749999978 1.033303932
v 0.199970345 -0.733333362 1.033303826
v 0.199987403 -0.733333338 1.049987448
v 0.199987348 -0.750000037 1.049987477
v 0.200000292 -0.433333327 0.883333170
v 0.200000050 -0.449999974 0.883333320
v -0.533303808 -0.749999997 1.099970472
v -0.516664842 -0.749999997 1.099998173
v 0.199956069 -0.250011517 1.033304640
v 0.200467350 -0.232837658 1.033302812
v 0.200504541 -0.232848978 1.049977565
v 0.199977060 -0.250013622 1.049986378
v -0.182612983 -0.331086584 0.884162024
v -0.178224270 -0.321468302 0.878541397
v -0.170918276 -0.328428341 0.888091043
v -0.449990590 -0.550317098 0.766243624
v -0.449998306 -0.533390158 0.766519697
v -0.433392962 -0.533273456 0.766307563
v -0.433313679 -0.550331005 0.766224077
v -0.050044715 -0.783355377 0.886122885
v -0.033824395 -0.783633745 0.885945545
v -0.038231202 -0.788150581 0.895864999
v -0.046127168 -0.787089302 0.895734470
v -0.050046964 -0.766361321 0.882722889
v -0.033258055 -0.766444027 0.882917280
v -0.378248199 -0.611638521 0.771545089
v -0.383632550 -0.616595849 0.780266184
v -0.388050524 -0.605092315 0.777816918
v -0.383374303 -0.599768096 0.769232232
v -0.366342279 -0.617086312 0.768675733
v -0.371881760 -0.622113848 0.777148360
v -0.400437094 -0.469996876 0.982803132
v -0.383410892 -0.467613237 0.982692115
v 0.016490797 -0.750269762 0.883089210
v 0.033564948 -0.733330856 0.880191993
v 0.033581644 -0.749905534 0.880625310
v 0.133303808 -0.200029526 0.933333335
v 0.149987454 -0.200012549 0.933333335
v 0.000005104 -0.202355186 1.097643653
v -0.132163548 -0.232964565 0.984534140
v -0.131463168 -0.232600290 0.996602545
v -0.130723543 -0.220195636 0.996784470
v -0.130435994 -0.220656126 0.989095553
v -0.117538597 -0.215434023 0.997385574
v -0.117399443 -0.215213550 0.984367949
v -0.123009831 -0.227790770 0.978780888
v -0.117479098 -0.232770760 1.000384138
v -0.266666667 -0.901224675 1.084558008
v -0.600141278 -0.666664444 0.883302618
v 0.116664842 -0.533333333 1.099998176
v -0.200000000 -0.666666667 1.100000000
v -0.216666667 -0.666666667 1.100000000
v -0.466666624 -0.899998626 1.000004421
v -0.483333459 -0.899998762 1.000004715
v -0.204749404 -0.394854364 0.988149016
v -0.203031338 -0.397280426 0.999885024
v -0.195327631 -0.387926929 0.999407217
v -0.200113094 -0.383585212 0.982869391
v 0.200875019 -0.716734846 0.916065718
v 0.200121011 -0.716666429 0.933320356
v 0.199967786 -0.783332784 1.033302363
v 0.199946852 -0.800004295 1.033304988
v -0.266666667 -0.833303808 1.099970475
v -0.233333333 -0.700000000 1.100000000
v 0.050000002 -0.198775346 1.084557998
v 0.050000008 -0.202355308 1.097644716
v 0.066666648 -0.202355282 1.097644719
v 0.066666644 -0.198775349 1.084557998
v 0.066666647 -0.215442000 1.101224660
v -0.549988483 -0.833304640 1.099956069
v -0.567162342 -0.833302812 1.100467350
v -0.500001001 -0.716666666 1.100001001
v -0.500001001 -0.700000000 1.100001000
v -0.516664842 -0.700000001 1.099998174
v -0.600595246 -0.799985004 0.916373113
v -0.600001184 -0.799983083 0.933336228
v -0.600276482 -0.783302368 0.916550683
v 0.133218149 -0.232806782 0.780398626
v 0.149936604 -0.215800785 0.783255779
v 0.149775005 -0.233126886 0.783539731
v -0.449725590 -0.897231928 0.920112186
v -0.433182954 -0.897693350 0.916851634
v -0.433407538 -0.900840733 0.932848749
v -0.449988869 -0.901057649 0.932744967
v -0.449477014 -0.883830026 0.916921614
v -0.436446196 -0.883727873 0.913138790
v -0.584813514 -0.884813514 1.101938338
v -0.567207058 -0.884596444 1.101637401
v -0.584596444 -0.867207058 1.101637401
v -0.066663509 -0.900012307 0.966624122
v -0.345252729 -0.811604670 0.855304712
v -0.350062179 -0.816607522 0.863690446
v -0.354992575 -0.805466342 0.861566425
v -0.350165403 -0.800252620 0.852886076
v 0.066828654 -0.400276412 0.780940629
v 0.083757981 -0.383155149 0.781063101
v 0.078590765 -0.395001295 0.778926029
v -0.349999710 -0.899990133 0.966666077
v 0.201613657 -0.533709522 0.798912309
v 0.200824784 -0.533387011 0.816205994
v -0.170107916 -0.816927590 0.869085949
v -0.162663138 -0.816593927 0.878896155
v -0.182815646 -0.817013853 0.865454668
v 0.199943626 -0.616659848 0.916678137
v 0.199961322 -0.633318802 0.916706372
v -0.499676883 -0.548298382 1.050189732
v -0.483126390 -0.551191532 1.049793991
v 0.171833374 -0.595619695 0.804066723
v 0.167637941 -0.600720815 0.813169717
v 0.162464960 -0.589156022 0.810822357
v 0.166975637 -0.583414020 0.802657114
v 0.179505856 -0.595778293 0.804416074
v 0.180191702 -0.583988515 0.802779730
v 0.187982410 -0.584402970 0.812332976
v 0.184178390 -0.600422974 0.815735231
v -0.083333333 -0.867162443 1.100495777
v 0.197644732 -0.366666666 1.097644732
v 0.184558008 -0.366666666 1.101224675
v -0.516813551 -0.416561096 0.902437433
v -0.516574836 -0.399994021 0.897151013
v -0.083336069 -0.366664241 1.099999173
v -0.517071483 -0.478968694 0.988057577
v -0.516482191 -0.486336666 0.996885793
v -0.500261347 -0.486254005 0.996896170
v -0.500103035 -0.478758799 0.988109476
v 0.167162443 -0.433333333 1.100495777
v 0.184558008 -0.433333333 1.101224675
v 0.184558008 -0.416666667 1.101224675
v 0.167162443 -0.416666667 1.100495777
v -0.446077513 -0.465619482 0.997500343
v -0.150000000 -0.533333334 1.099999999
v -0.166666666 -0.533333334 1.100000002
v -0.116666464 -0.433333554 1.099999891
v -0.099999986 -0.433333369 1.099999763
v -0.099999783 -0.416666873 1.100000118
v -0.116666595 -0.416666484 1.100002773
v -0.449933825 -0.566142939 1.100891072
v -0.433326095 -0.566236031 1.100736938
v -0.433068824 -0.549310829 1.098606546
v -0.600950921 -0.833426865 0.915872155
v -0.600493718 -0.633332895 1.067163260
v -0.149719445 -0.567729469 0.751734494
v -0.132894242 -0.563608288 0.752196819
v -0.132816999 -0.566911335 0.766346889
v -0.146482278 -0.570750005 0.766273927
v -0.149370043 -0.550763775 0.747670964
v -0.132463244 -0.550500783 0.748545869
v 0.033884173 -0.866787412 0.930725448
v -0.450222805 -0.513419320 1.003189374
v -0.233333338 -0.899998283 1.016664777
v -0.250000001 -0.899998284 1.016664751
v 0.197644778 -0.202355222 0.983333445
v 0.201224765 -0.215441997 0.983333454
v -0.466670862 -0.600034593 1.099943607
v -0.450003472 -0.600033819 1.099958726
v -0.450005474 -0.583314510 1.100116673
v -0.466669256 -0.583368865 1.099968141
v -0.516664826 -0.899996956 1.016664428
v -0.533303737 -0.899969232 1.016664437
v -0.088620822 -0.228706365 1.045342465
v -0.083697434 -0.215895162 1.047229996
v -0.071555461 -0.211383313 1.045803696
v 0.199999997 -0.400000000 0.949999997
v 0.199999997 -0.383333333 0.949999997
v 0.199999977 -0.383333333 0.966666644
v 0.199999977 -0.400000000 0.966666644
v -0.283374038 -0.436233414 1.033681524
v -0.278873379 -0.437956251 1.017298990
v -0.266211809 -0.431175462 1.016272454
v -0.597856468 -0.582722586 1.097863155
v -0.601601410 -0.582953859 1.084591351
v 0.200495777 -0.466666667 1.067162443
v 0.200495777 -0.483333333 1.067162443
v -0.154488149 -0.312349810 0.944856224
v -0.149782916 -0.300127970 0.950068841
v -0.294766127 -0.896064390 0.870503403
v -0.299450341 -0.898365833 0.882180779
v -0.286855571 -0.896729154 0.870146124
v -0.286849773 -0.884437703 0.868887643
v -0.279645708 -0.884617315 0.878615670
v -0.283076583 -0.898630299 0.882111907
v -0.299971552 -0.385416822 0.883524193
v -0.283531954 -0.382606779 0.883681227
v 0.038210923 -0.721457293 0.879079688
v 0.046026349 -0.720595929 0.878785850
v 0.044991863 -0.728692722 0.878688526
v 0.201224675 -0.416666667 1.084558008
v 0.180169403 -0.897947031 0.970733460
v 0.180064702 -0.897508211 0.977582412
v 0.016696960 -0.200036794 0.833390556
v 0.033343324 -0.200074974 0.833382421
v -0.099999909 -0.899985261 0.983346744
v -0.128071213 -0.871702603 0.894167774
v -0.116914847 -0.866750449 0.896851765
v -0.383333882 -0.900001002 0.983331917
v -0.000000000 -0.633333333 1.100000000
v -0.000000000 -0.616666667 1.100000000
v -0.345637245 -0.445802245 0.921024131
v -0.337397094 -0.445892564 0.921243751
v -0.333336070 -0.434254483 0.918460142
v -0.350117996 -0.433944140 0.915986256
v -0.600495775 -0.700000001 1.067162444
v -0.600495769 -0.683333349 1.067162440
v 0.066666644 -0.600000000 1.099999977
v 0.066666644 -0.583333333 1.099999977
v -0.500000999 -0.683333345 1.100000989
v -0.216666666 -0.600000000 1.100000000
v -0.216666666 -0.583333334 1.100000004
v 0.199999997 -0.433333333 0.949999997
v 0.199999997 -0.450000000 0.949999997
v -0.466666644 -0.783333436 1.100000080
v -0.483333436 -0.783333436 1.100000205
v -0.433333336 -0.649999850 1.100000501
v 0.166035146 -0.382691234 0.769440892
v 0.166974378 -0.399662563 0.766454798
v -0.600299647 -0.433276179 0.833195827
v -0.083330372 -0.900015401 0.966645421
v -0.399477348 -0.596420105 0.770081888
v -0.400349492 -0.603417837 0.779109025
v -0.400183153 -0.583510132 0.766270929
v -0.383491090 -0.583736750 0.765866466
v -0.083412657 -0.799752913 0.882704584
v -0.083431094 -0.783064121 0.882343607
v -0.066902914 -0.783061826 0.882490633
v -0.066951082 -0.800076395 0.882566972
v 0.199959973 -0.266694782 0.833315368
v 0.199979495 -0.283333561 0.833329738
v 0.133303787 -0.200028482 1.000000979
v 0.149987409 -0.200011484 1.000000984
v 0.133303787 -0.299999021 1.099971518
v 0.149987409 -0.299999016 1.099988516
v 0.149987654 -0.283334935 1.099985207
v -0.600000606 -0.666666740 0.933331914
v -0.600000521 -0.666666697 0.949999612
v 0.116664808 -0.833303760 1.099968733
v -0.599987451 -0.749999997 1.049987454
v -0.599987455 -0.733333334 1.049987454
v 0.200001001 -0.516666667 1.000001001
v -0.466666640 -0.900495757 1.067162444
v -0.483333431 -0.900495908 1.067162421
v 0.116664842 -0.333333356 1.099998153
v 0.133303809 -0.333333356 1.099970450
v 0.133303810 -0.316666564 1.099970576
v -0.366580577 -0.667128172 0.800163012
v -0.233686773 -0.816252561 0.881287616
v 0.201225419 -0.800001080 1.084558412
v 0.197644751 -0.783333448 1.097644776
v 0.197645132 -0.800001046 1.097645237
v 0.184558321 -0.800001107 1.101225246
v -0.016666700 -0.316666560 1.100001762
v -0.300000000 -0.884558008 1.101224675
v -0.433332699 -0.899982455 0.983346095
v -0.433333320 -0.899999689 1.000001299
v -0.450000011 -0.899998504 1.000002717
v -0.600229612 -0.483333491 0.833379716
v 0.066666656 -0.200000087 0.883333279
v 0.083333394 -0.199999885 0.883333286
v -0.066666666 -0.899970576 1.033303669
v -0.333186726 -0.750318727 0.833008949
v -0.333540521 -0.732919865 0.833419103
v -0.316329897 -0.732714079 0.833124079
v -0.316272403 -0.749583732 0.835976979
v 0.133332645 -0.666848275 0.866271243
v 0.150164674 -0.666671800 0.866615591
v -0.350000000 -0.899970473 1.033303807
v 0.050447322 -0.746553474 0.869852138
v 0.050055793 -0.753463786 0.879543688
v 0.049693967 -0.733233905 0.868988241
v -0.367182501 -0.532710103 1.098728710
v -0.366819427 -0.549471928 1.101011217
v -0.400334681 -0.530296437 1.036165967
v -0.387912596 -0.528880941 1.038419098
v -0.383103099 -0.517228878 1.035302800
v -0.399642523 -0.517268494 1.030123875
v 0.200000050 -0.616666652 0.983333506
v 0.200000345 -0.633333335 0.983333464
v -0.483000117 -0.682996045 0.834240999
v -0.129985047 -0.283716902 1.033461126
v -0.130180426 -0.283328038 1.049612881
v -0.128756236 -0.271427874 1.046003528
v -0.128459437 -0.271721045 1.037798894
v -0.120148430 -0.265957807 1.050067153
v -0.121537581 -0.278297601 1.028203809
v -0.122219393 -0.278166995 1.055046911
v -0.170469474 -0.332189430 1.049840522
v -0.164553901 -0.315570395 1.066949146
v -0.164577758 -0.315833808 1.050493229
v 0.099969501 -0.200017244 0.816705947
v 0.116657306 -0.199864060 0.816678434
v -0.016621685 -0.900852609 0.949475981
v -0.016675320 -0.900110912 0.966658460
v -0.033322959 -0.200019029 0.983332200
v -0.016655738 -0.200022997 0.983336005
v -0.233389847 -0.617445896 0.782669968
v -0.228617697 -0.621798871 0.794798340
v -0.228385182 -0.606186010 0.777372032
v -0.232460220 -0.403135118 0.949323388
v -0.219062969 -0.397091908 0.948891880
v -0.449635748 -0.587129231 0.779143448
v 0.167162443 -0.400000000 1.100495777
v 0.028887785 -0.629071066 0.821061372
v 0.038546738 -0.622533405 0.827896994
v 0.033124016 -0.630880421 0.833586099
v 0.016410724 -0.630160064 0.819875857
v -0.533516598 -0.383218673 0.803574010
v -0.538196851 -0.378418026 0.812673369
v -0.538125587 -0.371081238 0.812148830
v -0.533450313 -0.366539739 0.803147511
v -0.516681197 -0.366066658 0.802467278
v -0.516513334 -0.383690922 0.800165279
v 0.016666667 -0.516666667 1.100000000
v 0.033333334 -0.516666667 1.100000000
v 0.033333334 -0.500000000 1.100000000
v 0.016666667 -0.500000000 1.100000000
v -0.599970350 -0.833304431 0.983332369
v 0.083333436 -0.566666667 1.100000103
v -0.054345922 -0.872136415 0.911244600
v -0.062415633 -0.872023015 0.911429103
v -0.199999999 -0.566666667 1.100000002
v -0.483208038 -0.486958808 0.996520036
v -0.466165602 -0.487359804 0.996049748
v -0.149999843 -0.450000133 1.100001625
v -0.133333178 -0.450000197 1.099999816
v -0.133333225 -0.433333365 1.100002314
v -0.150001658 -0.433331164 1.100005174
v -0.233333333 -0.900495777 1.067162443
v -0.233333333 -0.901224675 1.084558008
v -0.250000000 -0.901224675 1.084558008
v 0.197634759 -0.202365241 1.049994853
v 0.201241639 -0.215464407 1.049980359
v -0.483304627 -0.583381986 1.099972396
v -0.466621840 -0.566190211 1.100652478
v -0.483326200 -0.566149352 1.100658726
v 0.201033801 -0.600203593 0.849399161
v 0.200130617 -0.583300287 0.866632432
v 0.200457745 -0.599966952 0.866541394
v 0.120039472 -0.496250260 0.771067039
v 0.121116768 -0.488003608 0.771436635
v 0.128337848 -0.495376185 0.770573354
v 0.133002547 -0.483448731 0.769834221
v 0.132464993 -0.499258123 0.780785060
v -0.516665245 -0.900492774 1.067163218
v -0.516664556 -0.901222477 1.084558668
v -0.533299885 -0.901205199 1.084551883
v 0.199999701 -0.666666740 0.966666898
v 0.199998517 -0.683333615 0.966667779
v -0.016388602 -0.901077769 0.932418477
v -0.166458421 -0.499780008 0.763806064
v -0.166665428 -0.483668966 0.766569266
v -0.149834524 -0.482795621 0.766351212
v -0.149760576 -0.496162777 0.762617733
v -0.153093427 -0.316515954 0.999652652
v -0.153811711 -0.313101754 1.016455121
v -0.145953095 -0.303690757 1.016519621
v -0.549987454 -0.749999997 1.099987451
v -0.549987454 -0.733333334 1.099987455
v -0.382595094 -0.379569620 0.849888866
v -0.367331207 -0.382931592 0.849648049
v 0.199939070 -0.833298638 1.033329160
v 0.116382463 -0.266949092 0.780055477
v -0.449812148 -0.783192703 0.853203444
v -0.450072496 -0.766776747 0.850025390
v -0.433313338 -0.766964585 0.846622936
v -0.433474361 -0.783630565 0.849760559
v -0.521649264 -0.462929652 0.938491579
v -0.499819863 -0.452802540 0.950512106
v 0.184520814 -0.901276956 1.049951421
v 0.167145466 -0.198974492 1.067145466
v 0.184596444 -0.198362599 1.067207058
v 0.166940018 -0.567099510 0.796866055
v 0.016666840 -0.199999481 0.900000112
v 0.033333399 -0.200000184 0.900000096
v -0.099804873 -0.516523298 0.766297493
v -0.100000000 -0.899970530 1.033303768
v -0.100000000 -0.899987442 1.049987465
v -0.382978427 -0.516576431 0.769256199
v -0.387847864 -0.505423281 0.772022352
v -0.383075515 -0.500070486 0.780839026
v -0.378912590 -0.511605278 0.778295448
v -0.383333334 -0.899987453 1.049987452
v -0.000141815 -0.750170848 0.883531975
v -0.299999376 -0.899996481 0.966663738
v -0.597664224 -0.897665949 0.966624475
v -0.601245856 -0.884550068 0.966679231
v -0.584549299 -0.901240622 0.966676900
v 0.133303808 -0.716666667 1.099970475
v 0.149987454 -0.716666667 1.099987454
v 0.149987454 -0.700000000 1.099987454
v 0.133303808 -0.700000000 1.099970475
v 0.199972461 -0.766666122 1.033303708
v -0.066666667 -0.766666644 1.099999977
v -0.083333333 -0.766666644 1.099999977
v -0.350754866 -0.386251680 0.832997727
v -0.350418956 -0.386511947 0.820054581
v -0.350150003 -0.394952461 0.812284168
v -0.350000000 -0.783333436 1.100000103
v -0.350000000 -0.766666644 1.099999977
v -0.083624364 -0.283057646 1.101038322
v -0.066641149 -0.283339902 1.100269995
v -0.066870905 -0.266636221 1.100725257
v -0.083925572 -0.266364206 1.100885350
v -0.562352507 -0.611347124 0.805046766
v -0.566793658 -0.617093021 0.813067341
v -0.571884136 -0.605365534 0.810799111
v -0.566773117 -0.599648274 0.803155321
v -0.553999083 -0.611231674 0.805298039
v -0.549873287 -0.599602014 0.803526646
v -0.545679508 -0.605036665 0.811621759
v -0.549889238 -0.616347301 0.813640870
v 0.200001001 -0.450000000 1.000001001
v 0.199998176 -0.433333333 1.016664842
v 0.199998176 -0.450000000 1.016664842
v -0.016666667 -0.749999997 1.099999997
v -0.300000000 -0.749999997 1.099999997
v -0.033333333 -0.800001001 1.100001001
v -0.016666667 -0.800001001 1.100001001
v -0.016666667 -0.783333436 1.100000103
v -0.033333333 -0.783333436 1.100000103
v -0.083333332 -0.899970581 1.033303739
v -0.466575473 -0.897509982 0.919828557
v -0.466673055 -0.901248210 0.932217889
v -0.466348844 -0.883912826 0.916959577
v -0.516664843 -0.800001001 1.099999175
v -0.238529524 -0.694741217 0.838264556
v -0.232950597 -0.700202463 0.847765976
v 0.083689533 -0.632350719 0.870875411
v 0.079369175 -0.636588235 0.880248333
v 0.071155199 -0.637681581 0.880047260
v 0.132654001 -0.317231193 0.784862099
v 0.049289244 -0.400143394 0.780663897
v -0.533379985 -0.699824697 0.835912071
v -0.533440126 -0.683664403 0.832930591
v -0.516945040 -0.700531898 0.833064741
v 0.199970573 -0.266696190 0.899999875
v 0.199998256 -0.283335153 0.899999964
v -0.133643625 -0.682741387 0.870049284
v -0.128984442 -0.686977044 0.878910735
v -0.150526998 -0.682430016 0.866961263
v 0.133304640 -0.200043931 1.049988483
v 0.133302812 -0.199532650 1.067162342
v 0.149977565 -0.199495459 1.067151022
v 0.167351076 -0.250199472 0.783168552
v 0.167052945 -0.232896796 0.783135024
v 0.184569401 -0.232766058 0.781850192
v 0.184530513 -0.250082699 0.782428457
v -0.600000989 -0.666666664 1.000001002
v -0.599998133 -0.666666677 1.016664842
v -0.204519374 -0.495759279 0.778952316
v 0.200495777 -0.516666667 1.067162443
v 0.201224662 -0.215442001 0.916666691
v -0.366894682 -0.436721075 0.786485191
v 0.172268252 -0.779108032 0.904511141
v 0.166825161 -0.783580358 0.913839320
v 0.161379058 -0.771743372 0.911570192
v 0.184960440 -0.780692008 0.902303962
v 0.184595626 -0.787806143 0.912065679
v -0.262269979 -0.871576290 0.895404211
v -0.554569133 -0.539077392 1.061115144
v -0.549668011 -0.547096775 1.067018393
v -0.567395152 -0.536936321 1.062986736
v -0.566796894 -0.545528887 1.071013271
v 0.167162329 -0.833302812 1.100467351
v 0.167163215 -0.816665246 1.100492775
v -0.033333150 -0.350000172 1.100000147
v -0.050000436 -0.349999920 1.100003105
v 0.116664842 -0.466666667 1.099998176
v 0.100001001 -0.450000000 1.100001001
v -0.600083229 -0.483388375 0.899948839
v 0.083333436 -0.199999900 0.949999997
v -0.183333499 -0.466665906 1.100003458
v -0.166666455 -0.466666853 1.100000799
v -0.166667440 -0.449998548 1.100004280
v -0.183336357 -0.449996225 1.100000063
v -0.599933856 -0.566719763 0.999966668
v -0.250000000 -0.633333334 1.100000000
v -0.233333333 -0.633333333 1.100000000
v -0.233333333 -0.616666667 1.100000000
v -0.250000000 -0.616666667 1.100000007
v 0.199970475 -0.633333333 1.033303808
v 0.199987454 -0.616666667 1.049987454
v 0.199987454 -0.633333333 1.049987454
v -0.549987625 -0.899985984 1.016664670
v -0.533304076 -0.633334727 1.099968106
v -0.516664914 -0.633333021 1.099997236
v -0.516663139 -0.616680019 1.099980781
v -0.533303155 -0.616682020 1.099944635
v -0.553388952 -0.294520693 0.836695850
v -0.553240790 -0.286767871 0.836775049
v -0.548137448 -0.284880075 0.849353795
v -0.548493170 -0.298976913 0.846515744
v -0.566393976 -0.295728485 0.835491927
v -0.566201260 -0.303536210 0.845137468
v -0.566378670 -0.285786656 0.835302984
v -0.566001770 -0.281432350 0.848765054
v -0.416248505 -0.531652963 1.032361381
v 0.100000993 -0.199998643 0.883333243
v 0.116664917 -0.200001262 0.883332970
v 0.116665141 -0.200001108 0.866664781
v -0.016661351 -0.199996873 1.049988533
v -0.050206883 -0.583679152 0.785507856
v -0.033513984 -0.579829050 0.786682995
v -0.032957273 -0.586816910 0.796062360
v -0.045345206 -0.589212885 0.794062891
v -0.050131996 -0.567250818 0.783127001
v -0.033609324 -0.566847443 0.783437919
v -0.256013422 -0.377814411 0.878855820
v -0.253392116 -0.366097509 0.883537350
v -0.532946124 -0.383787185 0.883389060
v -0.516514856 -0.382954413 0.886390706
v -0.516878831 -0.367411555 0.880033183
v -0.533032036 -0.366799149 0.882821948
v -0.599956065 -0.833304641 1.049988482
v -0.183044169 -0.629895892 0.803372673
v -0.167025306 -0.629597835 0.803698803
v -0.166667516 -0.633604563 0.816314087
v -0.183190273 -0.636297985 0.816204971
v -0.166613526 -0.617071376 0.799487588
v -0.600004026 -0.550000788 0.883332059
v -0.600005642 -0.533332745 0.883333155
v 0.066666644 -0.566666667 1.099999977
v 0.083333436 -0.550000000 1.100000103
v 0.066666644 -0.550000000 1.099999977
v 0.199972917 -0.316670078 0.833360732
v 0.199999997 -0.416666667 0.949999997
v 0.199987232 -0.600002352 0.916664642
v 0.200002440 -0.583333327 0.933333050
v 0.200004312 -0.600001105 0.933331379
v 0.050000116 -0.200056508 0.833365556
v 0.066665571 -0.200032049 0.833359944
v 0.049999997 -0.583333333 1.099999997
v -0.545921377 -0.862017788 0.888146782
v -0.549850205 -0.867501369 0.896198401
v -0.554875997 -0.855237058 0.894540716
v -0.549492980 -0.850076636 0.886550705
v -0.537797883 -0.861866755 0.888164330
v -0.533300598 -0.867196720 0.896482831
v 0.199970475 -0.666666667 1.033303809
v 0.199970473 -0.683333333 1.033303809
v -0.266666667 -0.716666667 1.100000000
v -0.283333333 -0.716666667 1.100000000
v -0.016665808 -0.899990560 1.000005735
v -0.000001195 -0.200038354 1.033303197
v -0.133333333 -0.833303808 1.099970475
v -0.116666667 -0.833303808 1.099970475
v -0.116666667 -0.816664842 1.099998176
v -0.133333333 -0.816664842 1.099998176
v -0.233333333 -0.600000000 1.100000006
v -0.233333339 -0.583333331 1.100000010
v -0.567293048 -0.336638007 0.819824814
v -0.567323781 -0.329251138 0.829592320
v -0.550051564 -0.329391483 0.828939957
v -0.550017889 -0.336934957 0.820055501
v -0.549859820 -0.345334184 0.811973868
v -0.567162444 -0.733333334 1.100495777
v -0.549987454 -0.716666667 1.099987455
v -0.567162444 -0.716666666 1.100495777
v -0.416666667 -0.833303808 1.099970475
v -0.400000000 -0.833303808 1.099970475
v -0.400000000 -0.816664842 1.099998176
v -0.416666667 -0.816664842 1.099998176
v 0.095406736 -0.528888213 0.770538927
v 0.096401638 -0.517039941 0.769218641
v 0.100052674 -0.533738073 0.780112467
v 0.083644890 -0.530669024 0.769018150
v 0.083799081 -0.537414846 0.779044559
v 0.084284082 -0.517248462 0.765455580
v -0.450089362 -0.699658362 0.819815271
v -0.449975499 -0.683519590 0.816549869
v -0.433933402 -0.700065908 0.816617876
v 0.033449496 -0.400044947 0.780727711
v 0.016666450 -0.199999577 0.966666544
v 0.138197574 -0.555380321 0.794040696
v 0.149978854 -0.553548039 0.795823195
v -0.132992628 -0.483089385 0.766346254
v -0.166846414 -0.699730126 0.870088414
v -0.162763982 -0.703797558 0.879230067
v -0.161649060 -0.712000816 0.878909466
v -0.333499674 -0.784197146 0.846466430
v -0.500169079 -0.566925491 0.765856125
v -0.500076348 -0.550360062 0.765891953
v -0.483340735 -0.550161103 0.766121852
v -0.483395485 -0.567384954 0.765456532
v -0.300000000 -0.899970467 1.033303808
v -0.601028855 -0.816786541 0.916048886
v -0.600132652 -0.816656461 0.933303856
v -0.597631073 -0.897631072 1.033301679
v -0.601205237 -0.884551913 1.033299816
v -0.584551911 -0.901205211 1.033299820
v -0.189000781 -0.744893009 0.872257589
v -0.183928331 -0.750131338 0.881141587
v -0.195479164 -0.754095987 0.878711235
v 0.197644734 -0.749999997 1.097644730
v 0.197644724 -0.766666641 1.097644718
v -0.362433054 -0.895862531 0.888102998
v -0.367029620 -0.897974414 0.900143223
v -0.350506110 -0.900943627 0.899670841
v 0.197634759 -0.250005147 1.097634759
v -0.095177838 -0.254811569 1.095823256
v -0.083602514 -0.249961872 1.098358120
v 0.116664842 -0.416666667 1.099998176
v 0.167162416 -0.316666569 1.100495912
v 0.184558003 -0.316666546 1.101224765
v 0.184558330 -0.299998894 1.101225249
v 0.167162510 -0.299998902 1.100496613
v -0.163362357 -0.333418409 0.999663082
v -0.155035760 -0.328346786 0.995484450
v -0.100171780 -0.216060477 0.996775409
v -0.166670259 -0.433329019 1.099993287
v -0.150004286 -0.416661962 1.099988490
v -0.050504976 -0.198780554 0.849714471
v -0.033332293 -0.199683880 0.850004812
v -0.599930499 -0.733322273 0.916718633
v -0.599942684 -0.716664682 0.916696486
v -0.100000000 -0.901224675 1.084558008
v -0.100000000 -0.897644732 1.097644732
v -0.050000000 -0.783333436 1.100000103
v -0.033333333 -0.766666644 1.099999977
v -0.050000000 -0.766666644 1.099999977
v -0.333262941 -0.385795759 0.819512196
v -0.333965070 -0.387004314 0.829192160
v -0.332911921 -0.394283480 0.812025351
v -0.333946056 -0.396870162 0.837181656
v -0.349947064 -0.750489334 0.832765581
v -0.350118728 -0.733056031 0.833631189
v -0.119526536 -0.551281450 0.752158402
v -0.121465579 -0.538913352 0.754447965
v -0.116281495 -0.533823618 0.763262520
v -0.112530073 -0.550643745 0.762426257
v -0.133006958 -0.533304601 0.751998488
v -0.127788302 -0.528431342 0.761326360
v 0.200650899 -0.466656016 0.799507038
v 0.200981137 -0.483530518 0.799348591
v 0.199998173 -0.283335158 0.949999997
v 0.199970450 -0.266696191 0.966666644
v 0.199998153 -0.283335158 0.966666644
v -0.278592488 -0.720949322 0.844823604
v -0.433345491 -0.583220897 1.100287937
v 0.201225249 -0.299998894 1.084558330
v 0.201224765 -0.316666546 1.084558003
v 0.149117518 -0.769574117 0.913580311
v -0.450223212 -0.816803109 0.866461325
v -0.149999487 -0.900001404 0.983331275
v -0.598776234 -0.482786683 0.967354684
v 0.083333438 -0.200001726 1.016664844
v -0.600861449 -0.583207337 1.067155412
v -0.601388438 -0.565848316 1.067316857
v 0.167162444 -0.199504227 0.933333337
v 0.016666667 -0.600000000 1.100000000
v -0.483741056 -0.420380592 0.912833858
v -0.466756168 -0.420419702 0.912111077
v -0.466754263 -0.434059691 0.916170806
v -0.066667111 -0.366666405 1.100003454
v -0.133096665 -0.901242689 0.915882517
v 0.066666644 -0.483333333 1.099999977
v 0.066666644 -0.466666667 1.099999977
v 0.189302798 -0.828220744 0.937527274
v 0.184328595 -0.833988479 0.945814415
v 0.197317710 -0.828829663 0.937436627
v 0.197608169 -0.816899853 0.936031515
v 0.201511778 -0.817291309 0.949025253
v 0.198508243 -0.833964987 0.949046979
v 0.199979397 -0.250014337 0.833340867
v 0.200467114 -0.232837617 0.850031492
v 0.199956047 -0.250011699 0.850030768
v -0.416971758 -0.899072684 0.898782207
v -0.417058701 -0.901068602 0.916024868
v -0.549980359 -0.901241640 1.084535593
v -0.466666644 -0.666666714 1.099999905
v -0.483333424 -0.666666726 1.100000029
v 0.099835129 -0.399689606 0.766019490
v -0.333333333 -0.783333436 1.100000103
v -0.316666667 -0.783333436 1.100000103
v -0.316666667 -0.766666644 1.099999977
v -0.333333333 -0.766666644 1.099999977
v 0.199917964 -0.766640069 0.966727850
v -0.250019656 -0.583603523 0.769077798
v -0.255106967 -0.578870633 0.778732002
v -0.254927825 -0.570467139 0.779121727
v -0.249611231 -0.566612926 0.769957776
v -0.233524818 -0.566761400 0.766478797
v -0.233566066 -0.583890200 0.765807218
v 0.167178380 -0.215443848 0.782339714
v -0.000000720 -0.199996469 0.899999543
v -0.146947790 -0.287139233 0.866309439
v -0.137585696 -0.279471736 0.865655309
v -0.266692809 -0.380478907 0.883874559
v -0.599959521 -0.550005930 0.950000609
v -0.599943630 -0.533377666 0.949974456
v 0.199998176 -0.416666667 1.016664842
v -0.400252128 -0.679948065 0.803857949
v -0.400117546 -0.687162321 0.812847092
v -0.400221713 -0.667417210 0.799755874
v -0.411556866 -0.461643880 0.971349758
v -0.404569372 -0.478421780 0.988457053
v 0.050000076 -0.199999799 0.883333302
v 0.049999997 -0.200000119 0.900000046
v 0.066666642 -0.200000072 0.900000017
v 0.149987409 -0.800000984 1.099988516
v 0.133303787 -0.800000979 1.099971519
v -0.411971856 -0.545296867 1.071422265
v -0.416241173 -0.546988393 1.083686619
v -0.404546600 -0.545444172 1.071399261
v -0.561462021 -0.844776103 0.888933801
v -0.567150411 -0.849948994 0.897034476
v -0.571804909 -0.838357913 0.894897182
v -0.566806152 -0.832796522 0.886402697
v -0.549866732 -0.833885175 0.883002668
v 0.201224675 -0.683333333 1.084558008
v 0.197644732 -0.666666667 1.097644732
v 0.197644732 -0.683333333 1.097644732
v -0.016635067 -0.202374945 1.097628418
v 0.149987443 -0.316666575 1.099987579
v -0.100000000 -0.683333333 1.100000000
v -0.083333333 -0.683333333 1.100000000
v -0.083333333 -0.666666667 1.100000000
v -0.066666667 -0.867162443 1.100495777
v -0.016666667 -0.766666644 1.099999977
v -0.033333333 -0.749999997 1.099999997
v -0.350000000 -0.867162443 1.100495777
v -0.016655840 -0.250011493 1.099968738
v -0.033312259 -0.250014016 1.099984817
v -0.038106027 -0.638425259 0.844638823
v -0.601368727 -0.366223671 0.832682735
v 0.086818946 -0.804106428 0.917038060
v 0.098781975 -0.796215586 0.917676144
v 0.099156740 -0.802982636 0.930841718
v 0.087540435 -0.804318235 0.929353611
v 0.061922722 -0.545812943 0.771084884
v 0.066910389 -0.533387334 0.769698434
v 0.066936422 -0.550493622 0.780113872
v 0.050022494 -0.550484392 0.768664898
v 0.055427330 -0.555571754 0.777252769
v 0.050345514 -0.533971030 0.768809832
v -0.533194677 -0.336555950 0.819849634
v -0.533082692 -0.329214439 0.828980315
v -0.516317744 -0.329425080 0.832365406
v -0.516725049 -0.336493684 0.820294704
v -0.533028593 -0.345554936 0.812035059
v -0.516837215 -0.348912392 0.812850739
v -0.549422747 -0.696406639 0.836911260
v -0.538014639 -0.705100921 0.844953204
v -0.550330646 -0.703424905 0.846475135
v -0.550224974 -0.683489192 0.833084275
v -0.300000000 -0.897644732 1.097644732
v 0.133387130 -0.832788953 0.950409079
v 0.116665065 -0.200014793 1.049987654
v -0.000135552 -0.433639535 0.783299021
v 0.067174728 -0.716524588 0.869637871
v 0.083068226 -0.716458403 0.869420722
v 0.050298083 -0.483134619 0.781687230
v 0.061566224 -0.488041842 0.778691078
v -0.598159565 -0.898159565 1.084753016
v -0.596859642 -0.896859642 1.096859642
v -0.598159565 -0.884753016 1.098159565
v -0.584813514 -0.901938339 1.084813514
v -0.584753016 -0.898159565 1.098159565
v -0.216340304 -0.716825195 0.864035405
v -0.200446875 -0.716290103 0.866355591
v 0.200000950 -0.366666659 0.883332904
v -0.033322898 -0.483163895 0.783305654
v -0.032977014 -0.466419932 0.783080738
v -0.016644233 -0.466505410 0.783245005
v -0.016977622 -0.483199095 0.783359199
v -0.233683127 -0.766522269 0.866903168
v -0.233904109 -0.749671861 0.867592404
v -0.216921071 -0.766649267 0.866649905
v -0.049981945 -0.200075603 0.916671807
v -0.033335901 -0.200004906 0.916664157
v -0.600000090 -0.733333324 0.983333509
v -0.600000010 -0.716666659 0.983333477
v 0.083333436 -0.450000000 1.100000103
v -0.180083827 -0.316029182 0.904278476
v -0.180662224 -0.315964279 0.916206133
v -0.179545860 -0.303562515 0.911904818
v -0.179077142 -0.303484488 0.905147968
v -0.167214197 -0.302911886 0.912603956
v -0.166980795 -0.302364508 0.899831491
v -0.170258673 -0.316178025 0.896454865
v -0.366666755 -0.899999607 0.983333097
v -0.200002884 -0.466663209 1.100004706
v -0.200004202 -0.450000172 1.099976113
v -0.079593215 -0.232975553 0.837130114
v -0.085799918 -0.233126567 0.849848637
v -0.083994204 -0.215570432 0.849271033
v -0.080423506 -0.215443878 0.836437356
v -0.599981477 -0.583333015 0.883336623
v 0.200002072 -0.466667039 0.866665072
v 0.200001181 -0.483333604 0.866664773
v -0.232210021 -0.400520964 0.936031207
v -0.220206968 -0.396269516 0.938195310
v -0.219370910 -0.383864079 0.936637237
v -0.232294107 -0.384244468 0.929984020
v -0.183333333 -0.550000001 1.100000002
v -0.133335639 -0.416663929 1.100005677
v -0.166061714 -0.567642127 0.751564929
v -0.166496224 -0.550400624 0.748055481
v -0.346388933 -0.487392853 1.097243490
v -0.346428622 -0.488020692 1.089568043
v -0.339661913 -0.494714449 1.079607968
v 0.199970435 -0.716666672 1.033303814
v 0.200000483 -0.416666668 0.883332965
v -0.299593050 -0.750201877 0.835784577
v -0.303908514 -0.755187395 0.844720809
v -0.312436976 -0.754702734 0.845163069
v -0.299957551 -0.732846025 0.833068264
v 0.184216704 -0.400050401 0.768523788
v 0.178429537 -0.387956514 0.771742796
v 0.183703828 -0.382892517 0.780298194
v 0.189200958 -0.394559696 0.777610339
v 0.171364424 -0.378517073 0.778379600
v -0.150000000 -0.899987452 1.049987453
v 0.012143748 -0.546482890 0.778341087
v -0.450135709 -0.516616944 0.766254661
v -0.433630151 -0.516441176 0.766369716
v -0.597511131 -0.699856500 0.852985664
v -0.601085579 -0.699943097 0.866127892
v -0.600910931 -0.683409038 0.865892073
v -0.584141931 -0.699953554 0.849346952
v -0.205964599 -0.344277089 0.870861043
v -0.203504908 -0.347014054 0.883673613
v -0.195900278 -0.337933470 0.882505861
v -0.600000862 -0.783333949 0.966666144
v -0.600001047 -0.766666662 0.966665554
v 0.066666638 -0.199504249 1.067162441
v 0.083333454 -0.198775235 1.084558003
v 0.167162510 -0.199503387 1.000001098
v 0.200658457 -0.833139287 0.999690944
v 0.200100046 -0.816662901 1.016685234
v 0.200418110 -0.833292113 1.016551663
v 0.116664842 -0.516666667 1.099998176
v -0.149999999 -0.516666667 1.100000004
v -0.166666669 -0.516666663 1.100000014
v -0.016666667 -0.633333333 1.100000000
v -0.362620970 -0.427397806 0.905412640
v -0.354322086 -0.428202840 0.904911868
v -0.283333336 -0.633333328 1.100000001
v -0.283333335 -0.616666666 1.099999887
v -0.461425530 -0.695024081 0.822336256
v -0.466834333 -0.699914243 0.830640215
v -0.469990335 -0.683110388 0.830620605
v -0.462841713 -0.682248402 0.821008690
v -0.455154211 -0.705087096 0.828064057
v -0.233333333 -0.683333333 1.100000000
v -0.433153723 -0.418857738 0.916625594
v -0.450072755 -0.419788707 0.912971318
v -0.450160801 -0.434017658 0.918089931
v 0.017099634 -0.563791522 0.769462160
v 0.033075932 -0.563550977 0.768982700
v 0.033395764 -0.570852374 0.778526502
v 0.016424384 -0.571162651 0.778495934
v 0.016634031 -0.550249460 0.768456677
v 0.034074816 -0.550738149 0.765141842
v -0.516664842 -0.683333345 1.099998162
v -0.366666667 -0.800001001 1.100001001
v -0.350000000 -0.800001001 1.100001001
v 0.133613095 -0.199143849 0.799205329
v 0.150106148 -0.198915244 0.799400004
v 0.150299063 -0.202481529 0.786170440
v -0.449429610 -0.869946459 0.913735648
v -0.438224128 -0.871945400 0.912091647
v -0.000000926 -0.199999103 0.966666447
v -0.584535593 -0.849980359 1.101241639
v 0.084092776 -0.366502305 0.781128445
v 0.201105660 -0.516803034 0.799423567
v -0.600287394 -0.549995711 0.999966794
v -0.600868149 -0.549781416 1.016780542
v -0.601124319 -0.532367899 1.017454989
v -0.117112303 -0.679394478 0.871096503
v -0.116932152 -0.686751106 0.880189935
v -0.133860301 -0.669929606 0.863225874
v -0.116615946 -0.670382568 0.862750135
v -0.411646724 -0.594603705 0.771634134
v -0.416661444 -0.583274748 0.769260898
v 0.200495777 -0.400000000 1.067162443
v -0.495035540 -0.461435953 0.955476277
v 0.100000984 -0.849987410 1.099988516
v 0.116665065 -0.849987654 1.099985207
v 0.100000979 -0.833303787 1.099971518
v 0.100001001 -0.350000003 1.100000998
v 0.116664842 -0.350000003 1.099998173
v 0.100001001 -0.333333356 1.100000978
v -0.316646684 -0.446594174 1.000500284
v -0.300037461 -0.446835003 1.000368043
v -0.116669131 -0.399997087 1.100004458
v -0.346169764 -0.395547758 0.837799475
v 0.049999997 -0.516666667 1.099999997
v 0.049999997 -0.500000000 1.099999997
v -0.252552569 -0.430855486 0.999458831
v -0.245594931 -0.420674676 0.999862450
v -0.236282339 -0.413435189 0.999954410
v 0.145991175 -0.262469255 0.770944601
v 0.145743099 -0.254735999 0.770918654
v 0.150666354 -0.250362909 0.780315495
v 0.150461563 -0.266865379 0.780611784
v 0.134332916 -0.263240310 0.769399568
v 0.134358966 -0.269928556 0.779753731
v 0.133915753 -0.250398948 0.769108978
v 0.138755701 -0.245231563 0.777789354
v -0.532922245 -0.628806058 0.821338983
v -0.533459376 -0.636232275 0.831153786
v -0.250003292 -0.516663672 1.100006013
v -0.233336456 -0.499996886 1.100006040
v -0.250004652 -0.499995126 1.099987210
v -0.149504815 -0.532873097 0.748146934
v -0.166915008 -0.318542097 0.849223700
v 0.199999998 -0.366666666 0.949999997
v -0.083244628 -0.579213134 0.787477634
v -0.083811737 -0.586989579 0.796073311
v -0.411447805 -0.522492644 1.027433379
v -0.405345081 -0.511612190 1.022357059
v -0.286742671 -0.866901067 0.869254299
v -0.549968926 -0.900143021 0.950006170
v -0.567175374 -0.900654256 0.949997747
v -0.399862966 -0.633217426 0.786746710
v -0.383608162 -0.632996126 0.786395290
v -0.399674339 -0.616393558 0.783352207
v -0.050300127 -0.399936783 0.796689605
v -0.050095299 -0.199700295 0.983270214
v 0.116664304 -0.901223898 1.084558150
v 0.100001137 -0.901226378 1.084558000
v -0.332859201 -0.402526360 0.803066400
v -0.316636892 -0.402610036 0.803159045
v -0.316275671 -0.415653021 0.799381788
v -0.599987454 -0.716666666 1.049987454
v -0.183333333 -0.901224675 1.084558008
v -0.600996864 -0.433128191 0.883626792
v -0.598511358 -0.416400306 0.883863931
v 0.197635266 -0.202365676 0.833340314
v 0.197631037 -0.202369133 0.850032432
v 0.201205131 -0.215448059 0.850033338
v -0.366666667 -0.899987455 1.049987453
v -0.066075432 -0.446522062 0.797104143
v -0.066948746 -0.433817203 0.801027041
v -0.049818403 -0.446581052 0.796909607
v 0.050004196 -0.900453002 0.983202423
v 0.066812896 -0.602315379 0.833471916
v 0.054592432 -0.604850752 0.829186202
v -0.000000000 -0.600000000 1.100000000
v 0.199999988 -0.483333333 0.916666677
v 0.200000001 -0.466666667 0.933333333
v 0.200000003 -0.483333333 0.933333333
v -0.149927166 -0.901429240 0.916007798
v 0.167162443 -0.716666667 1.100495777
v 0.167162443 -0.700000000 1.100495777
v 0.049999997 -0.483333333 1.099999997
v 0.049999997 -0.466666667 1.099999997
v 0.199970475 -0.550000000 1.033303808
v -0.266666671 -0.616666662 1.100000001
v -0.428269747 -0.895865808 0.904198771
v -0.133333333 -0.716666667 1.100000000
v -0.116666667 -0.716666667 1.100000000
v -0.116666667 -0.700000000 1.100000000
v -0.133333333 -0.700000000 1.100000000
v 0.082987483 -0.416902871 0.769434906
v 0.083596604 -0.400014687 0.769599408
v -0.216666671 -0.566666664 1.100000014
v 0.167163480 -0.199507830 0.866669354
v 0.184558663 -0.198777639 0.866669490
v -0.433333286 -0.633334413 1.099998516
v 0.166732321 -0.366155046 0.768980927
v 0.171453025 -0.370720102 0.777834913
v -0.182886281 -0.500153491 0.766834494
v -0.567162444 -0.749999997 1.100495773
v 0.111506943 -0.861172028 0.955554231
v 0.116306123 -0.848994667 0.953394514
v 0.121216242 -0.854525278 0.961549370
v 0.116819993 -0.866484316 0.966802958
v 0.099595722 -0.866218251 0.952820694
v 0.105223191 -0.871649293 0.961067620
v 0.099739489 -0.849486120 0.950550652
v 0.133143496 -0.712688543 0.880074123
v 0.150133020 -0.716196712 0.880705303
v -0.599999820 -0.700000575 0.933333989
v -0.599999969 -0.683333287 0.933333096
v -0.599970576 -0.783333436 1.033303809
v -0.599970451 -0.766666644 1.033303809
v -0.483311075 -0.533292502 0.766760700
v -0.466644791 -0.533311564 0.766724573
v -0.466661144 -0.550166156 0.766239017
v -0.528497386 -0.463532533 0.938305546
v -0.083321443 -0.767159430 0.882882928
v -0.066467052 -0.766467816 0.882566988
v 0.199982508 -0.433346022 0.816681893
v 0.199945350 -0.449997005 0.816690866
v -0.033567545 -0.799557307 0.886700251
v -0.033622256 -0.799916852 0.897105651
v -0.016628888 -0.796871402 0.886516666
v -0.016131146 -0.783402099 0.883002945
v -0.449775177 -0.633453084 0.800004676
v -0.049914741 -0.283038258 0.816404525
v -0.500001118 -0.899999093 1.000004316
v 0.184551843 -0.833299883 1.101205233
v 0.184558627 -0.816664557 1.101222486
v -0.183018262 -0.563624963 0.752362247
v -0.170839482 -0.572573778 0.760969194
v -0.183235753 -0.569962576 0.763040840
v -0.100000000 -0.833303808 1.099970475
v -0.100000000 -0.816664842 1.099998176
v -0.253963121 -0.430928778 0.936443391
v -0.249361382 -0.417780801 0.935793517
v -0.266257907 -0.417788359 0.932780890
v -0.383333333 -0.833303808 1.099970475
v -0.383333333 -0.816664842 1.099998176
v -0.316615099 -0.715880125 0.833534086
v 0.116342959 -0.832822464 0.950852519
v -0.599986335 -0.749987728 0.916714298
v -0.483396497 -0.897569177 0.919755211
v -0.483338997 -0.901276350 0.932183537
v 0.049833718 -0.416830633 0.781110420
v 0.201008018 -0.867144586 1.067161434
v 0.201622643 -0.884589480 1.067229506
v -0.167081335 -0.682733318 0.864269049
v -0.016639944 -0.580019204 0.786967831
v -0.017122810 -0.586984786 0.796242139
v -0.017053774 -0.567041562 0.782823903
v -0.601358575 -0.567378902 0.799561664
v -0.066613185 -0.200078110 0.916694651
v -0.521451566 -0.354340963 0.804106884
v -0.512120166 -0.361542761 0.811336924
v -0.533408207 -0.352829285 0.803087362
v 0.196613123 -0.629165734 0.837880933
v 0.197723814 -0.617125616 0.836003871
v 0.201333894 -0.617434971 0.849315237
v 0.198760160 -0.634151606 0.848942899
v 0.033333334 -0.483333333 1.100000000
v 0.066666644 -0.366666666 1.099999977
v 0.083333436 -0.366666666 1.100000103
v 0.083333436 -0.350000003 1.100000100
v 0.066666644 -0.350000003 1.099999974
v -0.149966004 -0.515816532 0.749296426
v -0.549677217 -0.383183655 0.803656204
v -0.545127953 -0.378416206 0.812780501
v -0.549992324 -0.400840381 0.800737065
v -0.532825405 -0.400778409 0.800275901
v -0.200000003 -0.549999998 1.100000016
v -0.050000000 -0.666666667 1.100000000
v -0.033333333 -0.666666667 1.100000000
v -0.033333333 -0.650000000 1.100000000
v -0.050000000 -0.650000000 1.100000000
v -0.016604269 -0.200046302 0.850063906
v -0.304770129 -0.427774707 0.921200171
v -0.303534478 -0.429978239 0.933713430
v -0.295988482 -0.420308928 0.932849672
v -0.283367711 -0.417336199 0.933143363
v -0.333333335 -0.666666665 1.099999990
v -0.316666667 -0.666666664 1.100000003
v -0.316666669 -0.649999999 1.099999964
v -0.333333330 -0.650000040 1.099999916
v -0.499986031 -0.600052057 1.099956506
v -0.483327977 -0.600037702 1.099942103
v -0.499984759 -0.583354673 1.100139986
v -0.567163328 -0.900493367 1.016664772
v -0.450573962 -0.753523653 0.845980801
v -0.438283336 -0.755384170 0.844731712
v -0.286807109 -0.463245514 1.054115057
v -0.285965498 -0.450934235 1.053730000
v 0.099766113 -0.283359310 0.781381661
v -0.601711907 -0.349696907 0.850416270
v -0.599170341 -0.332949336 0.850134277
v -0.589825149 -0.327619753 0.844840198
v 0.161587024 -0.555041010 0.794287475
v 0.197644721 -0.202355280 0.916666693
v -0.083796215 -0.433411596 0.797720969
v -0.083674080 -0.416850658 0.800892885
v -0.066887461 -0.417413766 0.801093160
v 0.000056673 -0.199872788 0.833343273
v -0.133769143 -0.833732216 0.886648667
v -0.133686842 -0.816381821 0.883601933
v -0.116466878 -0.816655017 0.882264460
v -0.116054584 -0.833589017 0.882534601
v 0.197644732 -0.550000000 1.097644732
v 0.197644732 -0.566666667 1.097644732
v -0.083333333 -0.749999997 1.099999997
v -0.095769812 -0.238076831 1.033616244
v 0.184558008 -0.198775327 0.933333338
v -0.099777385 -0.633278484 0.833532954
v -0.095034364 -0.638503984 0.844754532
v -0.113955302 -0.202365029 0.933607705
v -0.100411746 -0.198839746 0.933497874
v 0.070903088 -0.517278228 0.769692240
v -0.300000000 -0.783333436 1.100000103
v -0.300000000 -0.766666644 1.099999977
v -0.466578298 -0.353372597 0.863715115
v -0.466461886 -0.362276966 0.871451395
v -0.217358882 -0.533116855 0.763157143
v -0.597644778 -0.783333445 1.097644778
v -0.597644721 -0.766666643 1.097644721
v -0.584558003 -0.783333454 1.101224765
v -0.584557998 -0.766666642 1.101224663
v 0.066180674 -0.649225861 0.871301860
v 0.066719885 -0.649808796 0.881653056
v 0.049207931 -0.649942625 0.870309234
v 0.053939861 -0.653613413 0.880296946
v -0.233551626 -0.549828210 0.766324338
v -0.217278796 -0.549626250 0.763330645
v -0.216644462 -0.567371570 0.762904100
v 0.184809250 -0.215167717 0.781417826
v -0.083416010 -0.199567690 0.916661921
v -0.500001099 -0.900496610 1.067162513
v -0.383402845 -0.679611860 0.803906295
v -0.383298329 -0.686985895 0.812586233
v -0.383415285 -0.666937754 0.800160042
v 0.167162512 -0.800001098 1.100496613
v -0.278878385 -0.404293046 0.928695815
v -0.134009176 -0.316387247 1.097903255
v -0.130195413 -0.299723974 1.097280659
v -0.117205823 -0.316422253 1.100977637
v -0.117642319 -0.299011869 1.101229741
v -0.600000318 -0.749999995 0.983333421
v -0.212712862 -0.579881865 0.753388818
v -0.216606932 -0.583436739 0.763006991
v -0.211788019 -0.571774456 0.753709377
v -0.204885447 -0.578701478 0.753966569
v -0.200426307 -0.566746970 0.752387107
v -0.200356540 -0.567479932 0.762786464
v -0.200348801 -0.583151623 0.766649020
v -0.017008646 -0.633764506 0.829995957
v -0.199999965 -0.483333083 1.100002916
v -0.183333083 -0.483333570 1.100000167
v 0.200002005 -0.299999010 0.883332543
v 0.200001034 -0.316666537 0.883332922
v -0.366488186 -0.750300227 0.829790023
v -0.362986012 -0.733580132 0.829376007
v -0.079124232 -0.250333635 0.836824701
v -0.086480863 -0.250149504 0.846852286
v -0.516657815 -0.600039849 1.099991282
v -0.399681264 -0.368902976 0.849920937
v -0.033815710 -0.550390488 0.783509080
v 0.083322753 -0.200039540 0.816685603
v -0.599946019 -0.583323572 0.866697054
v -0.599961685 -0.566664390 0.866672989
v -0.066818929 -0.199354217 0.983098559
v -0.247348491 -0.352176215 0.883760907
v -0.245631673 -0.353910485 0.871460210
v -0.062282887 -0.595574332 0.787131324
v -0.066437641 -0.600539930 0.796498894
v -0.071311036 -0.589274148 0.793487578
v -0.066421812 -0.583547199 0.785790023
v -0.054348230 -0.595404494 0.787787945
v -0.050324158 -0.600128961 0.799596695
v -0.333531607 -0.832977795 0.866651079
v -0.316594448 -0.832963020 0.866886989
v -0.521858841 -0.355116348 0.877998778
v 0.137986363 -0.770722976 0.913077202
v -0.483644861 -0.603669868 0.796645761
v -0.134319378 -0.266624458 0.983063113
v 0.116664842 -0.400000000 1.099998176
v -0.549906285 -0.396491895 0.886582284
v -0.533550251 -0.396519171 0.886751876
v -0.549832274 -0.383866862 0.882824877
v -0.012087197 -0.628033426 0.821774111
v 0.000589463 -0.630025168 0.819920049
v 0.000093156 -0.616621661 0.816763033
v -0.549586247 -0.366455197 0.802875035
v -0.545081812 -0.371061547 0.812233872
v -0.567484239 -0.383357059 0.799426581
v -0.016668214 -0.199994249 0.916666092
v -0.000000000 -0.516666667 1.100000000
v -0.000000000 -0.500000000 1.100000000
v 0.199970475 -0.650000000 1.033303808
v -0.066666667 -0.683333333 1.100000000
v -0.066666667 -0.666666667 1.100000000
v -0.400000000 -0.800001001 1.100001001
v -0.516701882 -0.583212974 1.100329975
v -0.500201043 -0.565995918 1.100942120
v -0.567207058 -0.901637401 1.084596444
v -0.450761110 -0.670268708 0.812466345
v -0.321542145 -0.611881019 0.771550924
v -0.316822460 -0.599764312 0.769157259
v -0.311751814 -0.604827063 0.778216124
v -0.316310970 -0.617019658 0.780144186
v -0.333555714 -0.617002539 0.768796601
v -0.328169488 -0.621994476 0.777466434
v -0.600816759 -0.633320459 0.849384581
v -0.600858268 -0.616700262 0.849610226
v -0.120220740 -0.467042465 0.769821386
v -0.335719620 -0.497998451 1.049520167
v -0.328654132 -0.488061752 1.049758597
v -0.319946966 -0.481006908 1.049712292
v 0.200120029 -0.416669410 0.816641893
v 0.199999933 -0.500000002 0.916666679
v -0.499988511 -0.533394418 0.766536517
v 0.197337983 -0.683285008 0.886129308
v 0.200727827 -0.666646786 0.899541377
v 0.200965138 -0.683293583 0.899587946
v 0.184219110 -0.683541156 0.879836427
v -0.433639828 -0.500043366 0.769735539
v -0.429133263 -0.496011627 0.778847243
v -0.016430831 -0.766754224 0.882428337
v 0.184558330 -0.198774751 1.000001106
v -0.067088617 -0.282989340 0.816531925
v -0.066848779 -0.266683938 0.819111056
v -0.113174812 -0.202796339 0.996863940
v -0.112032710 -0.203066480 0.989143670
v -0.100490270 -0.212206619 0.983932181
v -0.100240977 -0.201910026 0.983898649
v -0.104522713 -0.203330733 0.995195189
v 0.049999998 -0.897644723 1.097644730
v 0.033333334 -0.897644734 1.097644730
v 0.049999997 -0.884558011 1.101224671
v 0.033333334 -0.884558009 1.101224675
v -0.116536785 -0.599725411 0.799954824
v -0.100083649 -0.595752830 0.804080982
v -0.111517318 -0.604804779 0.811199738
v -0.100590517 -0.299579411 1.101251843
v 0.033333334 -0.400000000 1.100000000
v 0.049999997 -0.383333333 1.099999997
v 0.033333334 -0.383333333 1.100000000
v -0.299810198 -0.901089107 0.899775027
v -0.250825917 -0.398813401 1.098281626
v -0.246154988 -0.386504050 1.096240365
v -0.234112155 -0.385318807 1.097722542
v 0.100001098 -0.867162508 1.100496613
v 0.116665246 -0.867163207 1.100492778
v -0.316666667 -0.749999997 1.099999997
v -0.183333333 -0.867162443 1.100495777
v -0.166666667 -0.867162443 1.100495777
v -0.166666667 -0.849987454 1.099987454
v -0.183333333 -0.849987454 1.099987454
v -0.050000000 -0.800001001 1.100001001
v -0.500066800 -0.897298771 0.919660933
v -0.500006543 -0.901084221 0.932566986
v 0.045423036 -0.562018531 0.770713337
v 0.050352949 -0.567616772 0.779344368
v -0.083733383 -0.450085900 0.786444666
v -0.083725666 -0.466469914 0.783114859
v -0.333333333 -0.800001001 1.100001001
v 0.200495760 -0.333333360 1.067162440
v 0.200495773 -0.350000003 1.067162444
v 0.167658017 -0.516310792 0.783414857
v 0.167489688 -0.499754421 0.783243103
v 0.184516072 -0.500160758 0.779700376
v 0.184446353 -0.516694272 0.782223100
v -0.561736103 -0.694556562 0.838580063
v -0.566787077 -0.699873928 0.847158901
v -0.437674353 -0.354488475 0.862375197
v -0.433008992 -0.365858813 0.867872772
v -0.450140437 -0.352953527 0.863842182
v -0.449449568 -0.362022991 0.871556221
v -0.263388468 -0.600865541 0.769593817
v -0.270725590 -0.600463787 0.779758767
v -0.266970027 -0.582928361 0.781028550
v -0.261627092 -0.588429765 0.771922612
v -0.250324349 -0.600594975 0.765816494
v -0.104488527 -0.210882850 0.971489709
v -0.083173006 -0.201894256 0.983396818
v -0.087494942 -0.211533905 0.987447274
v -0.597485991 -0.311798424 0.879627643
v -0.597617522 -0.304351634 0.880122113
v -0.585178680 -0.320124479 0.871003102
v -0.584944789 -0.312931633 0.880771069
v -0.585006879 -0.303678616 0.881782770
v -0.232967929 -0.783457901 0.866360051
v -0.129247567 -0.250186969 0.912589100
v -0.118824643 -0.250863843 0.919911540
v -0.533186212 -0.782976681 0.866763653
v -0.516397147 -0.783534035 0.866565640
v -0.596065034 -0.470645694 0.963241627
v -0.589611073 -0.477518749 0.972946270
v -0.271369013 -0.427992404 1.061885852
v -0.266877272 -0.416379997 1.066897456
v -0.400242507 -0.430824054 0.902618480
v -0.399631215 -0.417247670 0.896381845
v -0.416615047 -0.417400014 0.898939002
v -0.147033437 -0.284304797 0.916327682
v -0.144951744 -0.271864504 0.911475153
v -0.132867860 -0.266756362 0.916875619
v -0.137876662 -0.279237897 0.921863331
v -0.316166923 -0.433638285 0.796495756
v 0.033333334 -0.583333333 1.100000000
v -0.216671888 -0.466662684 1.099985123
v 0.200000998 -0.299998999 0.949999997
v 0.200000100 -0.316666564 0.949999997
v -0.499848183 -0.366758065 0.803174212
v -0.499494125 -0.366241052 0.813278595
v -0.499700560 -0.349236043 0.813043719
v -0.496181836 -0.353786022 0.804005061
v -0.483562109 -0.367214432 0.803203650
v -0.487220704 -0.353657766 0.803846637
v -0.483087626 -0.348896822 0.813406629
v -0.483488076 -0.366309860 0.813164131
v -0.266666667 -0.633333333 1.100000007
v -0.567163227 -0.633335603 1.100492568
v -0.549987935 -0.633336283 1.099984541
v -0.549989368 -0.616692133 1.099955357
v -0.567162572 -0.616700854 1.100466505
v 0.083272162 -0.433282438 0.769386167
v 0.079424820 -0.429371930 0.778936149
v 0.078339261 -0.421378680 0.779079146
v -0.167063697 -0.665900002 0.853481630
v -0.600000789 -0.583333456 0.933333240
v -0.600003921 -0.566665309 0.933333879
v -0.067021101 -0.201892327 1.049919076
v 0.167205428 -0.198383198 0.798887635
v 0.167313444 -0.202181854 0.785822369
v -0.533238360 -0.563140961 0.769953075
v -0.516665776 -0.566808346 0.768753649
v -0.521499377 -0.572311088 0.777716864
v -0.533723763 -0.570085364 0.779532942
v 0.016296352 -0.316635544 0.783079834
v -0.233508908 -0.733546058 0.864266708
v -0.567226265 -0.383565895 0.883274167
v -0.549745138 -0.366615288 0.883794038
v -0.217049125 -0.629192665 0.803981555
v -0.199927189 -0.629943883 0.803426262
v -0.199872160 -0.636774872 0.813026045
v 0.197644732 -0.650000000 1.097644732
v -0.083333333 -0.650000000 1.100000000
v 0.184558008 -0.700000000 1.101224675
v -0.166666667 -0.833303808 1.099970475
v -0.150000000 -0.833303808 1.099970475
v -0.150000000 -0.816664842 1.099998176
v -0.100000000 -0.700000000 1.100000000
v -0.449999997 -0.849987454 1.099987451
v -0.433333334 -0.849987454 1.099987455
v -0.433333334 -0.833303808 1.099970476
v 0.117038155 -0.632762987 0.853394787
v -0.600113873 -0.550000057 0.816756856
v -0.600082959 -0.533320786 0.816729446
v -0.600000813 -0.633333968 0.916666064
v -0.600001176 -0.616666687 0.916665554
v -0.236687557 -0.412802773 0.936681889
v -0.233562236 -0.533334660 0.766301194
v 0.200000103 -0.500000000 0.983333436
v -0.361900587 -0.629271119 0.770635107
v -0.350024451 -0.630520031 0.769286415
v -0.349990022 -0.617581942 0.765781591
v 0.066994723 -0.884088204 0.949501572
v 0.133147817 -0.513352311 0.788407141
v 0.150524298 -0.516588109 0.787259568
v 0.145371754 -0.521481288 0.796184401
v 0.150697008 -0.499976048 0.783789156
v 0.149980090 -0.900486479 1.067161668
v 0.133304240 -0.900454248 1.067164970
v -0.597848636 -0.867250412 1.097848636
v -0.017134038 -0.683000728 0.866358605
v -0.000035748 -0.682827975 0.867020004
v -0.032984983 -0.450049053 0.786265733
v -0.016380886 -0.450029100 0.783373537
v 0.184650822 -0.320599001 0.778656020
v 0.201224675 -0.700000000 1.084558008
v 0.044261431 -0.428279186 0.778127481
v -0.505244222 -0.538815753 1.044981315
v -0.532898830 -0.420241644 0.786619093
v -0.533448910 -0.413201289 0.796035843
v -0.521229249 -0.411305311 0.794428242
v -0.516519848 -0.416324257 0.786264513
v -0.532827868 -0.432988235 0.783294400
v 0.016666667 -0.383333333 1.100000000
v 0.033333334 -0.366666666 1.100000000
v -0.050000000 -0.550000000 1.100000000
v -0.033333333 -0.550000000 1.100000000
v -0.033333333 -0.533333333 1.100000000
v -0.050000000 -0.533333333 1.100000000
v -0.080612739 -0.202150650 0.849527810
v -0.079254391 -0.203255878 0.837368586
v -0.067561139 -0.198540706 0.849195008
v -0.333728559 -0.452044571 1.000008851
v -0.333305820 -0.550032386 1.100224822
v -0.316635905 -0.550021549 1.099948980
v -0.316628937 -0.533383643 1.100127385
v -0.333486125 -0.533292856 1.100818361
v -0.227914488 -0.371523102 0.927934129
v -0.219644892 -0.366514369 0.933458601
v -0.222169848 -0.361687594 0.921863736
v -0.114675927 -0.249586421 1.050234113
v -0.105994621 -0.244277821 1.045787905
v -0.133891613 -0.249940119 0.983574957
v -0.128535682 -0.238625204 0.972104357
v 0.166872508 -0.699831923 0.883590029
v 0.167134875 -0.716332148 0.883509363
v 0.200514116 -0.550003654 0.833329973
v -0.412665586 -0.633020054 0.787363700
v -0.421438890 -0.621271164 0.795262395
v -0.416287553 -0.616180187 0.786477570
v 0.133303808 -0.583333333 1.099970475
v 0.149987454 -0.583333333 1.099987454
v 0.149987454 -0.566666667 1.099987454
v -0.005369475 -0.862242560 0.904372312
v -0.003927921 -0.849285920 0.903348887
v 0.002849168 -0.849975881 0.916806840
v -0.066666667 -0.650000000 1.100000000
v 0.199979988 -0.499999568 0.850012949
v 0.049978456 -0.617080108 0.832852833
v 0.199999175 -0.299998999 1.016664843
v 0.199998276 -0.316666563 1.016664844
v -0.511960251 -0.421513918 0.911444097
v -0.500284221 -0.419527596 0.913237903
v -0.471509070 -0.671237346 0.828741822
v -0.466549991 -0.666599554 0.816723605
v -0.016666667 -0.666666667 1.100000000
v -0.016666667 -0.650000000 1.100000000
v 0.067194665 -0.417173598 0.770221612
v 0.067036853 -0.417007691 0.780773840
v 0.071177481 -0.404380403 0.771684212
v -0.300000001 -0.649999996 1.100000003
v 0.033456608 -0.901056446 0.966051791
v 0.016641681 -0.900588917 0.966377944
v 0.049403851 -0.449883350 0.768641918
v 0.049278985 -0.433659403 0.769184549
v 0.066733011 -0.433043459 0.769072659
v 0.065954519 -0.450286663 0.765299363
v -0.366666667 -0.833303808 1.099970475
v -0.366666667 -0.816664842 1.099998176
v 0.121405409 -0.229049023 0.778231935
v -0.598394004 -0.515363846 1.017384005
v -0.150457733 -0.816344472 0.883885339
v -0.154552487 -0.295853039 0.900027848
v 0.195935757 -0.861530270 0.988713516
v 0.196719302 -0.848722718 0.987024480
v 0.200965879 -0.850044655 0.999808895
v 0.198344570 -0.866885567 0.999738999
v 0.200000998 -0.350000003 1.000001001
v -0.099673407 -0.816730544 0.882500262
v 0.083333431 -0.867162418 1.100495911
v 0.083333425 -0.849987443 1.099987579
v -0.599999955 -0.633333418 0.983333404
v -0.600000970 -0.616666704 0.983333352
v -0.200000000 -0.867162443 1.100495777
v -0.200000000 -0.849987454 1.099987454
v 0.100001001 -0.366666666 1.100001001
v -0.233338411 -0.483327989 1.099986841
v -0.136794117 -0.516371059 0.753108221
v 0.199987454 -0.500000000 1.049987454
v -0.416018283 -0.762855806 0.837284661
v -0.399952774 -0.766712099 0.835674254
v -0.404674690 -0.772394603 0.844475648
v -0.417050984 -0.770606649 0.845508779
v 0.100346925 -0.833010152 0.947518512
v -0.095191714 -0.555841734 0.778225122
v 0.100144438 -0.549703412 0.786220513
v 0.116336834 -0.550096622 0.786314835
v 0.116177664 -0.533573804 0.786621635
v -0.066944269 -0.483030910 0.783402005
v -0.066845459 -0.466697167 0.783294566
v -0.049780995 -0.466733967 0.783034014
v -0.050106479 -0.483002037 0.783329560
v -0.550132271 -0.783136001 0.866608108
v -0.549701471 -0.765993228 0.866948087
v -0.597259775 -0.400305664 0.880112970
v -0.589437321 -0.410879187 0.889111631
v -0.584358744 -0.399854453 0.886367073
v 0.066650598 -0.816575374 0.913600433
v 0.083219956 -0.816773261 0.916508628
v 0.199970475 -0.533333333 1.033303808
v -0.233316004 -0.466685573 1.099925372
v -0.083333333 -0.566666667 1.100000000
v -0.066666667 -0.566666667 1.100000000
v -0.066666667 -0.550000000 1.100000000
v -0.083333333 -0.550000000 1.100000000
v -0.366503160 -0.469250458 1.000522184
v -0.350469341 -0.463141092 1.000363915
v -0.567469776 -0.400268714 0.799516474
v -0.183331945 -0.900005074 0.949969133
v -0.366734729 -0.900354860 0.916803759
v -0.387998014 -0.371123833 0.844790592
v -0.394549956 -0.377179419 0.855716029
v -0.400106055 -0.453664684 0.949309206
v -0.383770325 -0.453650211 0.949550211
v 0.200001943 -0.550000207 0.899998752
v -0.182602173 -0.350604485 0.963718779
v -0.177912254 -0.338976770 0.961573633
v -0.170191839 -0.350284662 0.969979367
v -0.083001753 -0.753867496 0.887601364
v -0.216233766 -0.866501396 0.886087179
v -0.216283157 -0.849688510 0.883677892
v -0.199744491 -0.849497358 0.883087100
v -0.200007513 -0.866556287 0.886534504
v 0.033333364 -0.283335159 1.099998142
v 0.050000005 -0.266696191 1.099970460
v 0.033333356 -0.266696190 1.099970492
v -0.366661824 -0.679522617 0.803874879
v -0.366793056 -0.687076334 0.812717898
v -0.033333333 -0.633333333 1.100000000
v 0.100001001 -0.749999997 1.100000998
v 0.116664842 -0.749999997 1.099998173
v 0.116664842 -0.733333334 1.099998176
v 0.100001001 -0.733333334 1.100001001
v -0.600791041 -0.783334338 0.899384401
v -0.600844469 -0.766713143 0.899623104
v -0.183333333 -0.749999997 1.099999997
v -0.166666667 -0.733333334 1.100000000
v -0.183333333 -0.733333334 1.100000000
v -0.599989662 -0.849987722 0.999999798
v -0.066634829 -0.883878923 0.913285059
v -0.050158053 -0.884232295 0.913019119
v 0.198054039 -0.333356557 0.786582659
v 0.201155875 -0.333326320 0.800066487
v 0.201393827 -0.350010650 0.799309867
v -0.050000000 -0.683333333 1.100000000
v 0.033333799 -0.899972945 1.033301805
v 0.016666811 -0.899972965 1.033302821
v -0.383333333 -0.800001001 1.100001001
v -0.316729797 -0.703220753 0.830057895
v -0.100099625 -0.316680180 1.100525760
v -0.136906314 -0.296434068 1.033468207
v -0.350000000 -0.683333332 1.100000000
v -0.333333333 -0.683333332 1.100000002
v -0.350000000 -0.666666683 1.099999960
v -0.286805447 -0.565841726 0.770485924
v -0.278864396 -0.554354750 0.778793039
v -0.279232427 -0.566305045 0.780494806
v -0.164032102 -0.316798869 0.950004305
v -0.162426508 -0.304730582 0.962611706
v -0.161400643 -0.305444509 0.954419473
v -0.153571759 -0.299259764 0.966546502
v 0.200487321 -0.849977130 1.067155964
v -0.083584524 -0.483263997 0.780392722
v 0.049267310 -0.666226608 0.869845771
v 0.054125299 -0.662657119 0.879916972
v -0.549697101 -0.420456536 0.786710099
v -0.549933055 -0.413203277 0.795945874
v -0.549564854 -0.432983556 0.786173618
v -0.299499656 -0.833187292 0.866372446
v -0.454932172 -0.461624917 0.961958757
v -0.449809474 -0.452383209 0.967001963
v -0.432999990 -0.448964668 0.967497196
v -0.449890511 -0.531863637 1.066945861
v -0.433130040 -0.532374839 1.066861050
v 0.066666643 -0.849987455 1.099987430
v 0.198718994 -0.600616298 0.832778953
v 0.189727020 -0.606159174 0.826753154
v -0.599987556 -0.633331737 1.049987806
v -0.599971132 -0.616670715 1.049988032
v 0.083333436 -0.333333356 1.100000080
v -0.344996062 -0.454476470 0.995583610
v -0.338790607 -0.460595347 1.005677268
v 0.199950839 -0.699998079 0.950029180
v -0.120071133 -0.262606043 0.920791865
v 0.066666643 -0.884558001 1.101224661
v 0.066666640 -0.867162442 1.100495760
v 0.103807276 -0.279031918 0.771447779
v 0.112750194 -0.279118806 0.771058180
v 0.116730627 -0.266302779 0.769187454
v -0.233333333 -0.884558008 1.101224675
v -0.216666667 -0.884558008 1.101224675
v -0.216666667 -0.867162443 1.100495777
v -0.567130105 -0.633491394 0.819592916
v -0.550027337 -0.629237571 0.821284904
v -0.283305485 -0.516684502 1.099922487
v -0.266669526 -0.516662501 1.099985685
v -0.266645897 -0.500018086 1.099926335
v -0.283260243 -0.500065354 1.099928438
v 0.038135164 -0.445569963 0.771328829
v 0.033222225 -0.449741268 0.780841002
v 0.037879282 -0.437424601 0.771356013
v 0.044238735 -0.454733123 0.777731352
v -0.005034009 -0.238104261 0.795263052
v -0.461772110 -0.777868587 0.855959952
v -0.470753978 -0.771294674 0.862121072
v -0.466678880 -0.765784137 0.853469518
v 0.083333486 -0.901225084 1.084557926
v 0.066666624 -0.901224584 1.084558061
v -0.350046184 -0.402974940 0.803623625
v -0.200000000 -0.901224675 1.084558008
v -0.216666667 -0.901224675 1.084558008
v -0.066580685 -0.682498422 0.884498350
v 0.197644732 -0.533333333 1.097644732
v -0.083333333 -0.533333333 1.100000000
v -0.567203083 -0.396599198 0.886906789
v 0.167162443 -0.600000000 1.100495777
v 0.184558008 -0.583333333 1.101224675
v 0.167162443 -0.583333333 1.100495777
v 0.116686281 -0.900479358 1.016497752
v 0.100007696 -0.900166400 1.016608590
v 0.100000979 -0.200028482 1.033303787
v 0.116664808 -0.200031267 1.033303760
v -0.166666667 -0.716666667 1.100000000
v -0.150000000 -0.716666667 1.100000000
v -0.150000000 -0.700000000 1.100000000
v -0.299739794 -0.416166466 0.802376206
v -0.183333327 -0.899998229 1.016664859
v -0.598924800 -0.433483449 0.799193531
v -0.601146790 -0.433131751 0.816032433
v -0.601093535 -0.416538862 0.816227587
v -0.597900509 -0.416390087 0.802756708
v -0.584450802 -0.416488361 0.796515108
v -0.599988113 -0.500055160 0.916611274
v 0.199999986 -0.550000001 0.966666641
v -0.449999997 -0.867162444 1.100495773
v 0.083146534 -0.866746837 0.950164774
v -0.566921120 -0.313498314 0.846341637
v -0.548987595 -0.312243983 0.846042040
v 0.184802749 -0.198058059 0.798497550
v 0.184753661 -0.201838568 0.785172385
v 0.200000103 -0.516666667 0.983333436
v 0.201224675 -0.583333333 1.084558008
v -0.183655583 -0.866185578 0.886391695
v -0.166907886 -0.867394915 0.882319722
v -0.049854175 -0.799726312 0.885896047
v -0.045078645 -0.795077318 0.895648376
v -0.600504541 -0.849977566 1.067151021
v -0.483691393 -0.633149726 0.799944788
v -0.483334328 -0.616520518 0.799941091
v -0.466787865 -0.633349272 0.799834935
v 0.199999346 -0.333333346 0.866666421
v 0.199998625 -0.350000112 0.866667827
v -0.080252992 -0.283529101 0.819806748
v -0.086064174 -0.283158747 0.833131840
v -0.080442776 -0.266885773 0.833355081
v -0.078199993 -0.271540524 0.821575431
v -0.071884964 -0.262000530 0.828097698
v 0.016666667 -0.897644734 1.097644731
v 0.016666667 -0.884558008 1.101224675
v -0.383315510 -0.416852998 0.899719427
v -0.388172412 -0.428751427 0.904816719
v -0.129376564 -0.287294573 1.097186562
v -0.128927217 -0.288201132 1.089152415
v 0.016666667 -0.400000000 1.100000000
v -0.601225249 -0.800001106 1.084558330
v 0.167146750 -0.901004389 1.067161170
v 0.016826045 -0.683293969 0.866812239
v -0.033334570 -0.899952345 0.983364812
v -0.049999825 -0.899965267 0.983361332
v -0.316666674 -0.900002005 0.983333404
v -0.333333551 -0.900001534 0.983333500
v 0.199998127 -0.700000004 1.016664870
v -0.000309602 -0.603744080 0.812876951
v -0.549847169 -0.352718681 0.802984086
v 0.132742323 -0.782422175 0.917884142
v 0.133303808 -0.600000000 1.099970475
v 0.149987454 -0.600000000 1.099987454
v -0.584714011 -0.400154222 0.799180824
v -0.166129210 -0.350216333 1.016858283
v -0.016666667 -0.533333333 1.100000000
v -0.349999980 -0.650000060 1.099999975
v -0.383333333 -0.716666667 1.100000000
v -0.366666667 -0.699999999 1.100000001
v -0.383333333 -0.700000001 1.099999999
v -0.600473494 -0.600022553 0.849844438
v -0.483279794 -0.766326504 0.853495005
v -0.479042717 -0.771766808 0.861709093
v 0.200712875 -0.650055195 0.899815864
v -0.345144076 -0.505121613 1.049196505
v 0.200003205 -0.733333134 1.000000669
v 0.200496613 -0.232837490 1.000001098
v 0.184333217 -0.699757765 0.882844438
v -0.288664884 -0.661144834 0.806317846
v -0.283699186 -0.649099777 0.803356236
v -0.278810597 -0.654589605 0.812335691
v -0.149790082 -0.833765470 0.887082614
v -0.099964418 -0.699690360 0.883788348
v 0.100001040 -0.202354788 1.097645212
v 0.116664475 -0.202355997 1.097644003
v 0.100001106 -0.215441670 1.101225249
v 0.116664556 -0.215441332 1.101222477
v -0.378537041 -0.405199080 0.894571648
v -0.366537898 -0.403696289 0.896024400
v -0.366955718 -0.416608890 0.902888837
v 0.083333436 -0.749999997 1.100000100
v 0.083333436 -0.733333334 1.100000103
v 0.189479828 -0.495354758 0.770319721
v 0.179441148 -0.488808083 0.777505874
v 0.197121050 -0.495796363 0.770120106
v 0.198181861 -0.500320981 0.782136844
v -0.250000000 -0.884558008 1.101224675
v 0.049999997 -0.366666666 1.099999997
v -0.598238689 -0.499473627 0.983897364
v -0.133078361 -0.646465118 0.837156089
v -0.116746267 -0.646889415 0.836878633
v -0.116232659 -0.654049424 0.845893892
v -0.133229631 -0.653873240 0.846122978
v -0.133142072 -0.637511133 0.829642142
v -0.116110849 -0.637439829 0.829686583
v 0.083333425 -0.250012557 1.099987579
v 0.100000984 -0.250012591 1.099988516
v 0.100001098 -0.232837490 1.100496613
v 0.083333430 -0.232837584 1.100495912
v -0.333498592 -0.448193058 0.932554048
v -0.328126302 -0.439633973 0.927584572
v -0.316061613 -0.436962994 0.932434314
v -0.316637592 -0.430583261 0.919747660
v -0.321136139 -0.446194747 0.937431478
v -0.184098340 -0.349284639 1.098344756
v -0.179333990 -0.336827622 1.096569898
v -0.167526292 -0.332016818 1.098753268
v -0.167572545 -0.348792341 1.101280223
v -0.096209267 -0.438648560 0.788938228
v -0.087861707 -0.438380414 0.788572972
v -0.078717631 -0.444662723 0.794953041
v 0.199987454 -0.516666667 1.049987454
v 0.050225021 -0.901109249 0.965834650
v -0.049430122 -0.453973053 0.787405094
v -0.037758811 -0.446058138 0.795351551
v 0.100033182 -0.632458702 0.864883845
v -0.261940802 -0.404917051 1.062542970
v -0.261514541 -0.405355527 1.054361215
v -0.255440729 -0.411349877 1.070889838
v 0.199999976 -0.333333356 0.933333333
v 0.199999995 -0.350000003 0.933333336
v -0.404414053 -0.405388172 0.894465580
v -0.416284131 -0.396202490 0.887575549
v -0.417027041 -0.403949462 0.895838957
v -0.400307812 -0.480310954 1.000360978
v -0.566958966 -0.866967207 0.898933674
v -0.216669653 -0.483330089 1.100006025
v -0.383128921 -0.754320806 0.828464977
v -0.383462782 -0.766968690 0.835689012
v 0.150529435 -0.486325446 0.780082682
v -0.033333332 -0.899987413 1.049987495
v -0.050000001 -0.899987410 1.049987475
v -0.599970817 -0.650000007 1.033303778
v 0.049792979 -0.717043564 0.869483253
v -0.316666667 -0.899987456 1.049987454
v -0.333333333 -0.899987454 1.049987454
v -0.228247119 -0.721713302 0.861907270
v 0.200452431 -0.299982415 0.816530261
v 0.200436612 -0.316673989 0.816542708
v 0.199999988 -0.383333333 0.916666670
v -0.350268115 -0.832422338 0.866690124
v -0.283262202 -0.447198903 0.986920583
v -0.270788948 -0.446317172 0.987567177
v 0.197644732 -0.633333333 1.097644732
v -0.584118482 -0.482583915 0.981450927
v -0.579949076 -0.471580370 0.979263015
v -0.562685971 -0.478215153 0.972021296
v -0.571153104 -0.471665840 0.978716143
v -0.566866147 -0.483383938 0.980625302
v 0.083313352 -0.899969500 1.016700702
v 0.100001001 -0.633333333 1.100001001
v 0.116664842 -0.616666667 1.099998176
v 0.100001001 -0.616666667 1.100001001
v -0.116666667 -0.683333333 1.100000000
v -0.050000000 -0.566666667 1.100000000
v -0.400000000 -0.700000001 1.099999998
v -0.383333333 -0.683333344 1.099999985
v -0.400000000 -0.683333333 1.099999989
v -0.600001335 -0.600000018 0.916665829
v -0.466666640 -0.867162440 1.100495760
v -0.466666643 -0.849987455 1.099987430
v 0.200000202 -0.649999986 0.966665614
v 0.200495780 -0.733333332 1.067162442
v 0.201025508 -0.232854534 1.067145466
v -0.288419079 -0.578514354 0.772206916
v -0.282718292 -0.583053728 0.781356208
v -0.294659925 -0.588412153 0.778552953
v -0.366876369 -0.450281962 0.950240080
v -0.311919104 -0.445688207 0.788131202
v -0.316543363 -0.450379059 0.797244680
v -0.311753413 -0.438320972 0.787518620
v -0.304839192 -0.445604202 0.787874395
v -0.304844304 -0.438234857 0.787287874
v -0.028639802 -0.711958095 0.871680245
v -0.038501225 -0.705045617 0.878174392
v -0.033478832 -0.699741862 0.869463875
v -0.016648908 -0.716917427 0.869077247
v -0.017260156 -0.700119826 0.866518474
v -0.598195374 -0.449867089 0.785567378
v -0.601422967 -0.449897206 0.798745923
v -0.597348776 -0.437693221 0.786371950
v -0.584349520 -0.450053198 0.785366883
v -0.584587269 -0.433087548 0.785485666
v -0.500117812 -0.633515024 0.801900496
v -0.500354073 -0.616979581 0.800060273
v -0.000000000 -0.897644733 1.097644731
v -0.000000000 -0.884558008 1.101224675
v 0.049999997 -0.766666644 1.099999974
v 0.066666644 -0.766666644 1.099999954
v 0.066666644 -0.749999997 1.099999974
v -0.266666667 -0.897644732 1.097644732
v -0.283333333 -0.897644732 1.097644732
v -0.266666667 -0.884558008 1.101224675
v -0.283333333 -0.884558008 1.101224675
v 0.000000000 -0.400000000 1.100000000
v 0.000000000 -0.383333334 1.100000003
v -0.216666667 -0.849987454 1.099987454
v 0.199989754 -0.783332976 1.049987094
v 0.033333445 -0.200012355 1.049987436
v 0.050000023 -0.200012497 1.049987454
v 0.016562286 -0.583779643 0.785734721
v 0.033348599 -0.583635830 0.785694978
v -0.599954929 -0.799999038 0.950018803
v -0.450006635 -0.900486717 0.949614727
v 0.167497010 -0.686844588 0.879603889
v 0.200120702 -0.533308748 0.833324627
v -0.212954897 -0.386505886 0.816840241
v -0.211785923 -0.387985004 0.804436841
v -0.200289991 -0.379902476 0.815999484
v -0.200314482 -0.386119348 0.803141743
v -0.200929356 -0.398898376 0.796096036
v 0.200000978 -0.333333356 1.000001001
v -0.366633661 -0.483419173 0.783735582
v -0.349992348 -0.466400849 0.783213098
v -0.350060560 -0.483207640 0.783211344
v -0.499973103 -0.463603133 0.967042135
v -0.567292213 -0.783381051 0.866689287
v -0.567056368 -0.766343728 0.866501083
v 0.116664842 -0.600000000 1.099998176
v -0.028849634 -0.317202848 0.804494658
v -0.036489365 -0.300217098 0.813555087
v -0.028657138 -0.299992404 0.804327658
v -0.016327444 -0.299988887 0.800115690
v -0.166666667 -0.600000000 1.100000000
v -0.150000000 -0.600000000 1.100000000
v -0.150000000 -0.583333333 1.100000000
v -0.597645163 -0.649999249 1.097645213
v -0.584558364 -0.649998783 1.101225262
v -0.449999997 -0.749999997 1.099999994
v -0.433333334 -0.733333334 1.100000001
v -0.449999997 -0.733333334 1.099999998
v 0.054134834 -0.421217477 0.771394667
v 0.071418854 -0.428311639 0.778987314
v -0.250000000 -0.899970464 1.033303809
v -0.550099676 -0.563332046 0.770019155
v -0.549439559 -0.570278051 0.779558087
v -0.561833303 -0.572321379 0.777779936
v 0.200000103 -0.383333333 0.983333436
v -0.282890364 -0.436172772 1.050149107
v -0.416402267 -0.447020313 0.950711287
v -0.416340240 -0.533925389 1.049028770
v -0.399498136 -0.534437909 1.049289226
v 0.197776229 -0.832903204 0.983001043
v 0.188579074 -0.837008511 0.978927340
v -0.053532580 -0.682933529 0.880822846
v -0.116666627 -0.900001027 0.999999967
v 0.016666667 -0.783333436 1.100000103
v 0.033333334 -0.783333436 1.100000103
v 0.033333334 -0.766666644 1.099999977
v 0.016666667 -0.766666644 1.099999977
v -0.383333312 -0.900002045 1.000000966
v -0.400000169 -0.900003006 1.000000155
v -0.600004071 -0.599998329 0.983334202
v -0.554390204 -0.478296854 0.972132593
v -0.550055482 -0.483835107 0.980362166
v -0.545435823 -0.472094156 0.977730257
v -0.533103317 -0.470186763 0.979907872
v -0.533596900 -0.483054144 0.986464727
v -0.601224671 -0.683333347 1.084557998
v -0.483333425 -0.849987443 1.099987579
v 0.199997725 -0.366666686 0.866667823
v 0.199999977 -0.433333333 0.966666644
v -0.500001106 -0.884558330 1.101225249
v -0.483333454 -0.884558003 1.101224765
v -0.483333431 -0.867162416 1.100495912
v -0.500001098 -0.867162510 1.100496613
v -0.044766780 -0.695111092 0.872126144
v -0.050205520 -0.699810298 0.880845595
v -0.046311262 -0.682292092 0.870837389
v -0.033573203 -0.683537351 0.866621855
v -0.600090112 -0.450022028 0.866640713
v -0.066759863 -0.453892196 0.787276373
v 0.095149934 -0.561795149 0.788731856
v 0.083205974 -0.567029132 0.786085401
v 0.083720458 -0.550856474 0.783227401
v -0.333618068 -0.467257883 0.786677987
v -0.338767860 -0.455500087 0.788956719
v -0.333382153 -0.450618789 0.797491522
v -0.328836860 -0.462180974 0.795840823
v -0.350112547 -0.449948629 0.785734435
v -0.345495594 -0.445721134 0.795480770
v -0.550181197 -0.753458400 0.863246590
v 0.153568063 -0.888764991 0.995111020
v 0.149691903 -0.898337623 0.999670259
v 0.132821215 -0.897522623 0.986347700
v 0.132954435 -0.900829702 1.000180973
v 0.133303760 -0.200031267 1.016664808
v 0.149987654 -0.200014793 1.016665065
v 0.133334243 -0.600208934 0.816269442
v 0.150495609 -0.600297801 0.816130563
v -0.566966734 -0.429333905 0.786668366
v -0.554210158 -0.437971843 0.795488203
v -0.566745848 -0.419544701 0.786465850
v -0.567485333 -0.412955559 0.795499111
v -0.421656945 -0.495120673 1.005192353
v -0.599999944 -0.649999990 0.966666684
v 0.133303808 -0.483333333 1.099970475
v 0.149987454 -0.483333333 1.099987454
v 0.149987454 -0.466666667 1.099987454
v 0.133303808 -0.466666667 1.099970475
v -0.066666667 -0.533333333 1.100000000
v 0.199998055 -0.716666679 1.016664874
v -0.350024424 -0.549874903 1.100745819
v -0.350337119 -0.532961533 1.100835746
v -0.205215353 -0.554509868 0.761190486
v -0.383327232 -0.600022997 1.099956971
v -0.366646175 -0.583358993 1.099981572
v -0.383322892 -0.583272538 1.100168702
v -0.599999128 -0.800000998 1.016664878
v -0.450000012 -0.899998920 1.016664281
v 0.082851044 -0.316660286 0.768915226
v 0.077819418 -0.304748450 0.771691250
v 0.082799265 -0.299627007 0.781117563
v 0.087954424 -0.311615509 0.778361212
v 0.066108158 -0.299643573 0.769325632
v 0.071257914 -0.295747005 0.778571863
v 0.066707559 -0.316163379 0.769220627
v 0.130457645 -0.767786861 0.868899294
v 0.133846359 -0.750331003 0.868042275
v 0.116915820 -0.768096615 0.864624819
v 0.200001882 -0.533333252 0.899999499
v 0.200000966 -0.616666666 1.000001003
v 0.120769473 -0.711605130 0.879025676
v -0.163894203 -0.319313136 1.084327606
v -0.150569562 -0.316552869 1.084346669
v -0.150739680 -0.312826128 1.070540230
v 0.099995460 -0.200052441 0.833369603
v -0.016666964 -0.899956597 0.983372820
v 0.150184004 -0.796008207 0.921142407
v 0.166933023 -0.796329115 0.920109386
v 0.149349025 -0.782474022 0.917470803
v -0.445409044 -0.861371052 0.888106992
v -0.449470884 -0.863654131 0.900823590
v -0.455149200 -0.854694487 0.895187911
v -0.599972759 -0.833303805 1.000000361
v 0.116665245 -0.232836784 1.100492777
v -0.133333333 -0.600000000 1.100000000
v -0.116666667 -0.600000000 1.100000000
v -0.116666667 -0.583333333 1.100000000
v -0.133333333 -0.583333333 1.100000000
v -0.233333333 -0.897644732 1.097644732
v -0.250000000 -0.897644732 1.097644732
v 0.197630258 -0.897624761 1.049962946
v 0.197848636 -0.202151364 1.067250412
v 0.201637401 -0.215403556 1.067207058
v 0.199931567 -0.583322480 0.883360152
v -0.083023249 -0.516623279 0.768897601
v -0.086556202 -0.499989489 0.769972609
v -0.079590844 -0.499219691 0.779620420
v -0.077753075 -0.511692745 0.778013388
v -0.516664475 -0.897644003 1.097644003
v -0.533301700 -0.897631023 1.097631023
v -0.516664556 -0.884558668 1.101222477
v -0.533299885 -0.884551883 1.101205198
v 0.199987454 -0.383333333 1.049987454
v 0.199987454 -0.400000000 1.049987454
v -0.000042192 -0.900264001 0.966567801
v -0.287971564 -0.811612364 0.854731257
v -0.283019195 -0.816844267 0.863403984
v -0.154026070 -0.312409408 1.033058810
v -0.146427345 -0.303833123 1.033710292
v -0.304689843 -0.595155227 0.771716269
v -0.299658941 -0.600393835 0.780856699
v -0.283334064 -0.899985137 0.966671437
v -0.504613179 -0.454519400 0.962033504
v 0.184588614 -0.901616875 1.067238640
v 0.166776384 -0.883703934 0.997759418
v 0.016666759 -0.200000314 0.916666736
v 0.033333329 -0.200000091 0.916666673
v -0.100000000 -0.900495775 1.067162445
v -0.116666667 -0.900495776 1.067162443
v -0.383333333 -0.900495778 1.067162443
v -0.400000000 -0.900495777 1.067162443
v -0.138336730 -0.838185590 0.896067559
v -0.145433394 -0.838169624 0.896624156
v -0.599943751 -0.600035443 1.049980205
v -0.000000000 -0.800001001 1.100001001
v -0.000000000 -0.783333436 1.100000103
v 0.199999997 -0.366666666 0.933333336
v -0.104610958 -0.644787283 0.838499618
v -0.099759014 -0.650343821 0.847259794
v 0.199970475 -0.433333333 1.033303808
v -0.500000984 -0.849987409 1.099988516
v 0.021716792 -0.228046908 0.771320396
v 0.012183180 -0.215715978 0.778000729
v 0.019724750 -0.215216341 0.768804675
v 0.033236596 -0.233137730 0.769102295
v 0.032699656 -0.215585337 0.765310288
v -0.116816977 -0.215830936 0.950392445
v -0.083333333 -0.899987444 1.049987465
v -0.395692469 -0.778283998 0.838102486
v -0.387766898 -0.778191388 0.838211653
v -0.378559267 -0.771687481 0.845031072
v -0.416728847 -0.846798483 0.869559164
v -0.400114499 -0.846475420 0.870242571
v -0.399337062 -0.853649535 0.879483953
v -0.416890306 -0.854419719 0.878504152
v 0.199970453 -0.266696191 0.916666677
v 0.133299885 -0.198794802 1.084551883
v 0.149980359 -0.198758361 1.084535593
v -0.221316274 -0.378010276 1.084129572
v -0.213571398 -0.369495186 1.084525712
v -0.211758909 -0.371704932 1.071804058
v -0.200496052 -0.363394953 1.084252445
v -0.399921476 -0.699603779 0.816486613
v -0.383151513 -0.699292775 0.816747859
v -0.100000000 -0.583333333 1.100000000
v -0.100000000 -0.566666667 1.100000000
v -0.116666667 -0.566666667 1.100000000
v -0.304459961 -0.404538907 0.804921279
v -0.294775041 -0.410789517 0.810921149
v -0.433333334 -0.716666667 1.100000001
v 0.133644507 -0.433720975 0.762989216
v 0.133191146 -0.416423995 0.766737564
v 0.150169332 -0.416391941 0.766513014
v 0.149700794 -0.433695485 0.763087262
v -0.601172621 -0.400023671 0.815765853
v -0.597685837 -0.399933855 0.803092395
v -0.449999997 -0.901224673 1.084558008
v -0.600516895 -0.483244787 0.916650795
v -0.466666644 -0.749999997 1.099999974
v -0.466666644 -0.733333334 1.099999977
v -0.199998020 -0.899987450 0.950019946
v -0.216671491 -0.899974101 0.950039761
v 0.199999980 -0.533333333 0.966666643
v -0.532898802 -0.448436358 0.915269119
v -0.212975729 -0.384146870 0.949790069
v 0.197609868 -0.249994978 0.785756090
v 0.197846133 -0.232731718 0.785440041
v 0.201640457 -0.232790112 0.798707883
v 0.200495777 -0.616666667 1.067162443
v -0.400000000 -0.716666667 1.100000000
v -0.566382963 -0.284706209 0.863291096
v -0.548034261 -0.285036931 0.862911267
v -0.566636960 -0.294790100 0.872691612
v -0.548073513 -0.295023843 0.872006435
v 0.100000989 -0.199999045 0.900000051
v -0.016666667 -0.899987408 1.049987488
v -0.033281536 -0.199349505 1.067159621
v -0.316332461 -0.517026839 0.769914804
v -0.316583071 -0.499573965 0.780625733
v -0.312012987 -0.504129286 0.771075056
v -0.300085534 -0.495757573 0.779109821
v -0.299935548 -0.502955166 0.770044873
v -0.250131626 -0.379240649 0.903710911
v -0.250444435 -0.366420993 0.896884070
v -0.000000000 -0.766666644 1.099999977
v -0.182747733 -0.334069939 0.900155122
v -0.171203384 -0.329005424 0.895670801
v -0.596008456 -0.461720926 0.787000221
v -0.584371142 -0.466787296 0.785106957
v -0.600467351 -0.833302812 1.067162341
v -0.204942142 -0.677881889 0.839278742
v -0.199994270 -0.683281871 0.850331523
v -0.000000705 -0.283335071 1.099999629
v 0.016666699 -0.283335158 1.099998425
v 0.016666429 -0.266696205 1.099970976
v -0.000001068 -0.266696193 1.099970786
v 0.066666644 -0.733333334 1.099999977
v -0.216666667 -0.749999997 1.099999997
v -0.200000000 -0.749999997 1.099999997
v -0.200000000 -0.733333334 1.100000000
v -0.216666667 -0.733333334 1.100000000
v 0.199999948 -0.583333237 0.950000136
v 0.049998403 -0.200002874 0.850000282
v -0.000000059 -0.899971604 1.033303383
v -0.283333334 -0.899970461 1.033303821
v -0.366514739 -0.763202783 0.836806642
v -0.366726082 -0.770231272 0.846058826
v -0.600621113 -0.850006209 0.933001600
v 0.166653456 -0.486873805 0.779785248
v 0.016666222 -0.199998691 0.983333381
v 0.033333276 -0.199999833 0.983333422
v -0.416989392 -0.484017953 0.781110419
v -0.400502631 -0.483579106 0.784474527
v -0.300000000 -0.899987455 1.049987453
v -0.295395557 -0.638391458 0.794254055
v -0.283039572 -0.637239689 0.795909473
v -0.597634760 -0.897634762 1.049994853
v -0.601241637 -0.884535587 1.049980361
v -0.580256684 -0.421227798 0.786935164
v 0.116664842 -0.483333333 1.099998176
v 0.197644732 -0.433333333 1.097644732
v 0.197644732 -0.450000000 1.097644732
v 0.184558008 -0.450000000 1.101224675
v -0.166365867 -0.333061149 1.016521541
v -0.299964624 -0.533351595 1.099928960
v -0.466666644 -0.899999173 1.016664000
v -0.433333141 -0.616674263 1.099984060
v -0.450000050 -0.616673130 1.099987732
v -0.349749842 -0.447770370 0.933202484
v 0.062589104 -0.320946587 0.778220140
v 0.054763578 -0.321626259 0.778198002
v -0.366666667 -0.683333338 1.099999989
v 0.199970576 -0.266696190 0.983333436
v -0.416662026 -0.550142196 0.766293791
v -0.416651327 -0.532985851 0.766031045
v -0.399867642 -0.532887792 0.765796416
v -0.400003294 -0.549989086 0.766249863
v -0.597644802 -0.666666532 1.097644780
v -0.584558013 -0.666666507 1.101224766
v -0.566944905 -0.716574904 0.849769113
v -0.549581078 -0.716668471 0.850143855
v -0.495691208 -0.778355568 0.855017076
v -0.499680405 -0.783650166 0.863630396
v -0.504765045 -0.772375392 0.861203525
v -0.499927459 -0.766644404 0.852953299
v -0.487404995 -0.778104073 0.855302220
v 0.201225249 -0.215441670 1.000001106
v -0.085647190 -0.216306262 0.999971606
v -0.295177365 -0.439357587 0.978420542
v -0.596161487 -0.487390840 0.978951902
v -0.584328324 -0.495699145 0.987737666
v 0.083333454 -0.215441997 1.101224765
v 0.066658433 -0.899936252 1.016697736
v 0.083333436 -0.200029425 1.033303810
v -0.050000000 -0.833303808 1.099970475
v -0.033333333 -0.833303808 1.099970475
v -0.033333333 -0.816664842 1.099998176
v -0.050000000 -0.816664842 1.099998176
v -0.465889888 -0.348651240 0.818880864
v -0.470695954 -0.337018029 0.820593454
v -0.471287381 -0.337211678 0.827822673
v -0.482694105 -0.335603323 0.819778350
v -0.482823592 -0.335351300 0.832779882
v -0.200000001 -0.899998296 1.016664803
v -0.216666668 -0.899998284 1.016664759
v -0.316666667 -0.833303808 1.099970475
v -0.316666667 -0.816664842 1.099998176
v -0.333333333 -0.816664842 1.099998176
v -0.116584767 -0.900830260 0.932937449
v -0.133298944 -0.900471088 0.933209723
v 0.200492755 -0.232836765 0.866668027
v -0.400004941 -0.900435063 0.933301257
v -0.416787119 -0.900808478 0.933125511
v -0.416666667 -0.700000000 1.099999998
v 0.100001001 -0.199999022 0.966666644
v -0.261434056 -0.561049585 0.772809505
v -0.266509296 -0.566230901 0.781325050
v -0.271249813 -0.554406868 0.779096933
v -0.599981979 -0.500003231 0.850004078
v 0.004218615 -0.316735128 0.787870216
v -0.003876954 -0.300058376 0.796247148
v 0.004170327 -0.300007118 0.787546905
v 0.050053754 -0.766396717 0.886792754
v 0.066594774 -0.766002366 0.883293699
v -0.382873896 -0.531369194 1.049463693
v -0.271872815 -0.896614235 0.887818284
v -0.270370898 -0.883920743 0.886855360
v -0.263386797 -0.884108385 0.896482933
v -0.266661765 -0.898123825 0.899770787
v -0.282878614 -0.901451758 0.899185281
v -0.283995396 -0.382429289 0.900547908
v -0.266689280 -0.380142815 0.900408667
v -0.600123213 -0.533373279 0.966613824
v -0.333588994 -0.483230932 0.784025387
v 0.199970475 -0.416666667 1.033303808
v -0.083333347 -0.433333323 1.099999964
v -0.066666669 -0.433333330 1.100000012
v -0.066666679 -0.416666658 1.099999940
v -0.083333310 -0.416666717 1.099999767
v 0.033331000 -0.200017848 0.850003290
v 0.199998176 -0.583333333 1.016664843
v 0.049999992 -0.200000005 0.916666666
v -0.511866448 -0.628652784 0.804912968
v -0.483252427 -0.716822511 0.833340818
v -0.482924733 -0.699988142 0.833520060
v -0.466369854 -0.716939755 0.833112125
v 0.016665957 -0.200013989 1.049987449
v 0.145336649 -0.744991848 0.870719445
v 0.146980458 -0.732841699 0.869661947
v 0.154009850 -0.733300756 0.878916441
v 0.134020975 -0.733299133 0.866007956
v -0.066666233 -0.899972499 0.983355497
v -0.083332711 -0.899978747 0.983347272
v -0.083848939 -0.880180465 0.903579462
v -0.082747151 -0.887841326 0.912225153
v -0.350000105 -0.899999515 0.983333566
v -0.049988457 -0.200065495 0.933333324
v -0.033332747 -0.200007506 0.933332087
v -0.599953700 -0.649997302 0.900018907
v 0.167162443 -0.483333333 1.100495777
v 0.167162443 -0.466666667 1.100495777
v -0.183333333 -0.616666667 1.100000000
v -0.166666667 -0.616666667 1.100000000
v -0.600000965 -0.733333333 1.000001016
v -0.600000986 -0.716666667 1.000001002
v -0.316661463 -0.900211393 0.916767155
v -0.333354080 -0.900411532 0.916631523
v -0.466666642 -0.901224663 1.084557998
v 0.049999997 -0.783333436 1.100000100
v -0.250000000 -0.783333436 1.100000103
v -0.233333333 -0.783333436 1.100000103
v -0.233333333 -0.766666644 1.099999977
v -0.250000000 -0.766666644 1.099999977
v 0.200000255 -0.466666664 0.883333258
v -0.516664844 -0.783333437 1.099998276
v -0.516664842 -0.766666644 1.099998153
v -0.533303809 -0.766666644 1.099970450
v 0.199956069 -0.266695360 1.049988483
v -0.100739900 -0.233196706 1.050742508
v -0.097601906 -0.215208992 1.062645770
v -0.097006040 -0.215748815 1.053671811
v -0.088184045 -0.214722809 1.070294333
v -0.377263234 -0.523031879 1.044441791
v 0.028768661 -0.777507920 0.889118735
v 0.033686902 -0.766162728 0.886728374
v 0.038223362 -0.771158774 0.895579928
v 0.016266093 -0.779674523 0.887149780
v 0.016823732 -0.766292510 0.883802374
v -0.150000000 -0.900495778 1.067162443
v -0.316839052 -0.680511373 0.803319820
v -0.316378712 -0.687706948 0.812637393
v -0.114060631 -0.266572706 1.066680221
v -0.600311717 -0.683340525 0.883201258
v -0.193717556 -0.340201967 0.895063201
v 0.083333445 -0.202355221 1.097644779
v -0.500086414 -0.603244750 0.796726539
v 0.200244950 -0.733291415 0.933250794
v -0.133333208 -0.900002666 0.999999964
v 0.199925182 -0.816669209 1.033322907
v 0.200495774 -0.232837556 0.933333337
v -0.150280651 -0.645509346 0.837870881
v -0.150359384 -0.653122055 0.846774650
v -0.150262333 -0.636828885 0.829706652
v 0.050000007 -0.250012544 1.099987436
v 0.066666644 -0.250012544 1.099987428
v 0.066666642 -0.232837559 1.100495757
v -0.416666794 -0.900001560 0.999999754
v 0.044715868 -0.627432242 0.838674381
v -0.549980359 -0.884535593 1.101241639
v 0.184368987 -0.797185023 0.919394009
v -0.287115956 -0.750201493 0.836353025
v -0.287019045 -0.732853286 0.836572868
v -0.279736385 -0.733056676 0.846151456
v -0.354955444 -0.439268237 0.927898545
v 0.133346227 -0.199703915 0.816546187
v 0.149971960 -0.199520121 0.816347527
v -0.266667211 -0.899982102 0.966681889
v -0.428746530 -0.488623500 0.778784781
v -0.597417148 -0.452973318 0.933561232
v -0.583956693 -0.452894240 0.933186075
v -0.572256394 -0.579087017 0.771121015
v -0.567082484 -0.580907632 0.782989682
v -0.598508006 -0.532612895 1.034148036
v 0.197644732 -0.416666667 1.097644732
v -0.466768525 -0.383350952 0.883555670
v -0.483485347 -0.382908186 0.886490373
v -0.566889156 -0.753702890 0.862654073
v 0.050000008 -0.199999943 0.983333437
v 0.066666645 -0.199999923 0.983333436
v -0.021227035 -0.879413647 0.903552926
v -0.033187740 -0.880500313 0.902709655
v -0.033230667 -0.888121315 0.911696869
v -0.366640268 -0.500177141 0.780603449
v -0.370761639 -0.511491385 0.778151495
v -0.579180620 -0.795297784 0.871072324
v -0.566669198 -0.800099277 0.869016403
v -0.049999999 -0.433333334 1.100000004
v -0.033333333 -0.433333333 1.100000000
v -0.033333333 -0.416666667 1.100000005
v -0.050000003 -0.416666663 1.100000010
v -0.254704278 -0.428051123 1.011285910
v -0.249709612 -0.416814672 1.016557264
v -0.238471176 -0.411706894 1.011608983
v -0.399851919 -0.716710596 0.816002136
v -0.383262011 -0.716655622 0.815868337
v -0.428399594 -0.761077571 0.838896254
v -0.066666666 -0.899987434 1.049987461
v -0.366672685 -0.516509874 0.769291897
v -0.362525107 -0.505244235 0.771902167
v -0.350418123 -0.516575553 0.768984435
v -0.354400509 -0.505102996 0.771703727
v -0.350336679 -0.499940916 0.780699982
v -0.345475833 -0.511220963 0.778183727
v 0.045721994 -0.770786221 0.895582467
v -0.350000000 -0.899987453 1.049987454
v -0.050366523 -0.199356919 0.999997162
v -0.033378331 -0.199967536 0.999997926
v -0.033730901 -0.595707630 0.804209701
v -0.600495777 -0.733333334 1.067162444
v -0.600495777 -0.716666666 1.067162444
v -0.189415626 -0.360217119 1.079138041
v 0.197643965 -0.202355964 0.866668810
v 0.201222490 -0.215441316 0.866668606
v 0.083796460 -0.830064584 0.919937053
v 0.066666644 -0.633333333 1.099999977
v 0.083333436 -0.633333333 1.100000103
v 0.083333436 -0.616666667 1.100000103
v 0.066666644 -0.616666667 1.099999977
v 0.199979650 -0.383332233 0.849998908
v 0.033333315 -0.250012555 1.099987537
v 0.199999997 -0.466666667 0.949999997
v -0.550264087 -0.437701527 0.911991448
v -0.549174782 -0.429978397 0.903255668
v -0.566857626 -0.446251208 0.920123318
v -0.549711807 -0.446716685 0.919324746
v 0.137742565 -0.794348055 0.922553743
v 0.128749415 -0.787809965 0.929065026
v 0.016666667 -0.800001001 1.100001001
v -0.566470649 -0.512858311 1.003552699
v -0.566999635 -0.516457421 1.016885178
v -0.549892917 -0.519948937 1.016300976
v -0.283333333 -0.800001001 1.100001001
v -0.266666667 -0.783333436 1.100000103
v -0.283333333 -0.783333436 1.100000103
v 0.199999977 -0.416666667 0.966666644
v 0.049539267 -0.215476439 0.764755587
v 0.049957636 -0.232940290 0.765840001
v -0.033844716 -0.670194904 0.862725069
v 0.100451440 -0.780985515 0.868712634
v 0.117257936 -0.781207441 0.868315435
v 0.100075491 -0.787073944 0.882012307
v 0.100139633 -0.767693232 0.865132724
v -0.534731586 -0.298498724 0.854050272
v -0.535892345 -0.286468226 0.854625669
v -0.535866367 -0.286569770 0.862420798
v -0.534302674 -0.298943192 0.867806086
v -0.399775892 -0.380237050 0.867423362
v -0.383182273 -0.385801421 0.866610994
v -0.600000498 -0.683333294 0.949999500
v -0.004624135 -0.794912759 0.888128686
v 0.000273562 -0.783425379 0.885669999
v 0.005025060 -0.788837769 0.894710405
v -0.338172176 -0.628982361 0.770821100
v -0.387494240 -0.844532809 0.872279558
v -0.382638814 -0.849617070 0.880816132
v -0.215634261 -0.400791554 0.999936753
v 0.167207058 -0.198362599 1.084596444
v -0.221403108 -0.871688591 0.894281969
v -0.133333333 -0.900495777 1.067162443
v 0.199952022 -0.433336442 0.833367345
v 0.197643986 -0.816664463 1.097644066
v 0.197631377 -0.833301694 1.097631007
v -0.233693783 -0.352131737 0.899780649
v 0.149987454 -0.450000000 1.099987454
v -0.416666667 -0.900495776 1.067162443
v -0.016666667 -0.416666667 1.100000000
v -0.362164250 -0.521276202 1.096036021
v -0.216666667 -0.633333333 1.100000000
v -0.200000000 -0.633333333 1.100000000
v -0.200000000 -0.616666667 1.100000000
v -0.216666667 -0.616666667 1.100000000
v -0.366643049 -0.566521263 1.100445199
v -0.383436046 -0.566240906 1.100995409
v 0.133303827 -0.200028903 0.883332838
v 0.149987471 -0.200011771 0.883332846
v -0.000004996 -0.200021232 1.049987916
v 0.000153347 -0.583781976 0.785723493
v -0.004588171 -0.588860465 0.794514343
v 0.000113739 -0.567703117 0.779832610
v -0.266666667 -0.899970462 1.033303819
v -0.599980892 -0.733333325 0.933338700
v -0.466672719 -0.900522856 0.949429881
v -0.483330274 -0.900531901 0.949417591
v 0.199973381 -0.783331462 0.983376168
v 0.066666642 -0.200012573 1.049987456
v 0.201635336 -0.867207843 1.084596080
v 0.037666516 -0.595093420 0.787564002
v 0.046057498 -0.595366583 0.787613053
v 0.050153953 -0.583621305 0.785185879
v -0.466306544 -0.548198168 1.049082028
v -0.471335841 -0.545631365 1.061433407
v -0.466216147 -0.535519330 1.067332480
v -0.461180094 -0.539003138 1.054515196
v -0.350127995 -0.900667285 0.916645555
v -0.033333333 -0.700000000 1.100000000
v -0.050000000 -0.700000000 1.100000000
v 0.201218046 -0.616957822 0.866200580
v -0.417028424 -0.700186614 0.816134894
v -0.129888192 -0.267309272 0.933162110
v -0.119686513 -0.262590294 0.928041265
v -0.416669357 -0.583209045 1.100424657
v -0.400000119 -0.583163633 1.100370389
v -0.400123148 -0.566199628 1.100895128
v -0.416724265 -0.566884624 1.100716207
v -0.033282760 -0.200039551 0.866725055
v -0.295704010 -0.422252715 0.945384788
v -0.288382763 -0.421623806 0.945133396
v -0.088298747 -0.488327870 0.771653698
v -0.483333436 -0.749999997 1.100000100
v -0.483333436 -0.733333334 1.100000103
v -0.099745207 -0.533740963 0.765858017
v -0.099348235 -0.550296758 0.769333786
v -0.549988469 -0.899956092 1.033304700
v -0.567162329 -0.900467377 1.033302839
v -0.383233951 -0.533186590 0.766017233
v -0.383397287 -0.549952088 0.766074455
v 0.000139825 -0.766847578 0.883040694
v -0.533455801 -0.716670664 0.847298020
v -0.049977404 -0.198670988 1.067135523
v -0.171393241 -0.422459889 0.789166225
v -0.184149899 -0.420124253 0.787077658
v -0.182867614 -0.413020710 0.796347255
v -0.183554985 -0.429326215 0.778927963
v -0.599025505 -0.332876618 0.867455516
v -0.249999702 -0.899976635 0.966679076
v 0.197644730 -0.202355270 0.933333337
v 0.201224673 -0.215441992 0.933333337
v -0.383421451 -0.483772164 0.784511999
v -0.267377258 -0.645828692 0.804373960
v -0.266322600 -0.652920568 0.813506468
v -0.266605446 -0.637011118 0.796411755
v -0.533303613 -0.899962752 0.966692295
v -0.083275629 -0.316726975 1.099984750
v -0.066610806 -0.300043538 1.099946180
v -0.083359073 -0.300002769 1.100347223
v 0.199998176 -0.466666667 1.016664842
v -0.149999958 -0.900002548 1.000000355
v -0.283333333 -0.766666644 1.099999977
v -0.016666667 -0.816664842 1.099998176
v -0.584732029 -0.548663073 1.084924372
v 0.167162444 -0.199504226 0.949999997
v 0.015741717 -0.201502863 0.781841815
v 0.020727970 -0.203651468 0.770049358
v 0.032722127 -0.198527545 0.781877223
v 0.032797327 -0.202237235 0.768482368
v -0.113141331 -0.202550232 0.949772554
v -0.383294665 -0.900235313 0.933373575
v -0.599998175 -0.683333331 1.016664843
v 0.197487079 -0.767295178 0.902520125
v 0.201440878 -0.767539256 0.915647579
v 0.067061799 -0.566967092 0.782692902
v 0.199999959 -0.433333338 0.900000039
v 0.104966634 -0.611581688 0.821241178
v 0.100351422 -0.614105780 0.832733270
v 0.116974102 -0.612932831 0.819887624
v 0.116444247 -0.600326048 0.816182224
v -0.449673921 -0.366164487 0.801886021
v -0.453998808 -0.360880589 0.810500793
v -0.448896953 -0.351410346 0.815615162
v -0.444781643 -0.353971247 0.803640378
v -0.437055416 -0.366141042 0.802781688
v -0.437305245 -0.353499455 0.803590037
v -0.432962507 -0.351658443 0.815634541
v 0.100001001 -0.500000000 1.100001001
v 0.116664842 -0.500000000 1.099998176
v -0.466745475 -0.400147379 0.796892843
v -0.466290908 -0.384416107 0.800097929
v -0.449848600 -0.383152118 0.799539210
v -0.450235309 -0.396165354 0.795356350
v -0.500001106 -0.901225249 1.084558330
v -0.395412454 -0.472163016 0.994646888
v -0.382754923 -0.470542039 0.996778297
v -0.384044183 -0.479096365 1.004204520
v 0.033333334 -0.666666667 1.100000000
v 0.049999997 -0.666666667 1.099999997
v 0.049999997 -0.650000000 1.099999997
v 0.033333334 -0.650000000 1.100000000
v -0.250000000 -0.666666667 1.100000000
v -0.233333333 -0.666666667 1.100000000
v -0.233333333 -0.650000000 1.100000000
v -0.250000000 -0.650000000 1.100000000
v 0.133303808 -0.200029528 0.949999997
v 0.149987454 -0.200012549 0.949999997
v -0.533303844 -0.649999518 1.099971256
v 0.116492583 -0.449596223 0.766425861
v 0.133803580 -0.449793884 0.762785033
v -0.183333333 -0.633333333 1.100000000
v -0.483333429 -0.899999383 1.016663798
v -0.195238418 -0.388892974 1.016830945
v -0.213067428 -0.366837262 0.946525192
v -0.204729734 -0.378891851 0.955013500
v -0.203585278 -0.366485048 0.954132518
v 0.198161905 -0.215241754 0.785124835
v 0.201939790 -0.215187489 0.798510999
v -0.511570091 -0.529334814 1.003897139
v -0.521628233 -0.522815971 1.010349348
v -0.533858329 -0.521111447 1.012441248
v -0.532797478 -0.529852469 1.019621596
v 0.037771458 -0.328818657 0.771453700
v 0.033476977 -0.333433637 0.780467848
v 0.045614905 -0.328333542 0.771675862
v -0.429108873 -0.437908370 0.945740505
v -0.432450877 -0.433062520 0.933363214
v -0.420679824 -0.437806739 0.945773831
v 0.167026694 -0.283251015 0.783795224
v 0.167462038 -0.267083699 0.783546531
v 0.184577338 -0.267030497 0.782947807
v 0.083334478 -0.200033380 0.833360722
v -0.599997903 -0.566667820 0.883331039
v -0.246131328 -0.353350447 0.895046926
v 0.199992117 -0.616667738 0.933330609
v 0.149987454 -0.366666666 1.099987455
v 0.167162444 -0.366666666 1.100495777
v 0.167162444 -0.350000003 1.100495773
v 0.149987454 -0.350000003 1.099987451
v -0.483517949 -0.548408056 1.066402955
v -0.129693870 -0.267531763 0.996119953
v -0.119487123 -0.267228566 1.003356422
v -0.163258693 -0.320119578 1.017020895
v -0.161614266 -0.321894886 1.004516447
v -0.216666667 -0.766666644 1.099999977
v -0.549994853 -0.897634759 1.097634759
v -0.567250412 -0.897848636 1.097848636
v 0.016536321 -0.699849513 0.866070182
v 0.033215545 -0.699633429 0.866144142
v 0.033882206 -0.717042729 0.869227031
v -0.600304324 -0.833299471 0.933208235
v 0.150020099 -0.283538281 0.783983297
v -0.596117420 -0.545011897 0.752873729
v -0.598036184 -0.533240485 0.764943045
v -0.596199756 -0.537640388 0.752760505
v -0.589204128 -0.545001760 0.752555334
v -0.589293326 -0.537608485 0.752501309
v -0.450398640 -0.717350680 0.829959159
v 0.199959885 -0.416668343 0.833368860
v 0.197645212 -0.202354788 1.000001040
v -0.533304088 -0.899940412 1.033304067
v 0.200276207 -0.666652814 0.916548475
v -0.350391288 -0.416293824 0.902807934
v -0.083202138 -0.599410210 0.802802400
v 0.000000108 -0.199999140 0.916666850
v 0.201224675 -0.466666667 1.084558008
v -0.304616541 -0.678951578 0.805298147
v -0.304706059 -0.394643650 0.888452568
v -0.296747511 -0.386436601 0.900210183
v 0.167163216 -0.199507223 1.016665245
v 0.016666464 -0.200046262 0.850015599
v 0.184558008 -0.466666667 1.101224675
v -0.300005952 -0.900485425 0.916741292
v -0.100000001 -0.466666665 1.100000013
v -0.433335093 -0.600003146 1.099998904
v 0.199948015 -0.766669112 0.983343521
v -0.449915733 -0.383335755 0.883253964
v 0.016666667 -0.650000000 1.100000000
v 0.199942018 -0.266696221 0.850024957
v -0.461534036 -0.844495680 0.888705587
v -0.466919776 -0.849326071 0.901032120
v -0.267396632 -0.413294315 1.084095118
v -0.256185656 -0.410487759 1.079715635
v -0.000000000 -0.683333333 1.100000000
v 0.016666667 -0.683333333 1.100000000
v 0.016666667 -0.666666667 1.100000000
v -0.000000000 -0.666666667 1.100000000
v -0.400617731 -0.499063692 1.020273803
v -0.416337930 -0.500214777 1.014172112
v -0.316666667 -0.800001001 1.100001001
v -0.033335384 -0.316665227 1.100004451
v -0.033336077 -0.299997730 1.099992934
v -0.049987079 -0.300007432 1.099942667
v -0.483333454 -0.901224765 1.084558003
v -0.500001001 -0.749999997 1.100000998
v -0.500001001 -0.733333334 1.100001001
v 0.095864074 -0.482772037 0.770460539
v 0.099815362 -0.466062428 0.769793295
v 0.082880186 -0.483266751 0.765533151
v 0.083145178 -0.466672088 0.765155812
v -0.238661781 -0.612318879 0.770842262
v -0.233621301 -0.600555475 0.768292966
v -0.250677802 -0.613984485 0.768418716
v -0.250025799 -0.621418407 0.778386385
v -0.370380638 -0.716257301 0.820493442
v -0.366968000 -0.699098454 0.820167589
v -0.116959801 -0.282870459 0.849746922
v -0.116645067 -0.266585075 0.852420312
v -0.099685251 -0.266546050 0.850143923
v -0.099509135 -0.283423635 0.847791048
v -0.416666667 -0.716666667 1.100000000
v 0.100638962 -0.666553507 0.866488556
v 0.100717855 -0.649396910 0.866660613
v 0.116543115 -0.650298310 0.863760244
v 0.116683316 -0.666439815 0.866200685
v -0.182857847 -0.580109510 0.770374452
v -0.166490254 -0.580985401 0.766397649
v -0.600009702 -0.483333244 0.850015311
v 0.083333432 -0.199999946 0.900000023
v -0.599999670 -0.566663420 0.950002260
v -0.067212423 -0.198416831 1.067006987
v 0.133304640 -0.849988482 1.099956068
v 0.149986377 -0.849986376 1.099977060
v -0.549985597 -0.899933264 0.966714574
v -0.531822702 -0.313045051 0.850185740
v -0.531892137 -0.315852036 0.867150361
v 0.133303808 -0.350000003 1.099970472
v 0.149987455 -0.333333357 1.099987430
v 0.116664566 -0.884558636 1.101222496
v 0.133299888 -0.884551901 1.101205220
v 0.133302815 -0.867162329 1.100467357
v -0.016517976 -0.595368131 0.804325728
v -0.150000000 -0.867162443 1.100495777
v 0.095404952 -0.828927227 0.921348518
v 0.095250440 -0.821667770 0.921638975
v 0.099793778 -0.816294205 0.934239512
v 0.096410731 -0.829230034 0.933593050
v 0.087688050 -0.811737907 0.929230438
v -0.599893122 -0.533339211 0.833368321
v -0.200485746 -0.766624799 0.869597250
v -0.195450397 -0.762433773 0.878652793
v 0.200000019 -0.416666666 0.899999996
v -0.520950838 -0.321431206 0.838079791
v -0.533254910 -0.320188507 0.836798801
v 0.145563022 -0.721569990 0.871750340
v 0.133096228 -0.719925148 0.870337871
v 0.049536282 -0.202177936 0.768665558
v 0.049838417 -0.198512091 0.782072738
v 0.066607552 -0.202333020 0.769045019
v 0.066612092 -0.215466668 0.765204715
v 0.200000657 -0.666666636 0.983333058
v -0.233642498 -0.799940764 0.869769355
v -0.216826116 -0.783544579 0.865514999
v -0.216957151 -0.800002352 0.866180365
v 0.000000727 -0.200000153 0.983333795
v -0.284159996 -0.600060236 0.783704513
v 0.184813514 -0.198061662 1.084813514
v -0.249672479 -0.416498528 0.802840388
v -0.233065039 -0.433480069 0.797141914
v 0.133388946 -0.645878732 0.854218105
v 0.149615442 -0.646296750 0.854001327
v 0.149849770 -0.653744226 0.862933056
v 0.133008655 -0.653622444 0.863066918
v -0.045118346 -0.878675378 0.904700253
v 0.167162443 -0.450000000 1.100495777
v -0.299999744 -0.900001883 0.983332577
v -0.116666660 -0.450000019 1.099999787
v -0.597638993 -0.897639792 0.983334188
v -0.601219062 -0.884552425 0.983345577
v -0.328868023 -0.454687808 1.012078961
v -0.316488740 -0.448982706 1.016754883
v 0.199988070 -0.766666624 1.049987558
v -0.537591837 -0.440030536 0.909873152
v -0.500001007 -0.900000063 1.016664173
v -0.466667315 -0.616667598 1.099996059
v -0.483334352 -0.616666490 1.099995862
v -0.350813757 -0.385947479 0.849837832
v -0.346068639 -0.395734600 0.845076368
v 0.167451120 -0.433235338 0.765985325
v 0.167365256 -0.416330206 0.766092187
v 0.184705442 -0.416171340 0.765506647
v 0.184693080 -0.433049260 0.765483935
v -0.450066309 -0.566654331 0.766096765
v -0.433254717 -0.566693105 0.766244362
v 0.100187515 -0.316520324 0.780920027
v 0.099295712 -0.300546940 0.784399382
v 0.116264987 -0.317348308 0.784520898
v -0.597966955 -0.733899889 0.852018063
v -0.601495993 -0.733928658 0.865211994
v -0.601445269 -0.716827926 0.865573049
v -0.597776396 -0.717009470 0.852650052
v -0.584489368 -0.716852568 0.849296045
v -0.584804042 -0.734161198 0.848601963
v -0.096515533 -0.202782317 1.061043099
v -0.096422585 -0.203249125 1.054979640
v -0.084518010 -0.201245484 1.066718689
v -0.083990236 -0.202881755 1.053826896
v -0.113476310 -0.249939234 1.062872894
v -0.130503303 -0.249914548 0.996207188
v -0.116937613 -0.250386363 1.002761981
v -0.000000000 -0.650000000 1.100000000
v -0.083333333 -0.833303808 1.099970475
v -0.066666667 -0.833303808 1.099970475
v -0.066666667 -0.816664842 1.099998176
v -0.083333333 -0.816664842 1.099998176
v 0.199971518 -0.299999021 1.033303787
v -0.499368658 -0.331748431 0.833091308
v -0.499658779 -0.335744832 0.819969431
v -0.350000000 -0.816664842 1.099998176
v -0.150018243 -0.900264959 0.933311033
v 0.083333436 -0.199999920 0.966666644
v -0.600115498 -0.566714178 1.016624865
v -0.212939160 -0.416205777 0.786480940
v -0.212552893 -0.403900438 0.787405355
v -0.200222125 -0.416265031 0.785632804
v -0.205135179 -0.404149228 0.787040525
v -0.195635046 -0.410535082 0.794020728
v 0.167162505 -0.199503424 0.883332535
v -0.204822631 -0.595227374 0.771637278
v -0.194988970 -0.589077383 0.777790749
v -0.217380672 -0.597025678 0.769725587
v -0.232973982 -0.450582416 0.786857980
v -0.237651114 -0.445148255 0.795098815
v -0.227746915 -0.438738494 0.789089089
v -0.221818321 -0.428493345 0.794487626
v -0.216106133 -0.433193054 0.786043764
v -0.216927346 -0.450149908 0.783351845
v -0.596410396 -0.520750184 1.029323863
v -0.584169983 -0.519550221 1.030338931
v -0.584555795 -0.512756353 1.017445342
v -0.286580904 -0.463531570 1.061209151
v -0.284652486 -0.450921766 1.066107957
v 0.196380522 -0.779676739 0.903977608
v 0.198618807 -0.784294590 0.915442823
v -0.450191728 -0.416435958 0.783733927
v -0.433188235 -0.415853482 0.782529881
v -0.254901335 -0.644158855 0.805730969
v -0.250052490 -0.649355019 0.814209769
v 0.049999997 -0.533333333 1.099999997
v 0.033333334 -0.533333333 1.100000000
v 0.000018047 -0.200081352 0.850037232
v -0.250000340 -0.533333293 1.100002869
v -0.433417502 -0.383287201 0.802497362
v -0.129489626 -0.304615436 0.837417628
v -0.120789860 -0.305228501 0.838391506
v -0.116881790 -0.299926548 0.846595598
v 0.100001001 -0.516666667 1.100001001
v -0.600003738 -0.533330692 0.900002075
v -0.600003513 -0.616665858 1.000001181
v -0.066666666 -0.450000000 1.100000003
v -0.050000000 -0.450000000 1.099999999
v 0.200495777 -0.500000000 1.067162443
v 0.199987454 -0.666666667 1.049987454
v -0.516578401 -0.716933677 0.835753144
v -0.500063485 -0.700449369 0.832875383
v -0.500455888 -0.717286362 0.832830674
v -0.366810077 -0.533051211 0.765439692
v -0.199598054 -0.800138677 0.864867804
v -0.199759634 -0.783246107 0.865808281
v -0.183118595 -0.783448943 0.869021852
v -0.182602492 -0.799750178 0.865111210
v -0.083627435 -0.199408649 0.933366823
v -0.066686469 -0.200016613 0.933338760
v -0.329861466 -0.466061008 1.070593890
v -0.329811363 -0.452794656 1.078779002
v -0.330462568 -0.453181892 1.070970960
v -0.322778379 -0.453807974 1.071691295
v -0.317897676 -0.451664797 1.083586946
v 0.066666644 -0.650000000 1.099999977
v -0.371534142 -0.477821901 1.005947077
v -0.366420412 -0.483275697 1.013941173
v -0.361563765 -0.472162361 1.011544711
v -0.349129159 -0.470090488 1.012894519
v -0.266666667 -0.766666644 1.099999977
v -0.567162416 -0.783333431 1.100495912
v -0.549987455 -0.766666643 1.099987430
v -0.567162440 -0.766666640 1.100495760
v 0.016181056 -0.499608260 0.769245654
v 0.028774054 -0.504498961 0.771011818
v 0.034100688 -0.499897526 0.781488045
v 0.038917839 -0.511559242 0.778582362
v -0.050148318 -0.199490255 0.866687071
v -0.599995677 -0.716667866 0.933335076
v -0.366656445 -0.900217366 0.933377689
v -0.466774469 -0.567248856 0.765662459
v 0.017001153 -0.466241454 0.784490565
v 0.016884356 -0.449927883 0.784324911
v 0.033480150 -0.466278531 0.784398018
v 0.199977713 -0.466634636 0.816707013
v 0.200000889 -0.549999866 0.916666522
v -0.500523500 -0.845775038 0.887598865
v -0.499896960 -0.852480143 0.900394056
v 0.197645212 -0.299998960 1.097645212
v 0.197644778 -0.316666555 1.097644778
v 0.167145456 -0.867145457 1.101025540
v 0.184596524 -0.867207025 1.101637378
v 0.184535637 -0.849980348 1.101241679
v 0.167151008 -0.849977563 1.100504554
v 0.011501024 -0.854670792 0.930009240
v 0.015920290 -0.849983347 0.919985458
v 0.028760687 -0.862154231 0.921868197
v 0.029903034 -0.848838238 0.921073799
v 0.184558008 -0.350000003 1.101224673
v -0.166666622 -0.483333426 1.099999760
v -0.150000009 -0.483333331 1.099999903
v -0.149999908 -0.466666813 1.099999787
v -0.321620935 -0.761404791 0.838622930
v -0.316257513 -0.766592663 0.847360618
v -0.333711503 -0.766866759 0.836023240
v -0.328346845 -0.772025790 0.844600894
v -0.600122945 -0.766660951 0.916649592
v -0.601789005 -0.565793460 1.084780282
v -0.549804324 -0.320265776 0.836831170
v 0.201144521 -0.816488796 0.966221857
v 0.198351520 -0.833361678 0.966371658
v -0.137181630 -0.296263127 1.050300817
v -0.154409439 -0.728640469 0.871176189
v -0.150296413 -0.733267545 0.880781175
v 0.201241583 -0.849980505 1.084534234
v 0.201224673 -0.350000003 1.084558008
v -0.532913448 -0.578883799 0.787619396
v -0.516508317 -0.583165229 0.783349174
v -0.266545394 -0.420301377 0.804012215
v -0.267213549 -0.412946468 0.812511190
v -0.254815088 -0.411132825 0.810839382
v -0.428386720 -0.377837397 0.872501566
v -0.438065239 -0.371755726 0.878319398
v -0.433292295 -0.383424352 0.880839740
v -0.450158402 -0.370083032 0.880160903
v -0.450016639 -0.451581819 0.984370433
v -0.433977371 -0.450837468 0.984616480
v 0.016666667 -0.550000000 1.100000000
v -0.183746768 -0.378717110 0.812267184
v -0.183668997 -0.386065395 0.803023849
v -0.183604682 -0.399198484 0.799278214
v -0.600478791 -0.616682010 1.067161850
v -0.483332840 -0.400711881 0.800172790
v -0.483695055 -0.383943994 0.803527490
v -0.416713105 -0.553187925 1.096976701
v -0.499999630 -0.616671916 1.099987576
v -0.433300210 -0.716668309 0.819318896
v -0.417015244 -0.716579624 0.816517060
v 0.116456192 -0.462547041 0.771265237
v 0.099992175 -0.450162398 0.766200463
v -0.416663085 -0.599967753 1.100030699
v -0.584557750 -0.884504432 0.901129015
v -0.567095755 -0.884635267 0.899020893
v -0.183840922 -0.466278121 0.765520678
v -0.183548800 -0.449041008 0.765248339
v -0.166725107 -0.466265465 0.765556209
v -0.601078217 -0.366615432 0.850578987
v -0.254217472 -0.430314808 0.944045280
v -0.249297308 -0.417453859 0.949089999
v -0.237254829 -0.412804328 0.944119377
v -0.121879357 -0.861414893 0.888176794
v -0.116286022 -0.849769930 0.885988859
v -0.112017375 -0.855261881 0.894552148
v -0.133563470 -0.867100633 0.885798875
v -0.133538362 -0.849796454 0.886962617
v 0.149980359 -0.215464407 1.101241639
v 0.133299885 -0.215448117 1.101205198
v -0.282752799 -0.413105242 0.812593452
v -0.283338894 -0.420239791 0.804059867
v -0.079727902 -0.203225984 0.999688338
v -0.066946160 -0.198967486 0.999953078
v 0.133303808 -0.749999997 1.099970472
v 0.149977565 -0.867151008 1.100504553
v 0.099997697 -0.899912816 1.033326741
v -0.300000000 -0.816664842 1.099998176
v -0.300000000 -0.800001001 1.100001001
v -0.016668005 -0.299998481 1.100003934
v -0.600422048 -0.416663712 0.833017322
v -0.528272823 -0.711680223 0.838450699
v -0.521803279 -0.721777893 0.844575324
v 0.196857242 -0.203140219 0.786446266
v 0.198157531 -0.201839404 0.798569472
v -0.366666629 -0.900001113 1.000001135
v -0.088656796 -0.228180146 0.861368161
v -0.087186743 -0.215253826 0.862784965
v 0.066322893 -0.667050776 0.870757031
v 0.066780690 -0.666838918 0.881188888
v 0.071160598 -0.678697728 0.879170652
v 0.200000104 -0.550000000 0.983333436
v -0.000122114 -0.466382975 0.783564557
v -0.000066463 -0.483271134 0.780270075
v 0.167128875 -0.198962678 0.816169936
v 0.184592672 -0.198357181 0.816099600
v 0.200001001 -0.500000000 1.000001001
v -0.261921978 -0.371481822 0.895804116
v -0.262265568 -0.371746836 0.888200711
v 0.167162440 -0.333333360 1.100495760
v -0.465821163 -0.369894266 0.802947002
v -0.466247676 -0.362778158 0.812646952
v -0.600000536 -0.766666605 0.983333202
v 0.083333436 -0.516666667 1.100000103
v 0.083333436 -0.500000000 1.100000103
v -0.601241639 -0.849980359 1.084535593
v -0.199999977 -0.516666697 1.099999745
v -0.183333350 -0.516666652 1.099999981
v -0.183333309 -0.500000052 1.099999746
v -0.199999730 -0.500000270 1.099999885
v -0.088411656 -0.278466994 0.845020977
v -0.086630841 -0.266261116 0.846078387
v 0.166469666 -0.312698872 0.769165305
v 0.184400539 -0.312684488 0.768519931
v 0.166449678 -0.303994084 0.769108699
v 0.166367823 -0.296350165 0.778728737
v 0.184405921 -0.304010359 0.768432922
v -0.266666667 -0.666666667 1.100000000
v -0.499991623 -0.900518316 0.949518170
v 0.167207574 -0.901633488 1.084597730
v 0.149980490 -0.901240246 1.084535549
v 0.004435461 -0.594746514 0.788338713
v 0.000488028 -0.597092050 0.800131255
v 0.012536779 -0.594983543 0.788417920
v -0.450181001 -0.579546876 0.770058812
v -0.433244286 -0.579488505 0.770380125
v -0.038011535 -0.812361363 0.887919500
v -0.033222931 -0.816671520 0.897499607
v -0.050482156 -0.817150619 0.885911481
v -0.044934707 -0.822328730 0.894374579
v -0.596704364 -0.745707482 0.853600403
v -0.584609057 -0.746807400 0.852303742
v 0.199970470 -0.699999999 1.033303812
v -0.066666667 -0.700000000 1.100000000
v -0.083333333 -0.700000000 1.100000000
v 0.197960664 -0.884385829 1.002669803
v 0.201389291 -0.867263879 1.015919689
v 0.183887089 -0.884007201 0.999611637
v 0.120529645 -0.788012160 0.929423560
v -0.280367538 -0.433376984 1.066899603
v -0.280547634 -0.419591672 1.084581688
v -0.278086569 -0.421524390 1.072138717
v -0.445319881 -0.711973626 0.821703304
v -0.438418608 -0.722016267 0.827623765
v -0.016666667 -0.683333333 1.100000000
v -0.067328430 -0.198852846 0.866382426
v 0.067003722 -0.483308516 0.768840397
v 0.066521776 -0.466891294 0.765438187
v 0.033216799 -0.683196066 0.866004824
v -0.133828450 -0.283103936 0.852363157
v -0.131272189 -0.266687646 0.865988551
v -0.128848787 -0.271078378 0.854530979
v -0.121898064 -0.261281460 0.861019463
v -0.200305708 -0.432711281 0.779603834
v -0.149974926 -0.867635892 0.882311346
v 0.200119150 -0.649997783 0.916682373
v -0.350404692 -0.403456687 0.896556099
v -0.567155657 -0.900455647 0.966716114
v -0.282568536 -0.448307953 0.999713127
v 0.116664479 -0.897644291 1.097643963
v 0.100001064 -0.897645226 1.097645228
v 0.100001106 -0.884558292 1.101225259
v -0.499990094 -0.530799299 1.002387395
v -0.183333333 -0.897644732 1.097644732
v -0.183333333 -0.884558008 1.101224675
v 0.100001001 -0.400000000 1.100001001
v 0.100001001 -0.383333333 1.100001001
v -0.597558288 -0.419279532 0.900965781
v -0.120636380 -0.562125296 0.753711165
v -0.116600663 -0.563934123 0.766221591
v -0.597593196 -0.502736970 1.000575103
v -0.584529458 -0.502567514 1.000271257
v -0.437729521 -0.512383194 1.004424551
v -0.100000013 -0.449999988 1.099999984
v -0.596459422 -0.879598944 0.903635477
v -0.599119428 -0.884580841 0.915379145
v -0.590035892 -0.890001383 0.909972079
v 0.199987454 -0.550000000 1.049987454
v -0.050393800 -0.500022719 0.784216638
v -0.033497885 -0.500063761 0.784093659
v 0.079306456 -0.679601614 0.878724372
v 0.078260193 -0.671953763 0.879235764
v 0.083704133 -0.667571280 0.870026004
v 0.033312598 -0.900140072 0.983310407
v -0.466471653 -0.370298071 0.879677002
v 0.070261980 -0.611696028 0.821045500
v 0.066479403 -0.613400803 0.833927619
v 0.079285820 -0.611899698 0.821346857
v 0.083032815 -0.613035918 0.833589512
v -0.316409268 -0.463733051 0.796897853
v -0.599987430 -0.766666643 1.049987455
v 0.066666644 -0.500000000 1.099999977
v 0.199999974 -0.333333356 0.949999997
v 0.199999995 -0.350000003 0.949999997
v -0.499792874 -0.383760124 0.802927778
v -0.496330390 -0.379497762 0.812639344
v -0.487471083 -0.379455576 0.812605938
v -0.500172231 -0.400439518 0.797161065
v 0.066666644 -0.533333333 1.099999977
v 0.066666644 -0.516666667 1.099999977
v -0.427840620 -0.544234834 1.089227730
v -0.266666667 -0.650000000 1.100000000
v -0.283333333 -0.650000000 1.100000005
v -0.549987397 -0.649999305 1.099988491
v -0.567162500 -0.649998783 1.100496651
v 0.083332273 -0.450367195 0.765458215
v -0.204059096 -0.449136781 0.778638791
v -0.196786801 -0.449792917 0.769450619
v -0.116966826 -0.249910140 0.866198858
v -0.111895267 -0.254574038 0.854910670
v -0.104730095 -0.244838269 0.861772135
v -0.099327724 -0.250304527 0.852609227
v 0.016802331 -0.333598200 0.783365236
v 0.111636596 -0.637766061 0.861968481
v 0.199972542 -0.299995936 0.833383601
v 0.197644732 -0.700000000 1.097644732
v -0.150000000 -0.849987454 1.099987454
v -0.150277071 -0.349452604 1.101242897
v -0.600826645 -0.566852341 0.816568148
v 0.133081516 -0.845684546 0.954200187
v 0.149607938 -0.846171557 0.953365099
v 0.148965375 -0.853095716 0.962615822
v 0.133273286 -0.853077823 0.962768816
v 0.000001556 -0.450029998 0.783916242
v -0.000300496 -0.700041928 0.865956103
v 0.200000487 -0.649999998 0.983333184
v 0.046445587 -0.467124879 0.780001774
v -0.249977275 -0.453473278 0.786978216
v -0.378611183 -0.455848548 0.960722527
v -0.365951931 -0.454123307 0.962694730
v -0.300358015 -0.616546613 0.783781592
v -0.300342146 -0.632730350 0.786643048
v -0.332996746 -0.403525626 0.896172849
v -0.315966242 -0.403802864 0.895893602
v -0.316312665 -0.396011481 0.886777971
v -0.333231255 -0.412979891 0.903291664
v -0.316228116 -0.413368232 0.902936207
v -0.249800383 -0.403141188 0.816567337
v -0.244904841 -0.404994015 0.804920839
v 0.200001017 -0.500000355 0.866666232
v -0.516365633 -0.400310870 0.796490810
v 0.016666667 -0.533333333 1.100000000
v -0.161671755 -0.579232195 0.754158577
v -0.154309800 -0.579280087 0.753859232
v -0.153926190 -0.580165340 0.766290433
v 0.111393199 -0.338376793 0.771315878
v 0.099551867 -0.333310370 0.768787758
v 0.104819198 -0.328574853 0.778037861
v 0.199994270 -0.699999982 0.966669627
v -0.349784202 -0.450520703 0.949761988
v 0.033333312 -0.899988554 1.049987093
v -0.267091808 -0.816504756 0.869892991
v -0.261531393 -0.820912288 0.879231466
v -0.112585195 -0.237856791 1.062380661
v -0.112658001 -0.238052704 1.055251165
v -0.121553614 -0.611056500 0.805137743
v -0.116460477 -0.616617540 0.814183157
v -0.133769766 -0.613608440 0.803468508
v -0.132667849 -0.620451328 0.812872214
v 0.199998153 -0.333333356 1.016664842
v 0.199998173 -0.350000003 1.016664842
v -0.500110702 -0.470455943 0.979640191
v 0.149987454 -0.733333334 1.099987455
v 0.133303808 -0.733333334 1.099970476
v -0.487808254 -0.843653182 0.889296779
v -0.483155690 -0.846548231 0.900850046
v -0.016666667 -0.700000000 1.100000000
v -0.033333333 -0.683333333 1.100000000
v -0.119098698 -0.250101791 0.929503345
v 0.055544648 -0.478314264 0.771993455
v 0.053413748 -0.466068385 0.769866221
v -0.366666667 -0.849987454 1.099987454
v -0.383333333 -0.849987454 1.099987454
v -0.013222922 -0.367160045 0.786980350
v -0.011224457 -0.355015674 0.788394332
v 0.000037516 -0.350040601 0.786090903
v 0.078280908 -0.644655205 0.880026314
v 0.083740414 -0.648661880 0.870908706
v -0.083134782 -0.816730557 0.886029059
v 0.200001090 -0.299998999 0.899999959
v -0.404715739 -0.371883311 0.861854249
v -0.417152413 -0.369947438 0.863547389
v -0.416103806 -0.379607747 0.870774306
v -0.500182184 -0.416396805 0.786277874
v -0.405024900 -0.455904489 0.961092285
v -0.416959238 -0.452347038 0.966403306
v -0.449744270 -0.403460559 0.786754864
v -0.433338867 -0.395588998 0.795519159
v -0.433329892 -0.403032508 0.786308792
v 0.083333442 -0.897644691 1.097644813
v 0.083333453 -0.884557989 1.101224767
v 0.083333436 -0.383333333 1.100000103
v -0.133333333 -0.867162443 1.100495777
v -0.116666667 -0.849987454 1.099987454
v -0.133333333 -0.849987454 1.099987454
v -0.166666681 -0.499999990 1.099999954
v -0.400000000 -0.849987454 1.099987454
v -0.416666667 -0.849987454 1.099987454
v -0.567084050 -0.453105916 0.932876236
v -0.550427054 -0.450138062 0.933228039
v 0.199987454 -0.650000000 1.049987454
v 0.200001004 -0.350000021 0.883332881
v -0.566536382 -0.320395678 0.837684359
v 0.016289462 -0.483220977 0.780812700
v -0.449228769 -0.453655509 0.769768067
v 0.088305436 -0.779152494 0.870291696
v 0.083292166 -0.784114783 0.878987682
v 0.079744851 -0.766715000 0.879125122
v 0.086901716 -0.766621129 0.869725007
v -0.266940161 -0.466127122 0.783220247
v -0.188628277 -0.771497981 0.872170375
v -0.183785103 -0.765954368 0.881070204
v -0.178336979 -0.778001443 0.878360989
v -0.600120460 -0.616657968 0.866648865
v -0.336838587 -0.496919416 1.066534542
v -0.330923074 -0.483734588 1.066779915
v -0.321394346 -0.479438354 1.061388777
v 0.200000002 -0.500000000 0.933333333
v 0.149723353 -0.900653397 1.016353554
v 0.133188524 -0.900769899 1.016505268
v -0.071420381 -0.878087152 0.905241239
v -0.379153977 -0.422136479 0.911234989
v -0.370904420 -0.421257655 0.911919476
v 0.070692766 -0.349799017 0.769798240
v 0.078726000 -0.361580690 0.771410753
v 0.083950673 -0.349294012 0.768787111
v 0.088432877 -0.354910102 0.778500010
v -0.579503858 -0.510704924 1.005576543
v -0.133481437 -0.662422804 0.854014992
v -0.116306671 -0.663361506 0.853309245
v -0.599971510 -0.800000980 1.033303788
v -0.584558330 -0.800001106 1.101225249
v -0.567162510 -0.800001098 1.100496613
v -0.449999997 -0.899970584 1.033303739
v -0.332836548 -0.450530267 0.949305048
v -0.316426327 -0.448139342 0.949997708
v 0.201224663 -0.333333358 1.084557998
v -0.500297776 -0.370099500 0.879435307
v -0.500078929 -0.379699339 0.887456155
v -0.154767858 -0.628223007 0.805154161
v -0.149895645 -0.617165508 0.802477541
v -0.145020609 -0.622210702 0.811342207
v -0.150057932 -0.630795451 0.816468612
v -0.033333133 -0.899996599 1.000002804
v -0.049691914 -0.300377517 0.817344070
v -0.229581602 -0.404094394 0.999744220
v -0.100000000 -0.849987454 1.099987454
v 0.184557998 -0.333333358 1.101224663
v -0.099977761 -0.350019686 1.099940202
v -0.099947564 -0.333381681 1.100096628
v -0.116704491 -0.333294272 1.100671320
v -0.598174572 -0.552301816 1.084605293
v -0.179840017 -0.332501175 0.836141103
v -0.345496673 -0.778522361 0.837999692
v -0.350006372 -0.783740224 0.846786743
v -0.354859608 -0.771942788 0.844466387
v -0.349733999 -0.766696507 0.836234825
v -0.337369241 -0.778802672 0.837832281
v 0.197536288 -0.517013228 0.785932969
v 0.200859712 -0.500284230 0.799204576
v 0.197833660 -0.897832268 1.067282272
v 0.200000978 -0.299998999 0.966666644
v 0.171492976 -0.862609917 0.953983343
v 0.165991532 -0.852777384 0.966295266
v 0.166776449 -0.850130078 0.952475915
v 0.185147600 -0.864414483 0.952753556
v 0.184480669 -0.851596555 0.949238539
v 0.184017851 -0.849836877 0.969562522
v 0.172203222 -0.561986813 0.787161508
v 0.167078513 -0.549949540 0.784994230
v 0.184775745 -0.563862246 0.785570594
v 0.184514563 -0.551043237 0.781557808
v -0.316419183 -0.849323348 0.866122803
v -0.299478308 -0.849584596 0.866192772
v -0.049698039 -0.337050345 0.803722224
v -0.032592596 -0.333729064 0.803673764
v -0.483309576 -0.420054739 0.787283746
v -0.483281195 -0.413320125 0.796682964
v -0.471775832 -0.411861005 0.795199705
v -0.466743028 -0.416968166 0.786801298
v -0.000000000 -0.533333333 1.100000000
v -0.270642836 -0.447080312 0.994421028
v -0.600505819 -0.600045283 1.067148390
v -0.266670096 -0.533330499 1.100004572
v -0.283332159 -0.533330094 1.099976484
v -0.488500872 -0.529029385 1.004125317
v 0.167113432 -0.646309223 0.853727147
v 0.184581363 -0.646887847 0.852981705
v 0.167248532 -0.653879469 0.862408269
v -0.216666636 -0.499999982 1.100002691
v 0.153893583 -0.311826119 0.770818605
v 0.149415733 -0.300113595 0.780490485
v 0.153882304 -0.304805483 0.770791595
v -0.183324156 -0.435985810 0.768615565
v -0.311164968 -0.439251250 0.944809026
v -0.600000420 -0.616666612 0.933333106
v -0.183329361 -0.483763569 0.766817676
v -0.083044135 -0.699478771 0.883739654
v -0.066241652 -0.699523210 0.884164374
v 0.133299607 -0.901205512 1.084551098
v 0.133301700 -0.202368977 1.097631023
v 0.149994853 -0.202365241 1.097634759
v -0.599988081 -0.649999699 1.049987433
v -0.150000000 -0.733333334 1.100000000
v 0.110883443 -0.793501663 0.923116874
v -0.597645212 -0.800001040 1.097645212
v -0.449999997 -0.897644730 1.097644730
v -0.449999997 -0.884558008 1.101224673
v -0.083583374 -0.201770789 0.866318848
v 0.078773774 -0.896194725 0.954499339
v 0.083078657 -0.884146744 0.952434175
v 0.088859466 -0.889528890 0.960281382
v 0.083865868 -0.898792318 0.965589374
v 0.066357123 -0.897557636 0.952907905
v 0.066965812 -0.901106692 0.966035079
v 0.200000102 -0.533333333 0.983333436
v -0.532940069 -0.453701884 0.933536722
v -0.544976369 -0.528271601 1.021630349
v -0.511668898 -0.578271690 0.771499455
v -0.499513278 -0.580440940 0.769123463
v -0.500713080 -0.587426381 0.779173372
v -0.203573378 -0.379816011 0.966847002
v -0.017043213 -0.500048921 0.784053555
v -0.033333333 -0.900495769 1.067162447
v -0.461907797 -0.405197877 0.788534071
v -0.597558974 -0.500344084 0.786394454
v -0.062678004 -0.828122031 0.888430261
v -0.071415057 -0.821565516 0.895036276
v -0.066880170 -0.816794809 0.885905040
v -0.054265395 -0.828673158 0.888016205
v -0.265659406 -0.437317474 0.999304627
v -0.087031291 -0.300071637 0.829659748
v -0.080138210 -0.299939610 0.819560949
v -0.066856290 -0.300151991 0.816658739
v 0.200090401 -0.549983302 0.850033179
v 0.033333334 -0.416666667 1.100000000
v 0.016666667 -0.416666667 1.100000000
v 0.003883083 -0.853431383 0.929667187
v -0.033333333 -0.583333333 1.100000000
v -0.050000000 -0.583333333 1.100000000
v 0.037293247 -0.396038149 0.771274161
v 0.038064739 -0.388315790 0.770637776
v 0.044982323 -0.395258020 0.770977088
v -0.579490711 -0.321527575 0.838975204
v -0.000000025 -0.899987405 1.049987477
v 0.150275289 -0.546362661 0.786782495
v 0.150421312 -0.533022496 0.786439394
v 0.167581506 -0.533588280 0.782440131
v -0.283333333 -0.899987453 1.049987454
v -0.083996538 -0.349352409 0.801372380
v -0.067458626 -0.349252261 0.799192575
v -0.549913202 -0.578753984 0.787459726
v -0.549810995 -0.586300568 0.796943673
v -0.566972438 -0.587338228 0.795799689
v -0.599996054 -0.800001669 0.966666957
v 0.149987454 -0.616666667 1.099987454
v 0.133303808 -0.616666667 1.099970475
v -0.483439084 -0.370742094 0.879475953
v 0.201025474 -0.850127985 1.016248725
v 0.083333436 -0.783333436 1.100000205
v 0.066666644 -0.783333436 1.100000080
v -0.350000000 -0.700000000 1.100000001
v 0.005156682 -0.494825576 0.770748139
v 0.004104878 -0.487045461 0.770851704
v 0.012064370 -0.487914769 0.770648156
v -0.383333333 -0.733333334 1.100000000
v -0.311776231 -0.437196740 1.011894989
v -0.311895582 -0.436697106 1.004894384
v -0.304708011 -0.437403216 1.004955239
v -0.304607690 -0.437419012 1.012059290
v -0.300000000 -0.700000000 1.100000000
v 0.197693401 -0.700111732 0.886284587
v 0.201396695 -0.700150699 0.899018171
v -0.149724588 -0.850011122 0.886378329
v -0.432975925 -0.796665177 0.853647786
v -0.078930565 -0.821224859 0.895247799
v 0.167162444 -0.733333334 1.100495777
v -0.184401756 -0.365596133 1.101099117
v 0.083329762 -0.899925178 1.033323733
v 0.199987454 -0.533333333 1.049987454
v -0.333882518 -0.499710934 0.783395242
v -0.316953976 -0.483430798 0.783508354
v -0.237857339 -0.804900692 0.879144254
v -0.245997346 -0.804711452 0.878821634
v -0.599984954 -0.499997410 0.866669708
v -0.533431919 -0.800482799 0.866086476
v -0.399967108 -0.537081342 1.066399901
v -0.600648860 -0.449942483 0.883387191
v -0.116666667 -0.733333334 1.100000000
v -0.133333333 -0.733333334 1.100000000
v -0.400000000 -0.733333334 1.100000000
v -0.416666667 -0.733333334 1.100000000
v -0.244911791 -0.389143848 0.839166269
v -0.171942197 -0.677227426 0.856192236
v -0.162111408 -0.671145034 0.861807609
v -0.184096908 -0.679240850 0.854050959
v -0.195234857 -0.437623873 0.770558073
v -0.333523636 -0.533515445 0.766271333
v -0.315971233 -0.533001371 0.768903210
v -0.599985612 -0.849987637 1.016664961
v 0.200397869 -0.333331030 0.816535971
v 0.200457409 -0.349990877 0.816495659
v 0.016666627 -0.899987746 1.049987455
v 0.033333422 -0.199503772 1.067162417
v -0.499915300 -0.466513436 0.769141637
v -0.370564870 -0.849549810 0.879603518
v -0.516900142 -0.469563871 0.980403902
v 0.167207058 -0.215403556 1.101637401
v 0.166494201 -0.896743207 1.003407673
v 0.166998389 -0.901175866 1.016330005
v 0.033333334 -0.816664842 1.099998176
v -0.150747250 -0.332614714 1.101399540
v -0.449534932 -0.663128194 0.803186804
v -0.450097088 -0.649908674 0.800105162
v -0.050022461 -0.897115981 0.920019417
v -0.033084488 -0.898075243 0.919370740
v -0.033176621 -0.901285294 0.932480007
v -0.599994416 -0.650000570 0.916666959
v -0.433380846 -0.534863785 1.084262125
v -0.316666667 -0.683333333 1.100000001
v 0.197139320 -0.383311195 0.786529173
v -0.047227134 -0.215448689 0.802442287
v -0.034687175 -0.215402143 0.798795631
v -0.532768062 -0.449748130 0.783483108
v -0.000000000 -0.416666667 1.100000000
v 0.066666640 -0.897644674 1.097644736
v -0.200000000 -0.897644732 1.097644732
v -0.216666667 -0.897644732 1.097644732
v -0.200000000 -0.884558008 1.101224675
v 0.066666644 -0.383333333 1.099999977
v -0.200802479 -0.382511593 1.101068226
v -0.217686026 -0.382386255 1.098355049
v -0.600328585 -0.499974583 0.933325764
v -0.100152416 -0.663209217 0.853206969
v -0.066691944 -0.500066458 0.783664592
v -0.528195211 -0.488407207 0.771803779
v -0.445399410 -0.795204581 0.854976683
v -0.412288121 -0.645505618 0.788005679
v -0.404771576 -0.645110955 0.788289344
v -0.597030905 -0.453991969 0.945728097
v -0.589007156 -0.454277217 0.944878607
v -0.566978956 -0.320776322 0.870744011
v -0.548935690 -0.320097350 0.870834363
v -0.548991756 -0.312937108 0.880862696
v -0.566780794 -0.313228838 0.880485555
v -0.566638783 -0.303668332 0.881605334
v -0.548528490 -0.303646547 0.881683846
v 0.197644732 -0.583333333 1.097644732
v -0.083333333 -0.583333333 1.100000000
v -0.449999997 -0.766666644 1.099999974
v -0.205280470 -0.694405423 0.855911636
v -0.217335755 -0.699443123 0.853625826
v -0.211956256 -0.704359583 0.862385759
v 0.200000884 -0.333333354 0.883333298
v -0.027834396 -0.388187596 0.789029377
v -0.512382803 -0.404913239 0.788137142
v -0.504434517 -0.404965445 0.788321976
v -0.495170574 -0.411572567 0.794923037
v -0.600000050 -0.650000000 0.983333440
v -0.145205032 -0.355280288 0.821837861
v -0.200621886 -0.365828933 1.098137442
v 0.138268115 -0.445172808 0.753593897
v 0.138197367 -0.438204156 0.753827894
v 0.145102410 -0.445206878 0.753692895
v 0.145069961 -0.438192490 0.753948883
v 0.149798862 -0.450004880 0.762521653
v 0.199997902 -0.383333264 0.866666963
v -0.133590870 -0.332947823 1.100987368
v -0.278442343 -0.455144114 0.788615790
v -0.266313935 -0.453606038 0.786868230
v -0.388093213 -0.389074915 0.877841598
v -0.400291842 -0.387222867 0.879465428
v -0.599992600 -0.599991479 0.866695651
v -0.566682441 -0.453716399 0.787019054
v -0.554160801 -0.445502373 0.795959532
v -0.549458888 -0.449717674 0.786698837
v -0.333479957 -0.849343998 0.866500546
v -0.521425525 -0.394754972 0.888556420
v -0.066666667 -0.583333333 1.100000000
v -0.345549341 -0.504222625 1.067115073
v 0.199998360 -0.733333284 1.016664935
v -0.116666667 -0.901224675 1.084558008
v 0.200492777 -0.232836784 1.016665245
v -0.228420225 -0.354757736 0.911965585
v -0.400000000 -0.901224675 1.084558008
v -0.179465519 -0.320101168 0.837178474
v -0.171513970 -0.321028872 0.837474202
v -0.016666667 -0.583333333 1.100000000
v 0.070750044 -0.332475065 0.769355702
v 0.084003836 -0.332527796 0.765728260
v -0.383526974 -0.486208750 1.013730890
v -0.383695605 -0.496125874 1.020759624
v -0.597509810 -0.650556740 0.835738542
v 0.050000012 -0.199504177 1.067162443
v 0.100001001 -0.766666644 1.100000978
v -0.597364285 -0.800259485 0.885998654
v -0.601118221 -0.800113424 0.899561867
v -0.183102557 -0.370600589 0.820108140
v -0.461703273 -0.661252512 0.805025814
v -0.471750216 -0.655829985 0.810671088
v -0.466881449 -0.650146259 0.802049554
v -0.461885325 -0.453985328 0.979467847
v -0.461525840 -0.454374278 0.971141542
v -0.083154453 -0.546608886 0.769998403
v -0.082693271 -0.533348152 0.766250469
v -0.251070560 -0.415443718 1.101136005
v -0.411978983 -0.488478171 1.011444719
v -0.399836930 -0.487157166 1.013191190
v -0.316336556 -0.387061268 0.854182740
v -0.316354427 -0.382329026 0.866841614
v -0.317119710 -0.397093932 0.846723800
v -0.304116886 -0.395385418 0.844810275
v 0.184560190 -0.533987222 0.781312871
v -0.145226599 -0.845148756 0.896273100
v -0.138161823 -0.845136101 0.895872931
v -0.050000000 -0.900495773 1.067162446
v -0.596854801 -0.337644851 0.879194855
v -0.333215699 -0.513328512 0.780211320
v -0.316666667 -0.900495777 1.067162444
v -0.333333333 -0.900495777 1.067162443
v 0.199999998 -0.383333333 0.933333333
v 0.167162443 -0.616666667 1.100495777
v -0.116666667 -0.616666667 1.100000000
v -0.133333333 -0.616666667 1.100000000
v -0.466487189 -0.447025704 0.919601679
v -0.399999613 -0.616676094 1.099981246
v -0.416666149 -0.616666817 1.099982435
v 0.095028142 -0.321421181 0.771086956
v -0.283097649 -0.386063751 0.836280369
v -0.282669704 -0.396471197 0.830111418
v -0.584724736 -0.552332353 1.097824954
v 0.133179748 -0.550283058 0.785959844
v 0.133214848 -0.537123666 0.787453664
v 0.145361284 -0.528732123 0.795609609
v -0.600000032 -0.600000080 0.933333276
v -0.483915824 -0.450057550 0.769592344
v -0.466200113 -0.453494538 0.769921887
v -0.154807546 -0.388337775 0.805150177
v -0.166969450 -0.386530657 0.803376980
v 0.066826471 -0.783591422 0.882464477
v -0.095192831 -0.354224345 0.804468930
v -0.566890448 -0.496737233 0.986831767
v -0.601358310 -0.449910982 0.816136564
v -0.083492923 -0.897363221 0.919636806
v -0.333504348 -0.695575268 0.821088628
v -0.316587563 -0.696131512 0.820874452
v -0.033333333 -0.566666667 1.100000000
v 0.197606638 -0.266821516 0.786134143
v -0.150432508 -0.662333857 0.854381987
v -0.149889221 -0.669586115 0.862999162
v 0.167726304 -0.733760555 0.882833241
v -0.178630384 -0.878405135 0.888712089
v -0.595573816 -0.488023599 0.788176403
v -0.483197205 -0.646907462 0.802624499
v 0.083333436 -0.766666644 1.100000080
v 0.083333436 -0.266696190 1.099970577
v 0.066666644 -0.266696191 1.099970450
v -0.167330991 -0.333192624 1.033333289
v -0.163290887 -0.319615449 1.033500806
v 0.100400618 -0.202311282 0.768406773
v 0.100090693 -0.215462388 0.764996793
v -0.016816521 -0.897490202 0.919399087
v -0.316663682 -0.566669387 1.099954368
v -0.333316799 -0.566694102 1.099954971
v -0.350156884 -0.849423143 0.866486011
v -0.079116548 -0.338133915 0.804453524
v -0.066610912 -0.336992742 0.802939647
v 0.195741987 -0.595683470 0.821386445
v 0.197401658 -0.582891558 0.819986502
v -0.133346918 -0.733853756 0.883283918
v -0.116787746 -0.732675094 0.886765955
v 0.197644732 -0.466666667 1.097644732
v -0.416326201 -0.536700175 1.065964898
v -0.283209524 -0.900993262 0.916409747
v -0.294922577 -0.387500952 0.911724826
v -0.284038239 -0.386117001 0.914122005
v 0.184361640 -0.897486754 1.003124171
v -0.449757195 -0.520997243 1.012003344
v -0.267520483 -0.732964602 0.853611658
v -0.011645028 -0.227812623 0.788401122
v -0.021043076 -0.215547122 0.794922405
v -0.013545499 -0.215215535 0.785981573
v 0.000258943 -0.232989094 0.786478283
v -0.001286732 -0.215682849 0.782449505
v -0.597644723 -0.683333347 1.097644721
v -0.513495267 -0.467152125 0.770275879
v -0.117734467 -0.215741469 0.882577341
v -0.103812722 -0.215439451 0.879478027
v -0.104947353 -0.228509310 0.878015003
v 0.133304089 -0.200059611 1.033304089
v 0.016666667 -0.816664842 1.099998176
v -0.466666643 -0.897644721 1.097644720
v -0.483333445 -0.897644779 1.097644778
v -0.466666642 -0.884557998 1.101224663
v -0.099190723 -0.233149610 0.867153050
v -0.096081896 -0.216339711 0.870493407
v 0.003731925 -0.333622042 0.787412313
v -0.316892085 -0.470820770 0.787757967
v -0.211652573 -0.896912737 0.886606528
v -0.212766364 -0.884245245 0.885838228
v -0.205017005 -0.896818970 0.886865727
v -0.203613491 -0.884061458 0.886192902
v -0.255197898 -0.810817797 0.872934897
v -0.250013246 -0.816097267 0.881666057
v -0.549521663 -0.813285484 0.869847333
v -0.550551569 -0.820544686 0.878842161
v -0.550344460 -0.800196961 0.866217959
v -0.536461965 -0.304311107 0.879993269
v -0.536510213 -0.311687026 0.879602963
v -0.404955225 -0.389069793 0.805100525
v -0.417355514 -0.387162787 0.803754918
v -0.416278754 -0.396243497 0.795953446
v -0.162567704 -0.321177543 1.096599554
v -0.150330778 -0.320001016 1.097507225
v 0.104552898 -0.821113696 0.946006877
v -0.349993703 -0.583361152 1.099946783
v -0.333884648 -0.519771493 0.769647465
v -0.363280272 -0.849318233 0.870252723
v 0.198159565 -0.201840435 1.084753016
v -0.155821632 -0.310668182 1.045709015
v -0.150739594 -0.302486130 1.050317706
v 0.167250412 -0.202151364 1.097848636
v 0.184753016 -0.201840435 1.098159565
v 0.033333334 -0.800001001 1.100001001
v 0.083333436 -0.666666667 1.100000103
v 0.033333336 -0.299999000 1.100000965
v -0.183333333 -0.766666644 1.099999977
v -0.114359729 -0.215900629 0.966861019
v -0.262504714 -0.505363233 0.771928860
v -0.254158266 -0.505349348 0.772033729
v -0.245896639 -0.511495952 0.778188373
v -0.212814313 -0.370694500 1.096145650
v -0.533094814 -0.733373790 0.849914981
v -0.544837503 -0.505196696 0.771969178
v -0.416516313 -0.386420142 0.880299803
v -0.249921856 -0.883474858 0.900243021
v -0.394626263 -0.745355487 0.820921560
v -0.399729038 -0.733625176 0.818733791
v -0.382571532 -0.747190988 0.819158097
v -0.382935591 -0.734185451 0.815804187
v -0.454907422 -0.445899481 0.920823068
v 0.132982291 -0.466729544 0.769312577
v 0.150333596 -0.479776638 0.770091563
v 0.150409049 -0.466839714 0.766197214
v -0.383333109 -0.616674147 1.099983687
v -0.271051626 -0.388400462 0.838474459
v -0.071030737 -0.544888591 0.771281226
v -0.069717088 -0.533876596 0.769718405
v -0.350311864 -0.532821535 0.765614168
v -0.221701640 -0.711523966 0.856144298
v -0.233592234 -0.716359284 0.853243757
v 0.049999959 -0.199997167 0.866665235
v -0.288084324 -0.504905074 0.771271650
v 0.094695931 -0.795889169 0.886874466
v 0.096356542 -0.796018083 0.900062620
v 0.016666737 -0.299999015 1.100000939
v -0.533214012 -0.417094858 0.899375366
v -0.000000000 -0.816664842 1.099998176
v -0.196080007 -0.353851392 1.097246469
v -0.196030450 -0.353814935 1.089326854
v -0.033333333 -0.450000000 1.100000000
v -0.597848635 -0.897848635 1.067250412
v -0.283333333 -0.816664842 1.099998176
v -0.066741777 -0.896834109 0.920274293
v -0.478290224 -0.538265436 1.072246871
v -0.500001040 -0.897645212 1.097645212
v -0.028427031 -0.644995307 0.838512992
v -0.033538373 -0.650335737 0.847304947
v -0.016286377 -0.646725831 0.836942419
v 0.095386090 -0.879221899 0.954328986
v 0.100623658 -0.884581681 0.962870890
v 0.166367348 -0.679385009 0.870568576
v 0.167255559 -0.666394317 0.866680787
v -0.169990345 -0.800166880 0.869697240
v -0.449417545 -0.746323499 0.837443831
v -0.449909281 -0.733170389 0.833352528
v -0.196726983 -0.367185379 0.966455861
v -0.333978000 -0.387150285 0.854130397
v -0.333868915 -0.397294583 0.846316365
v 0.133116330 -0.613251790 0.820175645
v 0.150135691 -0.613503142 0.820015854
v 0.133303808 -0.500000000 1.099970475
v 0.149987454 -0.500000000 1.099987454
v -0.349970073 -0.566689406 1.100118097
v -0.299916979 -0.696014965 0.820658999
v -0.461268849 -0.860526422 0.906154802
v -0.598119836 -0.565416009 1.098151260
v 0.189033012 -0.837221524 0.971595446
v 0.033333334 -0.700000000 1.100000000
v 0.016666667 -0.700000000 1.100000000
v -0.200000000 -0.766666644 1.099999977
v -0.466666644 -0.766666644 1.099999954
v -0.483333436 -0.766666644 1.100000080
v -0.427971315 -0.505641430 1.010651440
v -0.061666630 -0.395130437 0.787443743
v -0.061831451 -0.388192418 0.787217661
v -0.054598682 -0.395194883 0.787790267
v -0.054671685 -0.388231065 0.787678964
v -0.262155205 -0.612708212 0.770121409
v -0.266962925 -0.617628780 0.779565986
v 0.000000030 -0.299998999 1.100001829
v -0.066666667 -0.466666667 1.099999999
v -0.083333333 -0.466666667 1.100000002
v -0.566381332 -0.897959262 0.902207841
v -0.550418706 -0.897867229 0.902423039
v -0.549756040 -0.884719334 0.898932205
v 0.197849161 -0.202150853 0.816080910
v 0.120620637 -0.561826267 0.787764731
v 0.128951854 -0.561909024 0.787496641
v -0.378726687 -0.644295638 0.789580646
v 0.100001001 -0.650000000 1.100001001
v -0.183333333 -0.650000000 1.100000000
v 0.121242683 -0.644601295 0.855936652
v 0.197817780 -0.433014959 0.768893457
v -0.131116186 -0.215361315 0.886561948
v 0.196639993 -0.795623339 0.920698146
v -0.280112429 -0.420074720 1.096113408
v -0.267462244 -0.415733852 1.098130885
v -0.500001001 -0.783333436 1.100001103
v 0.083336831 -0.215467282 0.764987701
v -0.461651794 -0.744496045 0.838699094
v -0.466539305 -0.733179329 0.836586263
v -0.033975684 -0.202021864 0.802407675
v -0.561952344 -0.811609345 0.871349907
v -0.083333335 -0.449999997 1.100000014
v -0.104603346 -0.627685068 0.822983984
v -0.116922907 -0.629608454 0.820400742
v 0.167162443 -0.500000000 1.100495777
v -0.150000000 -0.616666667 1.100000000
v -0.315871620 -0.420487130 0.912313513
v -0.596238609 -0.420805478 0.913034802
v -0.250085847 -0.897055275 0.903687968
v -0.012457053 -0.203739316 0.787228554
v -0.000586092 -0.202260462 0.785569894
v -0.567184114 -0.733742538 0.849457587
v -0.549699019 -0.733128149 0.850521557
v -0.554777532 -0.522161778 1.027788487
v -0.567457058 -0.520483432 1.029717316
v -0.512189025 -0.454212331 0.771027461
v -0.499940128 -0.449946017 0.769417771
v -0.117931955 -0.201836323 0.886103335
v -0.350564715 -0.695424649 0.821174041
v 0.066666644 -0.666666667 1.099999977
v -0.371464697 -0.746071682 0.820720419
v -0.370350607 -0.733828889 0.819659986
v -0.421176447 -0.353718541 0.821120666
v 0.167333232 -0.479663257 0.770061585
v 0.167421898 -0.466830712 0.765993251
v -0.094674355 -0.203961923 0.871969013
v -0.121787354 -0.420816394 0.788272100
v -0.132927013 -0.419732625 0.786820046
v -0.182787805 -0.363287928 0.970195886
v -0.171089102 -0.361733371 0.971691960
v -0.261121485 -0.422676440 0.954566534
v -0.416165027 -0.415481103 0.782411087
v -0.400150427 -0.416091283 0.785618397
v 0.197849088 -0.867250488 1.097847993
v 0.083414212 -0.202357479 0.768887903
v -0.313311094 -0.453241260 1.096398180
v -0.496444271 -0.436942399 0.770403449
v -0.487537496 -0.437198649 0.770639584
v -0.283517262 -0.629791715 0.787345750
v -0.283689538 -0.616718157 0.784065166
v 0.166690844 -0.613720757 0.819864507
v -0.293674551 -0.456157074 1.071814621
v 0.083333436 -0.650000000 1.100000103
v 0.197787480 -0.416759049 0.768868202
v 0.196286272 -0.404529431 0.770530865
v -0.200000000 -0.650000000 1.100000000
v -0.478604308 -0.522357742 1.010895778
v -0.466280435 -0.520931191 1.012358224
v -0.238176178 -0.727843442 0.856004905
v -0.251084874 -0.729192469 0.854617043
v -0.111753544 -0.204225288 0.961875038
v 0.179277471 -0.677821948 0.871584438
v -0.066666667 -0.849987454 1.099987454
v -0.083333333 -0.849987454 1.099987454
v -0.488461090 -0.388174430 0.895179163
v -0.499996847 -0.386543072 0.896795966
v -0.066669606 -0.349997626 1.100001064
v -0.083333436 -0.349998418 1.099967966
v 0.021638045 -0.254686688 0.771627207
v 0.033207017 -0.249775259 0.769327233
v -0.261065915 -0.422072541 1.021521122
v 0.078559062 -0.578137091 0.788256173
v 0.066236262 -0.580027905 0.786739713
v 0.100001001 -0.533333333 1.100001001
v -0.183333335 -0.533333331 1.100000016
v -0.399994528 -0.599995270 1.100004553
v -0.538126173 -0.895990480 0.904332810
v -0.533009539 -0.884288727 0.901990918
v -0.071443130 -0.522001323 0.771387505
v -0.383431267 -0.566910773 0.765897242
v -0.533119622 -0.403774020 0.895420338
v 0.034094712 -0.482979797 0.784296781
v -0.171405863 -0.787829279 0.871602493
v -0.416660420 -0.567206491 0.766170139
v -0.400082707 -0.567108609 0.765803820
v -0.144846279 -0.421815935 0.788285656
v -0.194807230 -0.354812859 0.961976588
v -0.596439003 -0.896428068 0.920380410
v -0.194392491 -0.828411155 0.871413644
v -0.199611426 -0.816454270 0.868732638
v 0.197644721 -0.333333357 1.097644721
v 0.197644730 -0.350000003 1.097644730
v -0.150000004 -0.499999993 1.100000010
v -0.195562152 -0.371734551 0.821960472
v -0.033333333 -0.849987454 1.099987454
v -0.050000000 -0.849987454 1.099987454
v -0.128591962 -0.250245259 0.936835362
v -0.128307151 -0.237936167 0.945371784
v 0.196254444 -0.562525935 0.786509062
v 0.197936855 -0.551112029 0.785000151
v -0.596805154 -0.553632279 1.096682775
v -0.567075796 -0.746361277 0.853361663
v -0.549730594 -0.746339928 0.854057310
v 0.033333334 -0.683333333 1.100000000
v -0.579960249 -0.645398649 0.820955299
v -0.571265973 -0.645115048 0.821675372
v -0.316666667 -0.849987454 1.099987454
v 0.197267896 -0.863538559 0.953457663
v 0.198191750 -0.851711222 0.952359501
v 0.197725035 -0.850233028 0.962449749
v 0.197130502 -0.863233013 0.960518700
v -0.104823884 -0.561871849 0.771718510
v -0.244325425 -0.405978826 0.954343273
v 0.055255626 -0.795425989 0.887927971
v 0.053544061 -0.782290847 0.887024157
v 0.149994769 -0.897635384 1.097634325
v 0.133301621 -0.897631546 1.097630834
v 0.149980347 -0.884535671 1.101241619
v -0.283073430 -0.403769558 0.819693194
v 0.149987454 -0.383333333 1.099987454
v -0.550228354 -0.416290313 0.900031801
v -0.033333556 -0.333333341 1.100002455
v 0.166988312 -0.353724265 0.769851119
v -0.045038434 -0.660783244 0.856054040
v -0.033129707 -0.662659835 0.853609755
v -0.216174583 -0.813003409 0.870368029
v -0.045938220 -0.203255101 0.803993087
v 0.083333436 -0.533333333 1.100000103
v -0.133258979 -0.630216684 0.819884028
v -0.116666666 -0.500000000 1.100000000
v -0.133333333 -0.500000000 1.100000007
v -0.332789427 -0.420782165 0.912010964
v -0.130259725 -0.203001857 0.887504110
v -0.388480278 -0.421463275 0.788218224
v -0.495615688 -0.645344480 0.804388025
v -0.000000000 -0.700000000 1.100000000
v -0.283333333 -0.700000000 1.100000000
v -0.500001001 -0.766666644 1.100000978
v -0.244777181 -0.405365316 1.021670521
v -0.128408809 -0.254920787 0.871331734
v -0.266571534 -0.630151474 0.786278727
v 0.179486036 -0.612546958 0.820960440
v -0.211277542 -0.389528890 1.038760166
v 0.111605843 -0.895979035 0.972067370
v 0.112916653 -0.883309770 0.970167373
v 0.100062513 -0.897479741 0.969331784
v -0.094565507 -0.238403470 0.855405135
v -0.216666667 -0.650000000 1.100000000
v -0.103116699 -0.300132482 0.846943738
v 0.167450067 -0.450474414 0.765651610
v -0.428527708 -0.420071343 0.928775372
v -0.421571619 -0.420071586 0.921197324
v -0.420612902 -0.420087583 0.929769264
v -0.121689500 -0.455296314 0.771607761
v -0.567163216 -0.816665245 1.100492777
v -0.404471298 -0.404452616 0.788073938
v -0.416714706 -0.402934317 0.786122113
v -0.127388706 -0.289213528 1.061519558
v 0.197635399 -0.849994841 1.097634455
v -0.511502780 -0.388066516 0.895233492
v -0.445727673 -0.452873421 0.996579947
v -0.437948491 -0.452952780 0.996763429
v -0.437826320 -0.537207906 1.096329550
v 0.128835146 -0.779778930 0.869953878
v -0.461635928 -0.828281146 0.871625010
v -0.238190435 -0.627837213 0.788617553
v -0.250245356 -0.630663393 0.786689016
v -0.345384408 -0.422021606 0.910904318
v -0.416247735 -0.729906759 0.820004215
v -0.088200933 -0.661298489 0.855812337
v -0.178332535 -0.338201885 1.054401234
v -0.083305294 -0.333349785 1.099931779
v -0.597634759 -0.849994853 1.097634759
v -0.395638576 -0.504828015 1.028146723
v -0.383080592 -0.503886694 1.029277232
v -0.162592402 -0.304438149 1.062331557
v -0.162359979 -0.304326322 1.054994789
v -0.150222029 -0.303618649 1.062882577
v -0.511734995 -0.594220997 0.788901196
v -0.499363756 -0.596318531 0.787106616
v 0.167250416 -0.897849087 1.097848045
v 0.167207032 -0.884596579 1.101637349
v -0.266447374 -0.404312499 0.820351624
v 0.167162443 -0.383333333 1.100495777
v 0.196982518 -0.311777509 0.769828945
v 0.196994543 -0.304854212 0.769759989
v -0.433532165 -0.483751157 0.769291843
v -0.596591997 -0.520783815 0.770714538
v -0.116666667 -0.897644732 1.097644732
v -0.400000000 -0.897644732 1.097644732
v -0.512171030 -0.728553137 0.838053114
v -0.499790106 -0.729726394 0.836757274
v 0.004070340 -0.562603291 0.770509868
v -0.597233350 -0.503669297 1.012829095
v -0.589531605 -0.503763320 1.012280332
v -0.138449591 -0.504312830 0.754559189
v -0.149465315 -0.503036747 0.753077241
v 0.197817489 -0.534080019 0.785562124
v -0.262733889 -0.403810575 1.097222178
v -0.262709916 -0.403929836 1.089063157
v -0.316234466 -0.386158832 0.879504130
v -0.200000017 -0.533333316 1.099999988
v -0.276770750 -0.440540006 1.004243726
v -0.095869495 -0.301120162 0.838027726
v -0.428640885 -0.728294924 0.821433130
v -0.579520511 -0.896481941 0.903511986
v 0.095942075 -0.500301150 0.769763401
v 0.083927303 -0.500330956 0.765271303
v -0.199754542 -0.500165712 0.770124819
v -0.078216026 -0.611623104 0.805520117
v -0.066632307 -0.613791656 0.802823841
v -0.566577029 -0.403893683 0.896050921
v -0.550136861 -0.404029372 0.895463817
v -0.178199810 -0.321929927 0.927726461
v -0.212322822 -0.337621473 0.861146450
v -0.212502800 -0.337681873 0.854114899
v -0.483338900 -0.729912425 0.837077219
v -0.188289634 -0.644239954 0.822131983
v -0.200456282 -0.646006973 0.820150671
v -0.294988389 -0.761779678 0.838077688
v -0.287187620 -0.762362568 0.837529517
v 0.196803467 -0.896709667 1.003805232
v -0.080381651 -0.232989332 1.097199578
v -0.004599189 -0.896092495 0.921219923
v 0.070920603 -0.499990771 0.769837036
v -0.444892663 -0.438497640 0.928445489
v -0.211882216 -0.545462976 0.754925987
v -0.211979659 -0.537179199 0.754717263
v -0.528608735 -0.488207621 0.995173380
v -0.328779243 -0.662164041 0.787948097
v -0.320579388 -0.662527873 0.787545118
v -0.221620398 -0.661405024 0.821718923
v -0.422121437 -0.479057420 0.772006788
v 0.196859642 -0.203140358 1.096859642
v -0.579371912 -0.404527767 0.895186486
v -0.012157291 -0.728504299 0.871557577
v 0.037676714 -0.745516561 0.870957427
v 0.033550174 -0.733217362 0.869919428
v -0.305211777 -0.645029633 0.788222334
v 0.196789083 -0.645593498 0.854115076
v -0.567115772 -0.504608365 0.995732627
v 0.105418134 -0.627637497 0.856262464
v 0.045204240 -0.521910872 0.771583964
v 0.088669022 -0.388462510 0.772171490
v -0.412437434 -0.896614467 0.886653839
v -0.421609486 -0.454478103 0.978851977
v -0.421307200 -0.538486169 1.078486945
v -0.145112383 -0.288233287 0.854602444
v -0.055167445 -0.612306476 0.804315775
v -0.161334189 -0.504782169 0.754797987
v -0.121433483 -0.594839257 0.788768710
v -0.321394955 -0.896023312 0.870408122
v -0.194376381 -0.372439861 0.977983180
v -0.143492850 -0.289547358 0.928657482
v 0.128218145 -0.238440423 0.771475917
v -0.111135658 -0.238933086 0.871828661
v -0.094167918 -0.288333405 0.839187536
v -0.228724096 -0.810963169 0.872535330
f 1 2 3 4
f 5 6 7 8
f 8 7 9 10
f 5 8 10 11
f 6 12 9 7
f 13 14 15 16
f 17 18 15 14
f 19 20 21 22
f 23 24 25 26
f 27 28 29 30
f 31 30 29 32
f 33 34 35 36
f 36 35 37 38
f 33 36 38 39
f 40 41 42 43
f 44 45 46 47
f 48 47 46 49
f 50 51 52 53
f 54 55 56 57
f 57 56 58 59
f 54 57 59 60
f 55 61 58 56
f 62 63 64 65
f 66 67 68 69
f 69 68 70 71
f 72 73 74 75
f 76 77 78 79
f 80 81 82 83
f 84 85 86 87
f 88 89 90 91
f 91 90 92 93
f 89 94 92 90
f 95 96 97 98
f 99 100 101 102
f 102 101 103 104
f 99 102 104 105
f 100 106 103 101
f 107 108 109 110
f 111 112 113 114
f 115 116 117 118
f 119 120 121 122
f 123 124 125 126
f 127 128 129 130
f 131 132 133 134
f 135 136 137 138
f 139 135 138 140
f 141 142 143 144
f 145 146 147 148
f 149 150 151 152
f 152 151 153 154
f 149 152 154 155
f 156 157 158 159
f 160 161 162 163
f 164 165 166 167
f 168 169 170 171
f 172 173 174 175
f 176 60 59 177
f 177 59 178 179
f 180 181 182 183
f 180 184 185 181
f 186 187 188 189
f 190 191 192 193
f 194 195 196 197
f 198 199 200 201
f 202 198 201 203
f 202 204 199 198
f 205 206 207 208
f 209 210 211 212
f 213 214 215 216
f 217 218 219 220
f 220 219 221 222
f 218 223 221 219
f 224 225 226 227
f 228 229 230 231
f 228 232 233 229
f 234 235 236 237
f 238 239 240 241
f 238 242 243 239
f 238 241 244 242
f 245 246 247 248
f 249 250 251 252
f 252 251 253 254
f 250 255 253 251
f 256 257 258 259
f 260 155 261 262
f 263 260 262 264
f 265 266 267 268
f 269 270 271 272
f 272 271 273 274
f 270 275 273 271
f 276 277 278 279
f 280 281 282 283
f 284 280 283 285
f 286 287 282 281
f 288 289 290 291
f 292 293 294 295
f 296 297 298 299
f 300 301 302 303
f 300 303 304 305
f 306 307 308 309
f 310 311 312 313
f 310 314 315 311
f 313 312 316 317
f 310 313 317 314
f 318 319 320 321
f 322 323 320 319
f 324 325 326 327
f 324 328 329 325
f 327 326 330 331
f 324 327 331 328
f 332 333 334 335
f 336 337 338 339
f 340 341 338 337
f 342 343 344 345
f 346 347 348 349
f 350 351 352 353
f 354 355 356 357
f 358 359 360 361
f 362 363 364 365
f 366 367 364 363
f 368 369 370 371
f 372 373 374 375
f 376 372 375 377
f 378 379 380 381
f 382 383 384 385
f 386 387 388 389
f 390 391 392 393
f 394 395 396 397
f 398 399 400 401
f 402 398 401 403
f 402 404 399 398
f 405 406 407 408
f 409 410 411 412
f 413 414 415 416
f 417 418 419 420
f 421 422 423 424
f 425 426 427 428
f 429 430 431 432
f 433 434 435 436
f 437 438 439 440
f 437 441 442 438
f 440 439 443 444
f 437 440 444 441
f 445 446 447 448
f 448 447 449 450
f 445 448 450 451
f 452 453 454 455
f 453 456 457 454
f 458 459 460 461
f 458 462 463 459
f 464 465 466 467
f 468 469 470 471
f 472 473 470 469
f 474 397 475 476
f 476 475 477 478
f 479 480 481 482
f 483 484 485 486
f 483 487 488 484
f 489 490 189 491
f 491 189 492 493
f 489 491 493 494
f 495 496 497 498
f 499 500 501 502
f 503 504 505 506
f 507 508 509 510
f 511 512 513 514
f 515 516 517 518
f 519 520 521 522
f 523 524 525 526
f 523 526 527 528
f 529 530 531 532
f 533 534 535 536
f 537 538 539 540
f 541 542 543 544
f 545 541 544 546
f 545 547 542 541
f 548 549 550 551
f 552 553 554 555
f 556 53 557 558
f 559 560 561 562
f 563 564 565 566
f 567 563 566 568
f 567 569 564 563
f 570 571 572 63
f 573 79 574 575
f 576 577 578 579
f 580 581 582 583
f 584 585 586 587
f 588 589 590 591
f 588 592 593 589
f 588 591 594 592
f 595 596 597 598
f 599 600 601 602
f 603 604 605 606
f 607 608 609 610
f 611 612 613 614
f 615 616 617 618
f 619 620 621 622
f 623 624 625 626
f 627 628 629 630
f 631 632 633 634
f 635 636 633 632
f 637 638 639 640
f 641 642 643 644
f 645 646 643 642
f 647 648 649 650
f 651 652 653 654
f 655 656 653 652
f 657 654 653 656
f 344 658 659 660
f 661 662 663 664
f 665 666 667 668
f 669 670 671 672
f 673 674 675 676
f 677 678 679 24
f 680 681 682 683
f 684 685 686 687
f 688 689 690 691
f 692 693 690 689
f 694 691 690 693
f 695 696 697 698
f 699 700 701 702
f 703 704 705 706
f 706 705 707 708
f 709 710 711 712
f 713 714 715 716
f 717 718 719 720
f 717 721 722 718
f 723 724 725 726
f 727 728 729 730
f 731 732 733 734
f 735 736 737 738
f 739 740 741 742
f 743 451 744 745
f 746 743 745 747
f 748 749 750 751
f 748 752 753 749
f 748 751 754 752
f 755 756 757 758
f 759 760 761 762
f 763 764 765 766
f 767 768 769 770
f 771 772 293 292
f 773 774 775 776
f 777 778 779 780
f 781 782 783 784
f 777 781 784 778
f 777 780 782 781
f 785 786 787 788
f 789 790 791 792
f 793 794 795 796
f 797 798 799 800
f 801 802 803 804
f 805 806 807 808
f 809 810 811 812
f 813 814 811 810
f 815 816 817 818
f 819 820 821 822
f 819 823 824 820
f 825 826 827 828
f 829 830 831 832
f 833 834 835 836
f 837 833 836 838
f 839 840 841 842
f 843 844 845 846
f 847 848 849 850
f 843 847 850 844
f 843 846 848 847
f 851 852 853 854
f 855 856 852 851
f 857 858 859 860
f 860 859 861 862
f 858 863 861 859
f 864 865 866 867
f 868 869 870 871
f 872 873 874 875
f 876 877 878 879
f 880 881 882 883
f 884 885 886 887
f 888 889 890 891
f 892 893 894 895
f 896 897 898 899
f 900 901 902 903
f 904 428 902 901
f 905 906 907 908
f 909 910 911 912
f 913 914 915 916
f 917 918 919 920
f 921 922 923 924
f 925 921 924 926
f 925 927 922 921
f 928 929 930 931
f 932 933 934 935
f 936 937 934 933
f 938 478 939 940
f 941 942 943 944
f 945 946 947 948
f 949 950 951 952
f 953 954 955 956
f 957 958 959 960
f 961 867 962 963
f 964 965 966 504
f 967 968 969 970
f 971 123 126 972
f 973 974 975 976
f 977 978 979 980
f 981 982 983 984
f 985 981 984 986
f 985 987 982 981
f 988 156 159 989
f 990 991 992 993
f 994 995 996 997
f 994 998 999 995
f 1000 1001 1002 1003
f 1000 1004 1005 1001
f 1003 1002 1006 1007
f 1000 1003 1007 1004
f 1008 1009 1010 1011
f 1012 1013 1014 937
f 1015 1016 1017 1018
f 1019 1020 1021 1022
f 697 1023 187 186
f 1024 1025 1026 1027
f 715 1028 1029 1030
f 722 1031 1032 1033
f 1034 1035 1036 1037
f 1038 1039 195 194
f 1040 1041 1042 1043
f 1044 606 1045 1046
f 1047 1048 119 1049
f 1050 1051 1052 1053
f 1054 622 1055 1056
f 1057 1058 1059 1060
f 1061 1062 1063 1064
f 1061 1065 1066 1062
f 1067 1068 1069 1070
f 1071 1072 1073 1074
f 1075 1076 1077 1078
f 1079 424 1080 1081
f 791 436 1082 1083
f 1084 1085 1086 1087
f 1088 1089 1090 1091
f 1092 1088 1091 1093
f 1094 650 1095 1096
f 1097 1098 656 655
f 1099 1100 1101 1102
f 1103 1099 1102 1104
f 807 1105 1106 1107
f 1108 1109 1110 1020
f 1111 1112 1113 1114
f 1115 1116 1117 1118
f 1119 1120 1121 1122
f 1123 1124 1125 1126
f 1126 1125 1127 1128
f 1123 1126 1128 1129
f 1130 1131 1132 1133
f 1134 1135 1136 1137
f 1137 1136 1138 1139
f 1140 1141 1142 1143
f 1144 1145 1146 1147
f 1148 1149 1150 1151
f 1152 1153 1154 1155
f 1156 1157 1158 1159
f 1160 1161 1162 1163
f 1164 1165 1166 81
f 1167 1168 1169 1170
f 1171 1172 1173 1174
f 1175 1174 1173 1176
f 1177 1178 1179 1180
f 1181 1182 1183 569
f 1184 575 1185 1186
f 1187 762 1188 1189
f 1190 1191 1192 1193
f 1194 1195 1196 1197
f 898 1198 1199 1200
f 1201 1202 1203 1204
f 1205 610 1206 1207
f 1208 1209 1210 1211
f 1212 1213 1214 1215
f 1216 1217 1218 1219
f 1220 1221 430 429
f 1222 1223 1224 1225
f 1226 1227 1228 1229
f 1230 1231 1232 1233
f 1234 464 467 1235
f 1236 1237 1238 1239
f 1240 1241 1242 1243
f 1244 1245 73 72
f 1246 483 486 1247
f 1248 1249 1250 1251
f 1251 1250 1252 1253
f 1249 1254 1252 1250
f 833 1255 1256 834
f 1257 1258 1256 1255
f 1259 1257 1255 833
f 1260 1261 1262 1263
f 1261 1264 1265 1262
f 1266 1267 163 1268
f 1269 1270 1271 1272
f 1266 1269 1272 1267
f 1268 163 1271 1270
f 1266 1268 1270 1269
f 1273 1274 1275 1276
f 1277 1278 1279 1280
f 1281 1282 1283 1284
f 1285 1286 1287 1288
f 143 1289 1290 1291
f 1292 1293 1294 1295
f 1296 1297 1298 1299
f 1296 1300 1301 1297
f 1296 1299 1302 1300
f 1303 1304 1305 1306
f 1307 1308 1309 1310
f 22 21 560 559
f 1311 1312 1313 1314
f 1315 1316 1317 1318
f 1319 1320 1321 1322
f 1323 1324 1325 1326
f 1327 1328 1329 1330
f 1331 1332 1329 1328
f 1333 1334 1335 1336
f 1337 944 1338 1339
f 236 1340 191 190
f 1341 780 779 1342
f 1341 1343 1344 780
f 1345 1346 1347 1348
f 1349 1350 1351 1352
f 1353 1288 1354 1355
f 67 1356 1357 68
f 68 1357 1358 70
f 1359 1360 1361 1362
f 86 1363 1364 1365
f 87 86 1365 1366
f 1367 1368 1369 1370
f 1370 1369 1371 1372
f 1373 1374 1375 1376
f 83 82 1129 1377
f 114 113 1378 1332
f 1379 1380 1381 1382
f 1383 1384 1385 1386
f 1387 1388 1389 1390
f 1391 1392 1393 1394
f 1395 1396 1397 1398
f 331 330 1399 1400
f 331 1400 1401 1402
f 1403 1404 666 665
f 1158 1405 1406 1407
f 1408 684 1409 1410
f 1408 1411 685 684
f 1412 1413 1414 1415
f 1412 1416 1417 1413
f 1418 1419 1420 1421
f 1422 1423 714 713
f 181 717 720 182
f 181 185 721 717
f 1424 332 335 1425
f 1426 1427 1428 1429
f 1426 1429 1430 1431
f 1432 735 738 1433
f 1434 1435 1436 1437
f 1438 1439 1440 1441
f 1442 1443 1444 1065
f 1445 1070 1446 1447
f 380 899 355 354
f 1448 1083 1449 1450
f 1451 1452 1453 1454
f 1455 948 1456 1457
f 1458 1459 1460 1461
f 1270 1271 669 1462
f 1270 801 1463 1271
f 1462 669 672 802
f 1270 1462 802 801
f 1464 1465 1466 1467
f 1468 1469 1470 1471
f 1471 1470 1472 1473
f 1474 695 698 1475
f 1279 1474 1475 1476
f 1477 1478 1479 1480
f 1481 713 716 1482
f 1483 1481 1482 1484
f 1485 1486 1487 1488
f 1488 1487 1489 1490
f 1485 1488 1490 1491
f 1486 1492 1489 1487
f 1493 1494 1495 1496
f 1497 1498 1499 1500
f 1497 1501 1502 1498
f 1503 1504 1505 1506
f 1506 1505 1507 1508
f 1503 1506 1508 1509
f 1504 1510 1507 1505
f 1511 1512 1513 1514
f 1515 1511 1514 1516
f 1515 1517 1512 1511
f 1518 1519 453 452
f 1519 1520 456 453
f 1521 1522 1523 1524
f 1525 1521 1524 1526
f 1525 1527 1522 1521
f 1528 1529 763 1530
f 1531 1532 1533 1534
f 1535 1536 1537 1538
f 1535 1539 1540 1536
f 1535 1538 1541 1539
f 1542 468 471 1543
f 1544 1545 1546 1547
f 1548 1544 1547 1549
f 1548 1550 1545 1544
f 1551 1552 1553 1554
f 165 1555 1556 166
f 1557 1558 1559 1560
f 1557 1561 1562 1558
f 1557 1560 1563 1561
f 353 352 1564 1565
f 1566 1567 14 13
f 1568 1569 1570 1571
f 1568 537 540 1569
f 1572 1050 1053 1573
f 1574 1575 1576 1577
f 1578 1579 1576 1575
f 367 1580 1581 364
f 1582 1583 889 888
f 1335 892 895 1584
f 1585 1586 1587 1588
f 191 1075 1078 192
f 1589 1590 1591 1592
f 1593 1594 901 900
f 1595 904 901 1594
f 1596 1597 1537 1536
f 1598 909 912 1599
f 197 196 1600 1601
f 1602 1603 1604 1605
f 1606 1607 1608 1609
f 1610 1606 1609 1611
f 1612 1613 1608 1607
f 1610 1612 1607 1606
f 1614 1084 1087 1615
f 1616 50 53 556
f 225 928 931 226
f 609 72 75 1617
f 414 953 956 415
f 621 1618 585 584
f 1619 1620 1621 1622
f 1623 1624 1625 1626
f 1627 1628 974 973
f 1629 1630 1631 1632
f 1633 1634 1635 1636
f 274 273 1635 1634
f 275 1636 1635 273
f 432 431 1637 1638
f 1639 1640 1641 1642
f 1643 1644 1645 1646
f 1647 1648 108 107
f 1649 1650 1651 1308
f 1652 1653 1654 1655
f 1655 1654 150 149
f 1652 1655 149 1656
f 1657 1658 1016 1015
f 659 1659 161 160
f 532 531 1660 1661
f 1662 1663 1664 1665
f 1666 1667 1668 1669
f 1670 1671 1672 1673
f 1674 1675 1676 1677
f 1678 1679 1680 1681
f 1682 180 183 1683
f 1678 1682 1683 1679
f 1678 1681 180 1682
f 1684 1685 1686 1687
f 1688 1689 1690 1691
f 1691 1690 6 5
f 1689 1692 6 1690
f 1693 1694 1695 1696
f 1697 1698 19 1699
f 1700 1044 1046 1701
f 1702 1703 967 1704
f 1705 1706 1707 1708
f 1709 1710 1711 794
f 1712 1713 1714 1715
f 1716 1717 1718 1719
f 1720 1638 206 205
f 1721 1722 1723 1724
f 586 1376 1725 1726
f 1727 234 237 1728
f 1729 1730 1731 1732
f 1733 1734 1735 1736
f 1736 1735 1100 1099
f 1733 1736 1099 1103
f 617 1737 756 755
f 625 1738 1739 1740
f 626 625 1740 35
f 787 1276 1741 1742
f 634 633 1743 1744
f 1744 1743 281 280
f 634 1744 280 284
f 633 286 281 1743
f 1745 1746 1747 1748
f 1749 1745 1748 1750
f 1749 1751 1746 1745
f 459 1752 1753 460
f 459 463 1754 1752
f 1755 1756 1040 1757
f 1758 1759 1760 1761
f 1762 1763 1764 1765
f 1766 1767 1768 1405
f 1769 1770 1771 1772
f 1773 1774 1775 1776
f 1773 1777 1778 1774
f 1779 1780 1781 1782
f 1779 1783 1784 1780
f 1785 1786 1787 1788
f 1789 1790 1791 1792
f 173 1793 1794 174
f 1795 1796 1797 1798
f 1799 1800 1071 1801
f 522 521 1157 1156
f 1802 64 1803 1804
f 1802 1804 333 332
f 1805 1160 1163 1806
f 2 1807 1808 3
f 1809 1810 1811 1812
f 1812 1811 337 336
f 1810 340 337 1811
f 1813 93 1814 1815
f 1816 1817 1818 1819
f 1820 1821 1822 1823
f 24 679 1824 25
f 1825 1826 369 368
f 232 1827 1828 233
f 1829 1830 378 1831
f 1832 1833 1834 1835
f 53 52 1836 557
f 736 1837 1838 737
f 63 572 1803 64
f 75 74 1839 1840
f 79 78 1841 574
f 1842 1843 1844 1845
f 1842 1845 1846 1847
f 581 1848 1849 582
f 760 1850 1851 761
f 592 1852 1853 593
f 592 594 1854 1852
f 86 1855 1856 1363
f 1857 1858 1856 1855
f 85 1857 1855 86
f 1625 1467 1859 1860
f 1861 1862 1863 1864
f 1861 1865 1866 1862
f 1861 1864 1867 1865
f 1868 1869 1870 1871
f 1872 1873 1874 1875
f 1876 1877 1873 1872
f 1878 1879 1880 1881
f 1882 1883 263 1884
f 98 97 1885 1886
f 1887 1888 1889 1890
f 1891 1892 1893 1894
f 1895 1896 1897 1501
f 1898 1899 1900 1901
f 120 1902 1903 121
f 128 1904 1905 129
f 132 1906 1907 133
f 142 1908 1289 143
f 148 147 1909 1910
f 1911 932 935 1912
f 1913 1914 1915 1916
f 167 166 1917 1918
f 820 1919 1920 821
f 820 824 1921 1919
f 1922 515 518 1923
f 1924 1925 1926 1927
f 1928 1929 1847 1930
f 1928 1429 1428 1929
f 1928 1930 1931 1429
f 187 1932 1933 188
f 871 870 350 1934
f 1935 1936 1937 1938
f 1935 1939 1940 1936
f 1935 1938 1941 1939
f 1942 1943 1944 1945
f 1029 1946 1947 1948
f 668 667 1949 1950
f 1951 1599 1952 1953
f 204 1954 1955 199
f 216 215 1956 1957
f 1957 1956 1958 1959
f 215 1960 1958 1956
f 1961 1962 1963 1964
f 1965 1333 1336 1966
f 237 236 190 1967
f 885 1968 1969 886
f 1970 1971 1972 1973
f 241 1974 1975 244
f 259 258 1976 1977
f 277 1047 1049 278
f 1978 1979 1980 1981
f 1746 1978 1981 1747
f 1746 1982 1979 1978
f 1086 619 622 1054
f 478 477 1983 939
f 303 302 1984 1985
f 303 1985 1986 304
f 963 962 1384 1383
f 1784 1987 1392 1391
f 1988 1989 1990 1991
f 1992 1993 1994 1995
f 1996 1997 1998 1999
f 347 2000 519 348
f 1139 1138 2001 2002
f 2002 2001 2003 2004
f 553 2005 2006 554
f 2007 2008 2009 1698
f 2010 2011 2012 2013
f 2010 2014 2015 2011
f 2016 2017 2018 2019
f 2020 2016 2019 2021
f 2020 2022 2017 2016
f 2023 2024 2025 2026
f 2027 2026 2025 2028
f 359 2029 2030 360
f 2031 2032 674 673
f 2033 2034 2035 2036
f 2036 2035 2037 2038
f 2033 2036 2038 2039
f 2034 2040 2037 2035
f 2041 2042 2043 2044
f 2042 2045 2046 2043
f 2047 2048 693 692
f 1179 694 693 2048
f 381 380 354 2049
f 1037 1036 2050 2051
f 393 392 2052 2053
f 2054 2055 2056 2057
f 2058 2054 2057 2059
f 2058 2060 2055 2054
f 2061 2062 2063 2064
f 2061 2064 746 2065
f 2066 759 762 1187
f 2067 2068 2069 2070
f 2071 402 403 2072
f 1062 2071 2072 1063
f 1062 1066 402 2071
f 897 2073 1198 898
f 436 435 615 1082
f 1093 1091 623 2074
f 455 454 2075 2076
f 454 457 785 2075
f 1232 2077 2078 2079
f 2080 2081 2082 2083
f 512 2084 2085 513
f 520 2086 2087 521
f 2088 2089 2090 2091
f 1004 1007 2092 2093
f 2094 254 1567 1566
f 1145 1568 1571 1146
f 1145 2095 537 1568
f 2096 2097 865 864
f 2098 2099 2100 2101
f 726 725 2102 2103
f 711 2104 2105 2106
f 2107 2108 2109 2110
f 2107 2110 677 2111
f 1025 2112 2113 1026
f 569 1183 2114 564
f 2115 2074 2116 2117
f 571 2115 2117 572
f 575 574 2118 1185
f 583 582 2119 2120
f 2121 2122 2123 2124
f 2125 2126 2127 2128
f 1321 2129 2130 2131
f 598 597 2132 2133
f 2134 2135 2136 2137
f 2138 2139 570 2140
f 610 609 1617 1206
f 614 613 1518 2141
f 2142 309 308 2143
f 2144 2145 2146 2147
f 2142 2144 2147 309
f 2142 2143 2145 2144
f 622 621 584 1055
f 2148 2149 2150 2151
f 638 1323 1326 639
f 2152 2153 2154 2155
f 650 649 635 1095
f 2156 2157 2158 2159
f 2156 2159 2160 2161
f 2162 971 972 2163
f 2164 1779 1782 2165
f 2164 2166 1783 1779
f 658 2167 1659 659
f 2168 2169 2170 2171
f 2172 2173 1013 1012
f 2174 2140 62 2175
f 2176 2174 2175 1821
f 2177 2178 2179 2180
f 696 140 1023 697
f 714 2181 1028 715
f 721 2182 1031 722
f 2183 1967 2184 2185
f 2186 2187 2188 2189
f 2190 2191 2192 2193
f 2194 2195 99 2196
f 2055 2197 2198 2056
f 2055 2199 2200 2197
f 762 761 2201 1188
f 764 1418 1421 765
f 2202 2203 2204 465
f 2202 2205 2206 2203
f 776 775 2207 2208
f 2209 2210 2211 2212
f 2213 2214 2215 2216
f 924 923 2214 2213
f 780 1344 2217 782
f 2218 2219 532 2220
f 2221 2222 1661 2223
f 2218 2221 2223 2219
f 2220 532 1661 2222
f 2218 2220 2222 2221
f 2224 2225 2226 2227
f 2228 2229 1751 1749
f 1355 1354 2230 2231
f 2232 2233 2234 2235
f 792 791 1083 1448
f 2236 2237 1092 2238
f 1215 1214 2239 2240
f 2241 2242 2243 2244
f 826 2245 2246 827
f 2247 2248 2249 2250
f 2248 2251 2252 2249
f 2253 2254 1716 2255
f 2256 2257 1796 1795
f 1382 1381 2258 2259
f 2260 2261 2258 1381
f 856 562 561 2262
f 852 2263 2264 853
f 2262 561 2264 2263
f 856 2262 2263 852
f 1508 1507 2265 2266
f 2266 2265 2267 2268
f 2269 819 822 2270
f 2271 2269 2270 577
f 1394 2272 2273 2274
f 1394 1393 2275 2272
f 1533 1483 1484 2276
f 869 2277 2278 870
f 1402 2279 2280 2281
f 1402 1401 2282 2279
f 1035 2283 2284 1036
f 2285 2286 2287 2288
f 2288 2287 1826 1825
f 2285 2288 1825 2289
f 2290 2291 2292 2293
f 2294 2295 2296 2297
f 2295 2298 1177 2296
f 2299 2300 732 2301
f 1065 1444 2302 1066
f 895 894 1194 2303
f 2304 353 1565 2305
f 2306 2307 2308 2309
f 2306 2310 2311 2307
f 2306 2309 1201 2310
f 899 898 1200 355
f 908 907 1205 2312
f 912 911 1050 1572
f 2313 2314 2315 2316
f 920 919 2317 2318
f 948 947 1079 1456
f 952 951 904 1595
f 960 959 2319 2320
f 2320 2319 1221 1220
f 959 2321 1221 2319
f 1346 2322 905 1347
f 2323 2324 2325 2326
f 2327 2323 2326 2328
f 2327 2329 2324 2323
f 968 2330 2331 969
f 2332 1230 1233 2333
f 2334 1246 1247 2335
f 998 2336 964 999
f 2337 2338 2339 2340
f 1498 2337 2340 1499
f 1498 1502 2338 2337
f 2341 1639 1642 2342
f 2343 2344 2345 2346
f 2343 2346 2347 2348
f 2349 2350 2351 2352
f 1150 2353 2354 2355
f 2356 2357 2358 2359
f 2360 2361 2362 2363
f 2364 2365 2366 2367
f 2368 1144 1147 2369
f 1545 2368 2369 1546
f 1545 2370 1144 2368
f 2371 2372 2373 2374
f 2375 2376 2377 2378
f 2379 2380 2381 2382
f 1561 2379 2382 1562
f 1561 1563 2380 2379
f 1043 1042 2383 2384
f 2385 2386 2387 2388
f 2389 2238 2390 2391
f 2392 2389 2391 2139
f 1053 1052 1184 2393
f 2394 2395 2396 2397
f 2398 2399 2400 2401
f 2401 2400 2402 2403
f 2404 1319 1322 2405
f 2406 2407 2408 2409
f 2410 2411 2408 2407
f 2412 2409 2408 2411
f 1072 1693 1696 1073
f 1078 1077 1044 1700
f 1601 1600 2413 2414
f 2415 1702 1704 2416
f 1083 1082 2417 1449
f 1087 1086 1054 2418
f 2419 2420 2421 2422
f 1096 1095 2421 2420
f 2423 2424 2348 2425
f 2423 2159 2158 2424
f 2423 2425 2426 2159
f 2427 2428 2429 2430
f 2431 2432 1094 2433
f 2434 1733 1103 2435
f 1641 2436 2437 2438
f 2439 2440 2441 2442
f 2443 2444 2445 2446
f 2447 2448 2449 2450
f 2447 2451 2452 2448
f 2453 2454 2455 2456
f 2453 2457 2458 2454
f 2453 2456 2459 2457
f 1120 2460 2461 1121
f 2462 2463 2464 2465
f 2466 2467 2468 2469
f 2470 1408 1410 2471
f 2470 2472 1411 1408
f 2473 2474 2048 2047
f 1180 1179 2048 2474
f 2475 2476 2477 929
f 2478 2479 2480 2481
f 2482 1432 1433 954
f 1200 1199 2483 2484
f 2485 2058 2059 2486
f 2485 2487 2060 2058
f 1207 1206 2488 2489
f 2315 2490 2066 2491
f 2492 2493 2494 2495
f 1211 1210 2496 2497
f 1211 2497 2498 2499
f 2500 2501 2502 2503
f 1588 1587 2504 2505
f 1219 1218 1992 2506
f 1851 1451 1454 2507
f 2508 2509 2510 2511
f 2508 2512 926 2509
f 2513 2514 1830 1829
f 2515 2516 1833 1832
f 2517 2244 2518 2519
f 2520 2521 2522 2523
f 2524 2525 2521 2520
f 1241 2526 2527 1242
f 2528 2529 753 752
f 2528 2530 2531 2529
f 2528 752 2532 2530
f 2533 2534 2535 2536
f 2537 2538 2539 2540
f 1276 1275 2541 1741
f 1624 1464 1467 1625
f 1278 171 170 2542
f 1278 2542 1474 1279
f 1405 1768 2543 1406
f 1772 1771 2544 2545
f 1308 1651 1387 1309
f 2546 2547 2548 2549
f 2546 2550 2551 2547
f 2546 2549 1531 2550
f 1788 1787 2097 2096
f 2552 2553 2554 2555
f 2553 2556 2557 2554
f 2558 2559 2560 2561
f 2558 1548 1549 2559
f 2558 2561 1550 1548
f 2562 2563 2564 2565
f 1314 1313 2566 2567
f 2396 583 2120 2568
f 2569 591 590 2570
f 1318 1317 2571 2572
f 1322 1321 2131 2573
f 38 37 2574 2575
f 38 2575 1583 1582
f 1336 1335 1584 2576
f 2577 2578 2579 2580
f 2581 2582 1064 2583
f 2584 2585 2586 2587
f 2587 2586 1594 1593
f 2585 1595 1594 2586
f 1348 1347 2588 2589
f 1972 1598 1599 1951
f 1350 2590 2591 1351
f 2592 2593 1612 1610
f 1852 2594 2595 1853
f 1852 1854 2596 2594
f 1372 1371 2597 2598
f 1376 1375 1337 1725
f 1979 2599 2600 1980
f 1979 2601 2602 2599
f 2603 2604 2605 2606
f 2607 2608 2125 2609
f 2610 2611 2612 2613
f 2610 2614 2615 2611
f 2616 2617 2618 1556
f 2619 1917 2618 2617
f 166 1556 2618 1917
f 2620 371 1658 1657
f 1415 1414 2621 2622
f 1780 2623 2624 1781
f 1780 1784 1391 2623
f 2625 2626 2627 2628
f 2629 2630 1667 1666
f 1423 2631 2181 714
f 2632 2633 2634 2635
f 1429 1931 2636 1430
f 2637 1473 2638 2639
f 2639 2638 957 2640
f 1950 1949 2641 473
f 2642 1705 1708 2643
f 199 2642 2643 200
f 199 1955 1705 2642
f 2644 2023 2026 2645
f 2646 2645 2026 2027
f 2647 2648 2649 2650
f 1959 1958 2651 2652
f 2653 2654 2655 2656
f 2657 2658 2659 2660
f 2661 1712 1715 2662
f 2663 2664 2665 2666
f 2667 2668 2669 2670
f 2671 2667 2670 2672
f 2673 1284 2669 2668
f 2671 2673 2668 2667
f 2518 789 792 2674
f 262 261 2675 2676
f 2676 2675 2677 2237
f 262 2676 2237 2236
f 2678 2679 2680 2681
f 2682 1729 1732 2683
f 2682 2684 2685 1729
f 2686 2616 2687 2688
f 2689 1310 1309 2690
f 2691 2692 2693 2694
f 2689 2691 2694 1310
f 2690 1309 2693 2692
f 2689 2690 2692 2691
f 1467 1466 2695 1859
f 1478 2696 2697 1479
f 2698 2699 2700 2701
f 1501 1897 2702 1502
f 1532 2703 1483 1533
f 1552 2704 2705 1553
f 2706 2652 1786 1785
f 2707 2708 2709 2710
f 1919 2707 2710 1920
f 1919 1921 2708 2707
f 2711 2712 2713 2714
f 352 2715 2716 1564
f 2717 1805 1806 2718
f 2719 2720 2721 2722
f 2723 2724 2725 2726
f 2723 2727 2728 2724
f 2729 2495 2730 2731
f 2038 2037 1689 1688
f 2040 2732 1689 2037
f 2733 2734 2735 2736
f 2737 2738 2739 2740
f 1592 1591 2741 2742
f 1599 912 1572 1952
f 2743 2744 2745 2746
f 2746 2745 2747 2748
f 2749 2750 2751 2752
f 2752 2751 2753 2754
f 2755 2756 2757 2758
f 2759 2760 2761 2762
f 1617 75 1840 2763
f 2764 2765 2766 2767
f 2768 651 1858 1857
f 2769 2768 1857 85
f 1626 1625 1860 2770
f 2771 2332 2333 2772
f 2773 2774 2775 2776
f 1640 2777 2436 1641
f 2778 2779 2780 2781
f 2782 2334 2335 1416
f 2078 2783 1623 2784
f 1770 2785 2786 2787
f 1770 2787 2788 1771
f 2789 2790 2791 2792
f 2793 2794 2795 2796
f 2083 2082 2797 2798
f 2799 2349 2352 2800
f 2091 2090 1769 2801
f 531 2802 1649 1660
f 1667 1524 1297 1668
f 2803 2804 1653 1652
f 2805 2803 1652 2806
f 1677 1676 2807 2808
f 1687 1686 2809 2810
f 2811 2812 2813 2814
f 2815 2816 2817 2818
f 1715 1714 2819 2820
f 1717 2821 2822 1718
f 564 2823 2824 565
f 564 2114 2825 2823
f 2826 2827 2828 2829
f 2117 2116 34 33
f 572 2117 33 1803
f 1728 237 1967 2183
f 2129 2830 1970 2130
f 2831 259 1977 2832
f 2068 2833 2834 2069
f 1751 2835 1982 1746
f 2836 2837 2838 2839
f 2836 2840 2841 2837
f 2836 2839 2842 2840
f 2149 2843 2844 2150
f 1899 2845 2846 1900
f 1904 2847 2848 1905
f 2849 2850 2851 2852
f 2853 2213 2216 2854
f 2855 2853 2854 2856
f 2855 924 2213 2853
f 1776 1775 2857 2858
f 2859 2823 2825 2860
f 327 2861 2862 326
f 2859 327 326 2823
f 2859 2860 2861 327
f 521 2087 1766 1157
f 1815 1814 2863 2864
f 2864 2863 2865 2866
f 1814 2867 2865 2863
f 2868 2253 2255 2869
f 1954 2870 2871 1955
f 2175 62 65 2872
f 1821 2175 2872 1822
f 2178 2873 2874 2179
f 2875 84 87 2876
f 2877 2875 2876 2658
f 708 707 88 2878
f 1831 378 381 2879
f 1835 1834 95 2880
f 2187 2666 2881 2188
f 2193 202 203 2882
f 2193 2192 204 202
f 2883 2884 2885 2886
f 2886 2885 2887 2888
f 2883 2886 2888 2889
f 2196 99 105 2890
f 2891 390 393 2892
f 2893 2894 2443 2895
f 1845 1844 2286 2285
f 1845 2285 2289 1846
f 582 1849 1965 2119
f 761 1851 2507 2201
f 2122 2513 1829 2123
f 1873 2896 127 1874
f 1877 2897 2896 1873
f 1881 1880 2898 2899
f 775 2517 2519 2207
f 2210 2900 2901 2211
f 1883 1656 149 2902
f 2902 149 155 260
f 1883 2902 260 263
f 1888 248 2903 1889
f 1894 1893 2904 2905
f 2906 2907 2908 2909
f 2910 2911 2912 2913
f 2914 2915 2916 2917
f 2914 2918 2919 2915
f 1914 2920 1 1915
f 2921 2922 2081 2080
f 2619 2923 2924 1917
f 2925 2926 2924 2923
f 2927 2925 2923 2619
f 1918 1917 2924 2926
f 2000 2928 520 519
f 2929 2930 2931 311
f 2929 311 315 2932
f 2933 2934 2935 2936
f 1925 2933 2936 1926
f 2937 2938 2939 2940
f 2941 2942 213 2943
f 2941 2943 2944 2945
f 2946 1476 2947 2948
f 2949 2950 2951 2952
f 1930 1847 1846 2953
f 1930 2953 2954 1931
f 2276 1484 347 346
f 870 2278 351 350
f 1938 1937 2515 2955
f 1938 2955 2956 1941
f 1945 1944 249 2957
f 2958 2959 2960 2961
f 2958 2961 2962 2963
f 2964 2965 2966 2967
f 2968 2969 2966 2965
f 1966 1336 2576 2970
f 2971 2972 296 2973
f 2974 2971 2973 2975
f 1967 190 193 2184
f 2976 2977 2978 2979
f 2980 1348 2589 2981
f 1973 1972 1951 2982
f 1974 2983 2984 1975
f 2985 389 2986 2987
f 1977 1976 2988 2989
f 2990 2991 2992 2993
f 2994 413 416 1777
f 782 2995 2996 783
f 782 2217 2997 2995
f 2998 2999 3000 3001
f 1995 1994 3002 3003
f 1999 1998 3004 508
f 1007 1006 3005 3006
f 1007 3006 529 2092
f 3007 3008 2630 2629
f 550 3009 3010 3011
f 3011 3010 3012 3013
f 3009 3014 3012 3010
f 3015 546 544 3016
f 3017 2462 2465 3018
f 2049 354 357 3019
f 2881 3020 2646 3021
f 1036 2284 358 2050
f 2053 2052 3022 3023
f 3024 3025 3026 3027
f 2060 3028 2199 2055
f 2064 2063 445 3029
f 3029 445 451 743
f 2064 3029 743 746
f 3030 3031 3032 3033
f 3031 3034 3035 3032
f 2070 2069 3036 3037
f 3038 3039 3040 3041
f 2147 3038 3041 3042
f 2147 2146 3039 3038
f 3043 3044 3045 3046
f 2151 2150 3047 3048
f 1082 615 618 2417
f 2153 3049 511 2154
f 2314 3050 2490 2315
f 1091 1090 523 3051
f 3051 523 528 624
f 1091 3051 624 623
f 3052 3053 3054 3055
f 100 101 3056 3057
f 3055 3054 3056 101
f 3052 3055 101 100
f 3053 3057 3056 3054
f 2079 2078 2784 3058
f 2422 2421 632 631
f 1095 635 632 2421
f 2428 2224 2227 2429
f 3059 2232 2235 3060
f 2089 2524 2520 2090
f 3061 2537 2540 3062
f 2459 3063 2257 2256
f 3064 3065 3066 3067
f 2103 2102 595 3068
f 2110 3069 678 677
f 3070 3071 611 3072
f 3073 3074 3075 3076
f 3077 3078 3079 3080
f 3080 3079 3081 3082
f 3078 3083 3081 3079
f 3084 3085 2291 2290
f 2124 2123 3086 3087
f 2126 3088 637 2127
f 2204 231 3089 3090
f 3091 3092 3093 3094
f 3091 720 719 3092
f 2131 2130 3095 3096
f 2212 2211 3097 3098
f 2135 730 3099 2136
f 2139 2391 571 570
f 2395 580 583 2396
f 3100 3101 2768 2769
f 3102 1626 2770 3103
f 3104 3105 3106 3107
f 3108 3109 3110 3111
f 3112 3113 3114 3115
f 3116 2004 628 627
f 2159 2426 2228 2160
f 3117 3118 3119 1898
f 3120 3121 3119 3118
f 2933 3122 1820 2934
f 835 3123 3122 2933
f 853 2264 3124 2950
f 3125 3126 699 3127
f 3125 994 997 3126
f 3125 3127 998 994
f 3128 3129 3130 3131
f 3132 3128 3131 3133
f 3134 3135 3136 3137
f 3138 3139 3140 3141
f 3134 3138 3141 3135
f 3134 3137 3139 3138
f 3142 3143 3144 3145
f 3146 3142 3145 3147
f 3148 3149 3144 3143
f 3146 3148 3143 3142
f 2171 2170 723 3150
f 3151 2164 2165 3152
f 2448 3151 3152 2449
f 2448 2452 2164 3151
f 3153 2607 2609 3154
f 3155 3156 3157 3158
f 3159 3155 3158 3160
f 3160 3158 3157 3161
f 2181 3162 3163 1028
f 2189 2188 3164 3165
f 2191 3166 3167 2192
f 3168 879 3169 3170
f 3171 3170 3169 3172
f 3173 3174 3175 3176
f 3173 3177 3178 3174
f 3179 3180 3181 942
f 3182 3183 3184 3185
f 3186 884 887 3187
f 2481 2480 3188 3189
f 3190 3191 2186 3192
f 3193 3194 142 141
f 3195 3193 141 488
f 3195 3196 3194 3193
f 3197 3198 2412 3199
f 3200 3201 3202 3203
f 3204 3205 3206 3207
f 3204 3207 3208 3209
f 2229 3210 2835 1751
f 3211 2805 2806 3212
f 3213 3214 3215 3216
f 3213 1609 3217 3214
f 2509 2855 2856 2510
f 2509 926 924 2855
f 3218 3219 1509 3220
f 2244 2243 789 2518
f 257 3221 3222 258
f 2250 2249 3223 3224
f 2249 2252 2431 3223
f 3225 3226 3227 3228
f 3228 3227 3229 525
f 3225 3228 525 524
f 1636 3230 3231 3232
f 3233 3234 3231 3230
f 3235 2698 2701 3236
f 2277 3237 3238 2278
f 3239 1011 3240 3241
f 2297 2296 3242 3243
f 2296 1177 1180 3242
f 335 334 1035 1034
f 355 1200 2484 356
f 3244 3245 3246 3247
f 3248 3249 2012 2011
f 3248 2485 2486 3249
f 3248 2011 2487 2485
f 3250 3251 3252 2719
f 3250 3253 3254 3251
f 3250 2719 2722 3253
f 2316 2315 2491 3255
f 3256 2492 2495 2729
f 2430 2429 3257 3258
f 1347 905 908 2588
f 2324 3259 825 2325
f 391 3260 2313 392
f 3261 3262 3263 3264
f 2333 1233 3265 3266
f 2433 1094 1096 3267
f 2680 3268 2427 3269
f 3270 2293 3271 3272
f 3272 3271 2033 496
f 2338 3273 3274 2339
f 2702 3275 3274 3273
f 1502 2702 3273 2338
f 2346 2345 3276 3277
f 2346 3277 2439 2347
f 2359 2358 3278 1116
f 3279 3280 1706 3281
f 3282 3283 3284 3285
f 3279 3282 3285 3280
f 3279 3281 3283 3282
f 3286 3287 3288 3289
f 3290 3291 3292 3293
f 3294 3295 3296 3297
f 3290 3294 3297 3291
f 3293 3292 3296 3295
f 3290 3293 3295 3294
f 3298 2968 2965 3299
f 2477 712 3300 3301
f 2386 3302 3303 2387
f 3304 3305 3306 3307
f 3308 3304 3307 3309
f 3310 3311 3306 3305
f 3312 3313 3314 3315
f 3312 1181 3316 3313
f 3312 3315 1182 1181
f 18 3317 3318 15
f 3319 3320 3321 3322
f 15 3318 3321 3320
f 3317 3322 3321 3318
f 2397 2396 2568 3323
f 3324 3107 3325 3326
f 2405 1322 2573 3327
f 2504 3328 3329 3330
f 2744 3331 3332 2745
f 2745 3332 3333 2747
f 2418 1054 1056 3334
f 230 3335 3336 3337
f 2756 3338 3339 2757
f 2425 2348 2347 3340
f 2425 3340 3341 2426
f 3342 3343 3344 3345
f 2762 3342 3345 3346
f 2762 2761 3343 3342
f 3347 3348 3349 1209
f 3350 3351 3352 3353
f 3354 3355 3356 3357
f 3358 3354 3357 3359
f 3358 3360 3355 3354
f 2688 2687 1098 1097
f 2446 2445 1152 3361
f 106 3362 3363 103
f 103 3363 3364 3365
f 3366 3367 3368 3369
f 2463 3370 2976 2464
f 3371 2849 2852 3372
f 3373 1295 3374 3375
f 1668 1297 1301 3376
f 2467 3377 3378 2468
f 3379 3380 3381 3331
f 3382 3383 3384 3385
f 3386 3387 3388 3389
f 3386 3390 2632 3387
f 3391 3190 3192 3392
f 2479 3393 3394 2480
f 2495 2494 3395 2730
f 3396 3397 3398 1312
f 1714 2070 3037 2819
f 3399 3400 3401 3402
f 2503 2502 3403 3404
f 2738 3405 3406 2739
f 211 2653 2656 3407
f 207 3408 3409 772
f 3410 3411 3412 3413
f 223 3414 3415 221
f 221 3415 3416 3417
f 3418 3419 3420 3421
f 3422 1341 1342 3423
f 3422 3424 1343 1341
f 2519 2518 2674 3425
f 3426 3059 3060 2350
f 2901 3427 390 2891
f 3428 3429 2894 2893
f 2534 3430 1119 2535
f 3431 3432 3430 2534
f 774 3433 2517 775
f 297 3434 3435 298
f 2781 2780 3436 3437
f 3438 2906 2909 3439
f 1771 2788 1277 2544
f 3440 3441 3442 3443
f 3440 3444 3445 3441
f 3440 3443 3446 3444
f 3441 3445 3447 3442
f 796 795 1282 1281
f 2549 2548 1315 3448
f 2549 3448 1532 1531
f 2555 2554 3449 3450
f 3450 3449 3451 3452
f 2555 3450 3452 2604
f 2554 2557 3451 3449
f 701 3453 3043 3454
f 2561 3455 3456 1550
f 323 3457 3458 320
f 320 3458 3459 3460
f 329 3461 3462 3463
f 351 3464 2715 352
f 1819 1818 3465 3466
f 3466 3465 3085 3084
f 3467 3468 1349 3469
f 3470 2124 3087 3471
f 3472 182 720 3091
f 2573 2131 3096 3473
f 3474 3475 3476 3477
f 3478 1437 3479 3480
f 2589 2588 3481 3482
f 2590 3483 1240 2591
f 3484 3485 3486 3487
f 3353 3352 3488 3489
f 3489 3488 3490 3491
f 3352 3492 3490 3488
f 2898 1345 1348 2980
f 2904 2771 2772 3493
f 3494 3495 2779 2778
f 3496 3497 3498 3499
f 3496 3146 3147 3497
f 3496 3499 3148 3146
f 481 2799 2800 3500
f 2713 1151 3501 3502
f 3503 1514 3504 3505
f 2709 1516 1514 3503
f 517 1022 3506 3507
f 2626 3508 3509 2627
f 2630 1526 1524 1667
f 3510 3511 3512 1165
f 3513 1536 1540 3514
f 3515 1543 3516 3517
f 535 1027 3518 3519
f 2952 2951 3520 3521
f 1931 2954 3522 2636
f 2735 3523 3524 3525
f 1955 2871 3526 1705
f 2967 2966 1575 1574
f 2969 1578 1575 2966
f 2876 87 1366 3527
f 2658 2876 3527 2659
f 2662 1715 2820 3528
f 3529 3530 3531 3532
f 2666 2665 3020 2881
f 1976 1614 1615 2988
f 2991 3533 3534 2992
f 3535 3213 3216 3536
f 3535 1611 1609 3213
f 3350 3537 3538 3351
f 769 3539 3538 3537
f 3540 3351 3538 3539
f 2681 2680 3269 3541
f 3542 3543 3544 3545
f 3546 3547 3548 3549
f 3549 3548 3550 55
f 3547 3551 3550 3548
f 3552 1235 3553 3554
f 3555 3556 3031 3030
f 2699 3557 1551 2700
f 2911 3558 2678 2912
f 3559 2682 2683 3560
f 3561 3559 3560 3562
f 3561 3563 2682 3559
f 2702 3564 2375 3275
f 1897 3565 3564 2702
f 3566 3567 3174 3568
f 3569 3173 3174 3567
f 3446 3569 3567 3566
f 3447 3568 3174 3173
f 3570 1646 3571 3572
f 290 3573 3574 3575
f 3576 1422 713 1481
f 2703 3576 1481 1483
f 2727 3577 3578 2728
f 3579 3580 3581 3582
f 3016 544 3583 3584
f 3585 3586 3587 3588
f 3585 1679 1683 3586
f 2827 3589 3590 2828
f 675 3591 3592 3593
f 2740 2739 3592 3591
f 2748 2747 3594 3595
f 2052 2316 3255 3022
f 3596 3256 2729 3597
f 2754 2753 3598 3599
f 2758 2757 3600 3601
f 3602 3603 3071 3070
f 3604 3605 3606 3607
f 3608 3609 2737 3610
f 2765 3611 1477 2766
f 3612 3613 3614 3615
f 3616 3617 3614 3613
f 3035 3615 3614 3617
f 2772 2333 3266 3618
f 401 3619 3620 3621
f 401 400 2759 3619
f 2779 3622 3623 2780
f 3624 3625 2529 3626
f 2784 1623 1626 3102
f 3627 2223 3628 3629
f 2790 3630 3631 2791
f 3632 3633 3634 3635
f 3632 3636 3637 3633
f 3638 3639 3640 3641
f 2796 2795 1674 3642
f 3643 3644 3645 3646
f 3643 3647 3648 3644
f 799 3649 3650 3651
f 3652 3653 1684 3654
f 3655 3656 3657 3658
f 3659 3655 3658 3660
f 3661 2914 2917 3662
f 3661 3663 2918 2914
f 3664 3665 3666 3667
f 3664 460 1753 3665
f 2520 2523 2785 1770
f 2090 2520 1770 1769
f 817 1398 3668 3669
f 1165 3512 3670 3671
f 3671 3670 3672 1124
f 1165 3671 1124 1166
f 3673 1792 3674 3675
f 2810 2809 1589 3676
f 854 853 2950 2949
f 2814 2813 3677 3678
f 3013 3012 3305 3304
f 3014 3310 3305 3012
f 4 3 3679 3680
f 77 3680 3679 78
f 2821 3681 3682 2822
f 3683 3684 2811 3685
f 3686 3687 3688 3689
f 3082 3081 3690 3691
f 3322 634 284 3692
f 2130 1970 1973 3095
f 3693 2832 3694 3695
f 3695 3694 2989 3696
f 3693 3695 3696 3697
f 2832 1977 2989 3694
f 2069 2834 1727 3036
f 3105 1878 1881 3106
f 2835 3698 3699 1982
f 3700 3358 3359 3701
f 3700 3702 3360 3358
f 2839 2838 3703 1862
f 2839 1862 1866 2842
f 2150 2844 3704 3047
f 1900 2846 3705 3706
f 3706 3705 2552 3707
f 2846 3708 2552 3705
f 3709 2818 2817 3710
f 3709 3443 3442 2818
f 3709 3710 3711 3443
f 1898 3119 2845 1899
f 122 121 3712 3713
f 126 125 3714 3715
f 134 133 3716 3717
f 3718 1912 3719 3720
f 151 3721 3722 153
f 159 158 3723 3724
f 3725 3726 3727 3728
f 3725 3729 3730 3726
f 3725 3728 3007 3729
f 1142 3731 3732 3733
f 3734 3735 3736 850
f 3734 3386 3389 3735
f 3734 850 3390 3386
f 3583 3737 3393 2479
f 3738 3066 1810 1809
f 2188 2881 3021 3164
f 2192 3167 1954 204
f 195 3739 3740 196
f 212 211 3407 3741
f 2993 2992 3742 3743
f 3744 3024 3027 3745
f 214 3746 3747 215
f 214 3748 3749 3746
f 215 3747 3750 1960
f 3746 3749 3750 3747
f 227 226 3751 3752
f 2123 1829 1831 3086
f 2211 2901 2891 3097
f 3201 3753 2990 3202
f 2905 2904 3493 146
f 2907 3754 1913 2908
f 2913 2912 3755 3756
f 3757 3758 3759 3760
f 279 278 3761 3762
f 3763 3764 3765 3766
f 3214 3763 3766 3215
f 3214 3217 3764 3763
f 289 3767 3573 290
f 293 3768 3769 294
f 3770 1924 1927 3771
f 3640 3770 3771 3772
f 3109 1891 1894 3110
f 2918 3773 1895 2919
f 311 2931 3774 312
f 312 3774 3775 316
f 2931 3776 3775 3774
f 3232 3231 1989 1988
f 3234 3777 1989 3231
f 2268 2267 3778 3779
f 1476 1475 3780 2947
f 2950 3124 3781 2951
f 1484 1482 2000 347
f 2961 2960 3782 3783
f 3783 3782 2942 2941
f 2961 3783 2941 2962
f 2960 3784 2942 3782
f 3785 2021 2019 3786
f 418 3597 3787 419
f 3788 3789 978 977
f 3790 3791 3792 3793
f 426 3610 3794 427
f 2977 3795 3796 2978
f 373 1882 1884 374
f 2982 1951 1953 3797
f 385 384 3798 3799
f 3799 3798 3800 3801
f 389 388 3438 2986
f 3802 3803 3804 3805
f 3806 3807 3804 3803
f 3808 3806 3803 3802
f 3809 3805 3804 3807
f 397 396 3810 475
f 475 3810 3811 477
f 3180 3812 3813 3181
f 3245 3814 3815 3246
f 3816 3104 3107 3324
f 3343 3817 3818 3344
f 3343 3819 3820 3817
f 3821 2072 3822 3823
f 3824 3821 3823 3825
f 3824 1063 2072 3821
f 3826 3827 3495 3494
f 1224 3112 3115 3828
f 430 3829 3830 431
f 3831 3832 1996 3833
f 1233 1232 2079 3265
f 1228 1761 3834 3835
f 3836 3837 3838 3839
f 3836 3840 3841 3837
f 467 466 3842 3843
f 2999 3844 3845 3000
f 482 481 3500 2873
f 3846 3847 3848 3849
f 486 485 3850 3851
f 3852 3853 3854 3855
f 496 2033 2039 497
f 508 3004 1942 509
f 514 513 3856 3857
f 3008 3858 1526 2630
f 2003 2889 2888 3859
f 3859 2888 3511 3510
f 2003 3859 3510 3860
f 1304 3861 3862 1305
f 549 3863 3009 550
f 3287 2098 2101 3288
f 3864 3865 3866 3867
f 3864 1146 1571 3865
f 3027 3026 3868 3869
f 3870 3871 3872 3873
f 3874 3870 3873 3875
f 3874 3876 3871 3870
f 1669 3877 3878 3879
f 1669 1668 3376 3877
f 3880 3881 3882 3883
f 3884 3494 2778 3885
f 3886 3884 3885 3887
f 3888 3889 3890 3891
f 3888 3892 3893 3889
f 568 566 3894 3895
f 3037 3036 3896 3897
f 3401 3898 3190 3391
f 3046 3045 3899 3900
f 3901 3048 3902 3903
f 3903 3902 3904 1869
f 3048 3047 3904 3902
f 3905 305 3543 3542
f 3412 3906 3200 3907
f 596 3908 3909 597
f 1713 2067 2070 1714
f 3910 2147 3042 3911
f 3912 3910 3911 3913
f 3912 309 2147 3910
f 2429 2227 3914 3257
f 3915 3916 3917 3918
f 3919 3915 3918 3920
f 3921 3437 3917 3916
f 3919 3921 3916 3915
f 3922 3923 3924 3925
f 3923 2148 2151 3924
f 3926 3927 3928 3929
f 640 639 3930 3931
f 3932 3933 3419 3418
f 3934 3935 3936 3937
f 1492 3938 3939 1489
f 1489 3939 3226 3225
f 3938 3940 3226 3939
f 3941 3942 3943 3944
f 3945 3946 3947 3948
f 3945 3949 3950 3946
f 3951 3952 3953 3954
f 3951 3955 3956 3952
f 3951 3954 2088 3955
f 662 3957 3958 663
f 3959 2612 3960 3961
f 3378 2138 2140 2174
f 2468 3378 2174 2176
f 666 3962 3963 667
f 674 3964 3591 675
f 3794 2740 3591 3964
f 3380 2177 2180 3381
f 3965 3966 3967 3968
f 3968 3967 3969 3970
f 3965 3968 3970 3971
f 3966 3972 3969 3967
f 3383 1964 3973 3384
f 700 3974 3453 701
f 712 711 2106 3300
f 3192 2186 2189 3975
f 3098 3097 3976 3977
f 730 729 2152 3099
f 738 737 3978 3979
f 3980 3981 3982 3983
f 3983 3982 3078 3077
f 3984 3467 3469 3985
f 3395 2121 2124 3470
f 766 765 3986 3987
f 3107 3106 3988 3325
f 772 3409 3768 293
f 3403 2209 2212 3989
f 3990 3991 3992 3993
f 3406 3994 3992 3991
f 3111 3110 3995 3996
f 3420 3997 3998 3999
f 4000 4001 2168 4002
f 4003 2670 4004 4005
f 4006 4007 4008 4009
f 4006 4010 4011 4007
f 4012 4013 3108 4014
f 800 799 3651 4015
f 4016 4017 4018 4019
f 4016 3661 3662 4017
f 4016 4019 3663 3661
f 4020 2694 4021 4022
f 818 817 3669 4023
f 3129 4024 4025 3130
f 3139 4026 4027 3140
f 3137 4028 4026 3139
f 828 827 4029 4030
f 2260 4031 4032 2261
f 4033 4034 4035 4036
f 4037 4038 4039 4040
f 4033 4037 4040 4034
f 4033 4036 4038 4037
f 914 3801 4041 915
f 879 878 4042 3169
f 3172 3169 4042 4043
f 4044 3298 3299 4045
f 942 3181 4046 943
f 4047 4048 4049 4050
f 3185 3184 4049 4048
f 2480 3394 2190 3188
f 4051 4052 4053 4054
f 1580 3199 4055 1581
f 3199 2412 2411 4055
f 3203 3202 4056 4057
f 4058 4059 4060 4061
f 4062 4063 4064 814
f 3207 3206 4065 2307
f 3207 2307 2311 3208
f 3264 3263 2247 4066
f 4067 4068 4069 4070
f 4067 4071 4072 4068
f 1609 1608 4073 3217
f 3485 4074 3197 3486
f 931 930 4075 4076
f 935 934 4077 4078
f 937 1014 4077 934
f 4079 4080 4081 4082
f 956 955 4083 4084
f 958 4085 4086 959
f 959 4086 4087 2321
f 258 3222 1614 1976
f 4088 4089 4090 4091
f 2606 2605 4092 4093
f 4093 4092 1134 4094
f 3224 3223 4095 4096
f 3223 2431 2433 4095
f 970 969 4097 4098
f 978 4099 4100 979
f 979 4100 3219 3218
f 4101 4102 2280 2279
f 4103 4104 4105 4106
f 4101 4103 4106 4102
f 4101 2279 4104 4103
f 991 4107 4108 992
f 3960 4109 4110 4111
f 1011 1010 4112 3240
f 4113 3566 3568 4114
f 3444 4113 4114 3445
f 3444 3446 3566 4113
f 3445 4114 3568 3447
f 1016 4115 4116 1017
f 1022 1021 4117 3506
f 2381 4118 4119 3876
f 1027 1026 4120 3518
f 4121 3744 3745 4122
f 4123 4124 4125 4126
f 1041 4127 4128 1042
f 4129 3399 3402 4130
f 3998 2913 3756 4131
f 4132 3410 3413 4133
f 1074 1073 4134 4135
f 392 2313 2316 2052
f 3266 3265 4136 4137
f 3269 2427 2430 4138
f 3545 3544 4139 4140
f 3369 3368 2356 4141
f 1020 1110 4142 1021
f 4143 3954 3953 4144
f 4143 4145 4146 3954
f 1116 3278 2294 1117
f 4147 4148 4149 4150
f 1122 1121 4151 4152
f 1764 4153 4154 2173
f 1124 3672 2398 1125
f 4155 4156 4157 1051
f 4158 4159 3653 3652
f 1151 1150 2355 3501
f 4160 3790 3793 893
f 1153 4161 4162 1154
f 3302 4163 2415 3303
f 1163 1162 4164 4165
f 4166 4167 4168 910
f 4169 2471 1410 3892
f 3578 4170 2372 2371
f 4171 175 4172 4173
f 4174 4173 4172 51
f 1683 183 182 3472
f 3327 2573 3473 4175
f 3593 3592 3991 3990
f 2739 3406 3991 3592
f 1245 3474 3477 73
f 2747 3333 2394 3594
f 2753 4176 3816 3598
f 2757 3339 2404 3600
f 1838 4177 4178 4179
f 1209 3349 4180 1210
f 1213 4181 4182 1214
f 1225 1224 3828 4183
f 4184 4185 4186 4187
f 3360 4188 4189 3355
f 1229 1228 3835 4190
f 4191 3836 3839 4192
f 4191 4193 3840 3836
f 55 3550 4194 61
f 3551 4195 4194 3550
f 4196 4197 4198 4199
f 1243 1242 4200 4201
f 3626 2529 2531 4202
f 1258 2466 2469 1256
f 4203 4204 4205 4206
f 4206 4205 4207 1469
f 4203 4206 1469 4208
f 4204 4209 4207 4205
f 4210 2403 4211 4212
f 1282 4213 4214 1283
f 3649 4215 4216 3650
f 1286 4217 4218 1287
f 4219 2447 2450 4220
f 4219 4221 2451 2447
f 4222 5 11 4223
f 1295 1294 2385 3374
f 3390 4224 2633 2632
f 2813 4054 4225 3677
f 4226 1549 4227 4228
f 4229 4226 4228 922
f 4229 2559 1549 4226
f 4230 4231 4232 4233
f 4230 4233 4234 4235
f 4236 4237 4238 4239
f 1312 3398 4240 1313
f 3402 3401 3391 4241
f 3584 2478 4242 4243
f 3584 3583 2479 2478
f 3404 3403 3989 1237
f 3413 3412 3907 4244
f 366 4245 4246 367
f 3487 3486 4246 4245
f 4247 4248 4249 4250
f 3421 3420 3999 1274
f 1963 4251 4252 4253
f 1330 1329 4254 4255
f 1332 1378 4254 1329
f 4256 4082 4257 4258
f 4259 2580 4260 4261
f 4262 1642 1641 4263
f 4264 4265 2438 4266
f 4262 4264 4266 1642
f 4263 1641 2438 4265
f 4262 4263 4265 4264
f 1969 4267 4268 4269
f 3605 2500 2503 3606
f 1352 1351 4270 4271
f 4272 3535 3536 4215
f 4273 4274 4275 4276
f 4277 4278 4279 218
f 218 4279 3414 223
f 4280 3932 3418 4281
f 1396 3552 3554 1397
f 1363 4282 4283 1364
f 3434 4284 131 3435
f 1981 1980 2600 4285
f 4286 4287 4288 4289
f 4290 3309 3307 270
f 270 3307 4291 275
f 2233 2975 4292 2234
f 113 4293 4294 1378
f 3443 3711 3569 3446
f 3633 4036 4035 3634
f 3633 3637 4295 4036
f 1384 4296 4297 1385
f 3641 3640 3772 4298
f 125 4299 4300 3714
f 4301 4302 4303 4304
f 3658 3657 4303 4302
f 3660 3658 4302 4301
f 158 2363 4305 3723
f 4306 2613 2612 3959
f 1398 1397 4307 3668
f 1413 4308 4309 1414
f 1413 1417 4310 4308
f 4311 4312 4313 4314
f 1421 1420 3926 4315
f 3477 3476 4316 4317
f 1437 1436 3934 3479
f 1365 1364 4318 4319
f 1366 1365 4319 4320
f 1465 4321 4322 1466
f 4323 4324 4325 4326
f 4327 4328 4329 4330
f 4331 4332 4333 4334
f 4327 4331 4334 4328
f 4327 4330 4332 4331
f 4335 555 4336 4337
f 201 2143 308 307
f 201 200 2643 2143
f 4338 3596 3597 418
f 4339 3604 3607 422
f 4340 4341 4342 4343
f 1461 1460 4344 4299
f 4345 4006 4009 4346
f 4345 4347 4010 4006
f 3493 2772 3618 4348
f 2912 2678 2681 3755
f 4349 401 3621 4350
f 2072 4349 4350 3822
f 2072 403 401 4349
f 3560 4351 4352 4353
f 3560 2683 1732 4351
f 3495 4354 3622 2779
f 4355 1310 2694 4020
f 4356 4357 3624 4358
f 1480 1479 4359 4360
f 3148 4361 4362 3149
f 3499 4363 4361 3148
f 4364 4365 4366 112
f 4367 4368 4369 4370
f 4371 4372 3832 3831
f 492 438 442 4373
f 1514 1513 3984 3504
f 982 3664 3667 983
f 982 461 460 3664
f 3508 4374 2644 3509
f 1543 471 4375 3516
f 3781 2657 2660 4376
f 2951 3781 4376 3520
f 4377 4378 4379 1920
f 4377 4380 4381 4378
f 4377 1920 2710 4380
f 3786 2723 2726 4382
f 3786 2019 2727 2723
f 17 14 4383 4384
f 1567 4385 4383 14
f 4386 4384 4383 4385
f 3791 4387 4388 3792
f 3601 3600 4389 4390
f 3882 4391 3683 4392
f 3532 3531 4393 681
f 1586 3575 4394 1587
f 4395 4396 4397 4398
f 1590 510 4399 1591
f 384 2743 2746 3798
f 3798 2746 2748 3800
f 2992 3534 2661 3742
f 396 2749 2752 3810
f 3810 2752 2754 3811
f 3812 2755 2758 3813
f 3543 3886 3887 3544
f 226 931 4076 3751
f 4400 4401 4402 4403
f 4404 742 4405 4406
f 415 956 4084 4407
f 4408 4409 4410 4411
f 4412 4413 4414 4415
f 4416 4412 4415 4417
f 4418 4419 4414 4413
f 4416 4418 4413 4412
f 2773 3460 4420 2774
f 2239 4421 4422 4423
f 431 3830 4424 1637
f 4425 4426 4427 4428
f 4425 4429 4430 4426
f 1646 1645 2625 3571
f 3837 3841 2790 2789
f 1653 4431 4432 1654
f 4433 4434 4435 4436
f 3582 3581 4437 840
f 4438 4439 4440 4441
f 4438 3152 4442 4439
f 1675 4443 4444 1676
f 4445 4241 4446 4447
f 544 543 3737 3583
f 3589 4448 2764 3590
f 1696 1695 4088 4449
f 35 1740 2574 37
f 3597 2729 2731 3787
f 4450 875 4451 4452
f 1710 4453 4454 1711
f 3868 4129 4130 4455
f 4456 4457 4458 4459
f 4460 3585 3588 4461
f 4456 4460 4461 4457
f 4456 4459 3585 4460
f 1719 1718 4462 4463
f 3607 3606 4464 4465
f 3610 2737 2740 3794
f 4466 212 3741 3113
f 1638 1637 4467 206
f 4468 4469 4470 4471
f 4472 4132 4133 4473
f 4474 4475 4476 4477
f 744 4474 4477 4478
f 4479 4281 4480 4481
f 1759 227 3752 1760
f 4482 4483 4484 4485
f 4486 4487 2341 4488
f 4489 4486 4488 4490
f 4489 4491 4487 4486
f 4492 4493 239 4494
f 3625 749 753 2529
f 2227 2226 773 3914
f 2223 1661 4495 3628
f 2230 4496 3767 289
f 3636 4497 4498 3637
f 3639 4499 3770 3640
f 3648 4500 4501 4502
f 3647 1673 4500 3648
f 3663 4503 3773 2918
f 4504 4505 4506 4507
f 1761 1760 4508 3834
f 1763 3525 4153 1764
f 4509 4510 4001 4000
f 1774 4511 4512 1775
f 1774 1778 4513 4511
f 4514 3643 3646 4515
f 3849 4514 4515 4516
f 3849 3848 3643 4514
f 1792 1791 2826 3674
f 174 1794 4517 4518
f 52 4518 4517 1836
f 4519 4520 2824 2823
f 4519 325 4521 4520
f 4519 2823 326 325
f 3 1808 4522 3679
f 78 3679 4522 1841
f 93 92 4523 1814
f 1814 4523 4524 2867
f 92 4326 4524 4523
f 3685 2811 2814 4525
f 4526 4527 4528 4529
f 3691 3690 4530 858
f 858 4530 4531 863
f 3972 2639 4532 3969
f 4533 4250 4534 1618
f 1826 4535 4536 369
f 1833 4537 4538 1834
f 4539 385 3799 4540
f 4540 3799 3801 914
f 4541 4343 4542 4543
f 737 1838 4179 3978
f 4544 4545 3807 3806
f 4546 4544 3806 3808
f 4547 3809 3807 4545
f 4548 4549 4185 4184
f 3106 1881 2899 3988
f 4550 4551 4552 4553
f 4554 4555 4552 4551
f 4072 4554 4551 4550
f 1862 3703 2793 1863
f 3047 3704 2831 3904
f 1875 1874 4556 4557
f 3110 1894 2905 3995
f 4558 1060 4559 4560
f 2583 3824 3825 4561
f 2583 1064 1063 3824
f 4081 4562 4063 4062
f 121 1903 2868 3712
f 1912 935 4078 3719
f 1916 1915 4563 4564
f 821 1920 4379 4565
f 3728 4566 3008 3007
f 1923 518 4567 2104
f 2367 2366 4568 1131
f 295 294 4569 2734
f 1943 4570 4571 1944
f 2369 1147 1146 3864
f 667 3963 4572 1949
f 3745 3027 3869 4573
f 2968 4574 4575 2969
f 1634 4576 4575 4574
f 3181 3813 4577 4046
f 2382 3874 3875 4578
f 2382 2381 3876 3874
f 4579 3880 3883 4580
f 1964 1963 4253 3973
f 4581 4582 2996 2995
f 4583 4584 4585 4586
f 4581 4583 4586 4582
f 4581 2995 4584 4583
f 4587 1170 4588 4589
f 4590 568 3895 4591
f 886 1969 4269 4592
f 3097 2891 2892 3976
f 3202 2990 2993 4056
f 3756 3755 4593 4594
f 3758 4595 3905 3759
f 4596 4597 4598 4599
f 278 1049 4600 3761
f 3764 3912 3913 3765
f 3217 4073 3912 3764
f 3997 2910 2913 3998
f 4601 4602 4603 4604
f 4601 4604 4605 4606
f 4005 4004 4607 4368
f 962 4608 4296 1384
f 525 3229 2958 4609
f 4609 2958 2963 4610
f 992 4108 4611 2804
f 1993 4612 4613 1994
f 554 2006 2985 4614
f 242 4615 4616 243
f 242 244 4617 4615
f 4618 2407 3957 662
f 2406 4619 3957 2407
f 1017 4116 4453 1710
f 4620 4621 4622 4181
f 863 4531 4277 861
f 3793 3792 4623 4624
f 4625 4626 3546 4627
f 4628 4629 4630 4631
f 4628 4459 4458 4629
f 4628 4631 4632 4459
f 4633 1306 4634 4635
f 2073 4635 4634 1198
f 2032 4636 3964 674
f 427 3794 3964 4636
f 4168 4637 4156 4155
f 4638 4639 4640 3050
f 3801 3800 4641 4041
f 4542 4642 4338 4643
f 477 3811 4644 1983
f 3246 3815 4645 4646
f 2059 2057 4647 1754
f 2062 1118 4648 2063
f 4649 4650 4651 4652
f 4653 4654 3001 4655
f 4656 4653 4655 4657
f 4658 2998 3001 4654
f 4656 4658 4654 4653
f 4659 4660 4661 4662
f 4663 4659 4662 4664
f 4665 4356 4666 4667
f 4665 4668 4357 4356
f 3265 2079 3058 4136
f 2750 3385 4669 2751
f 2751 4669 4176 2753
f 4670 1342 779 778
f 4671 3733 4365 4364
f 2093 2092 2219 4672
f 4673 2937 2940 4674
f 3840 4673 4674 3841
f 3844 4675 4676 3845
f 4677 4678 4679 1360
f 4677 4680 4681 4678
f 4678 4681 4012 4679
f 3847 4682 4683 3848
f 1110 800 4015 4142
f 3853 4684 3017 3854
f 189 188 438 492
f 4685 4686 4687 4688
f 513 2085 4335 3856
f 2112 818 4023 2113
f 4689 4690 3846 4691
f 2097 4692 4693 865
f 725 4694 4695 2102
f 3876 4119 3015 3871
f 3883 3882 4392 4696
f 1162 3073 3076 4164
f 4697 4698 4699 4700
f 4700 4699 4701 4702
f 4697 4700 4702 4703
f 4698 3788 4701 4699
f 3892 1410 1409 3893
f 1026 2113 4704 4120
f 646 3182 3185 643
f 4705 4395 4398 4706
f 4707 4708 4709 4710
f 4707 4710 2286 1844
f 3900 3899 1216 4711
f 2812 4051 4054 2813
f 2128 2127 4712 4713
f 305 304 3886 3543
f 4714 4715 4716 4717
f 3907 3200 3203 4718
f 597 3909 4371 2132
f 4249 4058 4061 4719
f 314 4416 4417 315
f 317 316 4419 4418
f 314 317 4418 4416
f 4720 4721 4071 4067
f 3925 3924 4722 4723
f 4723 4722 3048 3901
f 3925 4723 3901 4724
f 3924 2151 3048 4722
f 3927 4725 3061 3928
f 639 1326 4726 3930
f 4187 4727 4728 4729
f 4187 4186 4730 4727
f 3935 1330 4255 3936
f 4731 4732 4733 4734
f 4139 4735 4733 4732
f 4140 4139 4732 4731
f 2163 972 4736 2353
f 1272 1271 1463 4737
f 3942 4738 4739 3943
f 3949 2111 23 3950
f 4740 4741 4742 3126
f 4740 3126 997 4743
f 4744 4745 4746 1486
f 1486 4746 3938 1492
f 2169 4747 4748 2170
f 4749 3993 4750 1141
f 2173 4154 4751 1013
f 4752 1530 4753 4754
f 3975 2189 3165 4755
f 4057 4056 4756 4757
f 4758 4121 4122 1452
f 4759 3491 4126 4760
f 2242 4761 4762 2243
f 765 1421 4315 3986
f 4763 4764 4765 4766
f 4763 4492 4767 4764
f 4763 4766 4493 4492
f 3989 2212 3098 4768
f 767 1579 4769 768
f 1578 4770 4769 1579
f 4771 768 4769 4770
f 4772 4773 4774 4775
f 4772 4776 4777 4773
f 3999 3998 4131 4778
f 4779 4780 4321 1465
f 2669 4781 4782 4783
f 2670 2669 4783 4004
f 4010 4784 4785 4011
f 1354 4786 4496 2230
f 4276 4275 4499 3639
f 4014 3108 3111 4787
f 2694 2693 4788 4021
f 4024 4789 3153 4025
f 4790 4791 4792 1620
f 4361 4793 4794 4362
f 4361 4795 4796 4793
f 4797 2635 2634 4798
f 4797 4143 4144 2635
f 4797 4798 4145 4143
f 827 2246 4450 4029
f 1010 4799 3168 4112
f 275 4291 3230 1636
f 4800 3233 3230 4291
f 4038 3132 3133 4039
f 4036 4295 3132 4038
f 1385 4297 4621 4620
f 2305 1565 4148 4147
f 4801 4802 4160 4803
f 4804 4805 4166 4806
f 2291 4807 4808 2292
f 4054 4053 3171 4225
f 4061 4060 3179 4809
f 4319 4318 4545 4544
f 4320 4319 4544 4546
f 4810 4547 4545 4318
f 4237 4811 4812 4238
f 4324 3244 3247 4325
f 2732 4813 4814 1689
f 1689 4814 4815 1692
f 2307 4065 4509 2308
f 4816 4817 4818 4819
f 4820 4816 4819 4821
f 4822 4823 4818 4817
f 4820 4822 4817 4816
f 4824 751 750 4825
f 4824 3251 3254 751
f 4826 758 4827 4828
f 4071 4829 4554 4072
f 4830 3225 524 523
f 1089 4830 523 1090
f 367 4246 3199 1580
f 3486 3197 3199 4246
f 4082 4081 4062 4257
f 1460 1225 4183 4344
f 4089 4831 3235 4090
f 2272 4832 4833 2273
f 2272 2275 342 4832
f 969 2331 3239 4097
f 2361 1229 4190 2362
f 2774 4420 4834 2775
f 2775 4834 4199 4835
f 4420 4196 4199 4834
f 4104 4836 3785 4105
f 2279 2282 4836 4104
f 2335 1247 4837 4838
f 4839 4840 1604 1603
f 4839 4841 3952 4840
f 1002 4842 3005 1006
f 2797 4843 4217 1286
f 2352 2351 4844 4845
f 4846 4546 3808 4847
f 3296 4846 4847 4848
f 1154 4162 4849 1756
f 2355 2354 66 4850
f 1524 1523 1298 1297
f 2357 4851 4852 2358
f 1169 4853 4854 4855
f 2414 2413 4854 4853
f 2363 2362 4856 4305
f 4857 4858 1001 4859
f 4860 3286 3289 2654
f 1546 2369 4861 4862
f 4122 3745 4573 4863
f 4864 1801 4865 4866
f 1562 2382 4578 4867
f 4312 4868 4869 4313
f 4870 4579 4580 4871
f 1042 4128 3261 2383
f 2388 2387 4872 1644
f 4762 4873 433 790
f 4874 4007 4011 3313
f 4874 4590 4591 4007
f 4874 3313 3316 4590
f 4875 4876 4877 4878
f 4130 3402 4241 4445
f 4879 4880 4595 3758
f 4133 3413 4244 4881
f 1073 1696 4449 4134
f 1600 4882 4883 2413
f 4138 2430 3258 4884
f 4139 4885 4886 4735
f 3544 3887 4885 4139
f 1100 4887 4273 1101
f 4888 4280 4281 4479
f 4889 4890 4891 4892
f 4893 4889 4892 4894
f 4893 4895 4890 4889
f 4896 3359 3357 4897
f 96 4898 4899 97
f 2444 4900 4901 2445
f 4506 4902 4903 4904
f 4905 3308 3309 4290
f 4148 4906 4907 4149
f 112 4366 4293 113
f 1121 2461 4587 4151
f 130 129 4908 4909
f 26 25 2613 4306
f 893 3793 4624 894
f 910 4168 4155 911
f 4910 4911 3947 3946
f 4910 4912 3166 4911
f 4910 3946 4913 4912
f 175 174 4518 4172
f 51 4172 4518 52
f 929 2477 3301 930
f 59 58 3922 178
f 4914 3389 3388 2983
f 4915 1929 1428 1427
f 73 3477 4317 74
f 954 1433 4916 955
f 2486 2059 1754 463
f 94 4323 4326 92
f 4387 4917 4918 4388
f 3600 2404 2405 4389
f 4919 4720 4920 4921
f 4919 2435 4721 4720
f 3606 2503 3404 4464
f 206 4467 3408 207
f 4469 4922 4923 4470
f 1210 4180 3366 2496
f 498 4924 4925 4926
f 1587 4394 3328 2504
f 4477 4476 4660 4659
f 4478 4477 4659 4663
f 4483 4927 4928 4484
f 4185 110 4929 4186
f 231 230 3337 3089
f 4930 3423 1342 4670
f 2516 4931 4537 1833
f 248 247 3371 2903
f 4932 4345 4346 4933
f 4932 144 4347 4345
f 1242 2527 3373 4200
f 163 162 669 1271
f 3628 4495 4355 4934
f 299 298 4935 4936
f 4500 3499 3498 4501
f 4500 4937 4363 3499
f 4426 4938 4939 4427
f 4426 4430 4940 4938
f 2547 1864 4941 2548
f 2547 2551 1867 1864
f 1787 4942 4692 2097
f 325 329 3463 4521
f 4234 4943 4664 4944
f 4945 4663 4664 4943
f 4233 4945 4943 4234
f 4946 4947 4948 4949
f 2594 4946 4949 2595
f 2594 2596 4947 4946
f 4239 4238 4950 235
f 1313 4240 3428 2566
f 4951 4952 4953 4954
f 1104 1102 4955 4829
f 4956 4957 4231 4230
f 4958 4956 4230 4959
f 4244 3907 4718 4960
f 4961 4962 4963 4964
f 4250 4249 4719 4534
f 369 4536 4965 370
f 4258 4257 813 287
f 4966 4967 4968 2042
f 2042 4968 4969 2045
f 4970 4971 4972 4973
f 2580 2579 1887 4260
f 3183 3484 3487 3184
f 4974 4975 4256 4976
f 416 415 4407 4977
f 4287 4978 4979 4288
f 2556 4980 4981 2557
f 1748 1747 1981 4982
f 446 4983 4984 447
f 447 4984 4985 449
f 3637 4498 4986 4295
f 471 470 4987 4375
f 473 2641 4987 470
f 4988 4989 4990 4858
f 2660 2659 3292 3291
f 371 370 4991 1658
f 4992 4993 4994 4995
f 1414 4309 3396 2621
f 518 517 3507 4567
f 4314 4313 896 379
f 2628 2627 4996 4997
f 2664 4997 4996 2665
f 536 535 3519 4177
f 4317 4316 917 4998
f 1466 4322 945 2695
f 4326 4325 949 4524
f 1473 1472 4999 2638
f 2638 4999 958 957
f 555 554 4614 4336
f 1949 4572 5000 2641
f 5001 3249 462 5002
f 5001 2013 2012 3249
f 1960 3750 5003 1958
f 1958 5003 5004 2651
f 422 3607 4465 423
f 4403 4402 4472 434
f 1284 1283 4781 2669
f 4343 4342 4642 4542
f 4347 1291 4784 4010
f 4654 3001 3000 5005
f 4654 4489 4490 3001
f 4654 5005 4491 4489
f 3755 2681 3541 4593
f 4597 5006 5007 4598
f 2616 1556 5008 2687
f 1555 5009 5008 1556
f 5010 494 1735 1734
f 612 5011 5012 613
f 5011 5013 5014 5012
f 4357 506 3625 3624
f 1479 2697 3515 4359
f 5015 3560 4353 5016
f 5017 5015 5016 5018
f 5017 3562 3560 5015
f 4605 5019 5020 5021
f 4368 4607 5022 4369
f 3152 2165 1782 4442
f 2652 2651 5023 1786
f 2714 2713 3502 4251
f 2718 1806 5024 4267
f 4615 5025 5026 4616
f 4615 4617 5027 5025
f 2019 2018 3577 2727
f 3792 4388 5028 4623
f 4459 4632 1679 3585
f 4392 3683 3685 604
f 681 4393 3555 682
f 4471 4470 1244 608
f 4637 4526 4529 4156
f 2045 4969 5029 2046
f 2046 5029 1249 1248
f 4969 4926 1249 5029
f 2734 4569 3523 2735
f 4398 4397 4533 620
f 1591 4399 4790 2741
f 704 5030 5031 705
f 5030 5032 5033 5031
f 724 5034 4694 725
f 3813 2758 3601 4577
f 3811 2754 3599 4644
f 5035 5036 5021 5037
f 5038 5039 5040 5041
f 5035 5038 5041 5036
f 5037 5021 5040 5039
f 5035 5037 5039 5038
f 2057 2056 2198 5042
f 742 741 3570 4405
f 5043 5044 4395 4705
f 2767 2766 5045 5046
f 5047 5048 4549 4548
f 5049 5050 4708 4707
f 5049 4707 1844 1843
f 4411 4410 5051 648
f 651 654 5052 1858
f 4429 660 5053 4430
f 4672 2219 2223 3627
f 3841 4674 3630 2790
f 3848 4683 3647 3643
f 794 1711 5054 795
f 2794 5055 5056 2795
f 2082 5057 4843 2797
f 1654 4432 5058 5059
f 5059 5058 3721 151
f 1654 5059 151 150
f 5060 5061 5062 5063
f 5064 4425 4428 5065
f 5060 5064 5065 5061
f 5060 5063 4425 5064
f 5066 3662 2917 5067
f 164 167 5068 4435
f 688 691 5068 167
f 4436 4435 5068 691
f 822 821 4565 5069
f 2804 4611 4431 1653
f 840 4437 3602 841
f 844 850 3736 5070
f 1676 4444 3529 2807
f 1510 222 5071 1507
f 4525 2814 3678 5072
f 5073 5074 4433 5075
f 5076 5042 2198 2197
f 5076 5077 927 5042
f 5076 2197 5078 5077
f 4956 5079 5080 4957
f 5081 747 5079 4956
f 865 4693 5082 866
f 2833 5083 5084 2834
f 875 874 2134 4451
f 4455 4130 4445 406
f 1718 2822 5085 4462
f 4473 4133 4881 616
f 4639 5086 5087 4640
f 4485 4484 5088 2783
f 5089 4976 5090 636
f 887 886 4592 5091
f 4493 5092 240 239
f 1520 4888 4479 456
f 5093 5094 5095 5096
f 5097 5093 5096 5098
f 5097 2801 5094 5093
f 2837 5099 5100 2838
f 3770 5101 1925 1924
f 4499 838 5101 3770
f 2845 5102 5103 2846
f 2846 5103 5104 3708
f 1905 2848 3673 5105
f 2852 2851 4864 5106
f 4505 5107 4902 4506
f 5108 2326 5109 5110
f 5111 2328 2326 5108
f 1569 3632 3635 1570
f 1569 540 3636 3632
f 867 866 4608 962
f 972 126 3715 4736
f 1775 4512 3579 2857
f 5112 5113 3656 3655
f 4739 5112 3655 3659
f 3950 23 26 5114
f 989 159 3724 3074
f 1013 4751 5115 1014
f 4529 4528 77 76
f 5116 5117 1929 4915
f 3970 3969 5118 5119
f 5120 5121 5122 4532
f 5119 5118 5122 5121
f 3970 5119 5121 5120
f 3969 4532 5122 5118
f 2179 2874 5123 5124
f 5124 5123 5125 5126
f 5127 5128 2014 5129
f 5127 2274 2273 5128
f 1618 4534 1373 585
f 5033 5130 94 89
f 5131 1701 5132 5133
f 1834 4538 96 95
f 3461 4102 5134 3462
f 3461 2281 2280 4102
f 1039 4423 3739 195
f 4543 4542 4643 918
f 2884 5135 5136 2885
f 2885 5136 5137 2887
f 5135 3334 5137 5136
f 5138 5139 4802 4801
f 4599 4598 5140 946
f 3247 3246 4646 950
f 4549 107 110 4185
f 5141 5142 5143 5144
f 1049 119 122 4600
f 1874 127 130 4556
f 3475 5145 4541 3476
f 5146 4932 4933 5147
f 5146 141 144 4932
f 5148 4656 4657 5149
f 4773 5148 5149 4774
f 4773 4777 4656 5148
f 1060 1059 3718 4559
f 1926 2936 5150 5151
f 4780 5152 4596 4321
f 2909 2908 5153 5154
f 5155 5156 5157 5158
f 5159 5160 996 995
f 5159 4665 4667 5160
f 5159 995 4668 4665
f 657 656 5161 5162
f 1098 5163 5161 656
f 5164 5162 5161 5163
f 5165 5166 5167 5168
f 5168 5167 4602 4601
f 5165 5168 4601 5169
f 4021 4788 302 301
f 5170 5120 5121 2922
f 2922 5121 5171 2081
f 5120 5172 5171 5121
f 4793 985 986 4794
f 4793 4796 987 985
f 2930 5173 5174 2931
f 2930 5175 5176 5173
f 2931 5174 5177 3776
f 5173 5176 5177 5174
f 2339 3274 4689 5178
f 2942 5179 214 213
f 5179 5180 3748 214
f 5181 2454 2458 5182
f 1131 4568 5183 1132
f 1132 5183 3863 549
f 4568 5184 3863 5183
f 5084 4239 235 234
f 1135 5185 5186 1136
f 1141 4750 3731 1142
f 1944 4571 250 249
f 770 5187 5188 5189
f 2959 5190 5191 2960
f 2960 5191 5192 3784
f 5190 5193 5192 5191
f 3297 3296 4848 5194
f 4573 3869 5195 1068
f 4580 3883 4696 1076
f 4584 276 279 4585
f 2995 2997 276 4584
f 3514 1540 2109 2108
f 1170 1169 4855 4588
f 5196 4705 4706 1085
f 2979 2978 5197 5198
f 5199 5200 5201 5202
f 5203 5204 5205 5206
f 5199 5203 5206 5200
f 5202 5201 5205 5204
f 5199 5202 5204 5203
f 4056 2993 3743 4756
f 4761 5207 4873 4762
f 1777 416 4977 1778
f 5208 5209 5210 5211
f 5212 5213 5214 4879
f 5212 4879 3758 3757
f 3345 3344 3818 5215
f 4604 2948 5019 4605
f 1217 5216 5217 1218
f 2321 4087 5218 1221
f 1221 5218 3829 430
f 4783 4782 5219 5220
f 4004 4783 5220 4607
f 4832 5063 5062 4833
f 4832 342 345 5063
f 5221 5222 5223 5224
f 5221 346 349 5222
f 1235 467 3843 3553
f 5225 2424 2158 2157
f 4690 5226 3847 3846
f 1247 486 3851 4837
f 1994 4613 2364 3002
f 5227 5075 5228 1178
f 5229 5230 5231 733
f 5229 2450 2449 5230
f 1306 1305 5232 4634
f 1198 4634 5232 1199
f 3050 4640 5233 2490
f 4868 32 5234 4869
f 4646 4645 426 425
f 5235 5236 5237 906
f 4876 43 5238 4877
f 2063 4648 446 445
f 5239 5240 5241 1231
f 5242 2570 590 589
f 1316 5243 5244 1317
f 3044 5245 5246 3045
f 4925 5247 4714 1254
f 1326 1325 3852 4726
f 5248 489 494 5010
f 4668 503 506 4357
f 2154 511 514 5249
f 5250 2472 3956 3955
f 5250 5251 1411 2472
f 5250 3955 5252 5251
f 3765 3913 3911 5253
f 2092 529 532 2219
f 5254 5255 5256 831
f 5254 4266 5257 5255
f 1288 1287 4786 1354
f 3060 2235 5258 5259
f 1360 4679 5260 1361
f 4679 4012 4014 5260
f 5261 2511 2510 5262
f 4686 5263 5264 4687
f 2780 3623 5265 3436
f 4904 4903 3942 3941
f 3062 2540 5266 28
f 3629 3628 4934 5267
f 2260 1381 5268 4031
f 1380 3320 5268 1381
f 3319 4031 5268 3320
f 5269 5270 5271 5272
f 5273 5269 5272 2008
f 5274 5133 5275 1320
f 2102 4695 596 595
f 1404 3330 3962 666
f 4696 4392 604 603
f 4706 4398 620 619
f 5276 5277 5278 5279
f 4710 4709 5280 5281
f 5281 5280 5282 2287
f 4710 5281 2287 2286
f 3085 5283 4807 2291
f 5284 5285 5286 5287
f 2127 637 640 4712
f 1433 738 3979 4916
f 1439 4717 5288 1440
f 1440 5288 5289 5290
f 4717 4716 5289 5288
f 4719 4061 4809 1374
f 4721 1104 4829 4071
f 4787 3111 3996 1264
f 4186 4929 2581 4730
f 4738 1407 5112 4739
f 1469 4207 5291 1470
f 1470 5291 5292 1472
f 2265 5293 3965 5294
f 5294 3965 3971 3778
f 2265 5294 3778 2267
f 5228 4436 691 694
f 4897 3357 5295 5296
f 3126 4742 700 699
f 3131 3130 5297 2578
f 5298 2984 5299 5300
f 5298 5300 4841 4839
f 5301 5302 5303 3191
f 5304 5305 5306 1612
f 3189 5304 1612 2593
f 3189 3188 5305 5304
f 1431 1430 2345 2344
f 5233 5307 760 759
f 1530 763 766 4753
f 3154 2609 5308 246
f 1547 1546 4862 5309
f 1549 1547 5309 4227
f 1554 1553 5310 5311
f 1452 4122 4863 1453
f 2564 272 5312 4044
f 4044 5312 5313 3298
f 272 274 5313 5312
f 4238 4812 4870 4950
f 1558 1562 4867 3335
f 2243 4762 790 789
f 3187 887 5091 4680
f 4766 4765 5314 5315
f 4766 5315 5092 4493
f 4962 5316 5317 4963
f 5318 5319 4020 5320
f 5318 4879 5214 5319
f 5320 4020 4022 4880
f 5318 5320 4880 4879
f 4971 412 5321 4972
f 196 3740 4882 1600
f 3216 3215 5322 5323
f 5324 5325 5326 5327
f 4927 5328 5329 4928
f 5330 2672 2670 4003
f 1620 4792 5331 1621
f 4027 868 871 5332
f 3226 4703 4702 3227
f 3227 4702 5333 3229
f 5334 5335 5336 5337
f 3174 5334 5337 3175
f 3174 3178 5335 5334
f 1565 1564 4906 4148
f 3236 2701 5338 387
f 1658 4991 4115 1016
f 4995 4994 5339 547
f 4806 4166 910 909
f 4316 4543 918 917
f 5340 5138 4801 5341
f 1685 5342 5343 1686
f 4325 3247 950 949
f 5344 5141 5144 5345
f 4952 5346 4804 4953
f 3249 2486 463 462
f 4828 4827 5347 3221
f 4554 5348 3638 4555
f 4829 4955 5348 4554
f 1704 967 970 5349
f 5350 5351 5352 5353
f 5350 973 976 5351
f 495 498 4926 4969
f 4895 5354 4930 4890
f 2275 5355 343 342
f 5356 5357 539 538
f 5356 4488 5358 5357
f 5359 5360 5361 5362
f 4841 4144 3953 3952
f 5363 5364 2454 5181
f 1756 4849 1041 1040
f 2358 4852 5365 3278
f 4852 5366 5367 5365
f 3280 5368 1707 1706
f 3285 3284 4649 5369
f 3280 3285 5369 5368
f 4858 4990 1002 1001
f 1786 5023 4942 1787
f 1801 1071 1074 4865
f 4871 4580 1076 1075
f 1806 1163 4165 5024
f 2387 3303 5370 4872
f 3313 4011 4785 3314
f 5371 5196 1085 1084
f 5372 5373 5374 5375
f 1817 5376 5377 1818
f 5378 5081 4956 4958
f 4881 4244 4960 1737
f 2251 5208 5211 2252
f 3337 3336 1922 5379
f 566 4520 5380 3894
f 566 565 2824 4520
f 5051 4974 4976 5089
f 1363 1856 5381 4282
f 1858 5052 5381 1856
f 5382 4282 5381 5052
f 3351 5383 5384 3352
f 661 664 5384 5383
f 97 4899 4158 1885
f 1890 1889 5385 873
f 2445 4901 1153 1152
f 4902 1156 1159 4903
f 3362 5386 5387 3363
f 3363 5387 857 3364
f 5386 5388 857 5387
f 5389 3514 2108 2107
f 4906 5389 2107 4907
f 129 1905 5105 4908
f 5390 5391 5392 5393
f 133 1907 4171 3716
f 3372 2852 5106 728
f 1823 1822 4989 4988
f 3946 3950 5114 4913
f 5394 3797 5395 5396
f 5077 4229 922 927
f 5077 5078 2559 4229
f 5025 5397 5398 5026
f 5025 5027 4169 5397
f 74 4317 4998 1839
f 4964 4963 5399 1850
f 5400 5401 5402 5403
f 663 3958 1817 1816
f 1936 5404 5405 1937
f 4388 4918 4174 5028
f 5406 2489 5407 5408
f 3397 2858 5409 3398
f 5410 4243 4242 5411
f 4470 4923 1245 1244
f 4926 4925 1254 1249
f 3917 5412 5413 5414
f 3437 3436 5412 3917
f 5086 5415 4961 5087
f 3407 2656 5416 5417
f 4484 4928 5418 5088
f 110 109 5419 4929
f 5032 5420 5130 5033
f 3414 5421 4203 3415
f 3415 4203 4208 3416
f 5422 5423 4970 5424
f 5425 1280 5426 5427
f 2544 1277 1280 5425
f 144 143 1291 4347
f 155 154 2675 261
f 5428 860 5429 5430
f 5430 5429 5431 4100
f 5428 5430 4100 4099
f 860 862 5431 5429
f 298 3435 5432 4935
f 1927 1926 5151 5433
f 5434 5017 5018 5435
f 2854 2216 5017 5434
f 3439 2909 5154 877
f 4430 5053 1267 4940
f 784 783 2996 4582
f 4993 1934 2304 4994
f 795 5054 4213 1282
f 2548 4941 1316 1315
f 5436 5437 5270 5269
f 5438 5436 5269 5273
f 5067 2917 2916 5439
f 3777 5440 5441 1989
f 1989 5441 5442 1990
f 326 2862 1399 330
f 3458 5443 5444 3459
f 5445 5341 1334 1333
f 4947 5446 4259 4948
f 2596 5447 5446 4947
f 1997 5448 5449 1998
f 235 4950 1340 236
f 2001 2883 2889 2003
f 4954 4953 5450 1971
f 1818 5377 5451 3465
f 3465 5451 5283 3085
f 5377 5452 5283 5451
f 3469 1349 1352 5453
f 3784 5192 5179 2942
f 5192 5454 5180 5179
f 5125 5455 5456 1848
f 4534 4719 1374 1373
f 5083 4236 4239 5084
f 5457 4982 1981 1978
f 5458 5459 4285 500
f 5457 5458 500 4982
f 1978 1981 4285 5459
f 5457 1978 5459 5458
f 5460 5461 5462 1879
f 4973 4972 2241 3433
f 5463 5464 966 965
f 5463 4328 4334 5464
f 5465 5466 5467 5468
f 4050 4049 4245 366
f 3184 3487 4245 4049
f 5469 5470 3629 5471
f 5469 5324 5472 5470
f 5471 3629 5267 5325
f 5469 5471 5325 5324
f 4976 4256 4258 5090
f 2636 3522 5473 3276
f 5474 1031 5475 5476
f 5474 4286 1032 1031
f 5474 5476 4287 4286
f 4989 1424 1425 4990
f 2081 5171 5057 2082
f 3500 2800 5477 5478
f 3527 1366 4320 5479
f 2659 3527 5479 3292
f 3502 3501 5480 5481
f 379 896 899 380
f 984 983 3667 5482
f 2627 3509 5483 4996
f 2665 4996 5483 3020
f 3533 5375 5484 3534
f 5485 5073 5075 5227
f 2514 4311 4314 1830
f 5486 1176 5487 5488
f 254 253 4385 1567
f 255 4386 4385 253
f 2101 2100 5489 5490
f 3523 5491 5492 3524
f 5493 5494 5495 3427
f 5194 4848 5496 1191
f 2106 2105 2162 5497
f 5498 5499 5500 5501
f 5498 5501 5502 2648
f 434 4472 4473 435
f 3530 3003 5503 3531
f 648 5051 5089 649
f 4598 5007 4339 5140
f 5207 4400 4403 4873
f 2137 2136 5504 1293
f 613 5012 1519 1518
f 5012 5014 1520 1519
f 5505 2598 5240 5239
f 5209 4408 4411 5210
f 3911 3042 3041 5506
f 5507 4417 4415 5508
f 5019 5248 5010 5020
f 5220 5219 5509 5510
f 4607 5220 5510 5022
f 2155 2154 5249 5511
f 349 348 5107 4505
f 3572 3571 5512 1172
f 5450 4806 909 1598
f 5513 3135 3141 5514
f 5230 4438 4441 5231
f 5230 2449 3152 4438
f 5515 3945 3948 5516
f 4150 4149 3945 5515
f 3580 1362 5517 3581
f 5518 5519 3735 5520
f 608 1244 72 609
f 4156 4529 76 4157
f 2828 3590 5521 5522
f 5523 5524 5525 5526
f 5526 5525 5527 5117
f 5523 5526 5117 5116
f 2180 2179 5124 5528
f 5528 5124 5126 5529
f 3064 5188 5530 3065
f 5187 5531 5530 5188
f 705 5031 5532 5533
f 5533 5532 89 88
f 705 5533 88 707
f 5031 5033 89 5532
f 5534 5131 5133 5274
f 5236 4468 4471 5237
f 3603 1263 5535 3071
f 5290 5289 3052 2195
f 2195 3052 100 99
f 450 449 4475 4474
f 451 450 4474 744
f 2766 1477 1480 5045
f 5241 4482 4485 2077
f 5048 1647 107 4549
f 465 2204 3090 466
f 484 5146 5147 485
f 484 488 141 5146
f 5255 5257 5156 5155
f 2235 2234 5536 5258
f 1214 4182 4421 2239
f 2795 5056 1675 1674
f 5262 2510 2856 5537
f 5063 345 4429 4425
f 3651 3650 5538 5539
f 3669 3668 5540 5541
f 2255 1716 1719 5542
f 1507 5071 5293 2265
f 5075 4433 4436 5228
f 2197 2200 5543 5078
f 745 744 4478 5544
f 747 745 5544 5079
f 2270 822 5069 5545
f 577 2270 5545 578
f 2834 5084 234 1727
f 5546 5547 5302 5301
f 2844 5468 256 3704
f 2822 3682 4404 5085
f 5548 2065 5081 5378
f 3081 1377 5549 3690
f 4640 5087 5307 5233
f 5277 1447 5550 5278
f 2287 5282 4535 1826
f 2783 5088 1624 1623
f 636 5090 286 633
f 2225 5424 5551 2226
f 456 4479 4481 457
f 5552 1457 5553 5554
f 2838 5100 5555 3703
f 5556 5476 5475 5557
f 5556 1795 1798 5476
f 5107 522 1156 4902
f 2326 2325 5558 5109
f 3121 179 5559 3119
f 3119 5559 5102 2845
f 3713 3712 5560 1419
f 3720 3719 5561 1435
f 5296 5295 5562 1517
f 5563 5564 5565 1444
f 3689 5563 1444 1443
f 3689 3688 5564 5563
f 3140 4027 5332 5566
f 3145 1538 1537 1597
f 3145 3144 5567 1538
f 3731 5568 5569 3732
f 5570 5571 5569 5568
f 5117 5527 1843 1842
f 5117 1842 1847 1929
f 5126 5125 1848 581
f 3065 5530 5572 3066
f 3066 5572 5573 1810
f 5530 5574 5573 5572
f 5575 5400 5403 5576
f 5577 5157 5578 1876
f 5579 1872 1875 5580
f 5577 5579 5580 5157
f 5577 1876 1872 5579
f 5581 5460 1879 1878
f 5133 5132 5582 5275
f 2365 1622 5583 2366
f 5584 5585 5586 5587
f 5584 5588 5589 5585
f 5590 5591 5592 5593
f 950 4646 425 951
f 5144 5143 5235 2322
f 4124 5594 5595 4125
f 4125 5595 5596 5597
f 5594 5598 5596 5595
f 2399 5599 5600 2400
f 2400 5600 5601 2402
f 5599 5602 5601 5600
f 3476 4541 4543 4316
f 2936 2935 1823 5603
f 5150 5604 4988 5605
f 5603 1823 4988 5604
f 2936 5603 5604 5150
f 4321 4596 4599 4322
f 2908 1913 1916 5153
f 995 999 503 4668
f 2416 1704 5349 5606
f 3215 3766 5607 5322
f 5608 4859 5609 5263
f 5361 5608 5263 4686
f 4351 1732 1731 5610
f 3274 2378 4690 4689
f 1136 5186 5611 5612
f 5612 5611 2883 2001
f 1136 5612 2001 1138
f 5186 5613 2883 5611
f 2465 2464 5614 5615
f 2830 4954 1971 1970
f 3064 3067 5616 5188
f 5617 5618 5616 3067
f 5189 5188 5616 5618
f 2406 2409 5619 4619
f 1076 4696 603 1077
f 5620 4629 4458 4457
f 906 5237 607 907
f 1085 4706 619 1086
f 2978 3796 4558 5197
f 5347 5621 5196 5371
f 5351 976 5622 5623
f 5211 5210 647 2432
f 4266 2438 5624 5257
f 1218 5217 1993 1992
f 3828 3115 5625 5626
f 3832 5627 1997 1996
f 4193 4111 4110 5628
f 4193 5628 4673 3840
f 3835 3834 5629 5630
f 5226 5631 4682 3847
f 2536 2535 5632 5633
f 2540 2539 4633 5266
f 3855 3854 5634 1694
f 3877 3376 4017 5635
f 5636 5637 2040 2034
f 1178 5228 694 1179
f 1305 3862 5638 5232
f 1199 5232 5638 2483
f 5367 5485 5227 2298
f 5184 5639 5640 3863
f 5641 3009 5642 5643
f 3863 5640 5642 3009
f 5639 5643 5642 5640
f 2490 5233 759 2066
f 3288 2101 5490 5644
f 5645 3019 5646 5647
f 4869 5234 2073 897
f 4877 5238 4638 5648
f 5373 5649 5276 5374
f 1231 5241 2077 1232
f 5650 5554 5651 5652
f 1317 5244 3347 2571
f 3045 5246 5653 3899
f 5654 5505 5239 5655
f 3955 2088 2091 5252
f 1351 2591 5656 4270
f 3918 3917 5414 1790
f 3929 3928 5657 1793
f 4281 3418 3421 4480
f 3937 3936 5658 1807
f 5659 5425 5427 5660
f 2545 5659 5660 5661
f 2545 2544 5425 5659
f 5263 5609 1005 1004
f 5263 1004 2093 5264
f 3352 5384 5662 3492
f 5663 5664 5194 5665
f 5666 5667 1191 1190
f 5663 5666 1190 5664
f 5665 5194 1191 5667
f 5663 5665 5667 5666
f 4903 1159 4738 3942
f 5668 679 5669 5670
f 5668 5671 1824 679
f 5668 5670 5672 5671
f 5673 5674 5498 5675
f 5676 5677 2648 2647
f 5675 5498 2648 5677
f 5673 5675 5677 5676
f 4907 2107 2111 3949
f 5393 5513 1828 1827
f 5393 5392 3135 5513
f 2609 2125 2128 5308
f 1320 5275 2129 1321
f 5678 5679 5519 5518
f 3381 2180 5528 5680
f 5680 5528 5529 5681
f 5682 5683 5684 2493
f 3384 3973 5685 5686
f 5686 5685 5687 5688
f 5689 5534 5274 5690
f 5456 5340 5341 5445
f 5462 5344 5345 5691
f 3985 3469 5453 1902
f 3987 3986 5692 1906
f 2656 2655 479 5416
f 3409 5693 5694 3768
f 4928 5329 4779 5418
f 5695 5696 3456 3455
f 5695 4775 4774 5696
f 4001 5697 2169 2168
f 4009 4008 533 5698
f 3357 3356 5699 5295
f 3130 4025 5700 5297
f 5433 5151 5360 5359
f 375 374 5701 5702
f 5702 5701 5703 5704
f 375 5702 5704 5705
f 3149 4362 4794 3144
f 2701 2700 5706 5338
f 5300 2635 4144 4841
f 3191 5303 2187 2186
f 5305 2193 2882 5306
f 3188 2190 2193 5305
f 5707 3521 5708 5709
f 1430 2636 3276 2345
f 4800 5710 362 3233
f 5711 5712 5364 5363
f 5713 5546 5301 3898
f 5714 890 5715 5716
f 5714 5716 5717 2029
f 1553 2705 3478 5310
f 5718 5719 5720 3906
f 4950 4870 4871 1340
f 4963 5317 4758 5399
f 4461 3588 3587 3196
f 5459 4285 2600 2599
f 5459 4820 4821 4285
f 5459 2599 4822 4820
f 4972 5321 2242 2241
f 5464 4824 4825 966
f 5464 4334 3251 4824
f 5466 4826 4828 5467
f 3263 5721 2248 2247
f 5721 5722 2251 2248
f 2969 4575 4770 1578
f 4576 4771 4770 4575
f 5723 3103 5724 5725
f 5325 5267 4934 5726
f 5326 5318 5319 5727
f 5726 4934 5319 5318
f 5325 5726 5318 5326
f 4076 4075 2711 5728
f 1534 5729 5730 5731
f 1534 1533 2276 5729
f 4091 4090 5732 2005
f 4092 5733 1135 1134
f 3540 5734 5383 3351
f 4420 5735 5736 4196
f 1416 2335 4838 1417
f 5335 5737 4752 5336
f 3178 5738 5737 5335
f 2716 3513 3514 5389
f 1564 2716 5389 4906
f 4990 1425 4842 1002
f 2800 2352 4845 5477
f 4515 3646 3645 3237
f 4994 2304 2305 5339
f 5482 3667 3666 5739
f 3506 4117 1458 5740
f 5741 5742 5743 5744
f 3518 4120 5745 5746
f 5341 4801 4803 1334
f 1686 5343 5747 2809
f 5345 5144 2322 1346
f 4953 4804 4806 5450
f 5748 5749 5750 3014
f 3014 5750 5751 3310
f 5749 5752 5751 5750
f 5494 4875 4878 5495
f 4127 2076 5753 4128
f 3221 5347 5371 3222
f 5754 5655 1230 2332
f 2829 2828 5522 5755
f 4135 4134 5756 2084
f 5757 5758 5759 5760
f 5358 2342 830 829
f 4488 2341 2342 5358
f 5761 5762 5739 5763
f 5761 5670 5669 5762
f 5761 5763 5764 5670
f 3368 5765 2357 2356
f 5506 3041 4895 4893
f 5766 4857 4859 5608
f 5360 5766 5608 5361
f 5767 5356 538 537
f 5768 5767 537 2095
f 5768 5769 5356 5767
f 5770 5771 5772 5773
f 5774 5775 5772 5771
f 5708 5774 5771 5770
f 3275 2375 2378 3274
f 5364 5776 2455 2454
f 3278 5365 2295 2294
f 5365 5367 2298 2295
f 3441 3442 5777 5778
f 5779 3441 5778 5780
f 5779 2818 3442 3441
f 4153 5781 5782 4154
f 5783 3635 3634 5784
f 1577 1576 5618 5617
f 1579 5189 5618 1576
f 5785 5438 5786 2649
f 5787 5788 5437 5436
f 5785 5787 5436 5438
f 3339 5690 1319 2404
f 3198 5789 2409 2412
f 4159 2133 5790 3653
f 5791 5792 5793 5794
f 3303 2415 2416 5370
f 5375 5374 5795 5484
f 2869 2255 5542 5796
f 4195 5797 5798 4194
f 2252 5211 2432 2431
f 5039 5040 5799 2434
f 5039 4919 4921 5040
f 5039 2434 2435 4919
f 5800 2208 5801 5802
f 2843 5465 5468 2844
f 2894 5803 2444 2443
f 4179 4178 988 5804
f 5805 5806 5807 5808
f 5809 5810 5807 5806
f 5811 5809 5806 5805
f 5812 5813 823 819
f 5814 2792 5813 5812
f 1889 2903 5815 5385
f 4201 4200 5816 3681
f 5817 3701 3359 4896
f 2403 2402 5818 4211
f 4211 5818 5819 5820
f 4213 5821 1038 4214
f 4502 4501 3498 3497
f 3650 4216 5822 5538
f 1822 2872 1424 4989
f 1915 1 4 4563
f 5078 5543 2560 2559
f 5079 4233 4232 5080
f 5544 4478 4663 4945
f 5079 5544 4945 4233
f 5823 5824 2217 1344
f 5823 5825 4378 5824
f 5403 5402 2514 2513
f 1937 5405 2516 2515
f 5547 5486 5488 5302
f 5826 5827 5828 3726
f 5826 3315 3314 5827
f 5826 3726 3730 3315
f 5408 5407 5493 2900
f 3398 5409 5829 4240
f 5592 5830 5571 5570
f 5520 3735 3389 4914
f 5831 5832 5833 5834
f 5087 4961 4964 5307
f 5088 5418 1464 1624
f 4253 4252 5835 5836
f 5836 5835 5460 5581
f 5424 4970 4973 5551
f 2973 296 299 5837
f 2975 2973 5837 4292
f 4255 4254 5838 5839
f 1378 4294 5838 4254
f 4261 4260 5840 2245
f 5841 5842 5843 5844
f 4298 3772 5842 5841
f 4269 4268 5845 5846
f 5846 5845 5847 5848
f 2987 2986 5849 5850
f 4215 3536 5851 4216
f 5852 1497 1500 5853
f 2915 5852 5853 2916
f 2915 2919 1497 5852
f 4278 5854 5855 4279
f 4279 5855 5421 3414
f 5856 2545 5661 5857
f 5094 5856 5857 5095
f 5094 1772 2545 5856
f 1397 3554 5858 4307
f 3435 131 134 5432
f 5476 1798 4978 4287
f 2216 2215 3562 5017
f 4800 4291 5859 5710
f 3307 3306 5859 4291
f 3311 5710 5859 3306
f 2234 4292 5860 5536
f 3447 3173 3176 5861
f 3442 3447 5861 5777
f 1934 350 353 2304
f 4296 5862 5863 4297
f 3714 4300 5864 5865
f 3723 4305 5866 5867
f 5566 4992 5868 5869
f 5566 5332 4993 4992
f 1830 4314 379 378
f 1998 5449 5870 3004
f 1971 5450 1598 1972
f 4341 5871 5872 4342
f 1848 5456 5445 1849
f 3018 2465 5615 5873
f 1879 5462 5691 1880
f 5582 4951 4954 2830
f 5874 5001 5002 5875
f 5585 5874 5875 5586
f 5585 5589 5001 5874
f 4337 4336 5876 2330
f 5468 5467 257 256
f 1892 5760 5877 1893
f 5878 2440 5879 5880
f 5878 5881 2441 2440
f 5878 5880 5882 5881
f 3749 3779 5883 3750
f 5597 5596 4967 4966
f 4299 4344 5884 4300
f 4655 3001 4490 5769
f 5885 1522 5352 5351
f 5886 5623 5887 1299
f 5885 5886 1299 1522
f 5885 5351 5623 5886
f 5888 5889 5890 5891
f 5888 2629 1666 5889
f 4360 4359 5892 3795
f 4365 5893 5894 4366
f 3387 5300 5299 3388
f 3387 2632 2635 5300
f 4372 2384 5627 3832
f 1939 1941 5712 5711
f 3509 2644 2645 5483
f 3020 5483 2645 2646
f 3511 5895 5896 5897
f 5897 5896 5898 3670
f 3511 5897 3670 3512
f 3534 5484 1712 2661
f 4840 3952 3956 2472
f 5488 5487 2664 2663
f 5899 4616 5026 5900
f 3427 5495 391 390
f 5833 5901 5902 5903
f 5496 5904 3802 5905
f 4847 3808 3802 5904
f 4848 4847 5904 5496
f 3558 5906 2679 2678
f 5907 5908 5909 5910
f 5501 5500 5911 5912
f 5501 5912 5548 5502
f 3071 5535 612 611
f 3076 3075 1367 5913
f 3531 5503 5914 4393
f 5915 5723 5725 5916
f 3090 3089 5917 5918
f 4873 4403 434 433
f 2136 3099 5919 5504
f 2562 5920 269 2563
f 4715 4223 5921 4716
f 5922 5923 5924 2460
f 4370 4369 5923 5922
f 4406 4405 5925 3861
f 5210 4411 648 647
f 5926 5552 5554 5650
f 4419 5927 5928 4414
f 5929 5930 5928 5927
f 4421 5931 1403 4422
f 3115 3114 5932 5625
f 3830 5933 2031 4424
f 348 519 522 5107
f 2004 2003 3860 628
f 5934 169 5935 5936
f 5934 2542 170 169
f 5936 5935 5937 5938
f 5934 5936 5938 2542
f 3571 2625 2628 5512
f 5939 1438 1441 5940
f 5545 5069 4565 5825
f 2170 4748 724 723
f 5872 5741 5744 5941
f 3938 5942 5943 3940
f 5944 2497 5674 5673
f 5944 5945 2498 2497
f 5944 5673 5676 5945
f 4149 4907 3949 3945
f 3581 5517 5946 4437
f 5947 2762 3346 5948
f 3619 5947 5948 3620
f 3619 2759 2762 5947
f 5949 5950 5951 5952
f 5519 5070 3736 3735
f 3590 2764 2767 5521
f 5529 5126 581 580
f 5684 5575 5576 5953
f 5954 5955 5956 5957
f 4452 4451 5958 2526
f 4453 5959 1212 4454
f 5237 4471 608 607
f 3113 3741 5960 3114
f 2077 4485 2783 2078
f 1760 3752 5961 4508
f 5623 5962 5963 5887
f 5623 5622 5047 5962
f 5252 2091 2801 5097
f 3205 2622 5964 3206
f 5257 5624 5965 5156
f 4496 5966 5967 3767
f 3656 5968 5969 3657
f 3834 4508 5970 5629
f 3688 5971 5972 5564
f 2523 2522 2786 2785
f 2099 5779 5780 2100
f 2099 2815 2818 5779
f 4510 2567 5697 4001
f 4511 5973 5974 4512
f 4511 4513 3186 5973
f 5677 2648 5502 5975
f 5677 5785 2649 2648
f 5975 5502 5788 5787
f 5677 5975 5787 5785
f 5635 4017 3662 5066
f 5976 5791 5794 4391
f 3241 3240 5977 5978
f 5979 5978 5977 4052
f 3704 256 259 2831
f 2065 746 747 5081
f 3690 5549 5980 4530
f 5278 5550 2833 2068
f 2226 5551 774 773
f 5286 5981 2843 2149
f 3978 4179 5804 5982
f 1495 4884 5983 5984
f 4123 5985 5594 4124
f 2161 5811 5986 5987
f 2161 2160 5809 5811
f 5554 5553 5988 5651
f 4560 4559 5989 2704
f 4257 4062 814 813
f 5990 5991 5992 5993
f 2325 825 828 5558
f 3262 5994 5721 3263
f 5994 5995 5722 5721
f 5996 5160 4667 5997
f 3712 2868 2869 5560
f 5998 5999 6000 6001
f 6002 5556 5557 2182
f 5998 6002 2182 5999
f 5998 6001 5556 6002
f 3719 4078 6003 5561
f 5295 5699 5111 5562
f 5120 4532 6004 5172
f 2639 2640 6004 4532
f 2293 2292 6005 3271
f 3271 6005 2034 2033
f 2292 5636 2034 6005
f 3144 4794 986 5567
f 5576 5403 2513 2122
f 5275 5582 2830 2129
f 2366 5583 6006 4568
f 4568 6006 5639 5184
f 5583 6007 5639 6006
f 5956 5408 2900 2210
f 5593 5592 5570 6008
f 3289 3288 5644 6009
f 294 3769 6010 4569
f 6011 6012 6013 6014
f 4861 3867 2685 2684
f 6015 6016 6017 2688
f 6018 6019 6017 6016
f 5205 6018 6016 6015
f 2686 2688 6017 6019
f 3301 3300 6020 6021
f 4313 4869 897 896
f 1631 6022 6023 6024
f 4578 3875 6025 6026
f 2322 5235 906 905
f 4878 4877 5648 3260
f 4589 4588 6027 2696
f 4591 3895 6028 6029
f 6030 5650 5652 3268
f 4322 4599 946 945
f 3328 6031 1762 3329
f 5759 5654 5655 5754
f 6032 6033 6034 2946
f 6032 4604 4603 6033
f 6032 2946 2948 4604
f 3348 2808 6035 3349
f 5729 5221 5224 5730
f 5729 2276 346 5221
f 6036 2030 6037 6038
f 6036 6038 2424 5225
f 2687 5008 5163 1098
f 5009 5164 5163 5008
f 6039 4192 3839 6040
f 3229 5333 2959 2958
f 4196 5736 6041 4197
f 6042 6043 6044 6045
f 4106 6042 6045 6046
f 4106 4105 6043 6042
f 3367 683 5765 3368
f 4108 6047 6048 4611
f 4612 2742 6049 4613
f 2464 2976 2979 5614
f 5709 5708 5770 6050
f 4614 2985 2987 6051
f 2300 5229 733 732
f 2300 4220 2450 5229
f 6052 6053 6054 6055
f 4116 6056 5959 4453
f 3375 3374 6057 740
f 4621 6058 1585 4622
f 6059 751 3254 3253
f 6059 5678 754 751
f 6059 3253 5679 5678
f 911 4155 1051 1050
f 3331 3381 5680 3332
f 3332 5680 5681 3333
f 767 770 5189 1579
f 3385 3384 5686 4669
f 4669 5686 5688 4176
f 3338 5689 5690 3339
f 6060 6061 4764 6062
f 3408 6063 5693 3409
f 6064 6065 6066 824
f 5813 6064 824 823
f 5813 6067 6065 6064
f 3729 5888 5891 3730
f 3729 3007 2629 5888
f 2342 5254 831 830
f 2342 1642 4266 5254
f 3733 3732 5893 4365
f 2350 3060 5259 2351
f 3429 842 5803 2894
f 5670 5764 5261 5672
f 2535 1119 1122 5632
f 4142 4015 6068 6069
f 3871 6070 6071 3872
f 3871 3015 3016 6070
f 3854 3017 3018 5634
f 3376 1301 4018 4017
f 2113 4023 6072 4704
f 2298 5227 1178 1177
f 5784 3634 4035 4034
f 5647 5646 5713 3400
f 4692 6073 6074 4693
f 3453 6075 3044 3043
f 5792 6076 6077 5793
f 6078 6079 5718 3411
f 4694 6080 6081 4695
f 3463 3462 6082 6083
f 4164 3076 5913 6084
f 5648 4638 3050 2314
f 5742 6085 5682 5743
f 5374 5276 5279 5795
f 5652 5651 2224 2428
f 6086 6087 6088 6089
f 5797 5284 5287 5798
f 3899 5653 1217 1216
f 4713 4712 6090 2850
f 1909 6091 6092 6093
f 3480 3479 6094 2920
f 5655 5239 1231 1230
f 2591 1240 1243 5656
f 3928 3061 3062 5657
f 2457 6001 6000 2458
f 2457 2459 2256 6001
f 3936 4255 5839 5658
f 6095 2864 6096 6097
f 6095 6097 4086 4085
f 2864 2866 6098 6096
f 4197 6041 6099 4198
f 4198 6099 177 3120
f 6041 176 177 6099
f 3452 3451 5733 4092
f 2604 3452 4092 2605
f 2557 4981 5733 3451
f 6100 6101 6102 2871
f 6103 6100 2871 2870
f 6103 6104 6101 6100
f 2353 4736 6105 2354
f 3889 6106 6107 3890
f 3889 3893 3686 6106
f 4209 2878 6108 4207
f 5392 2374 3136 3135
f 4741 2880 6109 4742
f 4745 2196 6110 4746
f 4746 6110 5942 3938
f 2196 2890 5942 6110
f 3993 3992 6111 4750
f 3994 6008 6111 3992
f 5679 6112 5070 5519
f 5681 5529 580 2395
f 3505 3504 6113 1048
f 2493 5684 5953 2494
f 3507 3506 5740 6114
f 4754 4753 6115 4284
f 5690 5274 1320 1319
f 5688 5687 3105 3104
f 3517 3516 6116 1058
f 2501 5954 5957 2502
f 3817 6117 6118 3818
f 3817 3820 6119 6117
f 6120 6121 6122 3405
f 3519 3518 5746 6123
f 6124 5309 3563 3561
f 4228 6124 3561 2214
f 4228 4227 5309 6124
f 4013 6125 3109 3108
f 4944 4664 5201 5200
f 5824 6126 2997 2217
f 5824 4378 4381 6126
f 6127 6128 6129 3565
f 4727 4730 6128 6127
f 5691 5345 1346 1345
f 4123 4126 6130 5985
f 3491 3490 6130 4126
f 3492 5985 6130 3490
f 5418 4779 1465 1464
f 5727 5319 5214 5213
f 4781 6131 6132 4782
f 3536 3216 5323 5851
f 4100 5431 1504 1503
f 4100 1503 1509 3219
f 3554 3553 6133 5858
f 5113 6134 5968 3656
f 3556 1133 6135 3031
f 3031 6135 6136 3034
f 6137 1534 5731 6138
f 2550 6137 6138 2551
f 2550 1531 1534 6137
f 4025 3153 3154 5700
f 4791 2957 6139 4792
f 5150 5605 4857 5766
f 5151 5150 5766 5360
f 2700 1551 1554 5706
f 3521 3520 5774 5708
f 4112 3168 3170 6140
f 4053 6140 3170 3171
f 2964 2967 6141 6142
f 5712 6143 5776 5364
f 4297 5863 6058 4621
f 3573 6144 6145 3574
f 6146 3189 2593 2592
f 6147 6146 2592 6148
f 6147 2481 3189 6146
f 4304 4303 6149 6150
f 3898 5301 3191 3190
f 5716 5715 1427 1426
f 5716 1426 1431 5717
f 3906 5720 3201 3200
f 6151 1202 1940 1939
f 6151 6152 1203 1202
f 6151 1939 5711 6152
f 6153 6154 6155 6156
f 4334 4333 3252 3251
f 4813 6157 6158 4814
f 4814 6158 6159 4815
f 5467 4828 3221 257
f 6160 5899 5900 6161
f 5832 1189 5901 5833
f 6162 4288 4979 1627
f 6162 5350 5353 4288
f 6162 1627 973 5350
f 5725 5724 5906 3558
f 4344 4183 6163 5884
f 4090 3235 3236 5732
f 5769 4490 4488 5356
f 6164 6150 6149 6165
f 6166 6167 6168 6169
f 6165 6149 6168 6167
f 6164 6165 6167 6166
f 6101 6039 6170 6102
f 6101 3961 4192 6039
f 2362 4190 6171 4856
f 4843 6172 6173 4217
f 3653 5790 1685 1684
f 5065 6174 2199 3028
f 5065 4428 4427 6174
f 4162 6175 6176 4849
f 3670 5898 6177 3672
f 4855 4854 6178 6179
f 2413 4883 6178 4854
f 4305 4856 394 5866
f 2145 6180 3039 2146
f 2145 5368 5369 6180
f 5744 5743 2492 3256
f 2654 3289 6009 2655
f 6181 6182 6183 6184
f 3675 3674 6185 1324
f 5951 5396 6186 3609
f 2809 5747 1590 1589
f 4866 4865 6187 3049
f 3612 3615 6188 6189
f 6190 6191 6188 3615
f 5495 4878 3260 391
f 4128 5753 3262 3261
f 6192 1343 6193 5545
f 6192 5823 1344 1343
f 6192 5545 5825 5823
f 5871 6194 5741 5872
f 6195 6196 6197 645
f 2679 6030 3268 2680
f 6198 118 6199 6200
f 4134 4449 6201 5756
f 5760 5759 5754 5877
f 5881 5882 6202 6203
f 5763 5739 3666 3665
f 5763 3665 6204 5764
f 2801 1769 1772 5094
f 6205 6206 2271 6207
f 6205 6208 5814 6206
f 3041 3040 5354 4895
f 6209 6210 6211 6212
f 4414 5928 6211 6210
f 4415 4414 6210 6209
f 5930 6212 6211 5928
f 5382 6213 6214 4282
f 4898 3068 6215 4899
f 6216 6217 6218 3167
f 4912 6216 3167 3166
f 4912 4913 6217 6216
f 6219 5097 5098 685
f 5251 6219 685 1411
f 5251 5252 5097 6219
f 6220 1669 3879 6221
f 5889 6220 6221 5890
f 5889 1666 1669 6220
f 12 6222 3981 3980
f 4366 5894 6223 4293
f 2724 5390 6224 2725
f 2724 2728 5391 5390
f 3715 3714 5865 6225
f 4909 4908 6226 3088
f 3717 3716 6227 6228
f 4917 6228 6227 4918
f 3721 6229 2194 3722
f 5794 5793 6230 3684
f 3724 3723 5867 6231
f 5484 5795 1713 1712
f 6155 6232 3338 2756
f 61 4194 6233 58
f 58 6233 3923 3922
f 4194 5798 3923 6233
f 6234 6235 6236 6237
f 5802 5801 6238 6239
f 3739 6240 6241 3740
f 4467 6242 6063 3408
f 3741 3407 5417 5960
f 4938 6243 6244 4939
f 4938 4940 6245 6243
f 3752 3751 6246 5961
f 2792 2791 6067 5813
f 5285 1450 5981 5286
f 3089 3337 5379 5917
f 4931 3150 6247 4537
f 2903 3371 3372 5815
f 4933 4346 6248 6249
f 4200 3373 3375 5816
f 5156 5965 5578 5157
f 3762 3761 6250 1529
f 3767 5967 6144 3573
f 3768 5694 6251 3769
f 4936 4935 6252 3156
f 6253 1550 3456 5696
f 6254 6255 2370 1545
f 6253 6254 1545 1550
f 6253 5696 6255 6254
f 6183 5647 3400 3399
f 2934 1820 1823 2935
f 6256 6257 6258 6259
f 6259 6258 5443 3458
f 6256 6259 3458 3457
f 4521 3463 6083 6260
f 2317 420 6261 6262
f 5825 4565 4379 4378
f 5302 5488 2663 5303
f 4949 4948 6263 3259
f 2900 5493 3427 2901
f 4240 5829 3429 3428
f 6264 243 4616 5899
f 5834 5833 5903 3753
f 5193 3220 6265 5192
f 5192 6265 6266 5454
f 5307 4964 1850 760
f 3365 3364 5428 3789
f 3789 5428 4099 978
f 6267 6268 6269 6270
f 4536 6271 961 4965
f 5551 4973 3433 774
f 2840 2842 4328 5463
f 5955 5406 5408 5956
f 4967 3272 6272 4968
f 495 4969 6273 496
f 4968 6272 6273 4969
f 3272 496 6273 6272
f 4260 1887 1890 5840
f 5842 6274 5433 5843
f 3771 1927 5433 6274
f 3772 3771 6274 5842
f 5848 5847 1892 1891
f 2986 3438 3439 5849
f 3298 5313 4574 2968
f 274 1634 4574 5313
f 6275 5915 5916 6276
f 2919 1895 1501 1497
f 4553 4552 6277 6278
f 4977 4407 6279 6280
f 5993 5992 6281 6282
f 6217 6103 2870 6218
f 6217 6283 6104 6103
f 5997 4667 4666 6284
f 3829 6285 5933 3830
f 1258 6286 2467 2466
f 6287 6288 2467 6286
f 6289 6287 6286 1258
f 4983 3243 6290 4984
f 3843 3842 2475 6291
f 4375 4987 6292 6293
f 2641 5000 6292 4987
f 3657 5969 6294 4303
f 2873 3500 5478 2874
f 5564 6295 6296 5565
f 5564 5972 6297 6295
f 3851 3850 2482 6298
f 5332 871 1934 4993
f 3004 5870 1943 1942
f 6299 602 6300 6301
f 3857 3856 6302 1703
f 4567 3507 6114 6303
f 2888 2887 5895 3511
f 4342 5872 5941 4642
f 4177 3519 6123 4178
f 1849 5445 1333 1965
f 5006 6200 6304 5007
f 3814 5949 5952 3815
f 1880 5691 1345 2898
f 6012 3323 6305 6013
f 4336 4614 6051 5876
f 255 6306 2419 4386
f 4572 6307 936 5000
f 1893 5877 2771 2904
f 5880 5879 6308 6309
f 6309 6308 6310 6311
f 5880 6309 6311 5882
f 3875 3873 1108 6025
f 3750 5883 6312 5003
f 5003 6312 2921 5004
f 3895 3894 6313 6028
f 3908 1757 6314 3909
f 6315 3503 3505 6316
f 2710 2709 3503 6315
f 4359 3515 3517 5892
f 5149 4657 4655 6317
f 3931 3930 6318 1800
f 1941 2956 6143 5712
f 6319 6320 3866 3865
f 6319 6321 2569 6320
f 6319 3865 6322 6321
f 6323 6324 6325 6326
f 6327 6328 6329 3101
f 6326 6325 6329 6328
f 6323 6326 6328 6327
f 6330 6331 5976 3881
f 4251 3502 5481 4252
f 6332 6333 6334 6335
f 4267 5024 6336 4268
f 5903 5902 3533 2991
f 4619 5619 6337 3957
f 3957 6337 6338 3958
f 5619 6339 6338 6337
f 6340 6341 6342 6343
f 5908 3542 3545 5909
f 5912 5911 2062 2061
f 5912 2061 2065 5548
f 6344 6345 6346 6347
f 3962 6348 6349 3963
f 4393 5914 3556 3555
f 5279 5278 2068 2067
f 2541 805 808 6350
f 3974 1886 6075 3453
f 3300 2106 5497 6020
f 5287 5286 2149 2148
f 6351 3760 5907 6352
f 6353 3023 6079 6078
f 5034 3361 6080 4694
f 3099 2152 2155 5919
f 3979 3978 5982 6354
f 3981 630 6355 3982
f 3982 6355 80 3078
f 4716 5921 6356 5289
f 5921 6357 6358 6356
f 5923 6359 6360 5924
f 4369 5022 6359 5923
f 4405 3570 3572 5925
f 6361 3182 6362 1379
f 646 6363 6362 3182
f 6364 1379 6362 6363
f 6365 6366 2157 2156
f 6367 2161 5987 1388
f 6365 6367 1388 6366
f 6365 2156 2161 6367
f 1991 1990 6368 6369
f 3540 3539 6370 5734
f 6369 6368 6370 3539
f 1990 5734 6370 6368
f 6371 6372 6373 3432
f 2932 315 4417 5507
f 1711 4454 6374 5054
f 5055 4711 6375 5056
f 4015 3651 5539 6068
f 4432 5940 6376 5058
f 5058 6376 6229 3721
f 5940 1441 6229 6376
f 4023 3669 5541 6072
f 5941 5744 3256 3596
f 4030 4029 6377 3483
f 4437 5946 3603 3602
f 5952 5951 3609 3608
f 6378 6379 6380 6381
f 4031 3692 6382 4032
f 222 221 6383 5071
f 221 3417 6384 6383
f 4530 5980 6385 6386
f 6386 6385 4278 4277
f 4530 6386 4277 4531
f 5953 5576 2122 2121
f 4693 6074 1353 5082
f 5957 5956 2210 2209
f 6122 5593 6008 3994
f 4451 2134 2137 5958
f 6088 6387 5954 2501
f 4555 3638 3641 4552
f 5091 4592 6388 6389
f 6389 6388 6125 4013
f 2615 6390 6391 6392
f 3206 5964 6393 4065
f 501 4821 4819 6394
f 4070 4069 1392 1987
f 6395 3448 6396 6397
f 6398 6399 2703 1532
f 6395 6398 1532 3448
f 6397 6396 2703 6399
f 6395 6397 6399 6398
f 6062 4764 4767 6400
f 6001 2256 1795 5556
f 5105 3673 3675 6401
f 4078 4077 6402 6003
f 1014 5115 6402 4077
f 5968 854 2949 5969
f 4084 4083 2717 6403
f 5110 5109 6404 3468
f 4759 4760 6405 5574
f 5128 6406 2015 2014
f 5128 2273 4833 6406
f 866 5082 6407 4608
f 4098 4097 6408 2024
f 4736 3715 6225 6105
f 4102 4106 6046 5134
f 3074 3724 6231 3075
f 6409 3689 1443 1442
f 6106 6409 1442 6107
f 6106 3686 3689 6409
f 6410 2044 6411 4107
f 4107 6411 6047 4108
f 3240 4112 6140 5977
f 4052 5977 6140 4053
f 4751 6412 1331 5115
f 4059 6052 6055 4060
f 4115 6413 6056 4116
f 6076 2028 6414 6077
f 6117 5584 5587 6118
f 6117 6119 5588 5584
f 3462 5134 6415 6082
f 266 3528 6416 267
f 4423 4422 6240 3739
f 5984 5983 6417 4080
f 5809 1749 1750 5810
f 2160 2228 1749 5809
f 5651 5988 2225 2224
f 4600 122 3713 6418
f 4559 3718 3720 5989
f 1021 4142 6069 4117
f 2967 1574 6419 6141
f 6420 6343 3024 3744
f 4152 4151 6421 3611
f 6422 6423 3093 3092
f 6422 3726 5828 6423
f 6422 3092 3727 3726
f 3672 6177 2399 2398
f 5186 6424 6425 5613
f 4750 6111 5568 3731
f 6008 5570 5568 6111
f 4494 239 243 6264
f 6014 6013 4340 5145
f 5720 5834 3753 3201
f 5479 4320 4546 4846
f 3292 5479 4846 3296
f 6426 6427 6428 6429
f 3501 2355 4850 5480
f 2775 4835 6430 6431
f 6024 6023 6432 5152
f 601 6433 6434 6435
f 4161 2141 6175 4162
f 4165 4164 6084 6436
f 3260 5648 2314 2313
f 4588 4855 6179 6027
f 3268 5652 2428 2427
f 6437 6275 6276 6438
f 6439 6440 2777 1640
f 6441 6442 6440 6439
f 6443 6444 4221 4219
f 6445 6443 4219 6446
f 6445 5169 6444 6443
f 6447 6448 1648 1647
f 6161 5900 6448 6447
f 4819 4818 4367 6372
f 6449 6450 6451 6452
f 5906 6453 6030 2679
f 6454 6455 6456 6457
f 6458 6459 1783 2166
f 6458 4921 4920 6459
f 3349 6035 6460 4180
f 4181 4622 6461 4182
f 5216 3676 6462 5217
f 5218 6463 6285 3829
f 4183 3828 5626 6163
f 4190 3835 5630 6171
f 6038 6037 2344 2343
f 6038 2343 2348 2424
f 3553 3843 6291 6133
f 6043 3786 4382 6044
f 4105 3785 3786 6043
f 6464 6465 3791 3790
f 4837 3851 6298 6466
f 6467 6209 6212 6468
f 5508 4415 6209 6467
f 4645 3608 3610 426
f 4613 6049 2365 2364
f 6469 6381 6470 4167
f 5391 2371 2374 5392
f 4217 6173 1720 4218
f 6471 6472 6473 5139
f 6174 6474 2200 2199
f 6174 4427 4939 6474
f 6055 6054 3812 3180
f 3374 2385 2388 6057
f 3253 2722 6112 5679
f 71 70 6475 5142
f 3333 5681 2395 2394
f 6476 6477 6478 6479
f 6180 6476 6479 3039
f 5369 6480 6478 6477
f 6180 5369 6477 6476
f 5743 5682 2493 2492
f 4176 5688 3104 3816
f 5396 5395 6120 6186
f 922 4228 2214 923
f 6154 2185 6232 6155
f 118 117 6086 6199
f 5243 3642 6481 5244
f 5412 2533 2536 5413
f 3436 5265 2533 5412
f 6482 3849 4516 6483
f 4691 3846 3849 6482
f 6061 4202 4765 4764
f 4726 3852 3855 6484
f 4661 6485 2925 2927
f 6486 6467 2925 6485
f 4660 6486 6485 4661
f 6065 6487 4897 6066
f 6488 4896 4897 6487
f 6067 6488 6487 6065
f 6489 6490 793 6491
f 6202 6489 6491 6492
f 4735 4886 3920 4733
f 4271 4270 6493 2254
f 6494 5178 6495 6496
f 1287 4218 6497 4786
f 5764 6204 2511 5261
f 184 5182 5999 185
f 4282 6214 1812 4283
f 3738 1809 1812 6214
f 5857 5661 5660 6498
f 4293 6223 6499 4294
f 882 6500 376 6501
f 3400 5713 3898 3401
f 6502 6503 6504 6505
f 6502 589 593 6503
f 6506 5411 4242 2478
f 6506 6147 6148 5411
f 6506 2478 2481 6147
f 5793 6077 6507 6230
f 3411 5718 3906 3412
f 4695 6081 3908 596
f 3668 4307 6508 5540
f 3330 3329 6348 3962
f 268 267 6509 4248
f 4308 6510 6511 4309
f 4308 4310 2994 6510
f 5795 5279 2067 1713
f 6182 5645 5647 6183
f 5452 3706 6512 5283
f 5283 6512 6513 4807
f 3706 3707 6513 6512
f 6089 6088 2501 2500
f 5798 5287 2148 3923
f 4315 3926 3929 6514
f 6235 6353 6078 6236
f 4712 640 3931 6090
f 2562 2565 6515 5920
f 6189 6188 6515 2565
f 6191 5920 6515 6188
f 6093 6092 3933 3932
f 4916 3979 6354 6516
f 3479 3934 3937 6094
f 1106 1496 6517 6518
f 4810 4318 6519 6520
f 1364 4283 6519 4318
f 6521 6522 6523 6524
f 6525 3941 3944 6526
f 6527 6528 499 6529
f 6530 6531 6532 6533
f 6530 6533 6534 6535
f 6097 6096 6536 6537
f 6537 6536 6538 6539
f 6097 6537 6539 4086
f 6096 6098 6538 6536
f 4346 4009 5698 6248
f 6104 3959 3961 6101
f 4207 6108 6540 5291
f 6108 1813 1815 6540
f 5293 6541 3966 3965
f 6541 6542 3972 3966
f 3708 5104 2553 2552
f 4742 6109 3974 700
f 5316 6429 6543 5317
f 3504 3984 3985 6113
f 2494 5953 2121 3395
f 4753 766 3987 6115
f 3516 4375 6293 6116
f 2502 5957 2209 3403
f 3405 6122 3994 3406
f 6544 6545 6546 6547
f 5311 5310 6548 3754
f 4662 4661 6549 6550
f 4664 4662 6550 5201
f 5328 1632 6551 5329
f 6128 2583 4561 6129
f 4730 2581 2583 6128
f 3335 4867 6552 3336
f 4680 5091 6389 4681
f 4681 6389 4013 4012
f 500 4285 4821 501
f 3575 3574 6553 4394
f 510 509 6554 4399
f 6555 377 375 6556
f 6557 6558 5705 6559
f 6556 375 5705 6558
f 6555 6556 6558 6557
f 3740 6241 6560 4882
f 6561 5041 6562 2452
f 6563 6561 2452 2451
f 6563 5036 5041 6561
f 3751 4076 5728 6246
f 4407 4084 6403 6279
f 6564 6565 6501 6566
f 6566 6501 6567 6568
f 6564 6566 6568 6569
f 4792 6139 6570 5331
f 5331 6570 6571 6572
f 6139 2094 6571 6570
f 4980 6573 6574 4981
f 3460 3459 5735 4420
f 5774 3290 3291 5775
f 4376 2660 3291 3290
f 3520 4376 3290 5774
f 6575 6315 6316 6576
f 4380 6575 6576 4381
f 4380 2710 6315 6575
f 560 6577 6578 561
f 4303 6294 5707 6149
f 6507 5979 4052 4051
f 6579 2299 2301 6580
f 6295 6579 6580 6296
f 6295 6297 2299 6579
f 408 407 6581 6582
f 4991 6583 6413 4115
f 618 617 755 6584
f 6585 6327 3101 3100
f 6334 6323 6327 6585
f 624 528 527 6586
f 625 6587 6588 1738
f 6586 527 6588 6587
f 624 6586 6587 625
f 6156 6155 2756 2755
f 4441 4440 3820 3819
f 6589 4755 6331 6330
f 4443 2506 6590 4444
f 5342 3833 6591 5343
f 4449 4088 4091 6201
f 6592 6593 6153 6053
f 5349 970 4098 6594
f 6311 6310 6490 6489
f 5882 6311 6489 6202
f 6268 5802 6239 6269
f 4463 4462 6595 2538
f 6596 4358 6597 6598
f 1637 4424 6242 4467
f 6208 2789 2792 5814
f 678 5762 5669 679
f 685 5098 5096 686
f 6282 6281 6599 2525
f 6600 6601 6602 6603
f 4849 6176 4127 1041
f 3525 3524 5781 4153
f 6322 1570 3635 5783
f 5369 4649 4652 6480
f 6184 6183 3399 4129
f 5023 6604 6605 4942
f 6606 3903 6607 6608
f 1868 6609 6610 1869
f 6608 6607 6610 6609
f 6606 6608 6609 1868
f 3903 1869 6610 6607
f 3674 2826 2829 6185
f 3609 6186 2738 2737
f 6237 6236 3410 4132
f 4865 1074 4135 6187
f 4520 4521 6260 5380
f 5024 4165 6436 6336
f 6342 6611 6181 3025
f 5909 3545 4140 6522
f 6612 6613 6614 5376
f 5376 6614 6615 5377
f 6613 1901 6615 6614
f 6200 6199 6616 6304
f 6617 1910 6618 6619
f 802 672 671 6620
f 803 6621 6622 6623
f 6620 671 6622 6621
f 802 6620 6621 803
f 5877 5754 2332 2771
f 4535 6624 6271 4536
f 4537 6247 6625 4538
f 5041 6458 2166 6562
f 5041 5040 4921 6458
f 5379 1922 1923 710
f 3894 5380 6626 6313
f 846 4507 6627 848
f 6628 6629 5470 6630
f 3703 5555 2794 2793
f 4557 4556 6631 2608
f 4899 6215 4159 4158
f 873 5385 6632 874
f 4913 5114 6283 6217
f 5397 3888 3891 5398
f 5397 4169 3892 3888
f 2728 3578 2371 5391
f 4908 5105 6401 6226
f 3716 4171 4173 6227
f 4918 6227 4173 4174
f 3586 6633 6634 3587
f 3586 1683 3472 6633
f 3684 6230 2812 2811
f 4923 6547 3474 1245
f 4564 4563 6635 6636
f 4527 6636 6635 4528
f 5420 6299 6301 5130
f 6637 6638 6639 6640
f 2104 4567 6303 2105
f 1607 1608 6641 6642
f 6643 6644 306 4073
f 1607 6643 4073 1608
f 1607 6642 6644 6643
f 6379 4043 6645 6380
f 6646 6647 6648 4396
f 6649 4187 4729 6650
f 6651 6649 6650 6652
f 6651 4184 4187 6649
f 3958 6338 5376 1817
f 6339 6612 5376 6338
f 5404 4002 6653 5405
f 4570 4096 6654 4571
f 3963 6349 6307 4572
f 6597 3626 4202 6061
f 6655 5508 6467 6486
f 4476 6655 6486 4660
f 4940 1267 1272 6245
f 3973 4253 5836 5685
f 5685 5836 5581 5687
f 4586 4585 6656 6657
f 3631 5817 4896 6488
f 2791 3631 6488 6067
f 5421 6658 4204 4203
f 4592 4269 5846 6388
f 6388 5846 5848 6125
f 6659 3496 3497 6660
f 3644 6659 6660 3645
f 3648 4502 3497 3496
f 3644 3648 3496 6659
f 153 3722 4745 4744
f 5439 2916 5853 2022
f 3761 4600 6418 6250
f 4935 5432 6661 6252
f 5696 4774 5149 6255
f 5969 2949 2952 6294
f 877 5154 6662 878
f 6663 6664 2721 2720
f 6663 5224 5223 6664
f 4608 6407 5862 4296
f 6665 6666 6667 6500
f 881 6665 6500 882
f 5054 6374 5821 4213
f 6668 5162 6669 6670
f 5164 6671 6669 5162
f 6419 6670 6669 6671
f 5441 6672 6673 5442
f 1070 1069 6674 1446
f 5704 5703 6675 6676
f 5705 5704 6676 6677
f 5303 2663 2666 2187
f 4948 4259 4261 6263
f 5448 4066 6678 5449
f 5613 6425 2884 2883
f 6679 6680 6333 6332
f 3753 5903 2991 2990
f 6428 6340 6343 6420
f 4626 6681 3547 3546
f 6270 6269 3547 6681
f 1107 1106 6518 6682
f 2842 1866 4329 4328
f 6683 4494 6264 6684
f 5719 5831 5834 5720
f 6276 5916 2911 2910
f 6440 6685 2436 2777
f 6440 6686 6351 6685
f 6417 6687 6267 4562
f 6688 3209 5620 6689
f 6690 6691 1259 6692
f 1118 1117 6693 4648
f 4552 3641 4298 6277
f 5992 3660 4301 6281
f 6283 4306 3959 6104
f 4924 6694 6695 4925
f 4925 6695 6696 5247
f 6394 4819 6372 6371
f 6697 6698 6699 4119
f 6700 6697 4119 4118
f 6700 6701 6698 6697
f 4984 6290 2930 2929
f 4984 2929 2932 4985
f 6290 2473 5175 2930
f 1182 5891 5890 1183
f 1186 1185 6702 6703
f 5496 5905 6704 6705
f 1191 5496 6705 1192
f 5172 6004 6706 5171
f 5171 6706 6707 5057
f 1197 1196 6708 5401
f 6406 4833 5062 5061
f 3856 4335 4337 6302
f 4642 5941 3596 4338
f 6473 6709 6465 6464
f 5007 6304 3604 4339
f 3815 5952 3608 4645
f 6013 6305 4341 4340
f 5490 5489 3426 6710
f 6023 6711 6712 6432
f 6433 4175 6713 6434
f 5497 2162 2163 1149
f 5499 4141 6714 5500
f 6715 6284 4666 4356
f 6715 6596 6716 6284
f 6715 4356 4358 6596
f 6359 6717 6718 6360
f 5510 5509 6718 6717
f 5022 5510 6717 6359
f 4120 4704 6719 5745
f 4708 6720 6721 4709
f 1113 6722 6723 6724
f 5434 5435 6723 6722
f 1112 5434 6722 1113
f 6444 6563 2451 4221
f 6444 4606 5036 6563
f 3909 6314 4372 4371
f 1293 5504 6725 1294
f 4688 4687 6726 6727
f 316 3775 5927 4419
f 3776 5929 5927 3775
f 6495 4691 6482 6601
f 3930 4726 6484 6318
f 5219 6728 6729 5509
f 5511 5249 6730 4163
f 5641 5748 3014 3009
f 3865 1571 1570 6322
f 4611 6048 6731 6732
f 6732 6731 5940 4432
f 4611 6732 4432 4431
f 6048 5939 5940 6731
f 3881 5976 4391 3882
f 6381 6380 6733 6470
f 5044 6646 4396 4395
f 6734 6735 6324 6323
f 6333 6734 6323 6334
f 6343 6342 3025 3024
f 4747 2895 6736 4748
f 6054 6156 2755 3812
f 6737 6589 6330 6738
f 1362 1361 6739 5517
f 4154 5782 6412 4751
f 6347 6346 4401 4400
f 6740 6741 6742 6743
f 5524 6744 6745 5525
f 6350 808 4409 4408
f 3760 3759 5908 5907
f 6746 6747 5265 3623
f 6748 6749 3431 6750
f 6746 6748 6750 6747
f 1239 1238 6344 6751
f 5289 6356 3053 3052
f 6356 6358 3057 3053
f 3986 4315 6514 5692
f 466 3090 5918 3842
f 6372 4367 4370 6373
f 485 5147 6752 3850
f 1299 5887 5963 1302
f 4786 6497 5966 4496
f 5258 5536 6753 6754
f 6755 6756 6244 6243
f 6757 5695 3455 2561
f 6755 6757 2561 6756
f 6755 6243 5695 6757
f 6758 6759 2633 4224
f 6758 6525 6526 6759
f 4182 6461 5931 4421
f 6760 4910 4911 6761
f 6762 6760 6761 6763
f 5515 5516 4911 4910
f 6762 5515 4910 6760
f 5056 6375 4443 1675
f 6498 5660 5167 5166
f 6764 2955 6531 6530
f 6764 6765 2956 2955
f 6764 6530 6535 6765
f 4029 4450 4452 6377
f 3026 6184 4129 3868
f 5542 1719 4463 6766
f 5071 6383 6541 5293
f 6383 6384 6542 6541
f 5820 5819 704 703
f 42 2318 6767 6768
f 6769 5337 6770 2972
f 6771 3175 5337 6769
f 578 5545 6193 6772
f 6773 3696 6774 6775
f 6775 6774 6424 5186
f 6773 6775 5186 5185
f 6776 6400 4767 4492
f 6776 6683 6777 6400
f 6776 4492 4494 6683
f 6778 6426 6429 5316
f 5013 6617 6619 5014
f 5282 6779 6624 4535
f 5810 1750 1748 5807
f 3933 6437 6438 3419
f 6780 6781 6442 6441
f 6390 5537 6782 6391
f 4065 6393 4510 4509
f 1388 5987 5986 1389
f 1527 5353 5352 1522
f 6783 4610 6784 6785
f 6785 6784 6786 6450
f 6783 6785 6450 6449
f 3944 3943 5991 5990
f 2261 4032 6256 322
f 6534 4743 5160 5996
f 6539 6538 6463 5218
f 4086 6539 5218 4087
f 6568 6567 377 6555
f 6568 6555 6557 6787
f 1560 5514 6788 1563
f 5109 5558 6789 6404
f 1810 5573 6790 340
f 5574 6405 6790 5573
f 4097 3239 3241 6408
f 4838 4837 6466 6791
f 2292 4808 6792 5636
f 4845 4844 6793 6794
f 6794 6793 6471 6795
f 4060 6055 3180 3179
f 6361 6796 3183 3182
f 6435 6434 3245 3244
f 4850 66 69 6797
f 6797 69 71 6798
f 6799 5072 1721 6800
f 4851 3033 6801 4852
f 4852 6801 3616 5366
f 6802 4550 4553 6803
f 4068 6802 6803 4069
f 4068 4072 4550 6802
f 6077 6414 5979 6507
f 1622 1621 6804 5583
f 5583 6804 6805 6007
f 6545 6011 6014 6546
f 6550 6549 6019 6018
f 5201 6550 6018 5205
f 4074 6806 3198 3197
f 267 6416 6807 6509
f 4080 6417 4562 4081
f 6808 6809 3205 3204
f 6808 6688 6810 6809
f 6808 3204 3209 6688
f 4867 4578 6026 6552
f 1644 4872 6811 1645
f 4007 4591 6029 4008
f 1496 1495 5984 6517
f 4882 6560 472 4883
f 1659 6812 6813 161
f 5606 5349 6594 4374
f 1663 6814 6815 6816
f 1663 6816 6454 1664
f 5322 5607 4860 6817
f 5167 6033 4603 4602
f 5009 6818 6671 5164
f 6141 6419 6671 6818
f 6819 6820 4861 2369
f 6821 3864 3867 6822
f 6819 6821 6822 6820
f 6819 2369 3864 6821
f 6820 6822 3867 4861
f 5773 5772 5664 6823
f 4900 3072 6824 4901
f 6825 6738 3880 4579
f 4151 4587 4589 6421
f 5615 5614 6826 6827
f 6828 6829 6830 6680
f 6831 6828 6680 6679
f 5145 4340 4343 4541
f 6429 6428 6420 6543
f 6581 6832 6833 4811
f 5152 6432 4597 4596
f 6834 4064 6681 4626
f 4063 6270 6681 4064
f 3208 2311 4630 4629
f 411 6751 6835 6836
f 1742 1741 6837 6838
f 6438 6276 2910 3997
f 6442 6839 6686 6440
f 930 3301 6021 4075
f 1632 1631 6024 6551
f 444 443 6840 6841
f 444 6841 6691 6690
f 5900 5026 5398 6448
f 955 4916 6516 4083
f 4818 4005 4368 4367
f 6450 6786 6842 6843
f 6843 6842 6844 6845
f 6450 6843 6845 6451
f 5910 5909 6522 6521
f 1650 6846 6366 1651
f 6455 5610 6847 6456
f 4180 6460 3367 3366
f 4394 6553 6031 3328
f 5217 6462 4612 1993
f 5633 5632 6848 4448
f 5266 4633 4635 6849
f 5234 6849 4635 2073
f 4167 6470 4637 4168
f 5139 6473 6464 4802
f 5142 6475 6850 5143
f 1724 1723 6469 4805
f 574 1841 48 2118
f 1726 1725 6851 5602
f 1864 1863 6852 4941
f 4942 6605 6073 4692
f 6186 6120 3405 2738
f 4922 6544 6547 4923
f 6853 6854 6855 6856
f 6853 4670 778 6854
f 5264 2093 4672 6857
f 6199 6086 6089 6616
f 5244 6481 3348 3347
f 1910 1909 6093 6618
f 4202 2531 5314 4765
f 5671 5672 6858 2614
f 4270 5656 6859 6493
f 5178 4689 4691 6495
f 6598 6597 6061 6060
f 1793 5657 27 1794
f 6630 5470 5472 6860
f 5182 2458 6000 5999
f 1807 5658 44 1808
f 6861 883 6565 6564
f 1932 6861 6564 1933
f 664 663 6862 5384
f 5384 6862 6863 5662
f 663 1816 6863 6862
f 5942 104 4698 4697
f 5942 4697 4703 5943
f 686 5096 6864 6865
f 341 6866 6867 6868
f 6869 6870 6867 6866
f 6500 6667 6871 6872
f 6872 6871 373 372
f 6500 6872 372 376
f 6230 6507 4051 2812
f 5308 2128 4713 6873
f 5270 4959 6874 5271
f 4248 6509 4058 4249
f 6674 408 6582 6875
f 370 4965 6583 4991
f 4309 6511 3397 3396
f 6876 6459 4920 4720
f 6877 4067 4070 6878
f 6876 6877 6878 6459
f 6876 4720 4067 6877
f 6236 6078 3411 3410
f 6647 265 268 6648
f 6518 6517 4079 4975
f 1986 6879 3827 3826
f 6880 6881 3827 6879
f 1985 6880 6879 1986
f 6522 4140 4731 6523
f 1472 5292 6095 4999
f 4999 6095 4085 958
f 5377 6615 3706 5452
f 1901 1900 3706 6615
f 1902 5453 6882 1903
f 3492 5662 6883 5985
f 5416 479 482 6884
f 6528 4982 500 499
f 6533 6532 4741 4740
f 6533 4740 4743 6534
f 1283 4214 6131 4781
f 848 6758 4224 849
f 848 6627 6525 6758
f 2017 6885 6886 2018
f 2022 5853 6885 2017
f 2029 5717 6037 2030
f 5291 6540 6887 6888
f 6888 6887 2864 6095
f 5291 6888 6095 5292
f 6540 1815 2864 6887
f 6889 5127 5129 6890
f 6891 6889 6890 6892
f 6891 2624 5127 6889
f 5338 5706 6893 6894
f 6828 5199 5200 6829
f 4234 4944 5200 5199
f 4235 4234 5199 6828
f 5710 6895 363 362
f 4050 366 363 6895
f 5317 6543 4121 4758
f 6708 558 6896 6897
f 5321 6836 4761 2242
f 6898 3091 3094 6899
f 6633 6898 6899 6634
f 6633 3472 3091 6898
f 6547 6546 3475 3474
f 6261 6900 6778 6901
f 5310 3478 3480 6548
f 2651 5004 6604 5023
f 5329 6551 4780 4779
f 5454 6266 6902 5180
f 6903 4675 6860 6904
f 6903 6780 4676 4675
f 6903 6904 6781 6780
f 939 1983 6905 6906
f 4569 6010 5491 3523
f 4399 6554 4791 4790
f 5916 5725 3558 2911
f 6022 3326 6711 6023
f 6907 2050 358 6908
f 6908 358 361 6909
f 6907 6908 6909 2802
f 6722 6723 5016 5015
f 6722 6816 6815 6723
f 5015 5016 6910 6911
f 6722 5015 6911 6816
f 5339 2305 4147 6912
f 5046 5045 6913 3370
f 4301 4304 6150 6164
f 6281 4301 6164 6599
f 5382 5052 6914 6213
f 654 6915 6914 5052
f 6916 6213 6914 6915
f 2005 5732 386 2006
f 4981 6574 6773 5733
f 5733 6773 5185 1135
f 2008 5272 6917 2009
f 661 5383 6918 662
f 5734 6919 6918 5383
f 4618 662 6918 6919
f 1417 4838 6791 4310
f 6920 6335 6921 6922
f 6577 6920 6922 6578
f 6294 2952 3521 5707
f 5057 6707 6172 4843
f 5477 4845 6794 6923
f 6923 6794 6795 6924
f 6582 6581 4811 4237
f 1045 6799 6800 6925
f 2143 2643 5368 2145
f 6709 6637 6640 6465
f 4444 6590 3530 3529
f 6926 916 6927 6928
f 6742 6929 6646 5044
f 5343 6591 507 5747
f 2597 940 6930 6931
f 6190 6932 6933 6191
f 6053 6153 6156 6054
f 6269 6239 3551 3547
f 4462 5085 6934 6595
f 4358 3624 3626 6597
f 5755 5522 6935 4684
f 6936 5507 5508 6655
f 4475 6936 6655 4476
f 6629 3627 3629 5470
f 6727 6726 6628 6937
f 6938 559 562 856
f 2543 6938 856 855
f 6939 6940 6941 6942
f 6939 6205 6207 6940
f 6939 6942 6208 6205
f 140 138 6943 1023
f 6602 6944 6945 6946
f 6482 6483 6945 6944
f 6601 6482 6944 6602
f 5099 3454 6947 5100
f 5102 6948 6949 5103
f 5103 6949 6950 5104
f 2182 5557 5475 1031
f 5106 4864 4866 6951
f 17 4384 3317 18
f 5780 5778 6952 6953
f 4512 5974 3580 3579
f 6705 6704 6666 6665
f 1192 6705 6665 881
f 2205 2725 6224 2206
f 6954 3584 4243 5410
f 6070 6954 5410 6071
f 6070 3016 3584 6954
f 4391 5794 3684 3683
f 4396 6648 4247 4397
f 3025 6181 6184 3026
f 5796 5542 6766 4725
f 6304 6616 3605 3604
f 4401 6234 6237 4402
f 3034 6190 3615 3035
f 6619 6618 4280 4888
f 5531 3489 6955 5530
f 4759 5574 6956 3491
f 5530 6955 6956 5574
f 3489 3491 6956 6955
f 4409 1107 6682 4410
f 2692 2693 1390 6957
f 6958 6959 6960 4788
f 2692 6958 4788 2693
f 2692 6957 6959 6958
f 6961 6572 6196 6195
f 6962 6963 4796 4795
f 6962 5587 5586 6963
f 4538 6625 4898 96
f 100 3057 3362 106
f 5803 6964 4900 2444
f 6965 6966 6617 5013
f 5804 988 989 6967
f 4507 4506 4904 6627
f 5594 6968 6969 5598
f 4556 130 4909 6631
f 5147 4933 6249 6752
f 5991 3659 3660 5992
f 5385 5815 727 6632
f 5114 26 4306 6283
f 5154 5153 6970 6662
f 164 4435 6971 165
f 4434 6972 6971 4435
f 6973 6974 6975 6976
f 4439 6973 6976 4440
f 4439 4442 6974 6973
f 5538 5822 4466 6977
f 6978 4915 1427 5715
f 4563 4 3680 6635
f 4528 6635 3680 77
f 1692 4815 6979 6
f 6 6979 6222 12
f 5130 6301 4323 94
f 6640 6639 4917 4387
f 6644 201 307 306
f 6642 203 201 6644
f 6927 6980 4922 4469
f 6380 6645 6981 6733
f 1338 6982 6983 6984
f 5405 6653 4931 2516
f 5827 3314 4785 4784
f 4571 6654 6985 250
f 250 6985 6306 255
f 2237 2677 1491 6986
f 2237 6986 1088 1092
f 6987 6988 6989 6990
f 6991 6651 6652 4503
f 6987 6991 4503 6988
f 6987 6990 6651 6991
f 5687 5581 1878 3105
f 4585 279 3762 6656
f 6992 5580 6993 4789
f 5158 5157 5580 6992
f 5837 299 4936 6994
f 4292 5837 6994 5860
f 6125 5848 1891 3109
f 5198 5197 6995 3557
f 6391 6782 1112 1111
f 5850 5849 876 4799
f 6996 3569 6997 6998
f 6996 6999 3567 3569
f 6996 6998 7000 6999
f 3569 3567 7001 6997
f 7002 4295 4986 7003
f 7002 7004 3132 4295
f 7002 7003 7005 7004
f 1778 4977 6280 4513
f 5432 134 3717 6661
f 1401 7006 7007 2282
f 7008 888 891 7009
f 2283 7008 7009 2284
f 6557 6559 6288 6287
f 6787 6557 6287 6289
f 4782 6132 6728 5219
f 7010 7011 7012 7013
f 20 7010 7013 21
f 1444 5565 6296 2302
f 1446 6674 6875 7014
f 5636 6792 7015 5637
f 5449 6678 7016 5870
f 1449 2417 7017 7018
f 6680 6830 5206 5203
f 5203 5206 6735 6734
f 6680 5203 6734 6333
f 6796 7019 3484 3183
f 6833 6737 6738 6825
f 6682 6518 4975 4974
f 7020 7021 2329 7022
f 7020 1853 2595 7021
f 757 6740 6743 7023
f 5873 5615 6827 4831
f 6686 3757 3760 6351
f 4562 6267 6270 4063
f 7024 3622 7025 7026
f 7024 6746 3623 3622
f 7026 7025 6749 6748
f 7024 7026 6748 6746
f 3209 3208 4629 5620
f 7027 6289 1258 1257
f 6691 7027 1257 1259
f 5598 6969 7028 5596
f 5596 7028 3272 4967
f 6969 3270 3272 7028
f 4648 6693 4983 446
f 5605 4988 4858 4857
f 5245 3654 7029 5246
f 441 444 6690 7030
f 5249 514 3857 6730
f 1522 1299 1298 1523
f 1541 7031 7032 3069
f 5259 5258 6754 7033
f 5893 7034 7035 5894
f 6703 6702 7035 7034
f 322 6256 3457 323
f 5401 6708 6897 5402
f 2384 2383 7036 5627
f 2489 2488 7037 5407
f 2393 1184 1186 5830
f 6823 5664 1190 136
f 28 5266 6849 29
f 32 29 6849 5234
f 43 42 6768 5238
f 7038 578 6772 3424
f 4650 7038 3424 4651
f 4650 579 578 7038
f 3759 3905 3542 5908
f 6432 6712 5006 4597
f 6434 6713 3814 3245
f 6751 6344 6347 6835
f 5500 6714 1115 5911
f 5535 7039 5011 612
f 7039 6965 5013 5011
f 5913 1367 1370 7040
f 7040 1370 1372 7041
f 4709 6721 7042 5280
f 5280 7042 6779 5282
f 7043 7044 7045 7046
f 7047 7043 7046 7048
f 7047 5253 7044 7043
f 4606 4605 5021 5036
f 5918 5917 709 2476
f 5504 5919 7049 6725
f 5920 7050 270 269
f 4905 4290 270 7050
f 645 6197 6363 646
f 7051 6364 6363 6197
f 7052 6664 5223 5222
f 7052 7053 7054 6664
f 7052 5222 4504 7053
f 4223 11 10 5921
f 5921 10 7055 6357
f 4687 5264 6857 6726
f 1651 6366 1388 1387
f 657 5162 6915 654
f 6668 6916 6915 5162
f 1990 5442 6919 5734
f 5931 2505 1404 1403
f 161 6813 7056 162
f 5625 5932 3379 7057
f 7013 7012 6332 7058
f 7058 6332 6335 6920
f 7013 7058 6920 6577
f 2572 2571 1208 7059
f 2572 7059 1423 1422
f 7060 3737 7061 7062
f 7063 6762 6763 3393
f 7060 7063 3393 3737
f 7060 7062 6762 7063
f 6470 6733 4526 4637
f 5637 7015 7064 2040
f 2040 7064 4813 2732
f 2575 2574 7065 7066
f 2575 7066 7067 1583
f 2578 5297 7068 2579
f 193 192 7069 7070
f 4748 6736 5034 724
f 6738 6330 3881 3880
f 1612 5306 7071 1613
f 2890 105 104 5942
f 6475 6926 6928 6850
f 5517 6739 1260 5946
f 6743 6742 5044 5043
f 2507 1454 7072 7073
f 5962 6990 6989 5963
f 5962 5047 4548 6990
f 5525 6745 5050 5049
f 5525 5049 1843 5527
f 1725 1337 1339 6851
f 246 5308 6873 247
f 2526 5958 1292 2527
f 1741 2541 6350 6837
f 7074 4495 1307 7075
f 7076 2689 1310 4355
f 7074 7076 4355 4495
f 7075 1307 1310 2689
f 7074 7075 2689 7076
f 449 4985 2932 7077
f 7077 2932 5507 6936
f 449 7077 6936 4475
f 3114 5960 7078 5932
f 7079 7003 4986 4498
f 7079 7080 7081 7003
f 4508 5961 7082 5970
f 2622 2621 1311 5964
f 6243 6245 4775 5695
f 5323 5322 6817 210
f 333 7083 7084 334
f 5660 5427 6033 5167
f 6138 7085 7086 7087
f 6138 5731 5730 7085
f 2100 5780 6953 5489
f 2567 2566 7088 5697
f 357 356 7089 7090
f 1555 7091 6818 5009
f 6142 6141 6818 7091
f 4702 4701 980 5333
f 3788 977 980 4701
f 6768 6767 5086 4639
f 5337 5336 7092 6770
f 2576 1584 7093 7094
f 5553 7095 5422 5988
f 387 5338 6894 388
f 6874 4235 6828 6831
f 404 6580 731 399
f 7096 670 6727 7097
f 6620 7098 6937 671
f 7096 6620 671 670
f 7097 6727 6937 7098
f 7096 7097 7098 6620
f 1859 2695 1455 7099
f 412 411 6836 5321
f 4807 6513 7100 7101
f 4808 7102 7103 2603
f 7101 7100 7103 7102
f 4807 7101 7102 4808
f 6513 2603 7103 7100
f 420 419 6900 6261
f 3419 6438 3997 3420
f 6781 5327 6839 6442
f 6517 5984 4080 4079
f 424 423 7104 1080
f 6854 6998 6997 6855
f 6854 778 784 6998
f 4823 4003 4005 4818
f 5985 6883 6968 5594
f 7105 5108 5110 7106
f 5562 5111 5108 7105
f 3943 4739 3659 5991
f 2704 5989 1434 2705
f 4743 997 996 5160
f 5514 3141 7107 6788
f 7108 1525 1526 3858
f 7108 4289 1527 1525
f 5558 828 4030 6789
f 4859 1001 1005 5609
f 542 6912 7109 543
f 547 5339 6912 542
f 5306 6642 6641 7071
f 5306 2882 203 6642
f 6795 6471 5139 5138
f 6868 6867 2044 6410
f 6870 2041 2044 6867
f 558 557 7110 6896
f 6798 71 5142 5141
f 6800 1721 1724 5346
f 587 586 1726 7111
f 6546 6014 5145 3475
f 6009 5644 7112 480
f 6509 6807 4059 4058
f 6551 6024 5152 4780
f 602 601 6435 6300
f 6021 6020 1148 2712
f 4872 5370 7113 6811
f 2696 6027 1542 2697
f 6031 2736 1763 1762
f 6812 5362 4685 6813
f 2802 6909 1650 1649
f 6816 6911 6455 6454
f 7114 6050 7115 5935
f 2340 6494 7116 7117
f 2340 2339 5178 6494
f 2808 2807 7118 6035
f 7119 5181 5182 184
f 5333 980 5190 2959
f 5736 7120 54 6041
f 5772 3297 5194 5664
f 4901 6824 4161 1153
f 683 682 7121 5765
f 4805 6469 4167 4166
f 5621 5043 4705 5196
f 5614 2979 5198 6826
f 6543 6420 3744 4121
f 728 5106 6951 729
f 4811 6833 6825 4812
f 740 6057 1643 741
f 6836 6835 5207 4761
f 2763 1840 7122 7123
f 758 757 7023 4827
f 6838 6837 5209 5208
f 2770 1860 7124 7125
f 6839 5212 3757 6686
f 3212 2806 1652 7126
f 7126 1652 1656 1883
f 3212 7126 1883 1882
f 7127 5215 7128 4937
f 7129 7127 4937 1672
f 7129 3345 5215 7127
f 6841 6840 6787 7130
f 7130 6787 6289 7027
f 6841 7130 7027 6691
f 788 787 1742 5995
f 6239 6238 4195 3551
f 2787 7131 7132 2788
f 6846 5225 2157 6366
f 2858 2857 7133 5409
f 5414 5413 7134 7135
f 5417 5416 6884 7136
f 6063 676 7137 5693
f 688 167 1918 689
f 7138 1697 1699 1767
f 2087 7138 1767 1766
f 2351 5259 7033 4844
f 842 841 6964 5803
f 6912 7062 7061 7109
f 6912 4147 4150 7062
f 5632 1122 4152 6848
f 4802 6464 3790 4160
f 7110 31 32 4868
f 2114 6221 7139 2825
f 5143 6850 5236 5235
f 3311 7140 6895 5710
f 4047 4050 6895 7140
f 2118 48 49 7141
f 5778 7142 7143 6952
f 5778 5777 5861 7142
f 2119 1965 1966 7144
f 5602 6851 7145 5601
f 4941 6852 5243 1316
f 7146 241 240 5092
f 7146 7147 1974 241
f 7148 7149 7150 798
f 7148 5411 6148 7149
f 6075 7151 5245 3044
f 889 6978 5715 890
f 6262 6261 6901 5415
f 5443 812 7152 5444
f 6083 6082 1395 816
f 1081 1080 7153 5423
f 6616 6089 2500 3605
f 5453 1352 4271 6882
f 916 915 6980 6927
f 2847 7154 1789 2848
f 4734 4733 7154 2847
f 4957 5080 4232 4231
f 6618 6093 3932 4280
f 940 939 6906 6930
f 6191 6933 7050 5920
f 5672 5261 5262 6858
f 2920 6094 2 1
f 5656 1243 4201 6859
f 5808 5807 6528 6527
f 2953 1846 2289 7155
f 2953 7155 7156 2954
f 5658 5839 45 44
f 6392 5628 4110 4109
f 6392 6391 1111 5628
f 7157 5273 2008 2007
f 5096 5095 5857 6864
f 1023 6943 1932 187
f 1028 3163 1946 1029
f 2184 193 7070 7158
f 2983 3388 5299 2984
f 4959 4230 4235 6874
f 5478 5477 6923 7159
f 7159 6923 6924 5455
f 6875 6582 4237 4236
f 6301 6300 4324 4323
f 5481 5480 7160 7161
f 7161 7160 7162 5461
f 1046 1045 6925 7163
f 1048 6113 120 119
f 6114 5740 124 123
f 1056 1055 7164 7165
f 1058 6116 1911 1059
f 6123 5746 157 156
f 6648 268 4248 4247
f 4975 4079 4082 4256
f 5491 1143 4671 5492
f 4934 4355 4020 5319
f 3003 3002 7166 5503
f 6963 7167 987 4796
f 6963 5586 5875 7167
f 5844 5843 7168 2167
f 2928 1030 1029 7169
f 7169 1029 1948 2086
f 2928 7169 2086 520
f 7170 1033 1032 4286
f 7170 7108 3858 1033
f 7170 4286 4289 7108
f 7171 1975 2984 5298
f 7172 4839 1603 1602
f 7171 7172 1602 1975
f 7171 5298 4839 7172
f 6627 4904 3941 6525
f 5851 5323 210 209
f 5853 1500 1499 6885
f 5717 1431 2344 6037
f 5431 217 220 1504
f 1504 220 222 1510
f 5858 6133 225 224
f 1133 1132 7173 6135
f 548 6136 7174 549
f 6135 7173 7174 6136
f 1132 549 7174 7173
f 2551 6138 7087 1867
f 7175 7176 7177 7178
f 5929 7179 7180 5930
f 7178 7177 7180 7179
f 2284 7009 359 358
f 5706 1554 5311 6893
f 165 6971 7091 1555
f 6972 6142 7091 6971
f 5861 3176 3175 6771
f 6897 6896 4312 4311
f 5863 288 291 6058
f 1172 5512 7181 1173
f 1176 1173 7181 5487
f 6144 292 295 6145
f 1189 1188 7182 5901
f 6901 6778 5316 4962
f 2302 6296 6580 404
f 5939 1253 1439 1438
f 7153 409 412 4971
f 3058 2784 3102 7183
f 5180 6902 3749 3748
f 6904 6860 5472 5324
f 6904 5324 5327 6781
f 6906 6905 5328 4927
f 7184 5948 1671 1670
f 7185 7184 1670 7186
f 7185 3620 5948 7184
f 5522 5521 7187 6935
f 5021 5020 5799 5040
f 1263 1262 7039 5535
f 1262 1265 6965 7039
f 5045 1480 4360 6913
f 3006 3005 1037 7188
f 7188 1037 2051 530
f 3006 7188 530 529
f 5884 6163 383 382
f 5732 3236 387 386
f 5272 5271 6874 7189
f 6917 7190 6831 7191
f 7189 6874 6831 7190
f 5272 7189 7190 6917
f 4856 6171 395 394
f 6698 545 546 6699
f 6698 4995 547 545
f 6924 6795 5138 5340
f 5539 5538 6977 1223
f 5790 7192 5342 1685
f 21 7013 6577 560
f 6925 6800 5346 4952
f 7162 6798 5141 5344
f 2391 2390 1093 7193
f 7193 1093 2074 2115
f 2391 7193 2115 571
f 5541 5540 1758 1227
f 2643 1708 1707 5368
f 7164 587 7111 7194
f 7195 6352 5907 7196
f 7197 7198 5910 7199
f 7195 7197 7199 6352
f 7196 5907 5910 7198
f 7195 7196 7198 7197
f 6465 6640 4387 3791
f 2655 6009 480 479
f 6928 6927 4469 4468
f 1324 6185 7200 1325
f 5747 507 510 1590
f 6931 6930 4483 4482
f 1339 1338 6984 7201
f 2426 3341 2229 2228
f 70 1358 6926 6475
f 5085 4404 4406 6934
f 1377 1129 1128 5549
f 7168 5359 5362 6812
f 6726 6857 6629 6628
f 6942 6941 3838 3837
f 6942 3837 2789 6208
f 138 137 1193 7202
f 7202 1193 880 7203
f 138 7202 7203 6943
f 3738 6214 7204 3066
f 6213 7205 7204 6214
f 3067 3066 7204 7205
f 5100 6947 7206 5555
f 7207 2650 7208 7209
f 3162 7207 7209 3163
f 3068 595 598 6215
f 1400 7210 7006 1401
f 5074 7211 4434 4433
f 3310 5751 7140 3311
f 5752 4047 7140 5751
f 7182 7212 5373 5372
f 179 178 7213 5559
f 5559 7213 6948 5102
f 1419 5560 7214 1420
f 185 5999 2182 721
f 6225 5865 7215 1356
f 3088 6226 638 637
f 5788 5378 4958 5437
f 1435 5561 7216 1436
f 3194 6634 1908 142
f 3196 3587 6634 3194
f 1441 1440 7217 6229
f 6229 7217 2195 2194
f 1440 5290 2195 7217
f 6231 5867 7218 1368
f 4397 4247 4250 4533
f 1447 1446 7014 5550
f 1450 1449 7018 5981
f 6986 1491 1490 7219
f 1088 7220 4830 1089
f 7219 1490 4830 7220
f 6986 7219 7220 1088
f 4402 6237 4132 4472
f 1454 1453 7221 7072
f 4410 6682 4974 5051
f 6957 1390 1389 7222
f 6957 7222 7223 6959
f 6503 7020 7022 6504
f 6503 593 1853 7020
f 1457 1456 7095 5553
f 5580 1875 4557 6993
f 6339 7224 6613 6612
f 7225 3117 6613 7224
f 6240 665 668 6241
f 5960 5417 7136 7078
f 5961 6246 1961 7082
f 3127 699 702 7226
f 3127 7226 2336 998
f 3237 3645 6660 3238
f 5815 3372 728 727
f 7053 846 845 7054
f 7053 4504 4507 846
f 5153 1916 4564 6970
f 1512 7105 7106 1513
f 1517 5562 7105 1512
f 1529 6250 764 763
f 1538 5567 7031 1541
f 5967 771 292 6144
f 4442 1782 1781 6974
f 5694 7227 4749 6251
f 7228 1197 5401 5400
f 7229 7230 5404 1936
f 7229 1936 1940 1202
f 7231 2236 2238 2389
f 6675 7231 2389 2392
f 1573 1053 2393 5591
f 7232 5315 7233 7234
f 7232 7146 5092 5315
f 7232 7234 7147 7146
f 6733 6981 4527 4526
f 365 364 7235 7236
f 7236 7235 6672 5441
f 365 7236 5441 5440
f 364 1581 6672 7235
f 1583 7067 6978 889
f 6542 2637 2639 3972
f 6767 6262 5415 5086
f 1584 895 2303 7093
f 6258 809 812 5443
f 6984 6983 5420 5032
f 192 1078 1700 7069
f 2588 908 2312 3481
f 3259 6263 826 825
f 6278 7237 343 5355
f 6278 6277 7238 7237
f 1615 1087 2418 7239
f 5789 6431 7240 2409
f 2409 7240 7241 5619
f 6431 6430 7241 7240
f 6990 4548 4184 6651
f 3364 857 860 5428
f 5197 4558 4560 6995
f 6782 2854 5434 1112
f 5849 3439 877 876
f 5169 4601 4606 6444
f 6998 784 4582 7000
f 7242 7243 991 990
f 7244 7242 990 7245
f 7003 7081 7246 7005
f 7006 5067 5439 7007
f 7107 7247 7248 6701
f 6788 7107 6701 6700
f 5626 5625 7057 7249
f 6285 900 903 5933
f 5627 7036 5448 1997
f 3243 3242 7250 6290
f 6290 7250 2474 2473
f 3242 1180 2474 7250
f 7251 7114 5935 169
f 5630 5629 7252 7253
f 334 7084 2283 1035
f 6291 2475 929 928
f 6293 6292 933 932
f 5000 936 933 6292
f 1681 7119 184 180
f 2874 5478 7159 5123
f 5123 7159 5455 5125
f 7085 6663 2720 7086
f 7085 5730 5224 6663
f 6298 2482 954 953
f 2640 957 960 6004
f 7014 6875 4236 5083
f 1694 5634 7254 1695
f 356 2484 7255 7089
f 1701 1046 7163 5132
f 5870 7016 4570 1943
f 1703 6302 968 967
f 7018 7017 5466 5465
f 3255 2491 7256 7257
f 2887 5137 7165 5895
f 3334 1056 7165 5137
f 1633 7258 4576 1634
f 3258 3257 7259 7260
f 6880 7261 6527 6881
f 5805 5808 6527 7261
f 7223 5805 7261 6880
f 3805 7245 990 3804
f 3804 990 993 7262
f 3805 3804 7262 7263
f 7023 6743 5043 5621
f 5644 5490 6710 7112
f 6306 7264 2420 2419
f 3267 1096 2420 7264
f 6025 1108 1020 1019
f 6028 6313 1025 1024
f 7265 7079 4498 4497
f 7266 832 7267 7080
f 7265 7266 7080 7079
f 5246 7029 7268 5653
f 1757 1040 1043 6314
f 1767 1699 19 7269
f 7269 19 22 7270
f 1767 7269 7270 1768
f 3378 7271 2139 2138
f 7272 2392 2139 7271
f 3377 7272 7271 3378
f 7031 984 5482 7032
f 3281 7273 6940 3283
f 1790 5414 7135 1791
f 1800 6318 1072 1071
f 1804 1803 33 7274
f 7274 33 39 7083
f 1804 7274 7083 333
f 5402 6897 4311 2514
f 5641 5643 5749 5748
f 7275 641 5749 5643
f 5407 7037 5494 5493
f 5830 1186 6703 5571
f 5674 7276 5499 5498
f 3873 7277 1109 1108
f 3873 3872 6071 7277
f 7278 7279 5419 109
f 7278 3890 6107 7279
f 5238 6768 4639 4638
f 7073 7072 7280 5649
f 557 1836 31 7110
f 6835 6347 4400 5207
f 1840 1839 40 7122
f 5911 1115 1118 2062
f 3430 7281 1120 1119
f 3432 6373 7281 3430
f 6348 1765 2172 6349
f 7041 1372 2598 5505
f 6837 6350 4408 5209
f 1860 1859 7099 7124
f 5253 3911 5506 7044
f 1886 1885 7151 6075
f 5215 7282 7283 7128
f 5215 3818 6118 7282
f 6020 5497 1149 1148
f 5919 2155 5511 7049
f 6354 5982 1161 1160
f 630 629 1164 6355
f 6355 1164 81 80
f 5222 349 4505 4504
f 1906 5692 172 1907
f 5693 7137 7227 5694
f 6813 4685 4688 7056
f 824 6066 7284 1921
f 7285 233 1828 5513
f 7285 1560 1559 233
f 7285 5513 5514 1560
f 5935 7115 139 5937
f 5697 7088 4747 2169
f 5698 533 536 1837
f 7059 1208 1211 7286
f 7286 1211 2499 2631
f 7059 7286 2631 1423
f 7062 4150 5515 6762
f 7287 7234 7233 2532
f 7287 5518 5520 7234
f 6068 5539 1223 1222
f 7066 7065 5524 5523
f 7066 5523 5116 7067
f 7094 7093 7288 5683
f 6072 5541 1227 1226
f 5297 5700 245 7068
f 6041 54 60 176
f 1946 7157 2007 1947
f 7070 7069 5131 5534
f 374 1884 263 5701
f 5701 263 264 5703
f 1953 1952 7289 7290
f 3483 6377 1241 1240
f 6850 6928 4468 5236
f 3692 284 285 6382
f 5240 6931 4482 5241
f 6851 1339 7201 7145
f 5980 7291 7292 6385
f 6385 7292 5854 4278
f 3424 6772 6193 1343
f 7293 1281 1284 2673
f 7294 7293 2673 2671
f 7149 7295 4272 7150
f 7149 6148 2592 7295
f 6074 1285 1288 1353
f 3425 2674 7296 7297
f 5958 2137 1293 1292
f 1982 3699 2601 1979
f 7080 7267 5256 5255
f 7080 5255 5155 7081
f 6858 5262 5537 6390
f 5964 1311 1314 6393
f 2861 1400 1399 2862
f 2861 7298 7210 1400
f 7083 39 38 7299
f 7299 38 1582 7300
f 7083 7299 7300 7084
f 5728 2711 2714 1962
f 5427 5426 6034 6033
f 6003 6402 1328 1327
f 5115 1331 1328 6402
f 7301 7302 2577 5446
f 4040 7301 5446 5447
f 4040 4039 7302 7301
f 6403 2717 2718 1968
f 2866 2865 2584 6098
f 3464 7303 7304 2715
f 7090 7089 5547 5546
f 2024 6408 7305 2025
f 2028 2025 7305 6414
f 6105 6225 1356 67
f 862 861 217 5431
f 5502 5548 5378 5788
f 5735 7306 7120 5736
f 4625 4627 7120 7306
f 5134 6046 7307 6415
f 3075 6231 1368 1367
f 3083 83 1377 3081
f 5336 4752 4754 7092
f 2044 2043 7308 6411
f 6411 7308 7309 6047
f 2043 2046 7309 7308
f 5988 5422 5424 2225
f 6580 2301 732 731
f 7142 7310 2974 7143
f 7142 5861 6771 7310
f 6413 1383 1386 6056
f 5740 1458 1461 124
f 6584 755 758 4826
f 5746 5745 2360 157
f 1066 2302 404 402
f 4074 7311 2776 6806
f 321 2773 2776 7311
f 5326 5727 5213 5212
f 5327 5326 5212 6839
f 1080 7104 409 7153
f 3564 7312 2376 2375
f 3565 6129 7312 3564
f 7313 3522 7314 7315
f 7313 7316 5473 3522
f 7313 7315 7317 7316
f 2076 2075 7318 5753
f 2075 785 788 7318
f 7284 5296 1517 1515
f 2084 5756 552 2085
f 7107 5566 5869 7247
f 3141 3140 5566 7107
f 2086 1948 1947 7319
f 2086 7319 7138 2087
f 4289 4288 5353 1527
f 2944 7320 7321 7322
f 5765 7121 4851 2357
f 4117 6069 1459 1458
f 7289 1573 5591 5590
f 6896 7110 4868 4312
f 1183 5890 6221 2114
f 5346 1724 4805 4804
f 7123 7122 4876 4875
f 1185 2118 7141 6702
f 3611 6421 1478 1477
f 5781 7323 111 5782
f 2120 2119 7144 7324
f 7111 1726 5602 5599
f 2133 2132 7192 5790
f 6300 6435 3244 4324
f 5480 4850 6797 7160
f 7160 6797 6798 7162
f 1206 1617 2763 2488
f 2141 1518 452 6175
f 5370 2416 5606 7113
f 6436 6084 7325 7326
f 7326 7325 7327 5758
f 1055 584 587 7164
f 6027 6179 468 1542
f 7328 7322 7321 7329
f 7328 7329 6721 6720
f 5362 5361 4686 4685
f 6909 361 360 7330
f 6909 7330 6846 1650
f 6911 6910 4352 4351
f 6911 4351 5610 6455
f 5770 5773 6823 7331
f 6050 5770 7331 7115
f 3234 365 5440 3777
f 6035 7118 680 6460
f 6474 6756 5543 2200
f 6474 4939 6244 6756
f 4622 1585 1588 6461
f 2167 7168 6812 1659
f 6163 5626 7249 383
f 7332 2203 2206 7333
f 7334 7335 232 228
f 7332 7334 228 2203
f 7332 7333 7335 7334
f 6169 6168 7114 7251
f 7336 2340 7117 7337
f 6885 7336 7337 6886
f 6885 1499 2340 7336
f 6171 5630 7253 395
f 7338 1681 1680 7339
f 7338 7340 7119 1681
f 3681 5816 739 3682
f 6468 6212 7341 7342
f 7176 6468 7342 7177
f 5930 7180 7341 6212
f 7177 7342 7341 7180
f 2875 7343 85 84
f 7344 2769 85 7343
f 7345 7344 7343 2875
f 2402 5601 7346 5818
f 5818 7346 7347 5819
f 5601 7145 7347 7346
f 2185 2184 7158 6232
f 5821 2240 1039 1038
f 6173 432 1638 1720
f 4812 6825 4579 4870
f 6057 2388 1644 1643
f 4827 7023 5621 5347
f 1188 2201 7212 7182
f 3036 1727 1728 3896
f 6479 6478 7348 5354
f 3039 6479 5354 3040
f 7125 7124 5926 6453
f 2208 2207 7349 5801
f 5995 1742 6838 5722
f 7132 5934 169 168
f 7350 7251 169 5934
f 7131 7350 5934 7132
f 5358 829 832 7266
f 5357 5358 7266 7265
f 5409 7133 839 5829
f 3642 1674 1677 6481
f 5413 2536 5633 7134
f 6484 3855 1694 1693
f 7351 7139 3878 3877
f 7351 3877 5635 7298
f 6467 6468 2926 2925
f 689 1918 2926 6468
f 5839 5838 7352 45
f 4294 6499 7352 5838
f 2245 5840 872 2246
f 6490 1709 794 793
f 2254 6493 1717 1716
f 4216 5851 209 5822
f 4218 1720 205 6497
f 5854 7353 7354 5855
f 5855 7354 6658 5421
f 4307 5858 224 6508
f 6221 3879 3878 7139
f 5536 5860 3159 6753
f 6223 7355 7356 6499
f 7141 49 7356 7355
f 7144 1966 2970 7357
f 3086 1831 2879 7358
f 5862 2231 288 5863
f 5865 5864 4539 7215
f 116 2980 2981 117
f 3095 1973 2982 7359
f 7147 4914 2983 1974
f 5437 4958 4959 5270
f 5867 5866 474 7218
f 5415 6901 4962 4961
f 2303 1194 1197 7228
f 5540 6508 1759 1758
f 3329 1762 1765 6348
f 2309 2308 7230 7229
f 2309 7229 1202 1201
f 5423 7153 4971 4970
f 2312 1205 1207 7360
f 6510 1773 1776 6511
f 6510 2994 1777 1773
f 7154 3918 1790 1789
f 4733 3920 3918 7154
f 2318 2317 6262 6767
f 6514 3929 1793 173
f 6930 6906 4927 4483
f 1456 1079 1081 7095
f 6094 3937 1807 2
f 4890 6853 6856 4891
f 4890 4930 4670 6853
f 4283 1812 336 6519
f 2330 5876 1008 2331
f 3779 3778 7361 5883
f 1475 698 697 7362
f 3780 7363 186 7364
f 7362 697 186 7363
f 1475 7362 7363 3780
f 5807 1748 4982 6528
f 6531 1832 1835 6532
f 4300 5884 382 5864
f 6248 5698 1837 736
f 6701 7248 5868 4992
f 6701 4992 4995 6698
f 7203 880 883 6861
f 6943 7203 6861 1932
f 6974 6891 6892 6975
f 6974 1781 2624 6891
f 5104 6950 1868 2553
f 2553 1868 1871 2556
f 3163 7209 7157 1946
f 7158 7070 5534 5689
f 3795 5892 1057 3796
f 3797 1953 7290 5395
f 3167 6218 2870 1954
f 5455 6924 5340 5456
f 2380 6700 4118 2381
f 1563 6788 6700 2380
f 340 6790 6866 341
f 6405 6869 6866 6790
f 5461 7162 5344 5462
f 7163 6925 4952 4951
f 6113 3985 1902 120
f 5895 7165 7365 5896
f 5896 7365 7194 5898
f 7165 7164 7194 7365
f 6116 6293 932 1911
f 3336 6552 515 1922
f 6959 1985 1984 6960
f 6959 7223 6880 1985
f 5503 7166 1130 5914
f 3574 6145 2733 6553
f 509 1942 1945 6554
f 5843 5433 5359 7168
f 6149 5707 5709 6168
f 6246 5728 1962 1961
f 2456 7366 3063 2459
f 2460 5924 1167 2461
f 6152 5711 5363 7340
f 3861 5925 1171 3862
f 6364 16 1380 1379
f 1482 716 715 7367
f 7367 715 1030 2928
f 1482 7367 2928 2000
f 6279 6403 1968 885
f 7009 891 890 5714
f 7009 5714 2029 359
f 6916 7368 7205 6213
f 5617 3067 7205 7368
f 3459 5444 7306 5735
f 5933 903 2032 2031
f 5512 2628 4997 7181
f 5487 7181 4997 2664
f 7369 2726 2725 2205
f 5901 7182 5372 5902
f 2484 2483 1175 7255
f 7370 976 975 7371
f 7370 7372 5622 976
f 7370 7371 7373 7372
f 2491 2066 1187 7256
f 7258 7374 4771 4576
f 7183 3102 3103 5723
f 4265 2438 2437 7375
f 4265 7376 5624 2438
f 4265 7375 7377 7376
f 3257 3914 7378 7259
f 2497 2496 7276 5674
f 3211 7379 2803 2805
f 7262 993 2803 7379
f 7263 7262 7379 3211
f 2506 1992 1995 6590
f 5521 2767 5046 7187
f 7380 7381 658 344
f 7237 7380 344 343
f 7237 7238 7381 7380
f 6201 4091 2005 553
f 5619 7241 7224 6339
f 6430 7225 7224 7241
f 2525 6599 7382 2521
f 6310 1018 1709 6490
f 7383 7185 7186 4682
f 7384 7383 4682 5631
f 7384 4350 7185 7383
f 5959 7385 1213 1212
f 2538 6595 1303 2539
f 4424 2031 673 6242
f 3954 4146 2089 2088
f 1474 7386 696 695
f 5938 5937 696 7386
f 2542 5938 7386 1474
f 7270 22 559 6938
f 1768 7270 6938 2543
f 7032 5482 5739 5762
f 7387 6207 576 7388
f 3283 7387 7388 3284
f 3283 6940 6207 7387
f 6194 7357 5742 5741
f 5966 208 771 5967
f 7389 7359 5394 5950
f 2565 2564 4044 7390
f 641 644 5752 5749
f 5629 5970 3382 7252
f 3524 5492 7323 5781
f 2568 2120 7324 7391
f 5898 7194 7392 7393
f 7393 7392 5599 2399
f 5898 7393 2399 6177
f 7194 7111 5599 7392
f 3897 3896 7394 6593
f 5973 7395 1359 5974
f 5973 3186 3187 7395
f 3325 3988 115 7396
f 7277 7397 797 1109
f 7277 6071 5410 7397
f 6185 2829 5755 7200
f 6382 285 283 7398
f 7398 283 809 6258
f 6382 7398 6258 6257
f 5380 6260 815 6626
f 7201 6984 5032 5030
f 6336 6436 7326 7399
f 7399 7326 5758 5757
f 7400 7401 4647 2057
f 7400 7402 2512 7401
f 7400 2057 5042 7402
f 5014 6619 4888 1520
f 2598 2597 6931 5240
f 5549 1128 7291 5980
f 3034 6136 6932 6190
f 548 551 6932 6136
f 7403 4893 4894 7404
f 7044 7403 7404 7045
f 7044 5506 4893 7403
f 2602 2671 2672 5330
f 2601 7294 2671 2602
f 3355 7405 5699 3356
f 3355 4189 7406 7405
f 6624 2096 864 6271
f 7226 702 5099 2837
f 7226 2837 2841 2336
f 4026 7407 868 4027
f 4028 6603 7407 4026
f 7408 1627 4979 4978
f 7408 7409 1628 1627
f 6247 726 2103 6625
f 5537 2856 2854 6782
f 5982 5804 6967 1161
f 834 1256 3123 835
f 6357 7055 7410 6358
f 6313 6626 2112 1025
f 6857 4672 3627 6629
f 7411 339 7243 7242
f 7412 7411 7242 7244
f 7413 7414 594 591
f 7413 5783 5784 7414
f 5555 7206 5055 2794
f 2608 6631 2126 2125
f 2614 6858 6390 2615
f 6215 598 2133 4159
f 7210 5066 5067 7006
f 7415 7416 5792 5791
f 5560 2869 5796 7214
f 2631 2499 2498 5945
f 2631 5945 3162 2181
f 3394 6761 2191 2190
f 6226 6401 1323 638
f 6238 7417 5797 4195
f 5561 6003 1327 7216
f 5550 7014 5083 2833
f 7069 1700 1701 5131
f 2105 6303 971 2162
f 5981 7018 5465 2843
f 7279 7418 2582 5419
f 7279 6107 1442 7418
f 3417 3416 1468 6384
f 7072 7221 1445 7280
f 7222 1389 5986 5811
f 7222 5811 5805 7223
f 2674 792 1448 7296
f 7419 1291 1290 6423
f 7419 5827 4784 1291
f 7419 6423 5828 5827
f 3769 6251 1140 6010
f 4096 4095 7420 6654
f 4095 2433 3267 7420
f 6349 2172 1012 6307
f 7081 5155 5158 7246
f 6026 6025 1019 516
f 6657 6656 1528 5737
f 7421 6657 5737 5738
f 7282 6962 4795 7283
f 7282 6118 5587 6962
f 6029 6028 1024 534
f 6250 6418 1418 764
f 5567 986 984 7031
f 7300 1582 888 7008
f 7084 7300 7008 2283
f 2708 1515 1516 2709
f 1921 7284 1515 2708
f 2716 1535 1536 3513
f 7304 1596 1536 1535
f 2715 7304 1535 2716
f 7089 7255 5486 5547
f 6407 1355 2231 5862
f 5591 2393 5830 5592
f 7234 5520 4914 7147
f 6046 6045 1234 7307
f 2731 2730 7422 7423
f 7067 5116 4915 6978
f 7093 2303 7228 7288
f 6047 7309 1251 6048
f 2046 1248 1251 7309
f 2742 2741 1619 6049
f 3481 2312 7360 7424
f 1952 1572 1573 7289
f 4066 2247 2250 6678
f 6277 4298 5841 7238
f 7239 2418 3334 5135
f 6051 2987 5850 1009
f 4137 4136 7425 7426
f 6796 1382 2259 7019
f 6056 1386 7385 5959
f 6058 291 1586 1585
f 6806 2776 7427 3198
f 3198 7427 6431 5789
f 2776 2775 6431 7427
f 1117 2294 2297 6693
f 7273 6040 6941 6940
f 7428 1425 335 7429
f 7430 7431 1034 4842
f 7428 7430 4842 1425
f 7429 335 1034 7431
f 7428 7429 7431 7430
f 7432 7433 5166 5165
f 7432 6445 6446 7433
f 7432 5165 5169 6445
f 3732 5569 7034 5893
f 5571 6703 7034 5569
f 4175 3473 7434 6713
f 6069 6068 1222 1459
f 6004 960 2320 6706
f 6706 2320 1220 6707
f 5634 3018 5873 7254
f 6917 7191 7011 7010
f 2009 6917 7010 20
f 5132 7163 4951 5582
f 6302 4337 2330 968
f 4704 6072 1226 6719
f 2820 2819 7435 7436
f 7437 7438 1246 2334
f 7437 6689 7439 7438
f 6478 3422 3423 7348
f 6478 4651 3424 3422
f 6073 2798 1285 6074
f 6317 4655 5769 5768
f 6080 1155 1755 6081
f 6084 5913 7040 7325
f 7325 7040 7041 7327
f 6360 6718 7440 1168
f 5509 6729 7440 6718
f 5745 6719 2361 2360
f 3766 7047 7048 5607
f 3766 3765 5253 7047
f 5653 7268 5216 1217
f 2850 6090 1799 2851
f 6314 1043 2384 4372
f 1294 6725 2386 2385
f 7051 13 16 6364
f 7441 540 539 5357
f 7442 7265 4497 3636
f 7441 7442 3636 540
f 7441 5357 7265 7442
f 6668 6670 7368 6916
f 1577 5617 7368 6670
f 5657 3062 28 27
f 6318 6484 1693 1072
f 2860 2825 7139 7351
f 2860 7351 7298 2861
f 6728 1601 2414 6729
f 7443 1605 1604 4840
f 7443 2470 2471 1605
f 7443 4840 2472 2470
f 2354 6105 67 66
f 3078 80 83 3083
f 2878 88 91 6108
f 6108 91 93 1813
f 5649 7280 5277 5276
f 2879 381 2049 7444
f 2880 95 98 6109
f 7297 7296 5285 5284
f 6899 6423 1290 1289
f 6899 3094 3093 6423
f 2892 393 2053 7445
f 2895 2443 2446 6736
f 7122 40 43 4876
f 5782 111 114 6412
f 7281 5922 2460 1120
f 6373 4370 5922 7281
f 2201 2507 7073 7212
f 7124 7099 5552 5926
f 7446 6456 6847 5242
f 7446 6502 6505 6456
f 7446 5242 589 6502
f 1302 5963 6989 6988
f 2896 7447 128 127
f 2897 6524 7447 2896
f 2899 2898 2980 116
f 2207 2519 3425 7349
f 4284 6115 132 131
f 2214 3561 3562 2215
f 5692 6514 173 172
f 3842 5918 2476 2475
f 3120 177 179 3121
f 3850 6752 1432 2482
f 6066 4897 5296 7284
f 7331 6823 136 135
f 7115 7331 135 139
f 7304 3145 1597 1596
f 7303 3147 3145 7304
f 6131 194 197 6132
f 6497 205 208 5966
f 6756 2561 2560 5543
f 2943 213 216 7448
f 2943 7448 7320 2944
f 2278 3238 3464 351
f 2955 2515 1832 6531
f 5683 7288 5575 5684
f 3019 357 7090 5646
f 5700 3154 246 245
f 2957 249 252 6139
f 6139 252 254 2094
f 4330 7087 7086 4332
f 6387 7424 5955 5954
f 7290 7289 5590 6121
f 6377 4452 2526 1241
f 2563 269 272 2564
f 7449 6576 277 276
f 6126 7449 276 2997
f 6126 4381 6576 7449
f 2970 2576 7094 6085
f 5819 7347 5030 704
f 7145 7201 5030 7347
f 2972 6770 297 296
f 2981 2589 3482 6087
f 3696 2989 7450 6774
f 6774 7450 7451 6424
f 2989 2988 7451 7450
f 4348 3618 7452 6091
f 3699 7453 7294 2601
f 3707 2552 2555 6513
f 6513 2555 2604 2603
f 7454 1798 1797 7455
f 7454 7408 4978 1798
f 7454 7455 7409 7408
f 6519 336 339 7411
f 6520 6519 7411 7412
f 6393 1314 2567 4510
f 4610 2963 2962 6784
f 3940 5943 4703 3226
f 7298 5635 5066 7210
f 3233 362 365 3234
f 7456 368 371 2620
f 7156 7456 2620 7314
f 4032 6382 6257 6256
f 7302 3131 2578 2577
f 4039 3133 3131 7302
f 6098 2584 2587 6538
f 6538 2587 1593 6463
f 6408 3241 5978 7305
f 6414 7305 5978 5979
f 7457 1204 1203 6152
f 7457 7338 7339 1204
f 7457 6152 7340 7338
f 6416 7436 7458 6807
f 6791 6466 414 413
f 7459 2010 2013 5001
f 7460 7459 5001 5589
f 7460 6890 2010 7459
f 3021 2646 2027 7461
f 3023 3022 7462 6079
f 6172 429 432 6173
f 6870 7463 2042 2041
f 5597 4966 2042 7463
f 4547 7412 7244 3809
f 6175 452 455 6176
f 3033 3032 7464 6801
f 6801 7464 3617 3616
f 3032 3035 3617 7464
f 7465 2202 465 464
f 7465 7369 2205 2202
f 6179 6178 469 468
f 4883 472 469 6178
f 5866 394 397 474
f 2686 6019 2617 2616
f 6549 2619 2617 6019
f 6129 4561 3825 7312
f 7315 7314 2620 7466
f 7466 2620 1657 7467
f 7315 7466 7467 7317
f 2417 618 6584 7017
f 3049 6187 512 511
f 6552 6026 516 515
f 5753 7318 5994 3262
f 7318 788 5995 5994
f 7468 5996 5997 7469
f 1645 6811 2626 2625
f 4008 6029 534 533
f 7051 6197 7470 13
f 6196 7471 7470 6197
f 1566 13 7470 7471
f 5756 6201 553 552
f 7319 1947 2007 7472
f 7138 7473 1698 1697
f 7472 2007 1698 7473
f 7319 7472 7473 7138
f 6560 1950 473 472
f 4374 6594 2023 2644
f 2452 6562 2166 2164
f 7474 1959 2652 2706
f 7320 7474 2706 7321
f 7337 7117 7116 4170
f 6207 2271 577 576
f 6946 6945 2277 869
f 5775 3291 3297 5772
f 3069 7032 5762 678
f 3072 611 614 6824
f 6222 627 630 3981
f 5894 7035 7355 6223
f 6702 7141 7355 7035
f 6421 4589 2696 1478
f 6448 7475 108 1648
f 6448 5398 3891 7475
f 7324 7144 7357 6194
f 3317 631 634 3322
f 3087 3086 7358 7476
f 6453 5926 5650 6030
f 6451 6845 5050 6745
f 3096 3095 7359 7389
f 7477 7478 5048 5047
f 7372 7477 5047 5622
f 7372 7373 7478 7477
f 2488 2763 7123 7037
f 5758 7327 5654 5759
f 5722 6838 5208 2251
f 2768 7479 652 651
f 6329 655 652 7479
f 3101 6329 7479 2768
f 3103 2770 7125 5724
f 7376 7480 5965 5624
f 7376 7377 7481 7480
f 1665 1664 3702 3700
f 7329 7321 2706 7482
f 7482 2706 1785 7042
f 7329 7482 7042 6721
f 4075 6021 2712 2711
f 4083 6516 1805 2717
f 2521 2787 2786 2522
f 2521 7382 7131 2787
f 7330 360 2030 6036
f 7330 6036 5225 6846
f 6242 673 676 6063
f 3122 7483 1821 1820
f 7484 2176 1821 7483
f 3123 7484 7483 3122
f 7485 7486 5388 5386
f 6460 680 683 3367
f 497 2039 2038 7487
f 7487 2038 1688 6695
f 497 7487 6695 6694
f 6553 2733 2736 6031
f 2264 7488 7489 3124
f 5917 5379 710 709
f 7333 2206 6224 5390
f 7335 5393 1827 232
f 7333 5390 5393 7335
f 6168 5709 6050 7114
f 3150 723 726 6247
f 6249 6248 736 735
f 7340 5363 5181 7119
f 5816 3375 740 739
f 3156 6252 7490 3157
f 3161 3157 7490 6638
f 6232 7158 5689 3338
f 3165 3164 7416 7415
f 3896 1728 2183 7394
f 6480 4652 4651 6478
f 6491 793 796 7491
f 6492 6491 7491 7453
f 1863 2793 2796 6852
f 6605 2083 2798 6073
f 7397 7148 798 797
f 7397 5410 5411 7148
f 5801 7349 7417 6238
f 1869 3904 7492 6610
f 6610 7492 2832 3693
f 1869 6610 3693 1870
f 3904 2831 2832 7492
f 6260 6083 816 815
f 3210 6203 3698 2835
f 3914 773 776 7378
f 5829 839 842 3429
f 5948 7129 1672 1671
f 5948 3346 3345 7129
f 6481 1677 2808 3348
f 3220 1509 1508 6265
f 4503 6652 6650 3773
f 7473 1698 2009 7493
f 7269 7494 20 19
f 7473 7269 19 1698
f 7493 2009 20 7494
f 7473 7493 7494 7269
f 6271 864 867 961
f 6865 7495 5972 5971
f 6865 6864 7496 7495
f 5840 1890 873 872
f 6493 6859 2821 1717
f 7414 7497 1854 594
f 7414 5784 4034 7497
f 6280 6279 885 884
f 1871 1870 3693 7498
f 7498 3693 3697 6574
f 1871 7498 6574 6573
f 7357 2970 6085 5742
f 7358 2879 7444 7499
f 7500 7501 2847 1904
f 4731 4734 2847 7501
f 6523 4731 7501 7500
f 117 2981 6087 6086
f 7359 2982 3797 5394
f 3976 2892 7445 7502
f 147 4348 6091 1909
f 4965 961 963 6583
f 7360 1207 2489 5406
f 6511 1776 2858 3397
f 6303 6114 123 971
f 3988 2899 116 115
f 6878 4070 1987 1784
f 6459 6878 1784 1783
f 4178 6123 156 988
f 7019 2259 7503 3484
f 3484 7503 7504 3485
f 2259 318 7504 7503
f 7095 1081 5423 5422
f 5876 6051 1009 1008
f 6307 1012 937 936
f 7505 7384 5631 5226
f 7506 7505 5226 2377
f 7506 3823 7384 7505
f 6308 1015 1018 6310
f 5883 7361 7507 6312
f 6312 7507 2922 2921
f 7361 5170 2922 7507
f 7508 2327 2328 5111
f 7405 7508 5111 5699
f 7405 7406 2327 7508
f 7366 6284 6716 3063
f 4214 1038 194 6131
f 3277 3276 5473 7316
f 3277 7316 2440 2439
f 6316 3505 1048 1047
f 7209 7208 5786 5438
f 7209 5438 5273 7157
f 5892 3517 1058 1057
f 5395 7290 6121 6120
f 4041 4641 7509 7510
f 6894 6893 2907 2906
f 2964 6142 7511 2965
f 6972 7512 7511 6142
f 3299 2965 7511 7512
f 4046 4577 7513 7514
f 3315 3730 5891 1182
f 3323 2568 7391 6305
f 6320 2569 2570 1730
f 6325 1097 655 6329
f 3326 3325 7396 6711
f 5004 2921 2080 6604
f 4252 5481 7161 5835
f 5835 7161 5461 5460
f 4268 6336 7399 5845
f 5845 7399 5757 5847
f 4073 306 309 3912
f 3340 2347 2439 7515
f 7515 2439 2442 7516
f 3340 7515 7516 3341
f 5914 1130 1133 3556
f 4094 1134 1137 7517
f 7517 1137 1139 6158
f 4094 7517 6158 6157
f 6010 1140 1143 5491
f 6554 1945 2957 4791
f 7518 5768 2095 1145
f 7519 7518 1145 1144
f 7519 6317 5768 7518
f 3361 1152 1155 6080
f 5924 6360 1168 1167
f 5925 3572 1172 1171
f 3370 6913 2977 2976
f 4310 6791 413 2994
f 5175 7175 7178 5176
f 3776 5177 7179 5929
f 5176 7178 7179 5177
f 5902 5372 5375 3533
f 6593 7394 6154 6153
f 3392 3192 3975 7520
f 4454 1212 1215 6374
f 3393 6763 6761 3394
f 4711 1216 1219 6375
f 6707 1220 429 6172
f 7255 1175 1176 5486
f 4718 3203 4057 7521
f 7371 6160 6161 7373
f 7256 1187 1189 5832
f 6045 7465 464 1234
f 6045 6044 7369 7465
f 2730 3395 3470 7422
f 2819 3037 3897 7435
f 7375 6352 7199 7377
f 7259 7378 5800 7522
f 7523 7524 487 483
f 7438 7523 483 1246
f 7438 7439 7524 7523
f 6048 1251 1253 5939
f 5946 1260 1263 3603
f 6590 1995 3003 3530
f 7381 7525 2167 658
f 5841 5844 2167 7525
f 7238 5841 7525 7381
f 4136 3058 7183 7425
f 551 550 3011 6932
f 6932 3011 3013 6933
f 6599 6164 6166 7382
f 4350 3621 3620 7185
f 6595 6934 1304 1303
f 1300 4019 4018 1301
f 1300 1302 6988 4019
f 2047 692 7176 7175
f 4146 7526 2524 2089
f 7132 168 171 1278
f 2788 7132 1278 1277
f 3448 1315 1318 6396
f 6611 7499 6182 6181
f 3454 3043 3046 6947
f 6948 4724 3901 6949
f 6401 3675 1324 1323
f 5950 5394 5396 5951
f 6951 4866 3049 2153
f 5074 7527 4045 7211
f 7390 4044 4045 7527
f 7391 7324 6194 5871
f 4384 2422 631 3317
f 3468 6404 1350 1349
f 3471 3087 7476 6341
f 5082 1353 1355 6407
f 6953 6952 2232 3059
f 5974 1359 1362 3580
f 7396 115 118 6198
f 3473 3096 7389 7434
f 3482 3481 7424 6387
f 4725 6766 2537 3061
f 6412 114 1332 1331
f 6361 1379 1382 6796
f 7099 1455 1457 5552
f 671 6937 7528 6622
f 4189 6504 7022 7406
f 7407 7529 869 868
f 6602 6946 869 7529
f 6603 6602 7529 7407
f 7409 6400 6777 1628
f 6625 2103 3068 4898
f 6082 6415 1396 1395
f 4798 7530 7531 4145
f 4422 1403 665 6240
f 1256 2469 2468 7532
f 7532 2468 2176 7484
f 1256 7532 7484 3123
f 6358 7410 7533 3057
f 3057 7533 5386 3362
f 7410 7485 5386 7533
f 7534 1412 1415 6809
f 7534 2782 1416 1412
f 7534 6809 6810 2782
f 7535 2374 2373 7536
f 7535 3137 3136 2374
f 7535 7536 4028 3137
f 6968 3084 2290 6969
f 6418 3713 1419 1418
f 6631 4909 3088 2126
f 6752 6249 735 1432
f 5989 3720 1435 1434
f 6662 6970 7537 7538
f 6645 7538 7537 6981
f 5676 2647 2650 7207
f 5945 5676 7207 3162
f 6761 4911 3166 2191
f 4755 3165 7415 6331
f 2954 7156 7314 3522
f 4757 4756 7539 6929
f 5703 264 262 7540
f 7540 262 2236 7231
f 5703 7540 7231 6675
f 2871 6102 6170 3526
f 3595 3594 7541 7542
f 3528 2820 7436 6416
f 6384 1468 1471 6542
f 6542 1471 1473 2637
f 7280 1445 1447 5277
f 7543 2266 7544 3746
f 3746 7544 3779 3749
f 7543 3746 3749 6902
f 2266 2268 3779 7544
f 7296 1448 1450 5285
f 7545 7546 3129 3128
f 7004 7545 3128 3132
f 7004 7005 7546 7545
f 2988 1615 7239 7451
f 6654 7420 7547 6985
f 6985 7547 7264 6306
f 7420 3267 7264 7547
f 3541 3269 4138 1494
f 6656 3762 1529 1528
f 3557 6995 1552 1551
f 4799 876 879 3168
f 7548 7549 5776 6143
f 7548 7468 7469 7549
f 6676 6675 2392 7272
f 6677 6676 7272 3377
f 4513 6280 884 3186
f 3676 1589 1592 6462
f 6463 1593 900 6285
f 6132 197 1601 6728
f 6684 6264 5899 6160
f 3577 7337 4170 3578
f 6133 6291 928 225
f 7423 7422 7550 6427
f 7288 7228 5400 5575
f 6466 6298 953 414
f 6689 5620 4457 7439
f 4332 2719 3252 4333
f 4332 7086 2720 2719
f 6049 1619 1622 2365
f 7551 2336 2841 2840
f 7552 5463 965 964
f 7551 7552 964 2336
f 7551 2840 5463 7552
f 7424 7360 5406 5955
f 3022 3255 7257 7462
f 6678 2250 3224 7016
f 7426 7425 5915 6275
f 3599 3598 7553 1630
f 4884 3258 7260 5983
f 7554 7555 7556 7557
f 6999 7554 7557 3567
f 6999 7000 7555 7554
f 3567 7557 7556 7001
f 7558 6278 5355 2275
f 6803 7558 2275 1393
f 6803 4553 6278 7558
f 4831 6827 2698 3235
f 6452 6451 6745 6744
f 3618 3266 4137 7452
f 7312 7506 2377 2376
f 7312 3825 3823 7506
f 7467 1657 1015 6308
f 7317 7467 6308 5879
f 6693 2297 3243 4983
f 3631 3700 3701 5817
f 3630 1665 3700 3631
f 6040 3839 3838 6941
f 3654 1684 1687 7029
f 6695 1688 1691 7559
f 7559 1691 5 4222
f 6695 7559 4222 6696
f 6730 3857 1703 1702
f 7560 1705 3526 7561
f 7560 3281 1706 1705
f 7560 7561 7273 3281
f 7033 6754 7562 7563
f 7563 7562 7564 6472
f 3802 3805 7263 7565
f 5905 3802 7565 6704
f 6713 7434 5949 3814
f 3678 3677 7566 1722
f 3612 6189 7567 3613
f 6007 7275 5643 5639
f 6822 1729 2685 3867
f 6822 6320 1730 1729
f 6822 3867 3866 6320
f 7436 7435 6592 7458
f 4389 2405 3327 7568
f 2435 1103 1104 4721
f 3885 2778 2781 7569
f 3887 3885 7569 4885
f 6081 1755 1757 3908
f 7327 7041 5505 5654
f 7570 3665 1753 1752
f 7570 7571 6204 3665
f 7570 1752 7401 7571
f 162 7056 670 669
f 3698 6492 7453 3699
f 3702 6457 4188 3360
f 6255 7519 1144 2370
f 6255 5149 6317 7519
f 7042 1785 1788 6779
f 7572 7536 2373 2372
f 7572 6496 6600 7536
f 4937 7128 7283 4363
f 6090 3931 1800 1799
f 6516 6354 1160 1805
f 6725 7049 3302 2386
f 3710 6856 6855 3711
f 7155 2289 1825 7573
f 7573 1825 368 7456
f 7155 7573 7456 7156
f 229 1558 3335 230
f 229 233 1559 1558
f 850 849 4224 3390
f 4446 3392 7520 7574
f 7444 2049 3019 5645
f 7575 7460 5589 5588
f 7575 6892 6890 7460
f 6109 98 1886 3974
f 3164 3021 7461 7416
f 2579 7068 1888 1887
f 6685 7375 2437 2436
f 6685 6351 6352 7375
f 7445 2053 3023 6353
f 6736 2446 3361 5034
f 3743 3742 7576 7577
f 7475 7278 109 108
f 7475 3891 3890 7278
f 7212 7073 5649 5373
f 6869 7578 7463 6870
f 4125 5597 7463 7578
f 7447 7500 1904 128
f 6524 6523 7500 7447
f 7349 3425 7297 7417
f 6115 3987 1906 132
f 247 6873 2849 3371
f 146 3493 4348 147
f 3754 6548 1914 1913
f 4661 2927 2619 6549
f 7480 1876 5578 5965
f 7480 7481 1877 1876
f 3773 6650 1896 1895
f 2621 3396 1312 1311
f 6241 668 1950 6560
f 6724 6723 6815 6814
f 7448 216 1957 7579
f 7579 1957 1959 7474
f 7448 7579 7474 7320
f 210 6817 2653 211
f 3781 7580 2658 2657
f 7489 2877 2658 7580
f 3124 7489 7580 3781
f 3238 6660 7303 3464
f 5646 7090 5546 5713
f 6121 5590 5593 6122
f 7581 752 754 5678
f 7581 7287 2532 752
f 7581 5678 5518 7287
f 419 3787 7582 6900
f 6576 6316 1047 277
f 6085 7094 5683 5682
f 423 4465 7583 7104
f 6770 7092 3434 297
f 6087 3482 6387 6088
f 388 6894 2906 3438
f 6091 7452 7584 6092
f 6583 963 1383 6413
f 502 501 6394 7025
f 7491 796 1281 7293
f 7453 7491 7293 7294
f 506 505 749 3625
f 7455 6062 6400 7409
f 3485 7504 7311 4074
f 318 321 7311 7504
f 3827 6529 4354 3495
f 3833 1996 1999 6591
f 6158 1139 2002 7585
f 7585 2002 2004 3116
f 6158 7585 3116 6159
f 439 6569 6840 443
f 6883 3466 3084 6968
f 7106 5110 3468 3467
f 6594 4098 2024 2023
f 6784 2962 2941 7586
f 7586 2941 2945 6842
f 6784 7586 6842 6786
f 7495 7587 6297 5972
f 7495 7496 7433 7587
f 7588 4040 5447 2596
f 7497 7588 2596 1854
f 7497 4034 4040 7588
f 6807 7458 6052 4059
f 604 3685 4525 605
f 6890 5129 2014 2010
f 7461 2027 2028 6076
f 6079 7462 5719 5718
f 7576 2662 3528 266
f 3869 3868 4455 5195
f 6176 455 2076 4127
f 4593 3541 1494 1493
f 6604 2080 2083 6605
f 7524 3195 488 487
f 7524 4461 3196 3195
f 480 7112 2799 481
f 7017 6584 4826 5466
f 6187 4135 2084 512
f 2712 1148 1151 2713
f 6811 7113 3508 2626
f 3341 7516 3210 2229
f 628 3860 3510 7589
f 7589 3510 1165 1164
f 628 7589 1164 629
f 6765 7548 6143 2956
f 6765 6535 7468 7548
f 7590 7591 2815 2099
f 7592 7590 2099 2098
f 7592 7404 7591 7590
f 710 1923 2104 711
f 2807 3529 3532 7118
f 6945 4515 3237 2277
f 2018 6886 7337 3577
f 770 769 3537 5187
f 7582 7423 6427 6426
f 874 6632 2135 2134
f 4623 5028 50 1616
f 4632 7339 1680 1679
f 6824 614 2141 4161
f 6585 3100 2769 7344
f 6921 6585 7344 7345
f 7476 7358 7499 6611
f 6845 6844 7328 7593
f 7593 7328 6720 4708
f 6845 7593 4708 5050
f 3977 3976 7502 7594
f 729 6951 2153 2152
f 7478 6447 1647 5048
f 7373 6161 6447 7478
f 7037 7123 4875 5494
f 6588 6449 6452 7595
f 5724 7125 6453 5906
f 7377 7199 7596 7481
f 768 6369 7597 4769
f 769 7598 7599 3539
f 4769 7597 7599 7598
f 768 4769 7598 769
f 6369 3539 7599 7597
f 5101 7600 2933 1925
f 836 835 2933 7600
f 838 836 7600 5101
f 3996 3995 145 7601
f 6166 6169 7251 7350
f 7382 6166 7350 7131
f 4002 2168 2171 6653
f 2857 3579 3582 7133
f 4019 6988 4503 3663
f 7135 7134 3589 2827
f 692 689 6468 7176
f 7136 6884 2178 2177
f 7489 7602 2875 2877
f 7603 7345 2875 7602
f 7488 7603 7602 7489
f 1723 6378 6381 6469
f 6658 706 7604 4204
f 4204 7604 2878 4209
f 706 708 2878 7604
f 4844 7033 7563 6793
f 6793 7563 6472 6471
f 841 3602 3070 6964
f 3722 2194 2196 4745
f 5072 3678 1722 1721
f 585 1373 1376 586
f 6252 6661 7605 7490
f 6638 7490 7605 6639
f 915 4041 7510 6980
f 878 6662 7538 4042
f 4043 4042 7538 6645
f 7211 4045 7606 4434
f 4434 7606 7512 6972
f 4045 3299 7512 7606
f 943 4046 7514 6982
f 6952 7143 2233 2232
f 7394 2183 2185 6154
f 6374 1215 2240 5821
f 6852 2796 3642 5243
f 1581 4055 7607 6672
f 2410 6673 7608 2411
f 6672 7607 7608 6673
f 4055 2411 7608 7607
f 6834 7152 7609 4064
f 812 811 7609 7152
f 814 4064 7609 811
f 6263 4261 2245 826
f 6203 6202 6492 3698
f 7378 776 2208 5800
f 6882 4271 2254 2253
f 6265 1508 2266 7543
f 6265 7543 6902 6266
f 6622 7528 4675 3844
f 7610 5812 819 2269
f 6206 7610 2269 2271
f 6206 5814 5812 7610
f 7406 7022 2329 2327
f 6864 5857 6498 7496
f 4892 3710 2817 2816
f 4892 4891 6856 3710
f 6859 4201 3681 2821
f 7486 3082 3691 5388
f 6969 2290 2293 3270
f 3319 3322 3692 4031
f 883 882 6501 6565
f 7611 3092 719 718
f 7611 3728 3727 3092
f 7611 718 4566 3728
f 7612 4219 4220 2300
f 7613 7612 2300 2299
f 7613 6446 4219 7612
f 1068 5195 405 1069
f 6288 6677 3377 2467
f 7499 7444 5645 6182
f 6976 7575 5588 6119
f 6976 6975 6892 7575
f 7502 7445 6353 6235
f 918 4643 417 919
f 4756 3743 7577 7539
f 1105 1493 1496 1106
f 4760 4126 7614 6405
f 6405 7614 7578 6869
f 4126 4125 7578 7614
f 946 5140 421 947
f 7596 6521 6524 2897
f 7615 7371 975 974
f 7615 6684 6160 7371
f 7257 7256 5832 5831
f 7616 458 461 982
f 7167 7616 982 987
f 7167 5875 458 7616
f 4777 804 4658 4656
f 1059 1911 1912 3718
f 7260 7259 7522 6687
f 4131 3756 4594 806
f 2948 2947 5248 5019
f 6881 6527 6529 3827
f 6710 3426 2350 2349
f 1143 1142 3733 4671
f 3823 3822 4350 7384
f 5016 4353 4352 6910
f 1149 2163 2353 1150
f 4788 6960 1984 302
f 4141 2356 2359 6714
f 3002 2364 2367 7166
f 4145 7531 7526 4146
f 7316 7317 5879 2440
f 7549 2456 2455 5776
f 7549 7469 7366 2456
f 1195 1616 556 1196
f 1125 2398 2401 7617
f 7617 2401 2403 4210
f 1125 7617 4210 1127
f 1051 4157 573 1052
f 7510 7509 6545 6544
f 6893 5311 3754 2907
f 6905 1629 1632 5328
f 7514 7513 599 7618
f 4163 6730 1702 2415
f 6305 7391 5871 4341
f 4386 2419 2422 4384
f 7422 3470 3471 7550
f 6711 7396 6198 6712
f 1253 1252 4717 1439
f 1254 4714 4717 1252
f 3594 2394 2397 7541
f 5847 5757 5760 1892
f 7425 7183 5723 5915
f 3598 3816 3324 7553
f 7258 3232 1988 7374
f 1114 1662 2939 2938
f 1113 6724 6814 1663
f 1114 1113 1663 1662
f 1361 5260 7619 6739
f 5260 4014 4787 7619
f 6935 7187 2463 2462
f 1933 6564 6569 439
f 4188 6505 6504 4189
f 4835 4199 7620 6430
f 6430 7620 7621 7225
f 4199 4198 7621 7620
f 6913 4360 3795 2977
f 4212 4211 7622 7623
f 7623 7622 7624 7354
f 4212 7623 7354 7353
f 4211 5820 7624 7622
f 7625 2722 2721 6664
f 7625 7626 6112 2722
f 7625 6664 7054 7626
f 6335 6334 6585 6921
f 6754 6753 7627 7562
f 7562 7627 7628 7564
f 7565 7263 3211 7629
f 6704 7565 7629 6666
f 6461 1588 2505 5931
f 7520 3975 4755 6589
f 6375 1219 2506 4443
f 3677 4225 7630 7566
f 6189 2565 7390 7567
f 1223 6977 3112 1224
f 7521 4057 4757 6741
f 7192 3831 3833 5342
f 1374 4809 941 1375
f 6044 4382 2726 7369
f 1227 1758 1761 1228
f 7435 3897 6593 6592
f 4241 3391 3392 4446
f 7522 5800 5802 6268
f 7439 4457 4461 7524
f 7631 7632 2534 2533
f 6747 7631 2533 5265
f 6750 3431 2534 7632
f 6747 6750 7632 7631
f 1237 3989 4768 1238
f 6766 4463 2538 2537
f 1325 7200 3853 3852
f 1274 3999 4778 1275
f 4885 3919 3920 4886
f 7569 2781 3437 3921
f 4885 7569 3921 3919
f 4274 6692 837 4275
f 7571 2508 2511 6204
f 7571 7401 2512 2508
f 6934 4406 3861 1304
f 5112 7633 6134 5113
f 1407 1406 7633 5112
f 7526 6282 2525 2524
f 6779 1788 2096 6624
f 7046 7592 2098 3287
f 7046 7045 7404 7592
f 3569 6997 3177 3173
f 3711 6855 6997 3569
f 6321 7413 591 2569
f 6321 6322 5783 7413
f 6396 1318 2572 7634
f 7634 2572 1422 3576
f 6396 7634 3576 2703
f 6483 4516 4515 6945
f 6947 3046 3900 7206
f 6949 3901 3903 6606
f 6949 6606 1868 6950
f 1453 4863 1067 7221
f 6404 6789 2590 1350
f 6341 7476 6611 6342
f 178 3922 3925 7213
f 7213 3925 4724 6948
f 1420 7214 3927 3926
f 3117 1898 1901 6613
f 7434 7389 5950 5949
f 1356 7215 7635 1357
f 1357 7635 913 1358
f 6345 3977 7594 6346
f 1436 7216 3935 3934
f 6966 148 1910 6617
f 1368 7218 7636 1369
f 1369 7636 938 1371
f 4808 2603 2606 6792
f 1490 1489 3225 4830
f 1264 3996 7601 1265
f 7637 3063 6716 6596
f 7637 7638 2257 3063
f 7637 6596 6598 7638
f 7639 6245 1272 1269
f 7639 4772 4775 6245
f 1269 1272 4737 4776
f 7639 1269 4776 4772
f 4929 5419 2582 2581
f 6937 6628 6630 7528
f 4069 6803 1393 1392
f 6993 4557 2608 2607
f 1621 5331 7640 6804
f 6961 6805 7641 6572
f 6804 7640 7641 6805
f 5331 6572 7641 7640
f 7530 5990 5993 7531
f 6809 1415 2622 3205
f 7078 7136 2177 3380
f 4354 502 7025 3622
f 6922 6921 7345 7603
f 6578 6922 7603 7488
f 7536 6600 6603 4028
f 7082 1961 1964 3383
f 4363 7283 4795 4361
f 6970 4564 6636 7537
f 6981 7537 6636 4527
f 1513 7106 3467 3984
f 6983 7618 6299 5420
f 7628 3161 6638 6637
f 6817 4860 2654 2653
f 7227 3990 3993 4749
f 6331 7415 5791 5976
f 7630 3172 4043 6379
f 6929 7539 6647 6646
f 7230 4000 4002 5404
f 7542 7541 6012 6011
f 5348 7642 3639 3638
f 7643 4276 3639 7642
f 4955 7643 7642 5348
f 5206 5205 6015 6735
f 4390 4389 7568 600
f 7546 7644 4024 3129
f 7005 7246 7644 7546
f 3800 2748 3595 4641
f 6424 7451 7645 7646
f 7646 7645 5135 2884
f 6424 7646 2884 6425
f 7451 7239 5135 7645
f 6827 6826 2699 2698
f 3742 2661 2662 7576
f 1613 7071 6641 1608
f 1494 4138 4884 1495
f 7007 5439 2022 2020
f 6995 4560 2704 1552
f 7001 7421 5738 3178
f 6997 7001 3178 3177
f 7243 7647 4107 991
f 6868 6410 4107 7647
f 1574 1577 6670 6419
f 7587 7613 2299 6297
f 7587 7433 6446 7613
f 6462 1592 2742 4612
f 6559 5705 6677 6288
f 7249 7057 2744 2743
f 7036 3264 4066 5448
f 7011 6679 6332 7012
f 7253 7252 2750 2749
f 6427 7550 6340 6428
f 7458 6592 6053 6052
f 4447 4446 7574 6832
f 543 7109 7061 3737
f 4448 6848 2765 2764
f 1737 4960 7648 756
f 1695 7254 4089 4088
f 6792 2606 4093 7649
f 7649 4093 4094 7064
f 6792 7649 7064 7015
f 1740 1739 7595 7650
f 1740 7650 7065 2574
f 7651 1628 6777 6683
f 7651 7615 974 1628
f 7651 6683 6684 7615
f 7462 7257 5831 5719
f 7016 3224 4096 4570
f 3787 2731 7423 7582
f 1630 7553 6022 1631
f 5983 7260 6687 6417
f 7652 2782 6810 6688
f 7652 7437 2334 2782
f 7652 6688 6689 7437
f 4465 4464 1236 7583
f 7030 6690 6692 4274
f 7555 4586 6657 7556
f 7000 4582 4586 7555
f 7001 7556 6657 7421
f 1752 1754 4647 7401
f 4481 4480 1273 786
f 7452 4137 7426 7584
f 4487 7653 1639 2341
f 4491 7654 7653 4487
f 5354 7348 3423 4930
f 7112 6710 2349 2799
f 1735 7655 4887 1100
f 7025 6394 6371 6749
f 1738 6588 7595 1739
f 1661 1660 1307 4495
f 1673 1672 4937 4500
f 7029 1687 2810 7268
f 7656 2011 2015 6406
f 7656 7657 2487 2011
f 7656 6406 5061 7657
f 7561 3526 6170 6039
f 7561 6039 6040 7273
f 6472 7564 6709 6473
f 1791 7135 2827 2826
f 1794 27 30 4517
f 1836 4517 30 31
f 1722 7566 6378 1723
f 5485 7658 7659 5073
f 3613 7567 7659 7658
f 5027 1605 2471 4169
f 1839 4998 41 40
f 1808 44 47 4522
f 1841 4522 47 48
f 5028 4174 51 50
f 7568 3327 4175 6433
f 104 103 7660 4698
f 4698 7660 3789 3788
f 103 3365 3789 7660
f 7276 3369 4141 5499
f 6871 3212 1882 373
f 6873 4713 2850 2849
f 154 153 7661 7662
f 7662 7661 1486 1485
f 154 7662 1485 2675
f 153 4744 1486 7661
f 1765 1764 2173 2172
f 7056 4688 6727 670
f 6457 6456 6505 4188
f 5937 139 140 696
f 6496 6495 6601 6600
f 3995 2905 146 145
f 7663 7455 1797 1796
f 7663 6060 6062 7455
f 1885 4158 3652 7151
f 5053 160 163 1267
f 7049 5511 4163 3302
f 1903 6882 2253 2868
f 5662 6863 3466 6883
f 1816 1819 3466 6863
f 1907 172 175 4171
f 6623 6622 3844 2999
f 6884 482 2873 2178
f 7137 3593 3990 7227
f 7364 186 189 490
f 6532 1835 2880 4741
f 4566 1033 3858 3008
f 7088 2893 2895 4747
f 7664 4441 3819 3343
f 7665 7664 3343 2761
f 7665 5231 4441 7664
f 1837 536 4177 1838
f 7574 7520 6589 6737
f 7648 7521 6741 6740
f 1850 5399 1451 1851
f 5187 3537 3489 5531
f 3350 3353 3489 3537
f 7416 7461 6076 5792
f 3433 2241 2244 2517
f 7068 245 248 1888
f 7577 7576 266 265
f 7666 1896 4728 4727
f 7667 6127 3565 1897
f 7666 7667 1897 1896
f 7666 4727 6127 7667
f 5090 4258 287 286
f 7291 4210 4212 7292
f 7292 4212 7353 5854
f 7417 7297 5284 5797
f 6634 6899 1289 1908
f 7150 4272 4215 3649
f 6548 3480 2920 1914
f 5247 6696 4222 4714
f 4714 4222 4223 4715
f 4594 4593 1493 1105
f 4595 300 305 3905
f 7481 7596 2897 1877
f 6650 4729 4728 1896
f 7496 6498 5166 7433
f 41 920 2318 42
f 1962 2714 4251 1963
f 7668 6769 2972 2971
f 7310 7668 2971 2974
f 7310 6771 6769 7668
f 6501 376 377 6567
f 6660 3497 3147 7303
f 5446 2577 2580 4259
f 1968 2718 4267 1969
f 2865 7669 2585 2584
f 7669 952 1595 2585
f 2006 386 389 2985
f 6574 3697 3696 6773
f 244 1975 1602 4617
f 7670 1610 1611 3535
f 7295 7670 3535 4272
f 7295 2592 1610 7670
f 6900 7582 6426 6778
f 861 4277 218 217
f 4624 4623 1616 1195
f 6415 7307 3552 1396
f 4631 1204 7339 4632
f 7104 7583 410 409
f 7092 4754 4284 3434
f 1865 4330 4329 1866
f 1865 1867 7087 4330
f 4643 4338 418 417
f 6092 7584 6437 3933
f 7671 3845 4676 6780
f 7671 6780 6441 7654
f 1983 4644 1629 6905
f 5140 4339 422 421
f 7143 2974 2975 2233
f 505 4825 750 749
f 124 1461 4299 125
f 527 6783 6449 6588
f 7374 1988 7672 4771
f 4771 7672 6369 768
f 1988 1991 6369 7672
f 157 2360 2363 158
f 6526 3944 5990 7530
f 6529 499 502 4354
f 6591 1999 508 507
f 6569 6568 6787 6840
f 4682 7186 1670 4683
f 4684 6935 2462 3017
f 188 1933 439 438
f 2085 552 555 4335
f 605 4525 5072 6799
f 2140 570 63 62
f 7121 3030 3033 4851
f 7509 7542 6011 6545
f 6820 4861 2684 2682
f 5309 6820 2682 3563
f 5309 4862 4861 6820
f 5195 4455 406 405
f 7513 4390 600 599
f 4119 6699 546 3015
f 7673 5020 5010 7674
f 7673 2434 5799 5020
f 7674 5010 1734 1733
f 7673 7674 1733 2434
f 435 4473 616 615
f 644 643 7675 5752
f 5752 7675 4048 4047
f 643 3185 4048 7675
f 2074 623 626 2116
f 7323 4364 112 111
f 649 5089 636 635
f 1986 3826 3494 3884
f 304 1986 3884 3886
f 4810 6520 7412 4547
f 2132 4371 3831 7192
f 7113 5606 4374 3508
f 7516 2442 2441 5881
f 7516 5881 6203 3210
f 6535 6534 5996 7468
f 345 344 660 4429
f 6572 6571 7471 6196
f 2094 1566 7471 6571
f 7591 4892 2816 2815
f 7404 4894 4892 7591
f 7225 7621 3118 3117
f 4198 3120 3118 7621
f 6964 3070 3072 4900
f 6967 989 3074 3073
f 2111 677 24 23
f 7485 3080 3082 7486
f 7118 3532 681 680
f 7676 3893 1409 684
f 7677 687 3687 3686
f 7676 7677 3686 3893
f 7676 684 687 7677
f 383 7249 2743 384
f 7191 6831 6679 7011
f 2203 228 231 2204
f 395 7253 2749 396
f 6632 727 730 2135
f 7678 734 2760 2759
f 399 7678 2759 400
f 399 731 734 7678
f 7626 844 5070 6112
f 7626 7054 845 844
f 407 4447 6832 6581
f 3682 739 742 4404
f 410 1239 6751 411
f 4157 76 79 573
f 4440 6976 6119 3820
f 2240 2239 4423 1039
f 7594 7502 6235 6234
f 6977 4466 3113 3112
f 4815 6159 3116 6979
f 6979 3116 627 6222
f 457 4481 786 785
f 7199 5910 6521 7596
f 4768 3098 3977 6345
f 498 497 6694 4924
f 7601 145 148 6966
f 4776 4737 1463 801
f 4776 801 804 4777
f 4778 4131 806 805
f 6653 2171 3150 4931
f 4275 837 838 4499
f 7133 3582 840 839
f 7679 851 854 5968
f 7633 7679 5968 6134
f 7633 855 851 7679
f 7134 5633 4448 3589
f 4789 6993 2607 3153
f 6994 4936 3156 3155
f 5860 6994 3155 3159
f 45 7352 7680 46
f 6499 7356 7680 7352
f 49 46 7680 7356
f 2246 872 875 4450
f 5822 209 212 4466
f 561 6578 7488 2264
f 7354 7624 706 6658
f 5820 703 706 7624
f 5366 3616 7681 5367
f 5367 7681 7658 5485
f 3616 3613 7658 7681
f 6508 224 227 1759
f 6661 3717 6228 7605
f 6639 7605 6228 4917
f 6980 7510 6544 4922
f 4803 4160 893 892
f 6982 7514 7618 6983
f 6753 3159 3160 7627
f 7627 3160 3161 7628
f 951 425 428 904
f 7629 3211 3212 6871
f 6666 7629 6871 6667
f 2231 2230 289 288
f 7215 4539 4540 7635
f 7635 4540 914 913
f 4225 3171 3172 7630
f 7218 474 476 7636
f 7636 476 478 938
f 4809 3179 942 941
f 7682 25 1824 5671
f 7682 2610 2613 25
f 7682 5671 2614 2610
f 2308 4509 4000 7230
f 999 964 504 503
f 7638 7663 1796 2257
f 7638 6598 6060 7663
f 1633 1636 3232 7258
f 7528 6630 6860 4675
f 2259 2258 319 318
f 2261 322 319 2258
f 7683 3961 3960 7684
f 7683 4191 4192 3961
f 7684 3960 4111 4193
f 7683 7684 4193 4191
f 2331 1008 1011 3239
f 2556 1871 6573 4980
f 4836 2020 2021 3785
f 2282 7007 2020 4836
f 2378 2377 5226 4690
f 7685 6865 5971 3688
f 687 7685 3688 3687
f 687 686 6865 7685
f 5388 3691 858 857
f 3778 3971 3970 7361
f 7361 3970 5120 5170
f 718 722 1033 4566
f 4842 1034 1037 3005
f 5864 382 385 4539
f 1069 405 408 6674
f 1077 603 606 1044
f 3796 1057 1060 4558
f 919 417 420 2317
f 7539 7577 265 6647
f 4863 4573 1068 1067
f 947 421 424 1079
f 7686 4949 3259 2324
f 7021 7686 2324 2329
f 7021 2595 4949 7686
f 2383 3261 3264 7036
f 790 433 436 791
f 7275 7687 642 641
f 6195 645 642 7687
f 2238 1092 1093 2390
f 5875 5002 462 458
f 2432 647 650 1094
f 7688 5610 1731 1730
f 7688 5242 6847 5610
f 7688 1730 2570 5242
f 4658 7689 2999 2998
f 803 6623 2999 7689
f 804 803 7689 4658
f 6687 7522 6268 6267
f 806 4594 1105 807
f 4880 4022 4021 7690
f 7690 4021 301 300
f 4880 7690 300 4595
f 3780 7364 490 489
f 2947 3780 489 5248
f 3809 7244 7245 3805
f 4887 7030 4274 4273
f 6714 2359 1116 1115
f 81 1166 1124 1123
f 81 1123 1129 82
f 7166 2367 1131 1130
f 7531 5993 6282 7526
f 7048 7046 3287 3286
f 6145 295 2734 2733
f 5435 5018 5016 6723
f 2476 709 712 2477
f 7469 5997 6284 7366
f 1196 556 558 6708
f 10 9 3983 7055
f 12 3980 3983 9
f 2461 1167 1170 4587
f 3862 1171 1174 5638
f 2483 5638 1174 1175
f 16 15 3320 1380
f 7691 4590 3316 1181
f 7691 567 568 4590
f 7691 1181 569 567
f 1052 573 575 1184
f 136 1190 1193 137
f 4618 6919 7692 2407
f 5442 6673 7692 6919
f 2410 2407 7692 6673
f 894 4624 1195 1194
f 4625 7306 7693 4626
f 5444 7152 7693 7306
f 6834 4626 7693 7152
f 2505 2504 3330 1404
f 2310 4631 4630 2311
f 2310 1201 1204 4631
f 7618 599 602 6299
f 7057 3379 3331 2744
f 903 902 4636 2032
f 428 427 4636 902
f 907 607 610 1205
f 7550 3471 6341 6340
f 2571 3347 1209 1208
f 6712 6198 6200 5006
f 1238 4768 6345 6344
f 7064 4094 6157 4813
f 7541 2397 3323 6012
f 504 966 4825 505
f 6015 2688 1097 6325
f 6735 6015 6325 6324
f 526 525 4609 7694
f 7694 4609 4610 6783
f 526 7694 6783 527
f 7553 3324 3326 6022
f 530 2051 2050 6907
f 530 6907 2802 531
f 4464 3404 1237 1236
f 2496 3366 3369 7276
f 6692 1259 833 837
f 6739 7619 1261 1260
f 7619 4787 1264 1261
f 993 992 2804 2803
f 4480 3421 1274 1273
f 7187 5046 3370 2463
f 4673 1114 2938 2937
f 5628 1111 1114 4673
f 6749 6371 3432 3431
f 1018 1017 1710 1709
f 2527 1292 1295 3373
f 7385 4620 4181 1213
f 2539 1303 1306 4633
f 2473 2047 7175 5175
f 5932 7078 3380 3379
f 5970 7082 3383 3382
f 7695 5065 3028 2060
f 7657 7695 2060 2487
f 7657 5061 5065 7695
f 606 605 6799 1045
f 7388 576 579 4650
f 3284 7388 4650 4649
f 7564 7628 6637 6709
f 208 207 772 771
f 5516 3948 3947 4911
f 1358 913 916 6926
f 7566 7630 6379 6378
f 5073 7659 7527 5074
f 7567 7390 7527 7659
f 7402 925 926 2512
f 7402 5042 927 925
f 6741 4757 6929 6742
f 1375 941 944 1337
f 7252 3382 3385 2750
f 5492 4671 4364 7323
f 5489 6953 3059 3426
f 2566 3428 2893 7088
f 1102 1101 4273 7696
f 7696 4273 4276 7643
f 1102 7696 7643 4955
f 7395 4677 1360 1359
f 7395 3187 4680 4677
f 2530 5315 5314 2531
f 2530 2532 7233 5315
f 4960 4718 7521 7648
f 1109 797 800 1110
f 7200 5755 4684 3853
f 1275 4778 805 2541
f 283 282 810 809
f 287 813 810 282
f 6626 815 818 2112
f 7684 6392 4109 3960
f 2611 7684 3960 2612
f 2611 2615 6392 7684
f 1406 2543 855 7633
f 1128 1127 4210 7291
f 7697 1394 2274 5127
f 2623 7697 5127 2624
f 2623 1391 1394 7697
f 702 701 3454 5099
f 321 320 3460 2773
f 7698 1402 2281 3461
f 328 7698 3461 329
f 328 331 1402 7698
f 1159 1158 1407 4738
f 1161 6967 3073 1162
f 7055 3983 7699 7410
f 7410 7699 3080 7485
f 3983 3077 3080 7699
f 339 338 7647 7243
f 341 6868 7647 338
f 1193 1192 881 880
f 7206 3900 4711 5055
f 2650 2649 5786 7208
f 2705 1434 1437 3478
f 7418 1061 1064 2582
f 7418 1442 1065 1061
f 7221 1067 1070 1445
f 6789 4030 3483 2590
f 7214 5796 4725 3927
f 6346 7594 6234 4401
f 4998 917 920 41
f 5399 4758 1452 1451
f 7216 1327 1330 3935
f 1371 938 940 2597
f 808 807 1107 4409
f 2695 945 948 1455
f 2867 4524 7669 2865
f 4524 949 952 7669
f 1265 7601 6966 6965
f 3416 4208 1469 1468
f 1280 2946 6034 5426
f 1280 1279 1476 2946
f 2675 1485 1491 2677
f 5005 3000 3845 7671
f 5005 7671 7654 4491
f 6251 4749 1141 1140
f 493 492 4373 7655
f 494 493 7655 1735
f 1309 1387 1390 2693
f 516 1019 1022 517
f 5737 1528 1530 4752
f 2697 1542 1543 3515
f 6759 4798 2634 2633
f 6759 6526 7530 4798
f 534 1024 1027 535
f 2736 2735 3525 1763
f 1334 4803 892 1335
f 944 943 6982 1338
f 1340 4871 1075 191
f 4617 1602 1605 5027
f 3222 5371 1084 1614
f 980 979 7700 5190
f 5190 7700 3220 5193
f 979 3218 3220 7700
f 4627 3546 3549 7120
f 7120 3549 55 54
f 7307 1234 1235 3552
f 600 7568 6433 601
f 682 3555 3030 7121
f 4822 7701 4003 4823
f 2602 5330 4003 7701
f 2599 2602 7701 4822
f 7644 6992 4789 4024
f 7246 5158 6992 7644
f 620 4533 1618 621
f 2741 4790 1620 1619
f 4641 3595 7542 7509
f 6826 5198 3557 2699
f 6829 5200 5206 6830
f 7584 7426 6275 6437
f 4644 3599 1630 1629
f 4577 3601 4390 7513
f 1009 5850 4799 1010
f 1386 1385 4620 7385
f 741 1643 1646 3570
f 291 290 3575 1586
f 1660 1649 1308 1307
f 1664 6454 6457 3702
f 660 659 160 5053
f 4674 2940 2939 1662
f 4674 1662 1665 3630
f 6842 2945 2944 7702
f 7702 2944 7322 7328
f 6842 7702 7328 6844
f 4683 1670 1673 3647
f 676 675 3593 7137
f 7247 5869 5868 7248
f 734 7665 2761 2760
f 734 733 5231 7665
f 6832 7574 6737 6833
f 6848 4152 3611 2765
f 1459 1222 1225 1460
f 756 7648 6740 757
f 7254 5873 4831 4089
f 7650 7595 6452 7703
f 7703 6452 6744 5524
f 7650 7703 5524 7065
f 6007 6805 7687 7275
f 6961 6195 7687 6805
f 6719 1226 1229 2361
f 406 4445 4447 407
f 7583 1236 1239 410
f 616 4881 1737 617
f 2116 626 35 34
f 786 1273 1276 787
f 7653 6439 1640 1639
f 7654 6441 6439 7653
f 798 7150 3649 799
f 2798 2797 1286 1285
f 7151 3652 3654 5245
f 7655 4373 442 441
f 7655 441 7030 4887
f 1155 1154 1756 1755
f 816 1395 1398 817
f 1157 1766 1405 1158
f 1539 2110 2109 1540
f 1539 1541 3069 2110
f 1168 7440 4853 1169
f 6729 2414 4853 7440
f 5607 7048 3286 4860
f 7704 4170 7116 6494
f 7704 7572 2372 4170
f 7704 6494 6496 7572
f 832 831 5256 7267
f 2848 1789 1792 3673
f 7268 2810 3676 5216
f 2851 1799 1801 4864
f 4905 7050 3304 3308
f 6933 3013 3304 7050
f 2872 65 64 1802
f 2872 1802 332 1424
