# IK reachable fitted solid mesh
v -0.581766780 -0.541177702 0.597621128
v -0.581592052 -0.520061967 0.598286650
v -0.560945908 -0.520082049 0.598902786
v -0.560990188 -0.541080511 0.597975184
v 0.201087528 -0.840038836 1.060944771
v 0.200915365 -0.819920927 1.060967917
v 0.201583888 -0.819918558 1.081603494
v 0.201718996 -0.840058467 1.081595403
v 0.160974888 -0.560000000 1.100974908
v 0.181625756 -0.560000000 1.101625756
v 0.181625754 -0.540000000 1.101625766
v 0.160974878 -0.539999994 1.100974906
v -0.019989091 -0.901660026 0.858292800
v -0.000010598 -0.901637760 0.858334426
v -0.000003356 -0.900968118 0.879026490
v -0.020000983 -0.900979745 0.879005102
v -0.179664550 -0.460010486 0.983795969
v -0.160109605 -0.455630851 0.984420574
v -0.160248527 -0.439553928 0.980544205
v -0.179913621 -0.440417597 0.979927151
v -0.180248523 -0.558754357 1.101738710
v -0.160078466 -0.559025228 1.101297879
v -0.160466855 -0.538772887 1.101803790
v -0.180670673 -0.538450156 1.101651987
v -0.360042817 -0.900386572 0.859913772
v -0.340016698 -0.900082014 0.860013028
v -0.339997554 -0.899945850 0.880022677
v -0.360006210 -0.900001434 0.880024312
v -0.200212398 -0.633464374 0.645397786
v -0.180165094 -0.634308134 0.644912763
v -0.180140331 -0.644499193 0.660314797
v -0.200747836 -0.640366645 0.659967083
v -0.199744210 -0.624980840 0.634325347
v -0.180507197 -0.624927005 0.634378725
v 0.059289416 -0.399957740 1.101170546
v 0.079773549 -0.400084255 1.100586990
v 0.079435965 -0.379946739 1.101211418
v 0.059356363 -0.379575581 1.101592612
v -0.599999982 -0.560000000 0.840000010
v -0.600000000 -0.560000000 0.859999999
v -0.600000007 -0.540000001 0.859999998
v -0.599999990 -0.540000000 0.839999999
v -0.106053521 -0.512852295 1.087763602
v -0.099821950 -0.519724193 1.097187517
v -0.093197213 -0.507890522 1.092992763
v -0.099643584 -0.503654850 1.080433504
v -0.078995664 -0.504655410 1.095301805
v -0.080430465 -0.496490099 1.080636383
v -0.080118909 -0.519694920 1.100657593
v -0.600001002 -0.660000000 0.960001002
v -0.600002735 -0.660000000 0.980002735
v -0.600002735 -0.640000000 0.980002735
v -0.600001002 -0.640000000 0.960001002
v -0.492775960 -0.292938063 0.866744012
v -0.496719594 -0.280210973 0.859769829
v -0.504078543 -0.280707719 0.875547253
v -0.499485833 -0.296240287 0.881262892
v -0.512305901 -0.292766583 0.887917780
v -0.515089868 -0.279462981 0.885011321
v 0.021207896 -0.655855813 0.805202036
v 0.039856625 -0.660348807 0.803740799
v 0.034112982 -0.667157219 0.812846944
v 0.019149514 -0.664994833 0.815289737
v 0.020187725 -0.643452331 0.795702200
v 0.040033411 -0.640466946 0.795528686
v -0.139988525 -0.199624104 0.900090641
v -0.140230213 -0.198481652 0.920894696
v -0.119961149 -0.199040635 0.920570992
v -0.119953236 -0.199934191 0.900041646
v 0.039135384 -0.439535359 1.101829381
v 0.059814748 -0.439937161 1.100691854
v 0.059518303 -0.419907334 1.101171835
v 0.038863914 -0.419578865 1.101165666
v 0.201781089 -0.860953364 0.899515032
v 0.200761570 -0.840084340 0.899703188
v 0.200113080 -0.840043168 0.920023722
v 0.201106556 -0.860939741 0.919919200
v -0.359996341 -0.599989373 1.099987884
v -0.339997554 -0.600001099 1.099960802
v -0.340016576 -0.580051621 1.100009994
v -0.360001128 -0.580024325 1.100049818
v 0.200060676 -0.259939321 0.900000000
v 0.200974888 -0.239025108 0.900000000
v 0.200974855 -0.239025113 0.919999955
v 0.200060633 -0.259939319 0.919999958
v -0.019604023 -0.601674042 0.598723391
v -0.019925630 -0.580393081 0.599403629
v -0.000032408 -0.580712713 0.599101341
v 0.000211288 -0.601151747 0.598444525
v -0.519927217 -0.719999960 1.099927168
v -0.499985370 -0.719999959 1.099985327
v -0.499985369 -0.699999999 1.099985369
v -0.519927215 -0.700000000 1.099927214
v 0.079983103 -0.199614257 1.019934675
v 0.079620276 -0.198896210 1.040228796
v 0.100047634 -0.199802533 1.040013515
v 0.100071316 -0.200140816 1.019876849
v -0.599985313 -0.360000045 0.700014626
v -0.600002688 -0.360000048 0.719997266
v -0.600003734 -0.339998993 0.719997261
v -0.599986372 -0.339999001 0.700014628
v 0.059130166 -0.760339545 0.835563561
v 0.060483953 -0.739631974 0.835422098
v 0.080142608 -0.744817016 0.834637271
v 0.080020644 -0.760111768 0.836372465
v 0.140124263 -0.719883279 0.840771024
v 0.139400015 -0.699349831 0.841904017
v 0.160622204 -0.700224636 0.840094962
v 0.160961002 -0.719554315 0.840251451
v -0.599988192 -0.300014674 0.719997335
v -0.599986182 -0.300014664 0.739998912
v -0.599928284 -0.280073067 0.739998822
v -0.599930075 -0.280072973 0.719997308
v 0.119920927 -0.900915363 1.060967920
v 0.140038836 -0.901087527 1.060944771
v 0.140058467 -0.901718996 1.081595403
v 0.119918558 -0.901583888 1.081603495
v -0.099662791 -0.260153385 0.963448153
v -0.091782644 -0.253937648 0.971754315
v -0.094305201 -0.238423535 0.974680863
v -0.104862785 -0.239410092 0.965486239
v -0.086514230 -0.265378559 0.966327941
v -0.079826234 -0.260275388 0.975736192
v -0.080265101 -0.239334312 0.980228184
v -0.516160201 -0.239586066 0.840786672
v -0.524109872 -0.224358813 0.839103948
v -0.526844123 -0.226813795 0.853891842
v -0.522912851 -0.239948514 0.859934040
v -0.533911832 -0.213910775 0.841538620
v -0.535245440 -0.218259617 0.860841061
v -0.532207282 -0.232545141 0.867576461
v -0.220000000 -0.900974890 1.060974891
v -0.200000000 -0.900974890 1.060974891
v -0.200000000 -0.901625755 1.081625755
v -0.220000000 -0.901625755 1.081625755
v -0.599999856 -0.620000028 0.819999970
v -0.599999991 -0.620000013 0.840000018
v -0.599999986 -0.600000000 0.840000023
v -0.600000015 -0.600000016 0.819999990
v -0.080748294 -0.614191205 0.759458314
v -0.059878243 -0.617739771 0.760631214
v -0.059974460 -0.619283037 0.780958717
v -0.080028260 -0.622712727 0.780425609
v -0.119999995 -0.900002704 0.959999524
v -0.100000074 -0.900002419 0.959999702
v -0.100000015 -0.900003490 0.980002156
v -0.120000012 -0.900003296 0.980002350
v 0.018889343 -0.624806233 0.659441169
v 0.041298612 -0.626526251 0.660664718
v 0.040512601 -0.624321536 0.679477563
v 0.019726285 -0.621262343 0.680474256
v -0.140000446 -0.639998167 1.100004062
v -0.119999918 -0.639999091 1.100002088
v -0.120001277 -0.620007547 1.099991158
v -0.140001729 -0.620011874 1.099982729
v -0.460000991 -0.900003206 0.959999734
v -0.439999952 -0.900002086 0.959999759
v -0.439999955 -0.900002663 0.980002706
v -0.460001004 -0.900003706 0.980002702
v 0.160967919 -0.199084636 0.680079073
v 0.160976689 -0.199041687 0.700014482
v 0.181624513 -0.198386035 0.700016228
v 0.181603495 -0.198416113 0.680081442
v 0.201625756 -0.680000001 1.081625756
v 0.201625755 -0.660000000 1.081625755
v 0.196644891 -0.660000000 1.096644891
v 0.196644891 -0.680000001 1.096644891
v 0.181625756 -0.680000001 1.101625756
v 0.181625755 -0.660000000 1.101625755
v -0.320208551 -0.460142013 0.979427690
v -0.319821745 -0.464399128 0.995596515
v -0.300255795 -0.465958977 0.994596206
v -0.299804698 -0.464566010 0.979547515
v -0.318905800 -0.474716253 1.005759392
v -0.299669273 -0.479862192 1.003017400
v -0.220000000 -0.840060678 1.100060678
v -0.200000000 -0.840060678 1.100060678
v -0.200000000 -0.819927215 1.099927215
v -0.220000000 -0.819927215 1.099927215
v -0.179999997 -0.200071351 0.680072763
v -0.180001277 -0.200010830 0.700015037
v -0.159999928 -0.200014062 0.700014599
v -0.159999841 -0.200073006 0.680072722
v -0.499692949 -0.819958595 0.758967401
v -0.500616362 -0.805126718 0.754712866
v -0.486042588 -0.806836161 0.753276529
v -0.479513077 -0.819515362 0.757166267
v 0.100025592 -0.200124549 0.999956982
v 0.119953100 -0.200216012 1.019919183
v 0.119926539 -0.200115888 0.999987044
v -0.159999992 -0.680000000 1.100000129
v -0.139999974 -0.680000082 1.099999910
v -0.139999970 -0.659999255 1.100001534
v -0.160000137 -0.659998097 1.100002587
v -0.581352364 -0.695928055 0.663427813
v -0.560857583 -0.700623043 0.663088357
v -0.567599757 -0.708591266 0.671096894
v -0.582732840 -0.706180502 0.672871228
v -0.581659330 -0.680499461 0.659114328
v -0.561028426 -0.681313309 0.658935364
v -0.339938469 -0.680433655 0.656546812
v -0.333269088 -0.668430209 0.652047333
v -0.318643024 -0.665563037 0.654063229
v -0.319886265 -0.679703539 0.660585929
v -0.560944771 -0.840038835 1.101087530
v -0.540050955 -0.840050955 1.100140801
v -0.540061841 -0.819927566 1.099986378
v -0.560967919 -0.819920927 1.100915364
v 0.060000958 -0.399999825 0.599998953
v 0.060000991 -0.379999978 0.599999199
v 0.080002723 -0.379999916 0.599997434
v 0.080002745 -0.400000168 0.599996304
v -0.499985370 -0.680000001 1.099985370
v -0.480002735 -0.680000001 1.100002738
v -0.480002734 -0.660000003 1.100002746
v -0.499985370 -0.660000000 1.099985372
v 0.119920927 -0.239032081 0.599084636
v 0.119918558 -0.218396505 0.598416113
v 0.140058467 -0.218404596 0.598281005
v 0.140038835 -0.239055228 0.598912470
v -0.280000000 -0.400000001 0.599999999
v -0.280000000 -0.380000042 0.600000042
v -0.260000000 -0.380000042 0.600000042
v -0.260000000 -0.400000002 0.599999999
v -0.600006349 -0.780003520 0.879996698
v -0.600004520 -0.780002702 0.899999460
v -0.600001525 -0.760000924 0.900000177
v -0.600005299 -0.760001426 0.879998526
v -0.420003973 -0.900100559 0.879866693
v -0.400004041 -0.900102473 0.879901700
v -0.399999566 -0.899959115 0.900025631
v -0.419999533 -0.899943634 0.900042994
v -0.599927170 -0.419999947 0.680072783
v -0.599985301 -0.419999966 0.700014629
v -0.599985360 -0.400000002 0.700014630
v -0.599927193 -0.399999993 0.680072783
v -0.582047222 -0.882047222 1.102408577
v -0.561085195 -0.881757069 1.102359027
v -0.560967167 -0.860967167 1.101965228
v -0.581757069 -0.861085195 1.102359027
v 0.104355937 -0.544834867 0.619548712
v 0.120053855 -0.539789175 0.619555955
v 0.120139938 -0.545441058 0.634190073
v 0.106861541 -0.546927549 0.632660600
v 0.040000484 -0.440001298 0.599995177
v 0.039999866 -0.419999835 0.599999400
v 0.060001158 -0.420000742 0.599996251
v 0.060002196 -0.440003403 0.599994853
v 0.039997163 -0.899901612 0.920077522
v 0.059987425 -0.899884717 0.920097406
v 0.060000156 -0.899967579 0.940019923
v 0.040001675 -0.899983465 0.940012480
v -0.480002734 -0.319997266 0.599994529
v -0.480002676 -0.300014691 0.600011777
v -0.460000999 -0.300014628 0.600013628
v -0.460001007 -0.319997260 0.599996275
v -0.300000000 -0.439999977 0.600000025
v -0.300000000 -0.419999998 0.599999999
v -0.280000000 -0.419999997 0.600000001
v -0.280000000 -0.439999971 0.600000037
v 0.140060708 -0.199939661 0.919999930
v 0.140060931 -0.199939699 0.939999691
v 0.160974865 -0.199025363 0.939999925
v 0.160974865 -0.199025160 0.919999975
v -0.300000065 -0.900001624 0.919999985
v -0.280000063 -0.899999891 0.920000026
v -0.279999972 -0.899999667 0.940000008
v -0.299999986 -0.899999797 0.940000126
v -0.099855519 -0.820372478 0.819514838
v -0.099902372 -0.800219680 0.820339967
v -0.080094224 -0.800492704 0.819821482
v -0.080021174 -0.820406372 0.819564663
v 0.199999949 -0.479999999 0.939999953
v 0.199999951 -0.460000000 0.939999952
v 0.200001002 -0.460000000 0.960001002
v 0.200001001 -0.480000000 0.960001002
v -0.060000000 -0.280072785 0.600072785
v -0.060000000 -0.259939322 0.599939322
v -0.040000000 -0.259939322 0.599939322
v -0.040000000 -0.280072785 0.600072785
v 0.114691696 -0.838262690 0.847017419
v 0.120161780 -0.819346557 0.844808807
v 0.126834474 -0.825723659 0.854664204
v 0.124340163 -0.839683750 0.855860136
v 0.099545570 -0.840401336 0.839924907
v 0.101115333 -0.820330319 0.835024884
v -0.400000000 -0.280072787 0.600072786
v -0.400000000 -0.259939339 0.599939321
v -0.380000001 -0.259939336 0.599939317
v -0.380000001 -0.280072787 0.600072784
v -0.080690722 -0.198463022 0.960958467
v -0.080259846 -0.203081430 0.976441432
v -0.061176097 -0.202148708 0.980910154
v -0.060577780 -0.198324769 0.961014554
v -0.081152933 -0.218404705 0.981321279
v -0.066056610 -0.218215600 0.986272600
v 0.093433273 -0.894898543 0.845613784
v 0.095800096 -0.881378235 0.843794701
v 0.105589848 -0.882550447 0.854106388
v 0.100221147 -0.897571704 0.859119964
v 0.079967402 -0.896848215 0.843217222
v 0.080643429 -0.901642382 0.858180875
v 0.080224647 -0.881885010 0.838890340
v 0.200001003 -0.419999999 0.960001002
v 0.200001001 -0.400000000 0.960001002
v 0.200002734 -0.400000000 0.980002734
v 0.200002736 -0.419999999 0.980002735
v -0.000000001 -0.881625756 1.101625754
v 0.019999955 -0.881625743 1.101625728
v 0.019999955 -0.860974887 1.100974855
v -0.000000000 -0.860974892 1.100974888
v -0.166192888 -0.413162233 0.966682530
v -0.159718197 -0.420821566 0.976306865
v -0.153147785 -0.406957280 0.972797003
v -0.159744855 -0.399908618 0.963245848
v -0.139593879 -0.400219529 0.976866619
v -0.147569180 -0.393831082 0.967760357
v -0.140712181 -0.419991386 0.983514651
v -0.473009556 -0.414007081 1.046268493
v -0.473984236 -0.414233523 1.060398672
v -0.458952637 -0.418555458 1.060625169
v -0.459855744 -0.416248832 1.039738754
v -0.560967167 -0.901965228 1.060967167
v -0.540038835 -0.901087530 1.060944772
v -0.540058467 -0.901718995 1.081595404
v -0.561085195 -0.902359027 1.081757069
v 0.060001002 -0.199999040 0.780000042
v 0.060001002 -0.199999000 0.800000000
v 0.080002734 -0.199997266 0.800000000
v 0.080002734 -0.199997307 0.780000042
v -0.601759446 -0.740649720 0.739302331
v -0.600725455 -0.740075562 0.759938616
v -0.600010872 -0.719894753 0.760108138
v -0.600780938 -0.720069176 0.739861589
v -0.419912106 -0.499873195 1.100591604
v -0.399429722 -0.499644964 1.101548358
v -0.398754188 -0.478624017 1.102183423
v -0.419611628 -0.479256363 1.101683972
v -0.599980981 -0.840039205 0.860067091
v -0.600027519 -0.840060664 0.880012969
v -0.599913605 -0.819930048 0.880001586
v -0.599854562 -0.819922657 0.860037218
v -0.268257748 -0.232274091 0.867583568
v -0.264749820 -0.238944851 0.881359266
v -0.261754246 -0.218288700 0.881072949
v -0.265139687 -0.218075283 0.860946076
v -0.280254800 -0.219378009 0.779729107
v -0.280024940 -0.218852988 0.799764412
v -0.275038702 -0.204398464 0.799154116
v -0.275310194 -0.204055207 0.779909307
v -0.261099279 -0.198940376 0.800233256
v -0.260666566 -0.198457240 0.780272345
v -0.602230203 -0.238593846 0.860984359
v -0.601538364 -0.238222789 0.881430055
v -0.597973592 -0.218493463 0.881606072
v -0.601999871 -0.217724035 0.861580786
v -0.318686326 -0.835462930 0.704003676
v -0.299208793 -0.840878567 0.698230531
v -0.306497709 -0.848210876 0.711943222
v -0.321020603 -0.843943877 0.716231532
v -0.320494211 -0.825247679 0.694510422
v -0.305518742 -0.828447266 0.691412220
v -0.000000001 -0.198374246 0.618374244
v -0.000000000 -0.199025112 0.639025108
v 0.019999955 -0.199025145 0.639025113
v 0.019999955 -0.198374272 0.618374257
v -0.180000021 -0.900002616 0.980002851
v -0.160000012 -0.900002845 0.980002796
v -0.160000003 -0.899985300 0.999985419
v -0.180000002 -0.899985315 0.999985386
v -0.440010870 -0.539998451 1.099943296
v -0.420029556 -0.540006547 1.099948343
v -0.420017955 -0.520063877 1.100031977
v -0.440039090 -0.520041247 1.099878422
v 0.199999785 -0.439999942 0.800000023
v 0.199999989 -0.420000005 0.799999995
v 0.200000018 -0.420000006 0.819999995
v 0.199999946 -0.439999996 0.819999996
v -0.304337273 -0.255827528 0.778964499
v -0.304379908 -0.257006275 0.799433454
v -0.294035341 -0.245997453 0.799187003
v -0.293766494 -0.246318521 0.778227849
v -0.285030332 -0.234562677 0.799408763
v -0.283996647 -0.235454526 0.778966063
v 0.199999445 -0.539999941 0.920000020
v 0.199999904 -0.520000037 0.919999922
v 0.199999996 -0.520000010 0.939999941
v 0.199999905 -0.540000030 0.939999917
v -0.000000156 -0.439999785 0.600000384
v -0.000000010 -0.419999976 0.600000252
v 0.019999867 -0.419999812 0.600000390
v 0.019999842 -0.439999857 0.599998604
v -0.519927099 -0.899930094 0.980002719
v -0.499985309 -0.899988210 0.980002694
v -0.499985265 -0.899970919 0.999985290
v -0.519927531 -0.899911902 0.999985729
v -0.601625717 -0.540000010 1.081625753
v -0.596644874 -0.540000015 1.096644832
v -0.596644866 -0.520000215 1.096644605
v -0.601625641 -0.520000112 1.081625616
v -0.581625740 -0.540000051 1.101625557
v -0.581625818 -0.520000274 1.101625608
v -0.060000001 -0.899927168 1.019927256
v -0.040000001 -0.899927169 1.019927264
v -0.040000000 -0.900060677 1.040060679
v -0.060000000 -0.900060676 1.040060680
v -0.260000909 -0.539928758 0.600076432
v -0.260000419 -0.519980927 0.600017078
v -0.240000190 -0.519982659 0.600015361
v -0.240000914 -0.539918021 0.600076711
v -0.379897229 -0.456789222 0.999838561
v -0.379965953 -0.455746402 1.019903462
v -0.360906610 -0.464095296 1.019742940
v -0.360437245 -0.460985364 1.000056820
v -0.240070601 -0.900893432 0.819478217
v -0.219853537 -0.901410080 0.818944799
v -0.220064648 -0.900179315 0.839910809
v -0.240053699 -0.900049010 0.839956459
v -0.432625744 -0.351963383 0.906873189
v -0.436782019 -0.339774764 0.899934262
v -0.444115229 -0.339088683 0.915754783
v -0.438843825 -0.355383492 0.921005715
v -0.453673455 -0.353052846 0.926763269
v -0.459187231 -0.338752939 0.924288604
v -0.400000000 -0.899927212 1.019927216
v -0.380000001 -0.899927215 1.019927215
v -0.380000001 -0.900060680 1.040060677
v -0.400000000 -0.900060677 1.040060678
v 0.161015014 -0.601204166 0.719170906
v 0.181150295 -0.600873945 0.718842328
v 0.180449998 -0.599823673 0.740306521
v 0.160598180 -0.599893130 0.740828553
v -0.581213518 -0.373603535 0.999523085
v -0.574562544 -0.371570416 1.013173489
v -0.560125250 -0.375197193 1.019728321
v -0.561059169 -0.375798973 0.999322695
v 0.160546857 -0.684671854 0.835227115
v 0.181498332 -0.685151074 0.834315547
v 0.181484037 -0.700454167 0.839047549
v 0.201087530 -0.239055229 0.659961165
v 0.201718995 -0.218404596 0.659941533
v 0.201583887 -0.218396505 0.680081442
v 0.200915364 -0.239032081 0.680079073
v -0.020000022 -0.899985510 0.940014588
v -0.000000008 -0.899986536 0.940014144
v -0.000000144 -0.900003649 0.959998327
v -0.019999996 -0.900003698 0.959997967
v -0.360000014 -0.900001292 0.939998774
v -0.340000086 -0.900001501 0.939999258
v -0.340000012 -0.900001170 0.960001041
v -0.360000022 -0.900001401 0.960000806
v -0.200545463 -0.643390563 0.720109712
v -0.180452761 -0.635463019 0.719655463
v -0.180403294 -0.638009863 0.739539059
v -0.199884224 -0.640615064 0.740229497
v -0.045570624 -0.373107539 0.986259509
v -0.039676592 -0.381063788 0.998543165
v -0.032071331 -0.367145439 0.992035472
v -0.039088461 -0.360014770 0.982528794
v -0.019392146 -0.360004424 0.998833799
v -0.025998978 -0.355730056 0.986050774
v -0.026183228 -0.373661860 1.005781305
v 0.060001001 -0.739999951 1.100000954
v 0.080002735 -0.739999953 1.100002685
v 0.080002734 -0.719999958 1.100002693
v 0.060001002 -0.719999958 1.100000960
v 0.119927202 -0.579999989 1.099927199
v 0.140060675 -0.579999999 1.100060700
v 0.140060664 -0.559999992 1.100060678
v 0.119927231 -0.560000000 1.099926976
v -0.555284786 -0.620792965 0.645055357
v -0.566048360 -0.619396476 0.654668682
v -0.560419260 -0.598402255 0.657353647
v -0.552461976 -0.604778117 0.649171666
v -0.546328750 -0.591749844 0.655676572
v -0.539100982 -0.598477334 0.645136034
v -0.539779445 -0.619998762 0.636431334
v -0.219343645 -0.475304897 0.985261739
v -0.201049006 -0.475589965 0.985072455
v -0.200308711 -0.459723523 0.980441969
v -0.220397127 -0.460327389 0.977040346
v -0.280000000 -0.739999951 1.099999953
v -0.260000000 -0.739999953 1.099999951
v -0.260000000 -0.719999975 1.099999931
v -0.280000000 -0.719999974 1.099999941
v -0.600060678 -0.660000000 1.040060678
v -0.600974891 -0.660000000 1.060974890
v -0.600974890 -0.640000000 1.060974890
v -0.600060678 -0.640000000 1.040060678
v 0.200976474 -0.860976507 0.980002652
v 0.200064349 -0.840061061 0.980001260
v 0.200044166 -0.840062099 0.999985995
v 0.200959010 -0.860976667 0.999984874
v -0.519614268 -0.379135324 1.060698006
v -0.518144169 -0.377813963 1.081220461
v -0.499194341 -0.381817809 1.081081895
v -0.500021959 -0.383124448 1.061257011
v 0.039999953 -0.780002735 1.100002685
v 0.060001007 -0.780002740 1.100003725
v 0.060001003 -0.760001003 1.100002002
v 0.039999951 -0.760001001 1.100000954
v -0.040002160 -0.200004661 0.880003531
v -0.039995483 -0.200063608 0.899978220
v -0.020002672 -0.200023671 0.900000234
v -0.020001875 -0.199994390 0.880004753
v 0.199998021 -0.500001201 0.779998059
v 0.200004901 -0.480001792 0.779999083
v 0.200002222 -0.480000761 0.799999778
v 0.200003606 -0.500003693 0.799998151
v -0.460000999 -0.660000006 1.100000990
v -0.460001004 -0.639999978 1.100000875
v -0.480002729 -0.640000004 1.100002725
v 0.200063067 -0.259939184 0.980002942
v 0.200976353 -0.239024263 0.980003164
v 0.200958309 -0.239023305 0.999985520
v 0.200043491 -0.259937826 0.999986431
v -0.300000000 -0.780002735 1.100002734
v -0.280000000 -0.780002735 1.100002735
v -0.280000000 -0.760001001 1.100001002
v -0.300000000 -0.760001001 1.100001002
v -0.060000270 -0.619997447 1.100000747
v -0.040000454 -0.619997655 1.100003953
v -0.040000752 -0.599999359 1.099992528
v -0.059998522 -0.600009458 1.099972688
v -0.460001007 -0.780002740 1.100003725
v -0.439999953 -0.780002735 1.100002685
v -0.439999951 -0.760001001 1.100000954
v -0.460001003 -0.760001003 1.100002002
v -0.399999912 -0.620001292 1.099999276
v -0.380000058 -0.619999358 1.099995641
v -0.379999314 -0.599988396 1.099983143
v -0.400000000 -0.599997157 1.099985484
v -0.599999823 -0.360000060 0.779999931
v -0.600001492 -0.360000077 0.800000552
v -0.600003972 -0.339999175 0.800001233
v -0.600001057 -0.339999106 0.780000024
v 0.060000999 -0.300014628 0.600013628
v 0.060000964 -0.280072828 0.600071704
v 0.080002669 -0.280072904 0.600069866
v 0.080002676 -0.300014691 0.600011777
v 0.000001438 -0.899929415 0.920072309
v 0.020002767 -0.899924835 0.920070771
v 0.020001001 -0.899988246 0.940013252
v -0.280000000 -0.300014631 0.600014630
v -0.280000000 -0.280072784 0.600072786
v -0.260000000 -0.280072785 0.600072785
v -0.260000000 -0.300014630 0.600014630
v -0.185671210 -0.740990059 0.806483263
v -0.188153762 -0.726517734 0.808591520
v -0.180441302 -0.719986423 0.818097398
v -0.175502868 -0.738951527 0.816036692
v -0.200992731 -0.719781929 0.801245863
v -0.193522172 -0.713458112 0.814230320
v -0.200749790 -0.740014970 0.797687671
v 0.035378219 -0.239537196 1.024560561
v 0.043956515 -0.239511769 1.039333236
v 0.035998902 -0.218742263 1.039979660
v 0.032422635 -0.225138685 1.026900184
v 0.201393891 -0.660764231 0.838918053
v 0.201752903 -0.640529334 0.839396852
v 0.200668986 -0.640041222 0.859934284
v 0.201377090 -0.660233719 0.859487981
v -0.200000000 -0.380000042 0.600000042
v -0.200000000 -0.360000048 0.600000048
v -0.180000000 -0.360000048 0.600000048
v -0.180000000 -0.380000042 0.600000042
v 0.119927215 -0.200072784 0.839999999
v 0.119927213 -0.200072772 0.860000004
v 0.140060678 -0.199939319 0.859999999
v 0.140060678 -0.199939323 0.840000000
v -0.260508406 -0.400030288 0.939742441
v -0.240083855 -0.400535266 0.939150185
v -0.239225495 -0.379351917 0.935534202
v -0.260001973 -0.380326188 0.936547513
v -0.373421993 -0.831649386 0.727492961
v -0.380022485 -0.839215172 0.736629342
v -0.386440311 -0.826564235 0.732701994
v -0.379883658 -0.823020459 0.719579243
v -0.358927821 -0.834131544 0.725513513
v -0.361336427 -0.844109181 0.734910022
v -0.360934587 -0.824928008 0.715142692
v -0.540060682 -0.380000041 0.599939370
v -0.540060660 -0.360000065 0.599939336
v -0.519927218 -0.360000050 0.600072835
v -0.519927217 -0.380000039 0.600072833
v -0.599989719 -0.300011971 0.800005104
v -0.599947033 -0.300010184 0.819992562
v -0.599850691 -0.280079608 0.819964237
v -0.599917889 -0.280068198 0.800004756
v -0.206001934 -0.238527025 0.926240069
v -0.197054069 -0.241046313 0.940636667
v -0.194018876 -0.225625054 0.934721884
v -0.200682286 -0.218982950 0.923425659
v -0.184609744 -0.217999251 0.941917470
v -0.187713753 -0.212184438 0.927803241
v -0.188052362 -0.233284880 0.947708355
v -0.220416976 -0.199210618 0.839933650
v -0.220802757 -0.198468032 0.860358942
v -0.200132412 -0.199460391 0.860122070
v -0.200047369 -0.199929207 0.839950692
v -0.600051978 -0.400065458 0.919953099
v -0.600625397 -0.399968857 0.940074163
v -0.601637033 -0.379475716 0.940481020
v -0.600771062 -0.379904827 0.920117531
v -0.379933547 -0.214388950 0.725463821
v -0.379813818 -0.223430032 0.735430362
v -0.359948398 -0.219687084 0.736615549
v -0.366511436 -0.212851573 0.726891895
v -0.379932305 -0.235460676 0.744567531
v -0.360703644 -0.234230922 0.744979543
v -0.375082200 -0.419636158 0.944128994
v -0.380198450 -0.403866454 0.938963000
v -0.387548850 -0.408151523 0.950798812
v -0.385045210 -0.421495215 0.954197174
v -0.399327860 -0.396365577 0.939765936
v -0.400939216 -0.405006412 0.954403131
v -0.399823907 -0.420060663 0.962791670
v -0.599999998 -0.620000000 0.900000000
v -0.599999958 -0.620000000 0.919999958
v -0.599999958 -0.600000000 0.919999958
v -0.600000000 -0.600000000 0.899999999
v -0.120000000 -0.900060678 1.040060677
v -0.100000000 -0.900060677 1.040060679
v -0.100000000 -0.900974891 1.060974890
v -0.120000000 -0.900974891 1.060974890
v -0.599927168 -0.719999960 1.019927217
v -0.600060633 -0.719999958 1.040060681
v -0.600060676 -0.700000000 1.040060679
v -0.599927214 -0.700000000 1.019927215
v 0.020149317 -0.619314285 0.739827712
v 0.039894300 -0.619579607 0.739734119
v 0.039942386 -0.623177949 0.760272680
v 0.020412195 -0.623810873 0.759359768
v -0.460000971 -0.900061805 1.040060584
v -0.439999936 -0.900060665 1.040060659
v -0.439999941 -0.900974900 1.060974844
v -0.460001063 -0.900975845 1.060974876
v 0.160974844 -0.199025100 0.760000059
v 0.160974887 -0.199025145 0.780000045
v 0.181625743 -0.198374272 0.780000045
v 0.181625709 -0.198374248 0.760000047
v -0.179994998 -0.200013240 0.760000286
v -0.179985179 -0.200030315 0.779999329
v -0.160002194 -0.199998295 0.780000347
v -0.160002164 -0.199996546 0.760000368
v 0.099512944 -0.197947337 1.081724699
v 0.099322468 -0.203010546 1.096929925
v 0.119834406 -0.203346853 1.096611866
v 0.119931387 -0.198359863 1.081572581
v 0.099129848 -0.218197020 1.102267490
v 0.119816366 -0.218375269 1.101628366
v -0.000000000 -0.780002734 1.100002734
v 0.019999958 -0.780002734 1.100002693
v 0.019999958 -0.760001002 1.100000960
v -0.000000000 -0.760001002 1.100001001
v 0.080002912 -0.881627126 1.101626941
v 0.099983772 -0.881624513 1.101613965
v 0.099985518 -0.860976689 1.100958313
v 0.080003165 -0.860975733 1.100976353
v -0.420006998 -0.199973779 0.659886953
v -0.419991387 -0.199661342 0.680278111
v -0.400006887 -0.199549614 0.680273538
v -0.400008483 -0.199873583 0.659946151
v -0.260000000 -0.881625755 1.101625755
v -0.240000000 -0.881625755 1.101625755
v -0.240000000 -0.860974890 1.100974890
v -0.260000000 -0.860974890 1.100974890
v 0.079340367 -0.280234898 1.097239746
v 0.099062194 -0.280282567 1.101134717
v 0.098823824 -0.260227867 1.101786903
v 0.078539536 -0.260633164 1.101691139
v -0.600976353 -0.319996835 0.639024267
v -0.600063067 -0.319997058 0.659939184
v -0.600043492 -0.300013571 0.659937827
v -0.600958313 -0.300014483 0.639023311
v -0.419999970 -0.900001916 0.960000166
v -0.400000013 -0.900001736 0.960000457
v -0.400000000 -0.900002744 0.980002731
v -0.419999959 -0.900002698 0.980002720
v -0.599999977 -0.419999999 0.760000052
v -0.599999950 -0.419999990 0.780000062
v -0.599999822 -0.400000005 0.780000023
v -0.599999954 -0.399999997 0.760000060
v 0.019999955 -0.399999988 0.600000198
v 0.039999912 -0.399999870 0.600000324
v 0.039999927 -0.899985169 0.999985526
v 0.060000991 -0.899986472 0.999985441
v 0.060000958 -0.899928198 1.019927269
v 0.039999948 -0.899927078 1.019927273
v -0.185960531 -0.800778535 0.785336888
v -0.187756006 -0.786385902 0.787310704
v -0.179449323 -0.780410556 0.800398392
v -0.175958038 -0.799337366 0.800282563
v -0.200543025 -0.779991990 0.779789175
v -0.192825048 -0.773311823 0.792752323
v -0.200118466 -0.799431751 0.776016276
v -0.320000000 -0.419999999 0.599999997
v -0.320000000 -0.400000001 0.599999999
v -0.300000000 -0.400000001 0.600000000
v -0.300000000 -0.899985375 0.999985368
v -0.280000000 -0.899985371 0.999985370
v -0.280000000 -0.899927214 1.019927215
v -0.300000000 -0.899927215 1.019927215
v -0.540225732 -0.700352720 0.660462475
v -0.540346674 -0.680777608 0.659536391
v -0.519961623 -0.679791924 0.660388767
v -0.520066598 -0.699852549 0.660240614
v -0.140000262 -0.539964823 0.600044024
v -0.140000237 -0.519996084 0.600008019
v -0.120000382 -0.520000660 0.600002658
v -0.119999406 -0.539972967 0.600038966
v -0.160400458 -0.623581164 0.704378094
v -0.140157762 -0.623044217 0.700075345
v -0.139956667 -0.623180825 0.719736669
v -0.160040087 -0.623737622 0.720074150
v 0.199927215 -0.480000000 1.019927215
v 0.199927215 -0.460000000 1.019927215
v 0.200060678 -0.460000000 1.040060677
v 0.200060678 -0.480000000 1.040060678
v -0.059473474 -0.621742993 0.598173820
v -0.059902239 -0.601043660 0.598708638
v -0.039555939 -0.601416792 0.598409180
v -0.038980187 -0.622276702 0.598599657
v -0.160821533 -0.720324199 0.821675430
v -0.161015822 -0.700342725 0.821697734
v -0.140241984 -0.700259611 0.820878545
v -0.140253655 -0.720207103 0.821448516
v 0.080002912 -0.198373059 0.618372874
v 0.080003165 -0.199023647 0.639024267
v 0.099985518 -0.199041687 0.639023311
v 0.099983772 -0.198386035 0.618375487
v -0.139889111 -0.839882385 0.820142936
v -0.140107053 -0.820185954 0.820670402
v -0.119625776 -0.820248802 0.820623569
v -0.119375862 -0.840223381 0.820086993
v -0.260000004 -0.198372771 0.618374846
v -0.260000268 -0.199023157 0.639027550
v -0.240000297 -0.199021760 0.639026275
v -0.239999992 -0.198373665 0.618374170
v 0.080003341 -0.440001269 0.600004027
v 0.080003103 -0.420002290 0.599993260
v 0.099985662 -0.420002775 0.600012861
v 0.099984915 -0.439990940 0.600041497
v -0.079942354 -0.679283105 0.821270423
v -0.079719740 -0.659592838 0.817473662
v -0.059893839 -0.659689341 0.820204536
v -0.059931166 -0.679353032 0.821744362
v 0.020011266 -0.200089665 0.939957893
v 0.020057142 -0.200008826 0.959948653
v 0.040029245 -0.200054552 0.959932344
v 0.040001559 -0.200043247 0.939981968
v 0.200060679 -0.419999999 1.040060680
v 0.200060673 -0.399999999 1.040060686
v 0.200974880 -0.399999996 1.060974888
v 0.200974886 -0.419999997 1.060974905
v -0.499985325 -0.460001106 0.600013005
v -0.499985377 -0.440000379 0.600014040
v -0.480002746 -0.440000160 0.599996919
v -0.480002778 -0.460001226 0.599995653
v -0.260000000 -0.439999958 0.600000046
v -0.260000000 -0.419999996 0.600000000
v -0.240000000 -0.419999998 0.599999999
v -0.240000001 -0.439999947 0.600000046
v -0.596645428 -0.440001253 0.603354649
v -0.601626488 -0.440000948 0.618374029
v -0.601625795 -0.420000014 0.618374290
v -0.596644877 -0.419999984 0.603355139
v -0.581625703 -0.419999959 0.598374256
v -0.581626007 -0.440001358 0.598373502
v -0.319840198 -0.414812477 0.924373498
v -0.320144550 -0.425039295 0.933991204
v -0.300209883 -0.421377442 0.934777493
v -0.306371531 -0.413646085 0.925941640
v -0.319736537 -0.441066509 0.942594859
v -0.300523948 -0.440284334 0.942922100
v -0.480615677 -0.404627438 1.039846187
v -0.482764813 -0.399400269 1.060229609
v -0.499398937 -0.395199668 1.038966989
v -0.493817595 -0.392518920 1.053669511
v -0.545925555 -0.583615586 0.655037043
v -0.539955455 -0.583396574 0.641203215
v -0.524614677 -0.586372915 0.634689428
v -0.518936392 -0.598886591 0.637372917
v 0.060000994 -0.199999091 0.859999970
v 0.060001062 -0.199999184 0.879999842
v 0.080002767 -0.199997447 0.879999888
v 0.080002732 -0.199997293 0.860000001
v 0.140057753 -0.439999803 1.100064369
v 0.160974422 -0.440000208 1.100976272
v 0.160973518 -0.420000116 1.100978662
v 0.140058277 -0.419997853 1.100062887
v -0.601625725 -0.380000043 0.618374256
v -0.600974852 -0.380000045 0.639025111
v -0.600974900 -0.360000060 0.639025156
v -0.601625753 -0.360000048 0.618374291
v -0.600060918 -0.840060571 0.940000018
v -0.600061752 -0.840060563 0.960001053
v -0.599928227 -0.819927173 0.960000991
v -0.599927122 -0.819927152 0.940000106
v -0.600001812 -0.479999930 0.739999036
v -0.599999717 -0.479999926 0.760000129
v -0.599999809 -0.459999992 0.760000055
v -0.600000791 -0.459999912 0.739999040
v -0.179999999 -0.679999681 1.100000423
v -0.180000097 -0.659997578 1.100002543
v -0.493647296 -0.212439055 0.766469533
v -0.500024562 -0.202296914 0.759577615
v -0.505654694 -0.206028632 0.773778684
v -0.499151094 -0.218516959 0.780688503
v -0.519359261 -0.199298181 0.760312162
v -0.519792809 -0.202541626 0.780100687
v -0.511665270 -0.211467678 0.786726502
v -0.000000001 -0.200014630 0.700014631
v -0.000000000 -0.199997266 0.719997266
v 0.019999958 -0.199997307 0.719997266
v 0.019999959 -0.200014673 0.700014630
v -0.519927215 -0.680000001 1.099927216
v -0.519927215 -0.660000000 1.099927214
v -0.180000000 -0.900974891 1.060974891
v -0.160000000 -0.900974891 1.060974890
v -0.160000000 -0.901625755 1.081625755
v -0.180000000 -0.901625755 1.081625755
v -0.160063975 -0.199052859 0.900160145
v -0.160507388 -0.198411020 0.921053351
v 0.200000006 -0.439999999 0.880000002
v 0.200000001 -0.419999998 0.880000002
v 0.200000000 -0.419999999 0.900000000
v 0.199999998 -0.439999999 0.900000000
v -0.460007294 -0.520018381 1.099930465
v -0.440079059 -0.500033954 1.100044332
v -0.460045406 -0.500068361 1.099910242
v 0.199985368 -0.540000000 0.999985370
v 0.199985369 -0.520000000 0.999985370
v 0.199927215 -0.520000000 1.019927215
v 0.199927214 -0.540000000 1.019927215
v -0.519920927 -0.900915364 1.060967919
v -0.499985518 -0.900958313 1.060976689
v -0.499983772 -0.901613965 1.081624513
v -0.519918558 -0.901583887 1.081603495
v -0.326136604 -0.794641299 0.665171223
v -0.324376475 -0.780401699 0.663531484
v -0.313986108 -0.780818379 0.673143474
v -0.319122971 -0.800860912 0.674385245
v -0.339021654 -0.796213838 0.663403591
v -0.339562273 -0.805500310 0.673367146
v -0.339436182 -0.780735121 0.659215345
v -0.200000000 -0.719999974 1.099999930
v -0.180000000 -0.719999978 1.099999937
v -0.179999998 -0.700000077 1.099999921
v -0.199999995 -0.699999993 1.099999980
v -0.581595374 -0.198278473 0.659941586
v -0.581601764 -0.198409178 0.680083213
v -0.560965385 -0.199088643 0.680082273
v -0.560943605 -0.198906351 0.659963168
v 0.099994290 -0.900632891 0.899595555
v 0.119904597 -0.900781486 0.899550864
v 0.119916316 -0.900018379 0.919875525
v 0.099979315 -0.900013781 0.919990292
v -0.540060681 -0.719999958 1.100060633
v -0.540060679 -0.700000000 1.100060676
v -0.239997802 -0.900007178 0.899996669
v -0.219996629 -0.900002550 0.899995146
v -0.219998913 -0.900005952 0.919997431
v -0.240000036 -0.900002318 0.919999348
v -0.100199897 -0.636726410 0.602488277
v -0.079634945 -0.636631365 0.603423534
v -0.079322336 -0.645930233 0.618157008
v -0.100078801 -0.647702866 0.612787539
v -0.100263990 -0.620855743 0.598502423
v -0.079957064 -0.621099033 0.598473146
v -0.245066174 -0.299516578 0.905385771
v -0.234981552 -0.300512867 0.914531043
v -0.234923272 -0.280145949 0.914775278
v -0.245327698 -0.280266947 0.904999546
v -0.224853441 -0.300168482 0.924483817
v -0.224671029 -0.279909932 0.924432721
v 0.040346845 -0.560162668 0.599043287
v 0.040047459 -0.539931700 0.599662608
v 0.060386114 -0.540120804 0.598794083
v 0.060796414 -0.560297582 0.598657782
v -0.333390498 -0.732813443 0.673446630
v -0.335447033 -0.719200415 0.675629810
v -0.320641110 -0.720112745 0.679895324
v -0.319860416 -0.739478940 0.676445332
v -0.300000566 -0.560066979 0.599916224
v -0.299999259 -0.539965683 0.600047044
v -0.279998789 -0.539952601 0.600064776
v -0.279993045 -0.560140993 0.599896972
v -0.019999999 -0.199997264 0.719997265
v -0.019999999 -0.199998997 0.739998998
v -0.000000000 -0.199998999 0.739998998
v -0.180000000 -0.239025110 0.599025109
v -0.180000000 -0.218374241 0.598374244
v -0.160000000 -0.218374246 0.598374244
v -0.160000000 -0.239025110 0.599025110
v 0.200975844 -0.239025123 0.739998937
v 0.201626450 -0.218374026 0.739998911
v 0.201625752 -0.218374291 0.760000047
v 0.200974900 -0.239025156 0.760000059
v -0.353590241 -0.206966159 0.732452875
v -0.360235765 -0.202940990 0.720252688
v -0.339074546 -0.204580587 0.735185948
v -0.340231235 -0.199223090 0.720558378
v -0.339982763 -0.218781666 0.743882560
v -0.019999999 -0.899927177 1.019927260
v 0.000000001 -0.899927181 1.019927253
v -0.000000000 -0.900060677 1.040060679
v -0.019999999 -0.900060678 1.040060678
v -0.519920928 -0.239032088 0.599084636
v -0.519918562 -0.218396566 0.598416067
v -0.499983772 -0.218375556 0.598385980
v -0.499985517 -0.239023321 0.599041679
v 0.060606665 -0.881885141 0.838193813
v 0.060372543 -0.861377281 0.838467810
v 0.080579686 -0.861566454 0.838735190
v -0.360000000 -0.899927215 1.019927214
v -0.340000000 -0.899927216 1.019927213
v -0.340000000 -0.900060678 1.040060678
v -0.360000000 -0.900060678 1.040060677
v 0.120270056 -0.720631513 0.836054516
v 0.119745820 -0.699472495 0.840999043
v -0.260000270 -0.900000001 0.919999911
v -0.240000163 -0.899999644 0.940000172
v -0.260000041 -0.899999641 0.940000018
v -0.419777679 -0.436266722 1.019499991
v -0.414406887 -0.434238207 1.039691444
v -0.399727577 -0.444116247 1.039625151
v -0.400375181 -0.444957547 1.019708119
v -0.601355173 -0.800224922 0.799481313
v -0.600329272 -0.799974435 0.819964843
v -0.600000171 -0.779956561 0.820079953
v -0.600661942 -0.780050162 0.799927601
v -0.596645007 -0.896646630 0.919998757
v -0.596645140 -0.896645264 0.939999384
v -0.601626028 -0.881625851 0.939999449
v -0.601626186 -0.881626943 0.919998115
v -0.581626053 -0.901628226 0.919998704
v -0.581625930 -0.901626932 0.939999088
v -0.319996708 -0.902368003 0.758571275
v -0.299570226 -0.901204219 0.758938319
v -0.299649388 -0.901690452 0.779011725
v -0.319987497 -0.902074280 0.778922123
v -0.040346987 -0.198571025 0.960545512
v -0.041201113 -0.198628926 0.981577076
v -0.020716781 -0.198048238 0.981337489
v -0.020043040 -0.199280001 0.960190940
v 0.039999952 -0.739999952 1.099999904
v 0.019999958 -0.739999952 1.099999910
v 0.199999654 -0.499999587 0.860000287
v 0.199999707 -0.479999950 0.860000030
v 0.199999969 -0.480000033 0.879999978
v 0.199999569 -0.499999932 0.880000052
v -0.320000000 -0.760001002 1.100001002
v -0.300000000 -0.739999949 1.099999954
v -0.320000000 -0.739999951 1.099999954
v 0.085259514 -0.604727179 0.659309351
v 0.099466310 -0.596528202 0.660317859
v 0.099882591 -0.602904556 0.680744783
v 0.080769606 -0.605146724 0.680259344
v 0.099985370 -0.719999959 1.099985327
v 0.119927217 -0.719999960 1.099927168
v 0.119927215 -0.700000000 1.099927214
v 0.099985369 -0.699999999 1.099985370
v -0.581595404 -0.840058467 1.101718995
v -0.581603495 -0.819918558 1.101583887
v -0.240000000 -0.719999970 1.099999931
v -0.220000000 -0.719999969 1.099999932
v -0.219999994 -0.699999962 1.100000042
v -0.239999998 -0.699999956 1.100000037
v -0.596073009 -0.599504878 0.665163778
v -0.601269280 -0.599863759 0.679645989
v -0.601037536 -0.579988889 0.679604681
v -0.597159672 -0.580007073 0.660214640
v -0.580534787 -0.584534636 0.656173668
v -0.580611123 -0.599417452 0.660455007
v -0.420178929 -0.720422960 0.660179658
v -0.420305159 -0.699671611 0.660381216
v -0.400279028 -0.699153370 0.661278853
v -0.399969313 -0.719879847 0.660447212
v 0.080002734 -0.780002734 1.100005471
v 0.099985309 -0.780002676 1.099988223
v 0.099985371 -0.760000999 1.099986372
v 0.080002740 -0.760001007 1.100003725
v 0.000000006 -0.899985308 0.999985414
v 0.019999951 -0.899985180 0.999985439
v 0.019999963 -0.899927122 1.019927251
v -0.440003789 -0.900090927 0.879873462
v -0.440000287 -0.899930245 0.900066949
v -0.499985265 -0.799985265 1.099970948
v -0.480002676 -0.799985309 1.099988223
v -0.480002734 -0.780002734 1.100005471
v -0.499985309 -0.780002676 1.099988223
v -0.439999953 -0.659999987 1.099999866
v -0.419999964 -0.659999945 1.099999918
v -0.419999971 -0.639999989 1.100000525
v -0.439999978 -0.639999909 1.099999881
v 0.119927216 -0.359999981 0.600072891
v 0.119927175 -0.339999023 0.600071726
v 0.140060586 -0.339999006 0.599938223
v 0.140060637 -0.360000029 0.599939333
v 0.199959935 -0.659997139 0.920020345
v 0.199978406 -0.639999817 0.920001454
v 0.200002346 -0.640000804 0.939996597
v 0.199996404 -0.660000203 0.939999005
v -0.220000000 -0.360000048 0.600000048
v -0.220000000 -0.339998998 0.599998998
v -0.200000000 -0.339998998 0.599998998
v 0.199988223 -0.300014691 0.719997324
v 0.199930134 -0.280072904 0.719997331
v 0.199928296 -0.280072828 0.739999036
v 0.199986372 -0.300014629 0.739999000
v 0.119927437 -0.200073149 0.919999690
v 0.119927403 -0.200070916 0.939999742
v -0.040000160 -0.480000031 0.599999987
v -0.040000026 -0.459999891 0.600000315
v -0.020000203 -0.459999786 0.600000376
v -0.020000151 -0.480000280 0.599997922
v -0.600231928 -0.540015548 0.680061640
v -0.599970786 -0.539981433 0.700034508
v -0.599923371 -0.519986328 0.700022232
v -0.599893246 -0.519966895 0.680077510
v -0.601210334 -0.300027373 0.880601170
v -0.601803334 -0.299667022 0.900909633
v -0.601595651 -0.279091158 0.901797560
v -0.601772694 -0.279761726 0.881162037
v -0.560974844 -0.360000061 0.599025099
v -0.560974876 -0.339998937 0.599024155
v -0.540060585 -0.339999029 0.599938197
v -0.060041508 -0.644302988 0.816134351
v -0.046334760 -0.646036168 0.814356117
v -0.039918015 -0.659515282 0.816849874
v -0.379999996 -0.479999844 0.600000032
v -0.380000009 -0.459999977 0.600000057
v -0.360000002 -0.459999951 0.600000033
v -0.360000023 -0.479999961 0.599999538
v -0.264465515 -0.840889510 0.703104560
v -0.259668662 -0.820765611 0.702626693
v -0.251798227 -0.827054828 0.712155992
v -0.254736848 -0.842332718 0.714046277
v -0.279801264 -0.840864941 0.694756732
v -0.274568471 -0.821464929 0.693050826
v -0.600941865 -0.399552689 0.999701962
v -0.601552714 -0.399064882 1.019598808
v -0.601398961 -0.378371963 1.019451580
v -0.597300325 -0.378754949 1.000324306
v -0.220123599 -0.515670680 1.023847785
v -0.219960823 -0.521183589 1.038121137
v -0.199088108 -0.521348321 1.038960988
v -0.199190647 -0.516244385 1.023714097
v -0.293452814 -0.407123640 0.932372770
v -0.300476985 -0.399935514 0.923584484
v -0.279321351 -0.400713870 0.936238134
v -0.286465999 -0.393552778 0.927911471
v -0.280156802 -0.419140750 0.939470752
v -0.581625742 -0.399999943 0.598374276
v -0.581625744 -0.380000043 0.598374273
v -0.560974889 -0.380000043 0.599025148
v -0.560974889 -0.399999953 0.599025151
v -0.478918967 -0.759141525 0.701902177
v -0.460389959 -0.763801282 0.700264487
v -0.466230481 -0.764975059 0.713925051
v -0.479853438 -0.765298560 0.715138549
v 0.200974889 -0.700000000 1.060974891
v 0.200974892 -0.680000001 1.060974890
v 0.201625754 -0.699999999 1.081625756
v 0.181625848 -0.420000203 1.101625873
v 0.181625329 -0.400000123 1.101627951
v 0.160971699 -0.399998608 1.100981919
v -0.419765003 -0.820274893 0.739921801
v -0.400862229 -0.824086189 0.738815025
v -0.406682438 -0.825935388 0.754007309
v -0.419883471 -0.822269511 0.760442138
v 0.059496689 -0.259671900 1.080924479
v 0.063983613 -0.259842092 1.096681293
v 0.062948362 -0.239788864 1.097409708
v 0.054186012 -0.239625110 1.081669236
v 0.078611812 -0.239400995 1.102607647
v -0.600002692 -0.420000123 0.839999895
v -0.600008761 -0.419997996 0.860002681
v -0.599998171 -0.399995717 0.860005939
v -0.600007051 -0.399998702 0.840002389
v -0.600001332 -0.520000060 0.960001000
v -0.600003077 -0.520000083 0.980002698
v -0.600003182 -0.499999773 0.980002540
v -0.600001971 -0.500000045 0.960000825
v 0.039999953 -0.901625752 1.081625709
v 0.060001089 -0.901626451 1.081625974
v 0.060001083 -0.896645351 1.096645351
v 0.039999952 -0.896644866 1.096644867
v 0.060001089 -0.881625974 1.101626450
v 0.039999953 -0.881625709 1.101625752
v 0.197525132 -0.620287247 0.779717147
v 0.201020633 -0.601339710 0.778985106
v 0.201648204 -0.600831500 0.799304220
v 0.201500035 -0.621552208 0.798677789
v -0.300000000 -0.901625755 1.081625755
v -0.280000000 -0.901625755 1.081625755
v -0.280000000 -0.896644891 1.096644891
v -0.300000000 -0.896644891 1.096644891
v -0.280000000 -0.881625755 1.101625755
v -0.300000000 -0.881625755 1.101625755
v 0.200080737 -0.720004249 0.899885155
v 0.200078747 -0.699996318 0.899931438
v 0.199943922 -0.699999608 0.920038674
v 0.199932933 -0.720000620 0.920053578
v -0.160610082 -0.621769190 0.780605403
v -0.140208817 -0.622090105 0.780448309
v -0.145222083 -0.625393736 0.793506602
v -0.155094436 -0.625009240 0.793657796
v -0.200000018 -0.900002576 0.980002799
v -0.199999999 -0.899985355 0.999985365
v -0.180015193 -0.579794298 1.100431000
v -0.159971282 -0.579896943 1.100145332
v -0.080048121 -0.600816250 0.599000650
v -0.080026885 -0.580049880 0.599975791
v -0.060045179 -0.580037452 0.599870795
v -0.540060818 -0.900063003 0.980003021
v -0.540062174 -0.900043473 0.999986442
v -0.519927215 -0.580000019 1.099927015
v -0.499985466 -0.580000092 1.099984997
v -0.499985593 -0.560000194 1.099986052
v -0.519927351 -0.560000231 1.099926833
v 0.080002676 -0.200011777 0.700014691
v 0.080002734 -0.199994529 0.719997266
v 0.099985309 -0.200011777 0.719997324
v 0.099985265 -0.200029052 0.700014735
v -0.379613151 -0.281494304 0.778239473
v -0.378695442 -0.286473673 0.794032564
v -0.359593837 -0.284053079 0.799004770
v -0.360172453 -0.277103146 0.779377839
v -0.380864677 -0.294869895 0.805190543
v -0.366304038 -0.292268649 0.807700338
v -0.399889209 -0.355129278 0.885395694
v -0.400617749 -0.360439708 0.899613240
v -0.380466297 -0.364194300 0.899390675
v -0.380684171 -0.354883685 0.885304181
v -0.392799085 -0.453510441 1.005151687
v -0.392454798 -0.452791798 1.015061710
v -0.259990107 -0.199972299 0.699981876
v -0.260073792 -0.199429667 0.720061335
v -0.239974648 -0.199961438 0.719976188
v -0.239979192 -0.200094439 0.699991786
v 0.020213447 -0.218675237 1.023743204
v 0.026349892 -0.212448076 1.033313086
v 0.026486547 -0.203795636 1.033349469
v 0.020033452 -0.202732609 1.020451895
v 0.039144705 -0.202708593 1.040358016
v 0.038983683 -0.199186380 1.021011329
v -0.199999988 -0.500001826 0.599997504
v -0.200000023 -0.480001135 0.599998859
v -0.179999999 -0.480000826 0.599998959
v -0.179999898 -0.500000854 0.599998265
v -0.172924637 -0.876049378 0.812391673
v -0.173385840 -0.865354526 0.813047497
v -0.159461544 -0.860943701 0.815632404
v -0.158592754 -0.880425697 0.814874273
v -0.019974055 -0.621777325 0.602320311
v 0.000405675 -0.615757062 0.603208083
v 0.000734501 -0.615681105 0.619548823
v -0.020187203 -0.624196297 0.618497400
v -0.540061783 -0.499950281 0.600007991
v -0.540062018 -0.479985130 0.599958685
v -0.519927389 -0.479990144 0.600087108
v -0.519928493 -0.499967579 0.600128321
v -0.360137797 -0.620354730 0.598945890
v -0.360141627 -0.600653967 0.598427420
v -0.339941003 -0.600948911 0.598271237
v -0.339985431 -0.620865165 0.598369723
v -0.492841066 -0.273305663 0.826213333
v -0.496932167 -0.259655960 0.820459334
v -0.503748783 -0.260357630 0.839908803
v -0.495578654 -0.275453004 0.840838225
v 0.060000336 -0.200018051 0.939999779
v 0.060022012 -0.200075034 0.959963132
v 0.080005131 -0.200037331 0.959998028
v 0.079999616 -0.199996577 0.940005003
v -0.599985329 -0.380000043 0.700014630
v -0.600002696 -0.380000043 0.719997266
v -0.599986379 -0.840061841 1.019927566
v -0.600140801 -0.840050955 1.040050955
v -0.599986378 -0.819927566 1.040061841
v -0.599851254 -0.819928803 1.019928803
v -0.600000049 -0.479999995 0.820000005
v -0.599999952 -0.479999980 0.840000020
v -0.599999546 -0.460000034 0.839999946
v -0.599999957 -0.459999979 0.820000025
v -0.000000000 -0.200000039 0.780000042
v -0.000000003 -0.199999990 0.800000009
v 0.019999958 -0.200000033 0.800000003
v 0.019999958 -0.200000084 0.780000041
v 0.039241010 -0.359817180 1.060103370
v 0.038719689 -0.359428503 1.081645846
v 0.043076489 -0.344449949 1.081850359
v 0.046012563 -0.345802257 1.059870954
v 0.054523375 -0.335013517 1.082116923
v 0.060868025 -0.335536091 1.058699754
v 0.099985713 -0.200088075 0.680072470
v 0.119927530 -0.200088075 0.700014287
v 0.119928803 -0.200148747 0.680071197
v 0.140060679 -0.700000000 1.100060676
v 0.140060678 -0.680000001 1.100060679
v 0.119927215 -0.680000001 1.099927216
v 0.201625755 -0.540000000 1.081625755
v 0.201625756 -0.520000000 1.081625755
v 0.196644891 -0.520000000 1.096644896
v 0.196644891 -0.540000000 1.096644890
v 0.181625746 -0.519999997 1.101625773
v -0.355249932 -0.495151993 1.060120209
v -0.355757009 -0.499365548 1.080838271
v -0.340657975 -0.503933631 1.080789678
v -0.341472253 -0.500590757 1.060143395
v -0.354901757 -0.512951980 1.087827205
v -0.346233169 -0.513047578 1.088123621
v -0.239996820 -0.200111076 0.680068604
v -0.219994770 -0.200054150 0.700011904
v -0.220001882 -0.200075358 0.680075116
v -0.199999984 -0.679999535 1.100000687
v -0.219999998 -0.679999653 1.100000795
v -0.040000000 -0.819927215 1.099927215
v -0.019999999 -0.819927215 1.099927216
v -0.019999999 -0.799985370 1.099985371
v -0.040000000 -0.799985370 1.099985370
v -0.160697965 -0.514710893 1.081662766
v -0.160821021 -0.523379320 1.096786509
v -0.140198481 -0.523967832 1.096730603
v -0.140664320 -0.513936553 1.086145718
v -0.139988319 -0.539457143 1.101116689
v -0.560974892 -0.700000000 1.100974888
v -0.540060678 -0.680000001 1.100060679
v -0.560974891 -0.680000001 1.100974891
v 0.060000971 -0.259939415 0.599938197
v 0.060001063 -0.239025123 0.599024156
v 0.080003165 -0.239024267 0.599023647
v 0.080002942 -0.259939184 0.599936933
v -0.380000001 -0.819927215 1.099927216
v -0.360000000 -0.819927215 1.099927215
v -0.360000000 -0.799985370 1.099985370
v -0.380000001 -0.799985370 1.099985371
v -0.599851252 -0.280071181 0.680071200
v -0.599911911 -0.280072463 0.700014298
v -0.600043501 -0.259937985 0.700013564
v -0.599986364 -0.259938172 0.680072444
v 0.054979770 -0.660077834 0.804911461
v 0.059211915 -0.639325059 0.800119853
v 0.066791856 -0.645816954 0.812958268
v 0.064798139 -0.661289780 0.814943980
v 0.140077194 -0.203333028 0.603333028
v 0.140058467 -0.198281005 0.618404596
v 0.161085195 -0.197640973 0.618242931
v 0.161120679 -0.202940558 0.602940558
v 0.161085195 -0.218242931 0.597640973
v -0.020000002 -0.200000010 0.800000008
v -0.019999988 -0.200000158 0.819999934
v -0.000000005 -0.200000064 0.819999999
v 0.202025763 -0.480521948 0.618147138
v 0.201683037 -0.459966231 0.618411949
v 0.200972366 -0.459898329 0.639073825
v 0.201428022 -0.480224954 0.638971950
v 0.200974891 -0.239025109 0.819999999
v 0.201625756 -0.218374244 0.819999999
v 0.201625755 -0.218374245 0.840000000
v 0.200974891 -0.239025110 0.840000000
v -0.099714658 -0.680250063 0.820762096
v -0.099496071 -0.664346366 0.816058569
v 0.104939168 -0.699015987 0.834817203
v 0.104437759 -0.679912279 0.835927086
v 0.119368205 -0.679433786 0.840976610
v -0.080000000 -0.199025110 0.639025110
v -0.080000000 -0.199939323 0.659939322
v -0.060000000 -0.199939322 0.659939322
v -0.060000000 -0.199025110 0.639025110
v -0.260000000 -0.899985371 0.999985370
v -0.239999999 -0.899985379 0.999985367
v -0.240000000 -0.899927215 1.019927215
v -0.260000000 -0.899927214 1.019927215
v -0.393348686 -0.212505295 0.727324642
v -0.399837179 -0.219087628 0.736978877
v -0.400158259 -0.234931058 0.745309822
v -0.596638292 -0.896638296 0.999983935
v -0.596611118 -0.896611119 1.019921974
v -0.601583887 -0.881603495 1.019918558
v -0.601613964 -0.881624515 0.999983772
v -0.581624512 -0.901613963 0.999983772
v -0.581603495 -0.901583889 1.019918557
v -0.120038235 -0.719848989 0.820950645
v -0.119794201 -0.699826848 0.821131449
v -0.099975237 -0.699544769 0.821222190
v -0.100230810 -0.719624966 0.820671326
v -0.126548009 -0.473102563 1.026382924
v -0.120842210 -0.476537819 1.040890348
v -0.114006165 -0.465585887 1.034211718
v -0.120061128 -0.460284806 1.019648298
v -0.099881225 -0.459761700 1.040566167
v -0.106754336 -0.454201872 1.026647008
v -0.107035528 -0.472671339 1.046594755
v 0.019991272 -0.896663633 0.843264998
v 0.040181408 -0.896722357 0.843243570
v 0.040044749 -0.901709215 0.858349753
v 0.019967435 -0.901619743 0.858355795
v 0.019973760 -0.881639518 0.838519124
v 0.040162788 -0.881705203 0.838477405
v -0.480002740 -0.339998993 0.599996275
v -0.460001003 -0.339998997 0.599997998
v 0.199928296 -0.280072828 0.960000964
v 0.200061803 -0.259939416 0.960000971
v 0.199930134 -0.280072904 0.980002669
v -0.320022815 -0.900018581 0.840037026
v -0.300006705 -0.899879561 0.840047218
v -0.299998090 -0.899942447 0.860005572
v -0.319998609 -0.899933896 0.860015147
v -0.153770738 -0.633290661 0.625680359
v -0.159799674 -0.636089767 0.639695603
v -0.165962080 -0.626355307 0.632594487
v -0.160622941 -0.623902753 0.618952524
v -0.139793390 -0.641051473 0.618855378
v -0.140430450 -0.644809879 0.638751321
v -0.147051333 -0.628198412 0.612463859
v -0.480002942 -0.900063068 1.040060815
v -0.480003165 -0.900976353 1.060975733
v 0.199999963 -0.499999998 0.939999954
v 0.200000999 -0.499999999 0.960001003
v -0.326400437 -0.293041874 0.847328174
v -0.319367341 -0.296012203 0.861263370
v -0.313064273 -0.286626274 0.853399161
v -0.319355821 -0.283816079 0.839605594
v -0.298710644 -0.280935662 0.856025834
v -0.304644494 -0.274928670 0.840954777
v -0.300156169 -0.294497276 0.864959412
v 0.200974890 -0.600000000 1.060974891
v 0.200974890 -0.580000000 1.060974890
v 0.201625755 -0.580000000 1.081625755
v 0.201625755 -0.600000000 1.081625755
v -0.500471549 -0.635429217 0.623857714
v -0.480134017 -0.636580380 0.618660225
v -0.480072490 -0.644620146 0.634362422
v -0.500656312 -0.644612528 0.635380517
v -0.500604547 -0.620124863 0.623205103
v -0.484970339 -0.621835815 0.613959684
v -0.333234595 -0.851453060 0.728244887
v -0.340124770 -0.860431797 0.736149114
v -0.346543795 -0.846578839 0.732713542
v -0.339880779 -0.838793608 0.721204853
v -0.318894738 -0.855157507 0.725551556
v -0.320900872 -0.865277287 0.734893670
v -0.066026991 -0.239239715 0.986193054
v -0.599948221 -0.600002304 0.740033261
v -0.599986274 -0.599999701 0.760010788
v -0.599990742 -0.579999827 0.760005250
v -0.599958450 -0.579999874 0.740029474
v -0.599999560 -0.699999666 0.860000431
v -0.599999577 -0.699999967 0.880000052
v -0.599999957 -0.680000029 0.879999966
v -0.599999474 -0.679999952 0.860000071
v -0.265989703 -0.894480292 0.766156486
v -0.258949066 -0.885665525 0.758911657
v -0.253198166 -0.888406184 0.772915735
v -0.259846081 -0.897275743 0.780395217
v -0.280241944 -0.897478036 0.759637190
v -0.279751444 -0.900386579 0.779399725
v -0.272707503 -0.889476803 0.752422494
v -0.000000001 -0.901625754 1.081625756
v 0.019999955 -0.901625728 1.081625743
v 0.019999955 -0.896644871 1.096644871
v -0.000000001 -0.896644891 1.096644891
v 0.139996218 -0.636187654 0.784681838
v 0.160681620 -0.635722210 0.784635929
v 0.160723411 -0.646315089 0.794710152
v 0.140627342 -0.643949358 0.799978740
v 0.140058867 -0.624154768 0.775908479
v 0.160415691 -0.619203713 0.776878415
v -0.359429259 -0.780651437 0.662019146
v -0.359294264 -0.760674987 0.657875250
v -0.339619521 -0.760736789 0.658754349
v -0.280044672 -0.476415846 0.980081457
v -0.286760363 -0.467423088 0.985853619
v -0.286495591 -0.467667788 0.994085405
v -0.280041693 -0.479862310 0.996060586
v -0.292105952 -0.474137728 0.974277721
v -0.180000000 -0.840060678 1.100060678
v -0.180000000 -0.819927215 1.099927215
v 0.199985370 -0.300014631 0.800000001
v 0.199927214 -0.280072785 0.800000000
v 0.199927216 -0.280072785 0.819999999
v 0.199985371 -0.300014630 0.819999999
v 0.140057567 -0.200022851 1.019930488
v 0.140057457 -0.199952475 0.999988947
v -0.600002009 -0.540000305 0.759997997
v -0.600001427 -0.540000056 0.779999574
v -0.600000388 -0.519999983 0.780000135
v -0.600002921 -0.520000243 0.759999338
v -0.000000001 -0.300014631 0.600014630
v -0.000000000 -0.280072785 0.600072786
v 0.019999960 -0.280072783 0.600072832
v 0.019999959 -0.300014630 0.600014673
v -0.519927566 -0.840061841 1.099986378
v -0.519928803 -0.819928803 1.099851253
v -0.602348706 -0.399764434 1.081551138
v -0.597017895 -0.399893950 1.096996562
v -0.597073495 -0.378466438 1.097177420
v -0.602313207 -0.378458531 1.081496679
v -0.581526442 -0.399704899 1.102655613
v -0.581120826 -0.378290411 1.102647211
v -0.099988480 -0.199357528 0.920371318
v -0.099981208 -0.200008354 0.899973304
v -0.235470306 -0.665137997 0.699996436
v -0.220391193 -0.655249568 0.699957959
v -0.221346676 -0.655307313 0.720740253
v -0.235100368 -0.664879940 0.720105452
v -0.399813660 -0.520160003 1.100588406
v -0.080000033 -0.500000870 0.599997945
v -0.080000033 -0.479999814 0.600000180
v -0.060000025 -0.479999849 0.600000126
v -0.059999790 -0.500001534 0.599997918
v -0.161130725 -0.839676551 0.817364304
v -0.161356856 -0.820322954 0.817419039
v 0.093471329 -0.814096217 0.825068268
v 0.095147042 -0.800092468 0.823723732
v 0.104835837 -0.799914826 0.833993130
v 0.080500137 -0.820296450 0.822582148
v 0.086839089 -0.827648885 0.830770767
v 0.080715302 -0.800392458 0.819573440
v -0.339970537 -0.580195914 0.599555538
v -0.319986565 -0.580306414 0.599466809
v -0.319938585 -0.600900423 0.598882215
v -0.080000321 -0.899983183 0.940014921
v -0.060000447 -0.899983169 0.940018665
v -0.060000008 -0.900003614 0.959999204
v -0.080000111 -0.900002758 0.960000032
v -0.259995927 -0.560118479 0.599920415
v -0.239999793 -0.560076526 0.599934145
v -0.597347341 -0.561994628 0.602609663
v -0.602372430 -0.561728649 0.617942212
v -0.602370193 -0.541090653 0.618223872
v -0.597067437 -0.541201029 0.602929957
v -0.582101726 -0.562220791 0.597509302
v -0.600096057 -0.659941953 0.719958385
v -0.599859753 -0.659982299 0.740097845
v -0.599900819 -0.640000181 0.740074481
v -0.600033730 -0.639973612 0.719909277
v 0.039999976 -0.200000354 0.859999909
v 0.040000176 -0.199999945 0.879999875
v -0.280168063 -0.475553401 0.965514890
v -0.264654190 -0.475592749 0.980650968
v -0.267203392 -0.474070689 0.966545291
v -0.140000012 -0.199939334 0.659939328
v -0.139999980 -0.200072912 0.680072780
v -0.120000009 -0.200072785 0.680072788
v -0.120000003 -0.199939310 0.659939323
v -0.600060907 -0.519999938 1.040060710
v -0.600974829 -0.520000014 1.060974903
v -0.600976543 -0.499999483 1.060974566
v -0.600063065 -0.499999246 1.040060267
v 0.200140801 -0.259949045 0.659949045
v 0.199986378 -0.259938159 0.680072434
v 0.140060685 -0.539999992 1.100060519
v 0.200003692 -0.719999963 0.980001865
v 0.200003561 -0.700000001 0.980002122
v 0.199985363 -0.699999997 0.999985384
v 0.199985328 -0.719999961 0.999985358
v -0.039962870 -0.901683689 0.858265516
v -0.039990984 -0.901000707 0.878946340
v 0.199999911 -0.360000048 0.780000042
v 0.200000960 -0.339998998 0.780000042
v 0.200001001 -0.339998998 0.800000000
v 0.199999951 -0.360000048 0.800000000
v -0.039834625 -0.617991154 0.760806112
v -0.039830854 -0.618237585 0.781013534
v -0.380033876 -0.900573168 0.859710435
v -0.380011685 -0.900072597 0.879973261
v 0.160226731 -0.580060667 0.676002376
v 0.165143759 -0.560251323 0.674787021
v 0.181021654 -0.560493648 0.679516461
v 0.181415471 -0.581187616 0.679337636
v -0.099999835 -0.639998977 1.100001094
v -0.099999804 -0.620005807 1.099992536
v -0.245226994 -0.259943465 0.905467261
v -0.234876033 -0.259865630 0.915037125
v -0.235189368 -0.240230935 0.914883916
v -0.245439424 -0.239036758 0.906169700
v -0.221081538 -0.259694006 0.923537284
v -0.220843897 -0.239158177 0.920110751
v -0.600955559 -0.460006774 1.060976994
v -0.601616215 -0.459999032 1.081628960
v -0.601578330 -0.440040389 1.081608650
v -0.600888327 -0.440038944 1.060990144
v 0.099985369 -0.200014631 0.800000000
v 0.099985370 -0.200014673 0.780000041
v -0.439999995 -0.620000041 1.100000826
v -0.460001059 -0.619999908 1.100000860
v -0.260000000 -0.760001001 1.100001002
v -0.394265272 -0.453763958 1.081701996
v -0.398814589 -0.458965631 1.097997163
v -0.378208473 -0.463077389 1.097453468
v -0.377872968 -0.458487294 1.081785431
v -0.378559520 -0.478815001 1.102091465
v -0.241077041 -0.198569086 0.800130481
v -0.240744108 -0.198775046 0.780100808
v 0.006478345 -0.651770533 0.807960264
v -0.000079060 -0.659840720 0.816268875
v -0.005138262 -0.646710316 0.813069691
v 0.000189490 -0.639095534 0.801422671
v -0.460001001 -0.680000003 1.100001011
v -0.419183857 -0.779501519 0.683400956
v -0.421140728 -0.765874359 0.674359158
v -0.406714396 -0.767909116 0.671272654
v -0.400116191 -0.780159830 0.676011964
v -0.200000000 -0.239025108 0.599025109
v -0.200000001 -0.218374233 0.598374248
v -0.418190526 -0.874296812 0.806248707
v -0.398652032 -0.874592879 0.804954125
v -0.400285676 -0.886058008 0.814687836
v -0.419795797 -0.885784714 0.814650908
v -0.418777152 -0.858834968 0.801200167
v -0.399592907 -0.859222896 0.796717602
v 0.139151292 -0.535884599 0.619334000
v 0.139900891 -0.544440843 0.635132450
v -0.540038834 -0.239055227 0.598912475
v -0.540058470 -0.218404646 0.598280996
v -0.199268933 -0.902032441 0.818426810
v -0.199874341 -0.900710233 0.839768124
v -0.600001710 -0.480000111 0.900000047
v -0.600003462 -0.479999725 0.920000321
v -0.599998794 -0.459998046 0.920000744
v -0.600006209 -0.459998933 0.900001158
v -0.599927215 -0.579999999 1.019927215
v -0.600060679 -0.580000000 1.040060677
v -0.600060662 -0.560000003 1.040060678
v -0.599927200 -0.560000003 1.019927215
v 0.197588607 -0.680244730 0.839481636
v 0.201302125 -0.680156088 0.859081248
v 0.200009253 -0.780003247 0.959997157
v 0.200005859 -0.760000924 0.959998110
v 0.200004629 -0.760000926 0.980001739
v 0.200007074 -0.780002669 0.980001708
v 0.099985374 -0.200014687 0.760000045
v 0.119927217 -0.200072832 0.780000040
v 0.119927218 -0.200072836 0.760000050
v -0.359638576 -0.479863989 1.059830027
v -0.359519194 -0.479385498 1.080949690
v -0.240374118 -0.199224747 0.760046985
v -0.220095274 -0.199822446 0.779996360
v -0.220000963 -0.199965733 0.759988586
v -0.419629159 -0.679778511 0.656753525
v -0.415169313 -0.666252177 0.653504767
v -0.405561299 -0.667502473 0.653462691
v -0.400390018 -0.679758740 0.657255037
v 0.000000031 -0.640000124 1.099999764
v 0.019999961 -0.640000052 1.099999794
v 0.020000021 -0.620000140 1.099999912
v 0.000000073 -0.619999887 1.100000899
v -0.245209181 -0.876469916 0.760536516
v -0.240860317 -0.859367483 0.760528783
v -0.241411373 -0.859647606 0.775344861
v -0.240035821 -0.881384881 0.775608115
v -0.254933519 -0.852518300 0.767616976
v -0.255811004 -0.852078581 0.774212747
v 0.039999941 -0.860974844 1.100974900
v -0.374364010 -0.433110233 0.946608046
v -0.379483660 -0.440432857 0.959516968
v -0.393609708 -0.434036733 0.965912966
v 0.099985374 -0.739999955 1.099985313
v -0.320000000 -0.881625755 1.101625755
v -0.300000000 -0.860974890 1.100974890
v -0.320000000 -0.860974890 1.100974890
v -0.599928476 -0.280073009 0.760000142
v -0.599931328 -0.280071337 0.780003608
v -0.600059235 -0.259934939 0.780004985
v -0.600062055 -0.259937977 0.760001336
v -0.000004259 -0.199997707 0.900006016
v -0.000000669 -0.199994233 0.880002074
v 0.019999958 -0.259939319 0.599939367
v 0.039999936 -0.259939340 0.599939337
v 0.039999950 -0.280072782 0.600072836
v 0.199941064 -0.479964281 0.700023047
v 0.199944558 -0.459990375 0.700012437
v 0.199988232 -0.460001539 0.719996280
v 0.199940999 -0.479988676 0.720001762
v -0.597550933 -0.820192631 0.779547735
v -0.601341228 -0.820147759 0.799084012
v -0.601360521 -0.800801868 0.778893919
v 0.099985518 -0.239023311 0.599041687
v 0.099983772 -0.218375487 0.598386035
v -0.534484549 -0.394609784 0.985231654
v -0.534200248 -0.395040955 0.991995370
v -0.520023608 -0.395924314 0.993946638
v -0.520556664 -0.395586974 0.984390097
v -0.601628562 -0.218401871 0.779992459
v -0.601630065 -0.218440815 0.799953528
v -0.596659654 -0.203412570 0.799956331
v -0.596673865 -0.203426981 0.779983408
v -0.581457995 -0.198012092 0.799962767
v -0.581599989 -0.198259891 0.779979050
v -0.080000002 -0.199997262 0.719997265
v -0.080000003 -0.199998992 0.739998999
v -0.060000000 -0.199998998 0.739998998
v -0.060000000 -0.199997266 0.719997265
v -0.260000000 -0.901625755 1.081625755
v -0.240000000 -0.901625755 1.081625755
v -0.240000000 -0.896644891 1.096644891
v -0.260000000 -0.896644891 1.096644891
v -0.240000000 -0.239025106 0.599025114
v -0.240000000 -0.218374284 0.598374240
v -0.220000001 -0.218374248 0.598374253
v -0.220000000 -0.239025104 0.599025111
v 0.200004262 -0.420000184 0.719997411
v 0.200002674 -0.399999879 0.719997296
v 0.200000832 -0.399999943 0.739998996
v 0.200001299 -0.419999849 0.739999044
v -0.597330605 -0.897330605 1.081880082
v -0.595526521 -0.895526521 1.095526521
v -0.597330605 -0.881880082 1.097330605
v -0.602408577 -0.882047222 1.082047222
v -0.582047222 -0.902408577 1.082047222
v -0.581880082 -0.897330605 1.097330605
v -0.160000000 -0.319997265 0.599997265
v -0.160000000 -0.300014630 0.600014630
v -0.140000000 -0.300014630 0.600014630
v -0.140000000 -0.319997265 0.599997265
v -0.140829878 -0.679552838 0.816979529
v -0.119671133 -0.680486134 0.820035291
v 0.099985713 -0.280072470 0.600088075
v 0.099985265 -0.300014735 0.600029051
v -0.000028167 -0.881546671 0.838715399
v -0.000140441 -0.860586369 0.840075599
v 0.019908658 -0.860731183 0.840166032
v 0.199986384 -0.280072433 1.040061818
v 0.200140811 -0.259949043 1.040050934
v 0.201087570 -0.259961159 1.060944715
v 0.200915359 -0.280079069 1.060967913
v -0.499985309 -0.319997324 0.600011777
v -0.499985265 -0.300014735 0.600029052
v -0.320000001 -0.439999982 0.600000026
v -0.240000000 -0.280072785 0.600072785
v -0.240000000 -0.300014630 0.600014630
v -0.320000180 -0.900003110 0.919998900
v -0.320000044 -0.900000677 0.939999968
v 0.014022478 -0.393001830 1.046578635
v 0.016828762 -0.399895963 1.060524866
v 0.026119735 -0.385933385 1.058294671
v 0.020892390 -0.380653805 1.039323858
v 0.034902563 -0.374935259 1.060838529
v 0.033312020 -0.373187528 1.044876600
v -0.159873554 -0.739997573 0.820476941
v -0.140194293 -0.740011391 0.821438584
v -0.560794915 -0.901908775 0.819051333
v -0.539702467 -0.901011806 0.819218783
v -0.539914265 -0.901477279 0.839098760
v -0.560930706 -0.902018882 0.839134120
v -0.602359027 -0.238914797 0.618242930
v -0.601965222 -0.239032804 0.639032838
v -0.602359012 -0.218242974 0.638914820
v -0.602408571 -0.217952749 0.617952784
v -0.599999956 -0.699999999 0.939999953
v -0.600001000 -0.699999999 0.960001002
v -0.600001002 -0.680000001 0.960001002
v -0.599999951 -0.680000001 0.939999953
v -0.419999958 -0.900060634 1.040060680
v -0.419999955 -0.900974855 1.060974887
v -0.179837117 -0.519054597 1.081630213
v -0.179903913 -0.523799468 1.096909614
v -0.319999995 -0.900000898 0.960001093
v 0.197107774 -0.897288185 0.879366939
v 0.202174050 -0.881924626 0.879340460
v 0.202260337 -0.881713171 0.899199774
v 0.196997326 -0.897006746 0.899301719
v 0.182051884 -0.902508898 0.878287673
v 0.181760386 -0.902286685 0.899473851
v 0.196491128 -0.539970536 0.680279808
v 0.200889901 -0.520404779 0.680064460
v 0.200927275 -0.520032674 0.699911566
v 0.200941783 -0.540050558 0.699646601
v -0.519927432 -0.539999956 1.099929048
v -0.499984848 -0.539998431 1.099990705
v -0.499982025 -0.519994852 1.099987579
v -0.519925865 -0.519996716 1.099934344
v 0.199985371 -0.300014630 0.880000001
v 0.199927216 -0.280072785 0.880000001
v 0.199927214 -0.280072785 0.900000000
v 0.199985370 -0.300014631 0.899999999
v -0.520578378 -0.615021314 0.633996756
v -0.600000026 -0.519999997 0.860000003
v -0.600000010 -0.520000001 0.839999995
v -0.186162131 -0.473755394 0.986489876
v 0.199985370 -0.400000001 0.999985369
v 0.199985327 -0.380000041 0.999985370
v 0.199927167 -0.380000040 1.019927220
v 0.199927214 -0.400000000 1.019927215
v -0.600002735 -0.620000000 0.980002735
v -0.600001002 -0.620000000 0.960001002
v -0.200010239 -0.579577551 1.100701597
v -0.200148034 -0.558861317 1.101280847
v -0.540060663 -0.579999987 1.100060660
v -0.540060693 -0.560000080 1.100060363
v 0.200342545 -0.819932566 0.899857508
v 0.199861147 -0.819908512 0.920083234
v -0.405071245 -0.293098110 0.786787697
v -0.399976542 -0.296244671 0.799336974
v -0.393530185 -0.288439215 0.791442804
v -0.399942643 -0.285160266 0.778998683
v -0.100000314 -0.520002876 0.599996560
v -0.099998004 -0.539984318 0.600026758
v -0.080000000 -0.899927177 1.019927244
v -0.080000000 -0.900060676 1.040060680
v -0.099827433 -0.840111127 0.820468359
v -0.600005378 -0.659999913 0.799998406
v -0.599999765 -0.659999540 0.820000449
v -0.599999448 -0.639999914 0.820000120
v -0.600001460 -0.639999591 0.799999113
v -0.600000764 -0.760000981 0.920000077
v -0.600000912 -0.760001003 0.939999953
v -0.599999906 -0.739999955 0.939999940
v -0.599999771 -0.739999949 0.919999975
v -0.140000092 -0.199998640 0.739998977
v -0.140000456 -0.199998924 0.760000036
v -0.119999908 -0.200000179 0.760000034
v -0.119999928 -0.199999129 0.739998993
v -0.346449222 -0.827608574 0.712809435
v 0.045356871 -0.774935216 0.832651137
v 0.046529719 -0.766270078 0.833270061
v 0.053922638 -0.773310794 0.833107343
v -0.120070635 -0.339994543 0.964294575
v -0.099957277 -0.340550107 0.964419217
v -0.104646976 -0.319784536 0.965207379
v -0.121096364 -0.319128820 0.965019020
v -0.040000000 -0.199025109 0.639025110
v -0.040000000 -0.199939322 0.659939322
v -0.019999999 -0.199939321 0.659939322
v -0.019999999 -0.199025109 0.639025109
v -0.306500251 -0.652627082 0.646683631
v -0.300165687 -0.638895446 0.641001829
v -0.293669698 -0.645433118 0.653639682
v -0.299993180 -0.660323444 0.657599285
v -0.320445990 -0.656920840 0.640265291
v -0.313217948 -0.646093225 0.633275414
v 0.200061803 -0.259939415 0.739999029
v 0.200060663 -0.259939340 0.760000064
v -0.379999771 -0.199045007 0.639026829
v -0.379999017 -0.199825691 0.659972257
v -0.359990880 -0.199869097 0.659963503
v -0.359998314 -0.199056063 0.639011761
v -0.294081558 -0.513841090 1.046984722
v -0.299991871 -0.515983749 1.060745207
v -0.280131178 -0.519192246 1.061053353
v -0.279313430 -0.515228604 1.044683156
v 0.199999952 -0.360000048 0.860000000
v 0.200001002 -0.339998998 0.860000000
v 0.200001003 -0.339998998 0.880000001
v 0.199999953 -0.360000048 0.880000001
v -0.480516112 -0.879730330 0.820649484
v -0.479504838 -0.859200311 0.816691557
v -0.462030714 -0.859723574 0.816045984
v -0.460207503 -0.880355861 0.819917975
v -0.224827188 -0.720900450 0.760587777
v -0.220622251 -0.699893016 0.759811613
v -0.217364301 -0.699960713 0.780580143
v -0.221052605 -0.720711138 0.779871245
v -0.235752133 -0.726475144 0.766352874
v -0.234950586 -0.726389103 0.773704395
v 0.099985385 -0.580000013 1.099985099
v 0.099985524 -0.560000116 1.099985059
v -0.240034469 -0.579536505 1.100828108
v -0.219984563 -0.579525808 1.100888212
v -0.220045139 -0.560075981 1.101031934
v -0.240100293 -0.559975353 1.100949446
v -0.160020581 -0.900090130 0.880010952
v -0.140003824 -0.900355735 0.879873931
v -0.140008907 -0.899955158 0.900047903
v -0.160011569 -0.899921041 0.900041450
v -0.160000628 -0.639996719 1.100002746
v -0.499983058 -0.900071040 0.879928553
v -0.479995251 -0.900107314 0.879842247
v -0.480001302 -0.899934926 0.900048568
v -0.499983702 -0.899934071 0.900036811
v -0.499985368 -0.640000002 1.099985383
v 0.119921975 -0.203388882 0.603388882
v 0.119918558 -0.198416113 0.618396505
v -0.320000000 -0.780002735 1.100002734
v -0.219999994 -0.203355230 0.603355092
v -0.219999953 -0.198374419 0.618374094
v -0.199999983 -0.198374461 0.618374218
v -0.200000004 -0.203355125 0.603355121
v -0.040000000 -0.339998998 0.599998998
v -0.040000000 -0.319997265 0.599997265
v -0.019999999 -0.319997265 0.599997264
v -0.019999999 -0.339998998 0.599998997
v -0.599927169 -0.380000042 0.680072783
v -0.380000001 -0.339998998 0.599998997
v -0.380000001 -0.319997265 0.599997264
v -0.360000000 -0.319997265 0.599997265
v -0.360000000 -0.339998998 0.599998998
v -0.596109864 -0.619683225 0.664885491
v -0.601401372 -0.619923783 0.678930310
v -0.581951160 -0.619370409 0.659539719
v -0.259800296 -0.479723605 0.995966642
v -0.254152371 -0.468049520 0.993397540
v -0.254788431 -0.465889933 0.979907569
v -0.234164478 -0.473473284 0.987606191
v -0.239829308 -0.463943710 0.980508415
v -0.245814245 -0.467688721 0.993505319
v -0.240621406 -0.479968666 0.996728503
v -0.599850023 -0.719938716 0.780064951
v -0.599930090 -0.719994435 0.800005542
v -0.599997736 -0.700007988 0.799991482
v -0.599925909 -0.699994414 0.780009558
v -0.599996271 -0.479997834 0.980003212
v -0.599979259 -0.479997891 0.999986049
v -0.599959993 -0.460006690 0.999990823
v -0.599978507 -0.459999439 0.980007825
v 0.092773260 -0.573291758 0.625904818
v 0.095696044 -0.558933668 0.619828338
v 0.103837513 -0.559733995 0.634973995
v 0.099590891 -0.579556212 0.639933504
v 0.084232359 -0.581448891 0.618186875
v 0.088185442 -0.587374224 0.632647084
v 0.086727511 -0.566408873 0.612646907
v -0.581595404 -0.259941533 0.598281005
v -0.581757069 -0.238914803 0.597640973
v -0.560967166 -0.239032827 0.598034774
v -0.560944772 -0.259961164 0.598912470
v 0.200063068 -0.780002943 1.040060812
v 0.200061808 -0.760000971 1.040060584
v 0.200975846 -0.760001063 1.060974875
v 0.200976356 -0.780003165 1.060975731
v 0.099985369 -0.200014625 0.840000001
v 0.099985365 -0.200014627 0.860000012
v -0.240258714 -0.199040183 0.839929796
v -0.240802934 -0.198247343 0.860591632
v 0.099986798 -0.860897541 0.844126536
v 0.107783370 -0.867384604 0.852782991
v -0.599845214 -0.280128008 0.839883123
v -0.600427223 -0.280120152 0.860107838
v -0.601084617 -0.259810495 0.860417723
v -0.600203471 -0.260002938 0.839900112
v 0.200001162 -0.460000095 0.780000085
v 0.199999888 -0.459999847 0.800000114
v 0.181625891 -0.440000035 1.101625553
v -0.599984006 -0.799986819 0.879997807
v -0.599940408 -0.799985238 0.860017979
v -0.080000001 -0.459999949 0.600000105
v -0.079999999 -0.440000006 0.599999997
v -0.059999997 -0.440000003 0.599999984
v -0.059999999 -0.459999925 0.600000106
v -0.595017677 -0.204174973 0.875256366
v -0.596831248 -0.202309202 0.860856915
v -0.580591389 -0.202337052 0.876838044
v -0.580930999 -0.196900025 0.861416369
v -0.581395188 -0.217895791 0.885976040
v -0.079999990 -0.200000227 0.799999934
v -0.079999917 -0.199999868 0.820000104
v -0.059999982 -0.200000035 0.819999908
v -0.060000003 -0.200000083 0.799999950
v -0.413384129 -0.413665769 0.967031132
v -0.418913723 -0.399118201 0.960425741
v -0.426159395 -0.405970832 0.973652416
v -0.420322898 -0.420792768 0.979534533
v -0.432790352 -0.392897643 0.967230214
v -0.439947551 -0.399125020 0.980433605
v -0.433556472 -0.413760341 0.986650381
v 0.039999953 -0.199997315 0.719997265
v 0.039999955 -0.200014687 0.700014626
v 0.200000014 -0.400000004 0.799999999
v 0.200000005 -0.400000001 0.819999999
v -0.320055473 -0.198952470 0.700607933
v -0.320194921 -0.198785289 0.720430341
v -0.300041150 -0.199073229 0.720643724
v -0.299991289 -0.199430412 0.700321578
v 0.200000002 -0.500000012 0.919999948
v 0.000000008 -0.400000016 0.600000003
v -0.226133294 -0.773903122 0.705968716
v -0.224073669 -0.759174818 0.704348054
v -0.218881488 -0.760460691 0.718292100
v -0.221899422 -0.780461762 0.718104355
v -0.239486763 -0.780134956 0.703040853
v -0.231616218 -0.786990408 0.711081738
v -0.239254174 -0.760018444 0.699443889
v -0.180000000 -0.339998998 0.599998998
v -0.000000142 -0.459999874 0.599998125
v 0.000001424 -0.480001616 0.599993033
v -0.560975991 -0.900943301 0.900020295
v -0.540062958 -0.900017297 0.900028050
v -0.540060800 -0.900057328 0.919998670
v -0.560975276 -0.900975596 0.919997319
v -0.405941248 -0.633475753 0.605600670
v -0.399766944 -0.620500690 0.602673613
v -0.394676424 -0.627918268 0.611027041
v -0.399678401 -0.640218513 0.615650541
v -0.420687197 -0.635456991 0.604307902
v -0.419373188 -0.643596266 0.619071475
v -0.419792657 -0.620709121 0.599024136
v -0.339999995 -0.459999940 0.600000084
v -0.339999990 -0.480000211 0.599999389
v 0.060001089 -0.198373550 0.618374026
v 0.060001063 -0.199024156 0.639025123
v -0.533210463 -0.293775451 0.906776700
v -0.539186442 -0.279351487 0.904633175
v -0.546165912 -0.286936896 0.913453987
v -0.539912751 -0.301074381 0.916226834
v -0.552996684 -0.272718178 0.909019561
v -0.561077409 -0.280281847 0.917080549
v -0.560597083 -0.299727596 0.920361195
v -0.280000051 -0.198371693 0.618375717
v -0.280000593 -0.199026876 0.639025665
v -0.600958491 -0.239023590 0.700014390
v -0.600976432 -0.239023587 0.719996701
v -0.601625507 -0.218368393 0.719997518
v -0.601613958 -0.218373767 0.700016167
v -0.600060679 -0.680000001 1.040060678
v -0.599927216 -0.680000001 1.019927215
v -0.080000000 -0.900974892 1.060974890
v -0.080000000 -0.901625755 1.081625755
v -0.100000000 -0.901625755 1.081625755
v -0.600001437 -0.339997914 0.820001764
v -0.599959843 -0.339997910 0.839982975
v -0.599927223 -0.319996602 0.839967860
v -0.599994287 -0.319993313 0.819999378
v -0.179038193 -0.901545781 0.818453231
v -0.159615431 -0.897837253 0.819612694
v -0.159476920 -0.901688250 0.839263546
v -0.179579239 -0.901480966 0.839468515
v -0.159999970 -0.199939544 0.659939307
v 0.200940676 -0.439957290 0.639039093
v 0.200969276 -0.420000137 0.639023177
v 0.200059472 -0.420004135 0.659936832
v 0.200025033 -0.439985561 0.659940533
v -0.320000000 -0.899927217 1.019927214
v -0.320000000 -0.900060678 1.040060678
v 0.199999949 -0.539985029 0.760034851
v 0.199916209 -0.519964464 0.760019222
v 0.199955750 -0.519977903 0.780007048
v 0.199953892 -0.539935387 0.780029390
v -0.519668709 -0.897689934 0.819446797
v -0.500269480 -0.895892911 0.824365280
v -0.500106800 -0.901117274 0.839557409
v -0.519865496 -0.901063448 0.839078515
v -0.513499625 -0.887194552 0.812464289
v -0.499963358 -0.880791522 0.816872267
v 0.119927377 -0.540000077 1.099926837
v -0.059982552 -0.901662991 0.858488847
v -0.059975417 -0.901036510 0.878923239
v -0.226746706 -0.453583099 0.964924171
v -0.214039834 -0.446332098 0.972577781
v -0.220102185 -0.440379117 0.959264194
v -0.199777248 -0.440202701 0.976608296
v -0.206820360 -0.433661819 0.966483447
v 0.201625804 -0.400000006 1.081625589
v 0.201625861 -0.380000080 1.081625559
v 0.196644806 -0.380000113 1.096645628
v 0.196645103 -0.400000106 1.096644659
v 0.181623542 -0.379999469 1.101630534
v -0.600974890 -0.620000000 1.060974891
v -0.600060678 -0.620000000 1.040060678
v -0.220580273 -0.538903212 1.080482757
v -0.220145078 -0.545076688 1.095525704
v -0.200191434 -0.539217680 1.097219153
v -0.205204764 -0.534363450 1.081411808
v -0.400008161 -0.900708927 0.859490772
v -0.039999997 -0.680000022 1.099999939
v -0.020000000 -0.679999998 1.099999984
v -0.019999988 -0.660000068 1.099999838
v -0.039999981 -0.660000125 1.099999894
v 0.199932546 -0.819927195 0.980000596
v 0.199912389 -0.819927498 0.999985554
v -0.539793010 -0.381256481 0.983826037
v -0.540496178 -0.384703169 0.999193530
v -0.554576221 -0.374117065 0.986347125
v -0.380000282 -0.579979399 1.100015394
v -0.400003622 -0.579978886 1.099968122
v -0.039955341 -0.580125486 0.599618059
v -0.360238743 -0.897617771 0.779343044
v -0.359111634 -0.896777347 0.800062969
v -0.366572382 -0.887695770 0.795248155
v -0.367505935 -0.888359465 0.785098225
v -0.340332840 -0.901837423 0.778916748
v -0.339821706 -0.900680541 0.799761781
v 0.074218187 -0.633020271 0.801752883
v 0.084405597 -0.622564777 0.801131878
v 0.086931230 -0.624731758 0.815118153
v 0.080288709 -0.638861897 0.816905763
v -0.433192005 -0.773547450 0.686387443
v -0.440517105 -0.780414205 0.696010897
v -0.445591144 -0.767111779 0.693109839
v -0.439579470 -0.763121550 0.679304808
v -0.426481065 -0.786630604 0.692209598
v -0.560974887 -0.719999955 1.100974855
v -0.340424399 -0.276608642 0.800872655
v -0.346117947 -0.272582222 0.786093638
v -0.280000000 -0.259939317 0.599939325
v -0.260000000 -0.259939319 0.599939324
v 0.058740475 -0.198476508 1.040851422
v 0.059434884 -0.198681229 1.020403066
v 0.045886178 -0.672567956 0.807268600
v 0.040685634 -0.676733650 0.820020867
v 0.054549616 -0.673409063 0.807342364
v 0.060497787 -0.679257796 0.820057265
v -0.599986372 -0.760000999 0.999985372
v -0.599928296 -0.760000964 1.019927172
v -0.599927164 -0.739999950 1.019927218
v -0.599985313 -0.739999955 0.999985374
v -0.040000000 -0.199997266 0.719997265
v -0.040000000 -0.199998999 0.739998998
v -0.519927172 -0.339999036 0.600071704
v 0.201966723 -0.501744962 0.617621312
v 0.202362779 -0.501444061 0.638506091
v 0.199999904 -0.360000048 0.939999952
v 0.200000954 -0.339998999 0.939999951
v 0.200002002 -0.339998997 0.960001003
v 0.200000954 -0.360000049 0.960001001
v 0.200974890 -0.460000000 1.060974891
v 0.200974889 -0.440000001 1.060974896
v 0.201625749 -0.439999996 1.081625768
v 0.201625751 -0.460000001 1.081625762
v -0.164155258 -0.359725480 0.944537752
v -0.154634502 -0.359962271 0.953776998
v -0.159292403 -0.340658248 0.954963593
v -0.165671171 -0.346129274 0.945774724
v -0.140110743 -0.359715585 0.963654484
v -0.139584155 -0.339979144 0.960764799
v -0.080000000 -0.799985370 1.099985370
v -0.060000000 -0.799985370 1.099985370
v -0.060000000 -0.780002735 1.100002734
v -0.080000000 -0.780002735 1.100002735
v 0.076925636 -0.320509637 1.059784695
v 0.076154814 -0.315559147 1.080904464
v 0.079390682 -0.299480688 1.080991675
v 0.076449276 -0.300750824 1.064274879
v 0.087342356 -0.772795260 0.832958379
v 0.100444596 -0.760476829 0.839775406
v 0.101323009 -0.779472997 0.835975892
v -0.159999921 -0.900002763 0.960000156
v -0.139999949 -0.900002876 0.959999473
v -0.140000006 -0.900003088 0.980002570
v -0.000000000 -0.739999952 1.099999951
v -0.499985384 -0.899987132 0.960000406
v -0.480002743 -0.900004786 0.960000108
v -0.480002730 -0.900005472 0.980002713
v 0.140062173 -0.199956509 0.700013569
v 0.140061841 -0.200013622 0.680072434
v -0.313296341 -0.512913187 1.065039393
v -0.321510716 -0.504566338 1.059808040
v -0.320441646 -0.503864250 1.081006149
v -0.312600503 -0.511594447 1.075929479
v 0.099020783 -0.239082231 1.102221745
v -0.599986379 -0.280072430 0.659938159
v -0.600915365 -0.280079074 0.639032081
v -0.533251840 -0.832782936 0.767373935
v -0.540404498 -0.840375640 0.775421832
v -0.546084843 -0.825970888 0.773657483
v -0.539699238 -0.818507100 0.764965614
v -0.519117816 -0.839733576 0.763407282
v -0.526335267 -0.847084659 0.772323415
v -0.519758055 -0.819622151 0.760821194
v -0.200002756 -0.200014824 0.700016055
v -0.200001384 -0.200067545 0.680073735
v -0.000000000 -0.819927215 1.099927214
v -0.000000001 -0.799985369 1.099985370
v -0.599999740 -0.380000060 0.779999925
v -0.599999873 -0.380000042 0.760000044
v -0.340000000 -0.819927215 1.099927215
v -0.340000000 -0.799985370 1.099985370
v -0.120025071 -0.900563104 0.879667714
v -0.100032270 -0.900802574 0.879468640
v -0.099997603 -0.900086701 0.899940191
v -0.120005435 -0.900020911 0.900015484
v -0.600002643 -0.719999783 0.860000222
v -0.599999581 -0.719999751 0.880000347
v -0.139999995 -0.500001651 0.599998313
v -0.120000064 -0.500001817 0.599998107
v -0.459998048 -0.900094040 0.879850672
v -0.460001584 -0.899924784 0.900067779
v -0.160014735 -0.679513602 0.817037313
v -0.340000000 -0.439999987 0.600000031
v -0.319999999 -0.459999952 0.600000082
v -0.240000000 -0.360000048 0.600000048
v -0.240000000 -0.339998998 0.599998998
v 0.099985380 -0.400000966 0.600012687
v -0.073414785 -0.645984808 0.813783548
v -0.240000000 -0.400000002 0.599999999
v -0.601625729 -0.399999967 0.618374256
v -0.596644868 -0.399999951 0.603355129
v -0.599979175 -0.519999249 0.719998433
v -0.600002517 -0.520000980 0.739997070
v -0.600004728 -0.500000514 0.739998410
v -0.600004283 -0.500001754 0.719996206
v 0.060660828 -0.896980394 0.843015054
v 0.060407926 -0.901998065 0.858198906
v -0.300649443 -0.504743958 1.038656029
v -0.307657602 -0.508707906 1.052993092
v -0.320900376 -0.497187324 1.040109624
v -0.279999085 -0.899958387 0.840035772
v -0.279997327 -0.899968424 0.860013107
v -0.287312746 -0.293027575 0.868601420
v -0.285120128 -0.279447128 0.865659649
v 0.140061624 -0.399995259 1.100048702
v -0.599986342 -0.799985378 0.960001000
v -0.599985164 -0.799985364 0.940000034
v -0.440313183 -0.383276694 0.960231468
v -0.445675477 -0.386947374 0.973368093
v -0.460170124 -0.380314904 0.959861556
v -0.460585263 -0.385534192 0.974443854
v -0.459650073 -0.395581383 0.984493117
v 0.060001000 -0.620000014 1.100000862
v 0.080002729 -0.619999988 1.100002727
v 0.080002741 -0.600000020 1.100002505
v 0.060001059 -0.600000145 1.100000731
v 0.039999952 -0.200000047 0.800000000
v 0.039999952 -0.200000091 0.780000042
v 0.200000001 -0.400000000 0.880000001
v 0.199999999 -0.400000000 0.900000000
v -0.440028778 -0.479731320 1.100838657
v -0.460066595 -0.480000552 1.100314769
v -0.280000858 -0.620025127 1.099960822
v -0.259998954 -0.620032485 1.099955228
v -0.260007422 -0.599986835 1.100032039
v -0.280011609 -0.600053096 1.099951348
v 0.199985370 -0.500000000 0.999985370
v 0.199927215 -0.500000000 1.019927215
v -0.324685404 -0.761482181 0.664222629
v -0.314409757 -0.760088182 0.674122955
v -0.480000236 -0.539996495 1.100008978
v -0.459998052 -0.539996725 1.099991954
v -0.479998980 -0.519999977 1.099981552
v -0.332981413 -0.267047304 0.793726179
v -0.338860302 -0.260660071 0.779113224
v -0.318971726 -0.264406158 0.799022766
v -0.319833137 -0.257117626 0.779125053
v -0.325786081 -0.273239337 0.806747380
v -0.039999985 -0.440000000 0.600000032
v -0.020000017 -0.439999961 0.600000316
v -0.560975729 -0.900976276 0.980003238
v -0.560976690 -0.900958301 0.999985522
v -0.039999875 -0.500002423 0.599997125
v -0.266347400 -0.333784382 0.906414839
v -0.259221339 -0.340810751 0.916182319
v -0.252895956 -0.326874236 0.912186866
v -0.259736891 -0.319702213 0.903783085
v -0.239030101 -0.320533210 0.915749834
v -0.246446177 -0.314155108 0.906843457
v -0.239834433 -0.339896405 0.923428420
v -0.292883552 -0.854263838 0.705900647
v -0.299701811 -0.861092540 0.719511588
v -0.279176241 -0.856518759 0.703134147
v -0.279327804 -0.865718456 0.714658272
v -0.601367808 -0.339767816 0.900515951
v -0.601396275 -0.339188186 0.921132964
v -0.597701055 -0.319718701 0.920576507
v -0.601412344 -0.319827481 0.900890671
v -0.519921977 -0.203388801 0.603388796
v -0.519918432 -0.198414482 0.618397230
v -0.499983728 -0.198384210 0.618376935
v -0.499983936 -0.203361459 0.603361836
v 0.200002735 -0.319997265 0.860000000
v 0.199985370 -0.300014630 0.860000000
v 0.200002736 -0.319997265 0.880000001
v -0.160001554 -0.199996113 0.739999173
v -0.599887021 -0.440047408 1.019940476
v -0.599951720 -0.440045912 1.040087509
v -0.600221471 -0.419883494 1.040100362
v -0.600343394 -0.419894221 1.019868170
v 0.139173976 -0.679605517 0.837949471
v 0.199997307 -0.540007855 0.839994209
v 0.200007075 -0.520003053 0.839997925
v 0.200002849 -0.519999834 0.860000127
v 0.200009246 -0.540003665 0.859997038
v 0.200002752 -0.640000122 0.960000305
v 0.200001659 -0.619999945 0.960001161
v 0.200002567 -0.619999967 0.980002866
v 0.200002819 -0.639999981 0.980002849
v -0.600975232 -0.860974845 0.939999654
v -0.600975866 -0.860975720 0.919997543
v -0.040000073 -0.899984833 0.940016824
v -0.039999927 -0.900003941 0.959998100
v -0.287679925 -0.252773546 0.847549270
v -0.283252465 -0.259846171 0.860728421
v -0.276559070 -0.240055975 0.860032078
v -0.283992900 -0.239032920 0.840934461
v -0.400000007 -0.900000932 0.939999292
v -0.379999960 -0.900000947 0.939999108
v -0.380000012 -0.900001560 0.960000623
v -0.254184176 -0.631952970 0.647566075
v -0.260290254 -0.638679794 0.656816588
v -0.265853212 -0.626187688 0.653454962
v -0.260627290 -0.623199263 0.640446792
v -0.239205668 -0.634522386 0.644846898
v -0.239866213 -0.644063147 0.655200665
v -0.240403145 -0.625038498 0.634921610
v 0.039999952 -0.719999958 1.099999910
v 0.019999958 -0.719999958 1.099999916
v -0.313841466 -0.253150326 0.766766905
v -0.304313662 -0.253603855 0.765954456
v -0.300000000 -0.719999961 1.099999949
v -0.320000000 -0.719999953 1.099999958
v -0.140000000 -0.860974890 1.100974890
v -0.120000000 -0.860974890 1.100974890
v -0.120000000 -0.840060678 1.100060678
v -0.140000000 -0.840060678 1.100060678
v -0.320000000 -0.799985370 1.099985370
v -0.340000000 -0.780002735 1.100002734
v -0.240000009 -0.679999614 1.100000786
v -0.039610696 -0.625769737 0.705136521
v -0.025593795 -0.627761251 0.706974877
v -0.019381459 -0.624097082 0.720023998
v -0.039749985 -0.620883682 0.719807041
v -0.419999828 -0.620000826 1.100001884
v -0.240000000 -0.760001001 1.100001002
v -0.240000000 -0.739999954 1.099999949
v 0.200063067 -0.259939184 0.719997058
v -0.601626450 -0.760001089 1.081625974
v -0.596645351 -0.760001083 1.096645351
v -0.596644866 -0.739999952 1.096644866
v -0.601625752 -0.739999953 1.081625709
v -0.581625974 -0.760001089 1.101626450
v -0.581625709 -0.739999953 1.101625752
v 0.039999955 -0.300014626 0.600014687
v -0.040000000 -0.200000046 0.799999985
v -0.039999976 -0.200000152 0.819999860
v 0.200279480 -0.499988832 0.700021738
v 0.199977997 -0.499965118 0.720014071
v -0.380000003 -0.440000008 0.599999991
v -0.359999999 -0.439999998 0.600000017
v -0.320000000 -0.300014630 0.600014631
v -0.320000000 -0.280072784 0.600072787
v -0.300000000 -0.280072783 0.600072787
v -0.300000000 -0.300014630 0.600014630
v -0.208092142 -0.651885812 0.705147847
v -0.200547110 -0.643386361 0.699933699
v -0.208434007 -0.651867352 0.715201429
v -0.212564885 -0.647005472 0.693344075
v -0.213808635 -0.646223832 0.726724290
v 0.200768478 -0.600115257 0.819897952
v 0.200052323 -0.579892608 0.820085697
v 0.199862876 -0.579929418 0.840061547
v 0.200037682 -0.599892322 0.840101232
v -0.453962046 -0.292281726 0.807374891
v -0.460294258 -0.280780295 0.799123501
v -0.467571057 -0.286820867 0.812945543
v -0.460139800 -0.296862272 0.820183827
v -0.474292045 -0.274179570 0.806292892
v -0.481003146 -0.280737007 0.820136245
v -0.473526701 -0.292493682 0.826131587
v 0.199927163 -0.360000050 1.019927220
v 0.199928297 -0.339999036 1.019927172
v 0.200061813 -0.339999030 1.040060565
v 0.200060668 -0.360000064 1.040060649
v -0.581625709 -0.360000048 0.598374247
v -0.000003807 -0.896675841 0.843310927
v -0.160000000 -0.900060680 1.040060676
v -0.140000000 -0.900060679 1.040060677
v -0.140000000 -0.900974891 1.060974890
v -0.499986431 -0.900043492 1.040062172
v 0.140060681 -0.199939367 0.780000042
v 0.140060660 -0.199939337 0.760000064
v 0.199928637 -0.400000298 0.680072910
v 0.199927143 -0.379999878 0.680072870
v 0.199985184 -0.379999967 0.700014643
v 0.199985768 -0.399999914 0.700014790
v -0.199947528 -0.200083360 0.779992001
v -0.199962130 -0.200070099 0.759994528
v -0.599954171 -0.380001962 0.859995185
v -0.600001359 -0.379997752 0.840005032
v -0.019999999 -0.780002735 1.100002736
v -0.040000000 -0.780002735 1.100002735
v -0.100000002 -0.200072779 0.680072786
v -0.100000000 -0.199939321 0.659939322
v -0.599996637 -0.479998955 0.960000586
v -0.460004795 -0.200019934 0.659894419
v -0.460016955 -0.200006788 0.680152530
v -0.440008981 -0.199899543 0.680223736
v -0.440008132 -0.200039141 0.659874503
v -0.599999925 -0.719999960 0.939999948
v -0.600000962 -0.719999958 0.960001002
v -0.280000000 -0.860974890 1.100974890
v 0.200034661 -0.679995996 0.900013008
v 0.199953835 -0.679998498 0.920034093
v -0.378982996 -0.775502063 0.664201032
v -0.366703077 -0.788863479 0.670769130
v -0.381347299 -0.785894253 0.673827910
v -0.379816449 -0.759881269 0.659309736
v -0.380322678 -0.880869481 0.780230065
v -0.379837721 -0.880512211 0.799921083
v -0.386125836 -0.866136922 0.795569018
v -0.386311676 -0.866881934 0.786164824
v -0.000310137 -0.799287528 0.823724397
v 0.019860883 -0.794704590 0.824840535
v 0.021026267 -0.804387569 0.835393753
v 0.006228939 -0.806442167 0.833283173
v -0.000250028 -0.780328428 0.818997142
v 0.019543732 -0.779556705 0.819572573
v -0.208592162 -0.253360515 0.927982851
v -0.180009860 -0.560142656 0.599886180
v -0.180001488 -0.539953301 0.600065038
v -0.160001953 -0.539966154 0.600050467
v -0.160001151 -0.560069863 0.599903824
v -0.581622399 -0.901611835 0.900015699
v -0.440284836 -0.635717112 0.603767935
v -0.439835735 -0.640966517 0.618934926
v -0.440355023 -0.621397152 0.597816586
v -0.100000173 -0.500001234 0.599997975
v -0.079999359 -0.520003962 0.599993439
v 0.039999953 -0.198374248 0.618374291
v 0.039999941 -0.199025100 0.639025156
v -0.581363645 -0.298855294 0.922029997
v -0.581337538 -0.279511484 0.920935864
v 0.061714584 -0.336526187 1.038683581
v 0.074819187 -0.333303462 1.053374527
v 0.075267147 -0.335395309 1.044010893
v -0.100201286 -0.625247094 0.725765674
v -0.079764470 -0.624758592 0.724596981
v -0.080631001 -0.614599731 0.740960393
v -0.099373690 -0.614428051 0.741146741
v -0.086368623 -0.604878023 0.745962405
v -0.093577865 -0.604737127 0.745985131
v -0.300000309 -0.198370733 0.618376156
v -0.300000777 -0.199036993 0.639019636
v 0.065764138 -0.819805532 0.824563265
v 0.055626259 -0.820699448 0.834591360
v 0.053507956 -0.806757965 0.832055032
v 0.060869961 -0.800316842 0.822827196
v -0.599999862 -0.519999986 0.800000078
v -0.599999960 -0.520000000 0.820000001
v -0.600000012 -0.500000003 0.819999991
v -0.599999903 -0.499999997 0.800000007
v -0.360033201 -0.580118193 0.599538785
v -0.100298409 -0.480275208 1.056726407
v -0.093743131 -0.467611948 1.052033127
v -0.078931545 -0.465839767 1.055098170
v -0.080129563 -0.454782748 1.044670690
v -0.080537925 -0.480218895 1.063160021
v -0.503922561 -0.240739403 0.819043537
v -0.507561213 -0.246793052 0.833261737
v -0.513062905 -0.232900299 0.826504198
v -0.512204492 -0.252469324 0.846794335
v -0.379092243 -0.674350041 0.646238713
v -0.361021507 -0.674360749 0.645801332
v -0.360012749 -0.684653946 0.655086313
v -0.380083473 -0.684530383 0.655742795
v -0.380210130 -0.659957904 0.636932387
v -0.359980603 -0.660147381 0.636659333
v 0.201728794 -0.820754380 0.858239541
v 0.202013058 -0.800427206 0.858192768
v 0.201273628 -0.800040664 0.878992788
v 0.201651320 -0.820222954 0.878883616
v -0.519335139 -0.354176259 0.966616039
v -0.499924134 -0.359173429 0.964691442
v -0.499799398 -0.338835651 0.958099864
v -0.519135812 -0.338124470 0.961038887
v -0.600043491 -0.799986431 1.040062173
v -0.599911925 -0.799985713 1.019927530
v 0.201625755 -0.218374245 0.860000000
v 0.196644891 -0.203355109 0.860000000
v 0.196644891 -0.203355109 0.880000001
v 0.201625756 -0.218374244 0.880000001
v 0.181625755 -0.198374245 0.860000000
v 0.181625756 -0.198374246 0.880000001
v -0.599999643 -0.440000260 0.839999663
v -0.599999595 -0.440000029 0.819999946
v 0.020000106 -0.200000402 0.859999742
v 0.020000159 -0.199997844 0.880000235
v 0.100022657 -0.440005279 1.099908360
v 0.119928755 -0.439998616 1.099910732
v 0.119942226 -0.419995484 1.099889857
v 0.100040402 -0.420008885 1.099923669
v 0.201625755 -0.500000000 1.081625757
v 0.196644886 -0.499999999 1.096644903
v 0.181625744 -0.499999996 1.101625731
v -0.144541370 -0.439523249 0.984723197
v -0.134572998 -0.441445017 0.994361015
v -0.132734900 -0.426527743 0.992128550
v -0.119675006 -0.420575547 0.995698439
v -0.127236992 -0.413073567 0.987882717
v -0.119470367 -0.439678116 1.002670615
v 0.039999948 -0.640000002 1.099999898
v 0.039999973 -0.620000106 1.099999706
v -0.560903668 -0.198647436 0.760012554
v -0.560676114 -0.198234132 0.780045814
v -0.539591923 -0.199005194 0.780173605
v -0.539709550 -0.198837167 0.760167142
v -0.360000000 -0.780002735 1.100002735
v -0.380000001 -0.780002735 1.100002736
v -0.480016303 -0.500038281 1.099911227
v -0.499985623 -0.500008798 1.099937306
v -0.359117833 -0.814589094 0.684934524
v -0.339791746 -0.816287215 0.684154530
v -0.339994200 -0.823846086 0.699518414
v -0.360066395 -0.820255359 0.699353637
v -0.360058784 -0.801833393 0.674928401
v -0.581625743 -0.719999955 1.101625728
v -0.581625756 -0.699999999 1.101625754
v -0.134543228 -0.634167819 0.605665294
v -0.140497708 -0.620677324 0.602132291
v -0.119943255 -0.636318803 0.602892519
v -0.121054920 -0.646975741 0.613081975
v -0.120437858 -0.620744895 0.598932212
v -0.600049312 -0.479996290 0.659937909
v -0.599922969 -0.480000967 0.680072519
v -0.599929027 -0.460001157 0.680072847
v -0.600061814 -0.460001423 0.659939174
v -0.600001342 -0.579999995 0.779998783
v -0.600000593 -0.580000017 0.799999602
v -0.600000363 -0.560000005 0.799999872
v -0.600001636 -0.560000050 0.779998761
v -0.519941533 -0.200225575 0.680036382
v -0.519948685 -0.200054098 0.699976759
v -0.499956913 -0.199648981 0.700102444
v -0.499992813 -0.200122709 0.680026339
v 0.200002685 -0.319997265 0.939999953
v 0.199985313 -0.300014626 0.939999955
v 0.199986372 -0.300014629 0.960000999
v 0.200003725 -0.319997260 0.960001007
v -0.159997256 -0.200012621 0.820002954
v -0.159991995 -0.200064211 0.839988748
v -0.140003105 -0.200015319 0.840001629
v -0.140002257 -0.199993831 0.820002941
v 0.200060680 -0.640000000 1.040060676
v 0.200060680 -0.620000000 1.040060677
v 0.200974891 -0.620000000 1.060974891
v 0.200974891 -0.640000000 1.060974890
v -0.600915365 -0.860967919 1.019920927
v -0.600958313 -0.860976690 0.999985516
v -0.561085193 -0.218242935 0.597640983
v -0.500108987 -0.780052797 0.720368544
v -0.499575941 -0.765209044 0.715189195
v -0.479895547 -0.779784696 0.716088993
v 0.040117934 -0.861006065 0.839831455
v 0.200974891 -0.560000000 1.060974890
v 0.201625755 -0.560000000 1.081625755
v -0.506215009 -0.614235108 0.633169993
v -0.505461650 -0.604715998 0.633580550
v -0.499038697 -0.600480852 0.620116042
v -0.486756374 -0.607115460 0.612263627
v 0.000000000 -0.199939324 0.659939321
v -0.339994295 -0.199958285 0.659917976
v -0.339998849 -0.199068043 0.638999773
v 0.161085195 -0.902359028 1.081757068
v 0.182047223 -0.902408577 1.082047221
v 0.181880082 -0.897330605 1.097330605
v 0.161120679 -0.897059442 1.097059442
v 0.182047222 -0.882047222 1.102408577
v 0.161085195 -0.881757069 1.102359027
v 0.160979464 -0.300015093 1.100921744
v 0.181627785 -0.300016098 1.101601870
v 0.181607896 -0.280081163 1.101574745
v 0.160988483 -0.280075675 1.100872814
v -0.019576143 -0.618462931 0.780833717
v -0.020642102 -0.623766795 0.795676693
v -0.039874432 -0.623358895 0.796079052
v -0.600000048 -0.660000009 0.879999988
v -0.599999933 -0.660000035 0.859999969
v -0.260010824 -0.900022452 0.839997140
v -0.240008861 -0.899907057 0.860041573
v -0.259994763 -0.899959926 0.860022021
v -0.596952230 -0.897000709 0.839326479
v -0.596685981 -0.896677471 0.859907594
v -0.601676538 -0.881604336 0.860029736
v -0.602028119 -0.881772096 0.839529927
v -0.581764922 -0.902242568 0.839134288
v -0.581633894 -0.901714104 0.859868117
v -0.100000000 -0.860974890 1.100974890
v -0.080000000 -0.860974890 1.100974890
v -0.080000000 -0.840060678 1.100060678
v -0.100000000 -0.840060678 1.100060678
v -0.460314113 -0.721439968 0.658736401
v -0.459805960 -0.700142838 0.655370631
v -0.440406477 -0.701046890 0.655490651
v -0.440438027 -0.721429306 0.658602400
v 0.200060676 -0.259939321 0.800000000
v 0.200060679 -0.259939322 0.819999999
v -0.059590955 -0.636238292 0.699566706
v -0.053304493 -0.626940522 0.706671791
v -0.059613219 -0.623841483 0.719785977
v -0.066158317 -0.632875914 0.712512686
v -0.079488973 -0.640660532 0.700757127
v -0.080671868 -0.635269315 0.714817474
v 0.000000000 -0.259939321 0.599939324
v 0.113743815 -0.734899758 0.826391710
v 0.113409001 -0.726408988 0.826154042
v 0.120063005 -0.740299999 0.836286406
v 0.100282057 -0.734951791 0.824652976
v 0.100764019 -0.745043380 0.834998827
v 0.100311179 -0.720473244 0.823495200
v 0.107553065 -0.714444709 0.831824531
v -0.207536800 -0.652977847 0.782041833
v -0.197243198 -0.637780162 0.779810413
v -0.194371557 -0.645722738 0.793074969
v -0.200949999 -0.659913320 0.797747104
v -0.222554390 -0.664033348 0.779959927
v -0.214897045 -0.666474975 0.794297935
v 0.199998521 -0.600004962 0.899993150
v 0.200009344 -0.580002530 0.899996967
v 0.200002709 -0.579999834 0.920000164
v 0.200007149 -0.600001418 0.919997522
v -0.480832506 -0.260572133 0.799208008
v -0.486865243 -0.267246445 0.813191688
v -0.492253531 -0.253507479 0.806541569
v -0.000000000 -0.319997266 0.599997266
v -0.000000000 -0.339998998 0.599999000
v -0.420000664 -0.500001702 0.599994395
v -0.419999979 -0.479999983 0.599998240
v -0.399999904 -0.479999768 0.599999941
v -0.400000058 -0.500000459 0.599997786
v 0.093939382 -0.786152038 0.825955511
v 0.080370546 -0.780493742 0.823407428
v -0.235653513 -0.699306339 0.698431269
v -0.239362352 -0.680035129 0.700156739
v -0.236064880 -0.678759476 0.719832594
v -0.232242018 -0.692653060 0.712677995
v -0.601683352 -0.700570376 0.698638085
v -0.601012937 -0.700087349 0.719647495
v -0.600407210 -0.679953085 0.719904789
v -0.601743753 -0.680254927 0.698815216
v -0.439982355 -0.539964907 0.600106392
v -0.439996185 -0.519996167 0.600038206
v -0.420001548 -0.520002912 0.600008690
v -0.419997532 -0.539988493 0.600071337
v 0.139389402 -0.839875088 0.856151440
v 0.139132994 -0.824112068 0.855600172
v 0.153068061 -0.825762333 0.853768675
v 0.159871144 -0.839344975 0.854508396
v -0.173109910 -0.753194530 0.813709760
v -0.160316695 -0.759736866 0.816928682
v 0.200958313 -0.300014483 0.639023311
v 0.200915364 -0.280079073 0.639032081
v 0.199986378 -0.280072434 0.659938159
v 0.200043492 -0.300013570 0.659937827
v -0.601740618 -0.520122423 0.618400480
v -0.596669894 -0.520096514 0.603336903
v 0.199999862 -0.399999999 0.760000047
v 0.199999915 -0.380000048 0.760000047
v 0.199999926 -0.380000044 0.780000042
v 0.199999959 -0.400000009 0.780000039
v -0.599931335 -0.620004319 0.740050627
v -0.600077438 -0.620006576 0.719853905
v 0.119960457 -0.400003863 1.099842977
v -0.099999975 -0.200000107 0.760000053
v -0.099999993 -0.199999017 0.739999000
v -0.600978850 -0.479998515 1.060974039
v -0.600061913 -0.479999777 1.040059162
v -0.040005418 -0.539853970 1.100434116
v -0.019977041 -0.539987085 1.100094051
v -0.020050363 -0.519694334 1.100812146
v -0.040193204 -0.519386754 1.101401177
v 0.160974885 -0.519999992 1.100974812
v 0.140060805 -0.520000043 1.100060303
v 0.200003334 -0.680000001 0.980002354
v 0.199985340 -0.679999998 0.999985406
v 0.200002693 -0.319997266 0.780000042
v 0.200002734 -0.319997266 0.800000000
v 0.167994238 -0.546827278 0.673803598
v 0.180857311 -0.544678666 0.675784027
v -0.473146875 -0.232600079 0.746696567
v -0.476618426 -0.239563308 0.759404639
v -0.462122764 -0.246693942 0.753063732
v -0.460405996 -0.235323769 0.743805117
v -0.472979750 -0.253620003 0.765997670
v -0.460441244 -0.261422794 0.762453485
v 0.161424326 -0.656372459 0.803606185
v 0.181239747 -0.657035938 0.802798697
v 0.181465155 -0.665887529 0.814009980
v 0.160528214 -0.665121700 0.814958031
v 0.181652529 -0.646365019 0.793960903
v -0.581627119 -0.901626879 0.980002949
v -0.560974886 -0.579999991 1.100974913
v -0.560974875 -0.559999999 1.100974807
v -0.415001072 -0.293218820 0.786818578
v -0.420079924 -0.296488387 0.799215739
v 0.060001007 -0.199996275 0.719997260
v 0.060000999 -0.200013628 0.700014629
v -0.280102108 -0.198946649 0.720337449
v -0.280007488 -0.199686035 0.700076575
v -0.599999980 -0.519999992 0.880000006
v -0.599999862 -0.520000001 0.899999989
v -0.599999828 -0.500000071 0.899999947
v -0.599999732 -0.500000011 0.879999977
v -0.180000008 -0.198374271 0.618374257
v -0.180000003 -0.203355091 0.603355113
v -0.540077219 -0.203333172 0.603332910
v -0.540058471 -0.198280315 0.618404534
v -0.166447783 -0.814209178 0.807126059
v -0.160894414 -0.798624213 0.805349885
v -0.159819410 -0.799434952 0.815891796
v -0.176496686 -0.820324816 0.800480601
v -0.173056590 -0.825466107 0.812997962
v -0.172737652 -0.794975514 0.812890924
v -0.200001239 -0.899976450 0.900001784
v -0.180008030 -0.899938560 0.900020229
v -0.179999170 -0.899994370 0.919997918
v -0.199998305 -0.900005249 0.919995592
v 0.201625754 -0.360000011 0.618374353
v 0.201626440 -0.339998883 0.618374042
v 0.200975832 -0.339998917 0.639025128
v 0.200974891 -0.359999965 0.639025216
v 0.199877256 -0.819924726 0.940029992
v 0.199951030 -0.799985503 0.940018477
v 0.199989717 -0.799986247 0.959996845
v 0.199924365 -0.819927833 0.959999707
v -0.519928040 -0.899882491 0.900036287
v -0.519927087 -0.899919735 0.920003628
v 0.201625753 -0.218374290 0.939999953
v 0.196644863 -0.203355116 0.939999954
v 0.196645334 -0.203354642 0.960001092
v 0.201626449 -0.218374016 0.960001090
v 0.181625687 -0.198374251 0.939999969
v 0.181625980 -0.198373719 0.960001088
v -0.380116128 -0.620192215 0.602937746
v -0.385128203 -0.627620463 0.612147401
v -0.399850871 -0.600179897 0.599592937
v -0.380141683 -0.600146051 0.599511522
v -0.599956334 -0.440000706 0.919996156
v -0.599996677 -0.439996054 0.900002863
v -0.600060598 -0.540000022 1.040060699
v -0.599927189 -0.540000027 1.019927221
v -0.512468259 -0.391924601 1.024655226
v -0.520308325 -0.384848035 1.020046935
v -0.520727167 -0.384225316 1.040039382
v -0.512898748 -0.392144599 1.034690284
v -0.540824275 -0.381288772 1.019657222
v -0.540010187 -0.379614466 1.039887307
v 0.200003480 -0.739999787 0.959999008
v 0.200003613 -0.739999945 0.980001647
v -0.138918869 -0.319083778 0.964900176
v -0.543607517 -0.202865550 0.840969904
v -0.544051955 -0.203394826 0.861062775
v -0.560588068 -0.197392543 0.841044260
v -0.560016610 -0.197408383 0.861596718
v 0.019999961 -0.599999366 1.100002383
v -0.000000401 -0.599998084 1.100004523
v -0.179401970 -0.481323272 0.995084705
v -0.172699269 -0.468559729 0.991056222
v -0.158034889 -0.466023603 0.993648500
v -0.159696933 -0.480871997 1.001975126
v -0.080000000 -0.819927215 1.099927215
v -0.060000000 -0.819927215 1.099927215
v -0.000000002 -0.679999995 1.100000009
v -0.000000002 -0.660000013 1.099999927
v -0.600967060 -0.239022560 0.780000940
v -0.600973753 -0.239020633 0.760002504
v -0.419999958 -0.840060681 1.100060633
v -0.400000000 -0.840060679 1.100060676
v -0.400000000 -0.819927215 1.099927214
v -0.419999960 -0.819927217 1.099927168
v -0.519713051 -0.804452716 0.754782189
v -0.599999998 -0.580000000 0.860000000
v -0.600000001 -0.580000000 0.880000001
v -0.600000004 -0.560000000 0.880000001
v -0.140000000 -0.380000042 0.600000042
v -0.140000000 -0.360000048 0.600000048
v -0.120000000 -0.360000048 0.600000048
v -0.120000000 -0.380000042 0.600000042
v 0.199930135 -0.319997331 1.019927094
v 0.199911926 -0.300014287 1.019927528
v 0.200043498 -0.300013569 1.040062154
v 0.200063071 -0.319997058 1.040060794
v -0.518893240 -0.296754961 0.900654842
v -0.500751392 -0.304495473 0.899401661
v 0.099983935 -0.203361707 0.603361707
v 0.201735367 -0.881596415 0.919826288
v 0.200939399 -0.860968167 0.940029314
v 0.201595002 -0.881608499 0.940024061
v -0.239999989 -0.203355243 0.603355010
v -0.597059442 -0.861120679 1.097059442
v -0.602359027 -0.861085195 1.081757069
v 0.099986431 -0.259937827 0.599956509
v 0.099678195 -0.637481340 0.822064466
v 0.099962063 -0.622468468 0.817243477
v 0.113163724 -0.624306491 0.815474357
v 0.119330536 -0.638011500 0.817796769
v -0.240000000 -0.259939321 0.599939323
v -0.596611118 -0.280078025 0.603388882
v -0.601583887 -0.280081443 0.618396505
v -0.601718996 -0.259941534 0.618404596
v -0.596666972 -0.259922807 0.603333029
v -0.581603495 -0.280081442 0.598416113
v -0.319999978 -0.480000390 0.599999490
v 0.140050313 -0.280069096 1.100029238
v 0.160975784 -0.259955977 1.101037464
v 0.140117206 -0.259934086 1.100083511
v -0.597059478 -0.202940912 0.638879275
v -0.597330594 -0.202669430 0.618119934
v -0.581757214 -0.197641205 0.638914572
v -0.582047244 -0.197591688 0.617952735
v -0.599999951 -0.660000000 0.939999952
v 0.059792274 -0.619696097 0.759525239
v 0.079554517 -0.620426375 0.759377011
v 0.079319279 -0.622677649 0.780801987
v 0.060406913 -0.622766433 0.780361885
v -0.600976353 -0.780003165 1.060975733
v -0.601626941 -0.780002912 1.081627126
v -0.600975844 -0.760001063 1.060974877
v 0.060054585 -0.480039323 1.099926240
v 0.080025153 -0.480006932 1.099926371
v 0.080058910 -0.460025641 1.099892446
v 0.060010861 -0.460037540 1.100139086
v 0.200648512 -0.500210389 0.680104516
v 0.200060679 -0.259939322 0.880000001
v 0.199985313 -0.360000045 0.999985375
v 0.200002587 -0.599999994 0.980002754
v 0.200002721 -0.580000010 0.980002713
v 0.199985385 -0.580000002 0.999985365
v 0.199985368 -0.600000004 0.999985357
v 0.140059949 -0.439961829 0.599984925
v 0.140062100 -0.419994148 0.599949826
v 0.160975612 -0.419988626 0.599039322
v 0.160968255 -0.439966758 0.599059956
v -0.600011196 -0.680003327 0.799995215
v -0.599993011 -0.680007748 0.779992719
v -0.060000000 -0.360000048 0.600000048
v -0.060000000 -0.339998998 0.599998998
v -0.040000000 -0.360000048 0.600000049
v -0.120873790 -0.625205917 0.725153260
v -0.120802397 -0.618408591 0.740721693
v -0.319983350 -0.900764031 0.799848489
v -0.459993359 -0.519977637 0.600057798
v -0.459999993 -0.499997815 0.600017421
v -0.440000542 -0.500003085 0.599999551
v 0.199999999 -0.400000000 0.840000000
v 0.199999958 -0.380000042 0.840000000
v 0.199999958 -0.380000042 0.860000000
v 0.199999999 -0.400000000 0.860000000
v -0.600000666 -0.619999880 0.799999228
v -0.120000409 -0.199995139 0.820001063
v -0.120002072 -0.199995854 0.840003269
v -0.100000335 -0.199994348 0.840001995
v -0.099999808 -0.199998595 0.820000286
v -0.599999906 -0.719999967 0.919999937
v -0.044700931 -0.439808279 1.044777132
v -0.034255685 -0.441327307 1.054756664
v -0.032407923 -0.426655889 1.051996215
v -0.040572651 -0.420505820 1.039830173
v -0.019227348 -0.420395081 1.056620382
v -0.027322940 -0.412619615 1.047043720
v -0.019495024 -0.439836443 1.063112635
v -0.104537556 -0.299538649 0.965063192
v -0.120990710 -0.300605137 0.964580924
v -0.218535242 -0.760916681 0.738676976
v -0.219620881 -0.740225068 0.738765152
v -0.225896446 -0.739575987 0.761162713
v -0.220383693 -0.760312021 0.759652836
v 0.040000038 -0.600000097 1.100000542
v 0.039999684 -0.579998910 1.100004110
v 0.019999077 -0.579997456 1.100003537
v -0.474737740 -0.845136672 0.816305606
v -0.466069773 -0.845236613 0.814501267
v -0.475542549 -0.218470497 0.744970092
v -0.483848513 -0.219770107 0.759177754
v -0.225947007 -0.678565473 0.761343089
v -0.225009038 -0.679202394 0.779849780
v -0.235552061 -0.672911594 0.766837825
v -0.235984770 -0.673074097 0.774378175
v 0.099985492 -0.540000176 1.099986729
v -0.080092481 -0.901436654 0.859099120
v -0.079991766 -0.901001398 0.879109844
v -0.239002723 -0.535600120 1.081102272
v -0.239961329 -0.544239694 1.095756470
v -0.581757069 -0.902359027 1.061085195
v -0.086360046 -0.393018879 0.987179258
v -0.079435785 -0.401242538 0.995023479
v -0.072966551 -0.388191082 0.991540629
v -0.079768467 -0.380192142 0.983320282
v -0.058258982 -0.385850988 0.993493760
v -0.060196432 -0.375590056 0.984195196
v -0.059573571 -0.401054273 0.998553148
v -0.264718043 -0.739075580 0.685086153
v -0.259486057 -0.720040776 0.683375768
v -0.251332778 -0.726552395 0.691264711
v -0.254146314 -0.741026575 0.693459577
v -0.280570984 -0.739984021 0.681226416
v -0.279551588 -0.719900651 0.680567419
v 0.099985368 -0.619999997 1.099985390
v 0.099985360 -0.599999988 1.099985351
v -0.601766762 -0.760673974 0.759355358
v -0.600749452 -0.760084137 0.779925004
v -0.600022049 -0.739900354 0.780108579
v -0.239998288 -0.620012074 1.099956733
v -0.240000520 -0.599885045 1.100117218
v -0.040000000 -0.300014630 0.600014630
v -0.019999999 -0.300014630 0.600014629
v -0.285097533 -0.779931592 0.685343442
v -0.280847920 -0.759836537 0.684488939
v -0.273041627 -0.766120164 0.692719966
v -0.274689512 -0.780705528 0.694286558
v -0.299373670 -0.780318257 0.679390437
v -0.298942357 -0.759868885 0.679773794
v -0.540065584 -0.200058945 0.680065176
v -0.540088428 -0.200052911 0.699978106
v 0.140047091 -0.900146405 0.919916726
v 0.160946579 -0.901052467 0.920054525
v 0.160965007 -0.900914421 0.940056110
v 0.140059621 -0.899998872 0.940011959
v 0.199985283 -0.360000047 0.700014617
v 0.199986376 -0.339999004 0.700014627
v 0.200003729 -0.339998994 0.719997260
v 0.200002684 -0.360000052 0.719997262
v -0.320000000 -0.819927215 1.099927215
v 0.199851188 -0.819928799 1.019928885
v 0.199911818 -0.799985710 1.019927611
v 0.200043479 -0.799986431 1.040062175
v 0.199986356 -0.819927568 1.040061853
v -0.380000001 -0.300014630 0.600014629
v -0.360000000 -0.300014630 0.600014630
v 0.199999743 -0.459999852 0.820000067
v 0.200000007 -0.440000014 0.839999992
v 0.199999849 -0.459999976 0.840000010
v 0.201583906 -0.218396568 1.019918560
v 0.196611297 -0.203388945 1.019921905
v 0.196667075 -0.203332791 1.040077107
v 0.201719069 -0.218404643 1.040058445
v 0.181603431 -0.198414951 1.019918463
v 0.181594198 -0.198279344 1.040058726
v -0.600031606 -0.440048535 0.999982877
v -0.600046617 -0.440030439 0.980007743
v -0.582047221 -0.217952765 0.597591428
v -0.227318022 -0.813433556 0.726475577
v -0.223710204 -0.799047688 0.723302668
v -0.215461585 -0.799569405 0.740284418
v -0.222528600 -0.820020081 0.740244776
v -0.239161038 -0.820100205 0.718918697
v -0.231644226 -0.827010506 0.731607893
v -0.234457848 -0.801218910 0.713853330
v 0.200060663 -0.739999936 1.040060662
v 0.200974901 -0.739999941 1.060974843
v 0.161408926 -0.524588860 0.618658210
v 0.181632403 -0.525195638 0.618465091
v 0.176143395 -0.528130385 0.631546547
v 0.165537576 -0.527911876 0.632176939
v -0.601417254 -0.239007999 0.840119613
v -0.027091799 -0.632850301 0.666946512
v -0.020401434 -0.624233001 0.659524432
v -0.013587850 -0.627156966 0.673962698
v -0.020168886 -0.636093660 0.681064707
v -0.041412831 -0.635541651 0.660188645
v -0.039739304 -0.639336993 0.679234646
v -0.034232066 -0.626246002 0.653951420
v -0.599999953 -0.580000000 0.939999952
v -0.600001001 -0.580000000 0.960001001
v -0.600000989 -0.559999998 0.960001002
v -0.599999941 -0.559999999 0.939999951
v 0.200003416 -0.559999808 0.900000205
v 0.199999578 -0.539999538 0.900000444
v 0.199999544 -0.559999643 0.920000382
v -0.480054225 -0.720224560 0.660174441
v -0.479721572 -0.700182972 0.659460846
v 0.200996899 -0.779950190 0.879060438
v 0.200959081 -0.759978366 0.879018837
v 0.200044539 -0.759997666 0.899938736
v 0.200022875 -0.779973392 0.899958414
v -0.060000426 -0.200025342 0.879993218
v -0.059986383 -0.200089135 0.899948707
v 0.160975598 -0.400000712 0.599024959
v 0.181626280 -0.399999312 0.598373864
v 0.181622717 -0.419984007 0.598387463
v 0.201614622 -0.881624658 0.999983199
v 0.200915416 -0.860967878 1.019920889
v 0.201583932 -0.881603452 1.019918484
v -0.519833281 -0.419283462 1.101409553
v -0.499390381 -0.418562713 1.101489397
v -0.498887780 -0.397972276 1.098326710
v -0.519547544 -0.398975427 1.101274457
v -0.239858964 -0.421014954 0.939617176
v -0.219399507 -0.420437450 0.942423642
v -0.219380605 -0.401069998 0.938282484
v -0.100000000 -0.380000042 0.600000042
v -0.100000000 -0.360000048 0.600000048
v -0.080000000 -0.360000048 0.600000048
v -0.080000000 -0.380000042 0.600000042
v 0.080078545 -0.659216833 0.820160534
v 0.079131572 -0.679960756 0.820876391
v -0.434045720 -0.813968087 0.706281230
v -0.439710347 -0.817031451 0.719270857
v -0.447210957 -0.808582842 0.712025337
v -0.440522380 -0.800945149 0.701716749
v -0.419283072 -0.815306216 0.704455408
v -0.419998696 -0.819630226 0.719744801
v -0.420407008 -0.801395002 0.695403653
v -0.180007753 -0.580928567 0.598971158
v -0.159967442 -0.580549907 0.599150751
v -0.013555084 -0.406963201 1.052169545
v -0.020132714 -0.399367187 1.040776782
v 0.001152536 -0.405107896 1.055083213
v -0.000479166 -0.395560974 1.044160067
v -0.000559666 -0.419493987 1.064334929
v -0.519589452 -0.575469353 0.604156887
v -0.499649964 -0.579494747 0.602761356
v -0.505339012 -0.586873509 0.613598859
v -0.519363220 -0.583358283 0.619704152
v -0.519889042 -0.560331713 0.598866546
v -0.500002158 -0.560465488 0.598992947
v -0.596642993 -0.203354260 0.719998797
v -0.596636435 -0.203355506 0.700017130
v -0.581633322 -0.198418049 0.719994144
v -0.581621333 -0.198390113 0.700018680
v -0.599927215 -0.660000000 1.019927215
v -0.381012365 -0.859730358 0.742831069
v -0.360856286 -0.861003291 0.739214198
v -0.599862238 -0.300034114 0.839938394
v 0.200975889 -0.400002712 0.639023920
v 0.200062556 -0.400001530 0.659938930
v 0.199973374 -0.499995388 0.760000849
v -0.120000001 -0.899985338 0.999985405
v -0.140000002 -0.899985316 0.999985426
v 0.201625760 -0.360000072 1.081625814
v 0.196643957 -0.359999922 1.096646770
v 0.181623098 -0.359999085 1.101628344
v 0.025546066 -0.632769042 0.766679000
v 0.020532588 -0.635527489 0.779925419
v 0.014136509 -0.626827780 0.773220844
v 0.034109412 -0.632100384 0.767050263
v 0.044915071 -0.624540755 0.779463040
v 0.035099166 -0.634111584 0.780254433
v 0.000784319 -0.624866638 0.680602278
v 0.020520734 -0.619563402 0.700782147
v 0.004632378 -0.625232712 0.700922832
v -0.019999947 -0.640000129 1.100000091
v -0.040000020 -0.639999784 1.100001049
v 0.019961954 -0.499976908 1.100517285
v 0.040034223 -0.500034065 1.100016465
v 0.039951563 -0.480030652 1.100372927
v 0.019715943 -0.479869844 1.101134509
v -0.380000008 -0.660000098 1.100000207
v -0.360000065 -0.660000214 1.100000085
v -0.360000152 -0.640000218 1.100000478
v -0.380000103 -0.640000610 1.100000182
v -0.581625756 -0.579999997 1.101625767
v -0.581625749 -0.559999987 1.101625760
v -0.079990114 -0.900102163 0.899870230
v -0.079998551 -0.899935633 0.920046320
v -0.099997703 -0.899951120 0.920035305
v -0.161203563 -0.781444077 0.805353775
v -0.166662965 -0.766140712 0.807750131
v -0.159594987 -0.780695482 0.815585507
v -0.173480612 -0.784964523 0.812940966
v -0.180374797 -0.759697867 0.804445560
v -0.600061803 -0.339999029 0.659939415
v -0.599928296 -0.339999036 0.680072828
v -0.599930134 -0.319997332 0.680072904
v 0.201626940 -0.319997088 0.618372872
v 0.201613965 -0.300016229 0.618375487
v 0.200976352 -0.319996837 0.639024265
v -0.319996809 -0.899964373 0.880002872
v -0.599999997 -0.439999998 0.780000047
v -0.599999971 -0.439999984 0.800000026
v -0.599999723 -0.420000015 0.799999962
v -0.160000224 -0.519991244 0.600013374
v 0.199999958 -0.400000000 0.919999958
v 0.199999916 -0.380000042 0.919999958
v 0.199999910 -0.380000042 0.939999952
v 0.199999951 -0.400000000 0.939999952
v -0.280000001 -0.239025133 0.599025101
v -0.260000001 -0.239025111 0.599025111
v -0.600000016 -0.639999998 0.880000001
v -0.599999997 -0.639999999 0.900000001
v -0.600000000 -0.619999999 0.880000002
v -0.599985327 -0.719999959 0.999985370
v 0.201625753 -0.419999989 1.081625724
v -0.160116587 -0.319616391 0.960327249
v -0.581233703 -0.196885623 0.840945837
v -0.000000000 -0.719999958 1.099999957
v 0.080002844 -0.580000146 1.100002465
v 0.060001084 -0.580000060 1.100002420
v -0.599955451 -0.759999655 0.840003894
v -0.600002545 -0.760003486 0.859994749
v -0.600007100 -0.740001283 0.859997608
v -0.599998708 -0.740004800 0.839993144
v -0.100000000 -0.719999959 1.099999959
v -0.080000000 -0.719999957 1.099999958
v -0.079999999 -0.700000012 1.099999985
v -0.100000002 -0.700000013 1.099999986
v -0.600975834 -0.860974838 0.960001142
v -0.600976341 -0.860975731 0.980003182
v -0.600063053 -0.840060818 0.980002945
v -0.101044702 -0.434980126 1.005532216
v -0.099920193 -0.420369610 0.999234482
v -0.300182258 -0.739754348 0.680046110
v 0.060000999 -0.639999990 1.100001007
v 0.140062087 -0.900044505 0.999986178
v 0.160976707 -0.900959259 0.999984800
v 0.160967873 -0.900915375 1.019920980
v 0.140061817 -0.899986396 1.019927583
v -0.299999550 -0.639996708 1.100003052
v -0.279999561 -0.640000537 1.099997127
v -0.300001385 -0.620008665 1.099973816
v 0.200000007 -0.459999998 0.900000001
v 0.199999957 -0.440000000 0.919999958
v 0.199999956 -0.459999999 0.919999959
v -0.139999990 -0.480000362 0.599999433
v -0.119999986 -0.480000163 0.599999686
v -0.080000000 -0.339998998 0.599998998
v -0.080000000 -0.319997265 0.599997265
v -0.060000000 -0.319997265 0.599997265
v 0.099505372 -0.658183353 0.826369455
v -0.500008126 -0.540307351 0.599388773
v -0.499988681 -0.520014168 0.599971865
v -0.480000681 -0.519969416 0.600018931
v -0.480024099 -0.540060840 0.599657386
v 0.145451964 -0.604777927 0.739321141
v 0.160462265 -0.602736779 0.761212777
v 0.147005109 -0.605532466 0.754887217
v -0.240000000 -0.380000042 0.600000042
v -0.596644871 -0.380000043 0.603355129
v -0.400001388 -0.520003426 0.599999777
v -0.600005778 -0.480000604 0.719997014
v -0.601716152 -0.721176168 0.698935643
v -0.601968854 -0.720637126 0.719100541
v -0.292928793 -0.266643398 0.853223670
v -0.296235644 -0.259960401 0.840073278
v 0.160971145 -0.379997426 1.100974970
v 0.140077764 -0.380001839 1.100003750
v 0.200002761 -0.560000004 0.980002727
v 0.200002742 -0.539999999 0.980002736
v 0.199985374 -0.559999999 0.999985371
v 0.202408577 -0.882047222 1.082047222
v 0.202359027 -0.861085195 1.081757069
v 0.197059442 -0.861120679 1.097059442
v 0.197330605 -0.881880082 1.097330605
v 0.181757069 -0.861085195 1.102359027
v -0.041079780 -0.239462610 1.005010538
v -0.028431851 -0.234235810 1.008600946
v -0.028614850 -0.223463062 1.009139812
v -0.040810378 -0.218277779 1.005316532
v -0.160000000 -0.881625755 1.101625755
v -0.140000000 -0.881625755 1.101625755
v -0.160000000 -0.860974890 1.100974890
v -0.260033068 -0.579623675 1.100602026
v -0.280010131 -0.579879808 1.100347164
v 0.079214627 -0.615251683 0.680802605
v 0.078772678 -0.615136489 0.699929977
v 0.074420251 -0.606203705 0.693178646
v 0.093305571 -0.612684001 0.686599944
v 0.105333509 -0.606146248 0.699403474
v 0.095631456 -0.614121911 0.701575262
v 0.073473059 -0.595184394 0.605424829
v 0.075919140 -0.579684614 0.603869996
v 0.077904633 -0.601270815 0.618641412
v 0.061023592 -0.601856412 0.601269174
v 0.068023036 -0.608670783 0.611287501
v 0.060553742 -0.580985208 0.598698771
v -0.561013552 -0.440072773 1.100887585
v -0.540117637 -0.440060468 1.100114846
v -0.540049266 -0.419660693 1.100999073
v -0.560991827 -0.419946005 1.101453178
v 0.160965034 -0.199080929 1.019921977
v 0.160940541 -0.198912968 1.040040918
v 0.202408577 -0.217952778 0.617952778
v 0.197330605 -0.202669395 0.618119918
v 0.197059442 -0.202940558 0.638879321
v 0.202359027 -0.218242931 0.638914805
v 0.182047222 -0.197591423 0.617952778
v 0.181757069 -0.197640973 0.638914805
v -0.459819067 -0.635768148 0.603984073
v -0.460275385 -0.640194124 0.618902304
v -0.460154514 -0.621670190 0.598403993
v -0.399999982 -0.459999950 0.600000211
v -0.596888108 -0.299382594 0.916811277
v -0.581622809 -0.315176578 0.925775739
v -0.320000296 -0.198374051 0.618374954
v -0.319999470 -0.199057996 0.639008874
v 0.200001717 -0.499999836 0.840000111
v 0.200000725 -0.599999899 0.960001243
v -0.120000000 -0.901625755 1.081625755
v -0.140000000 -0.901625755 1.081625755
v -0.466729285 -0.773346601 0.713968504
v 0.000461913 -0.619423692 0.760455499
v -0.000242792 -0.622715696 0.780179855
v -0.000213645 -0.479743380 1.100526163
v 0.019305682 -0.459525187 1.101430568
v 0.000152555 -0.459636432 1.097501401
v -0.413199462 -0.830803858 0.767979944
v -0.419275150 -0.833812746 0.782114369
v -0.425291166 -0.824312412 0.774789442
v -0.403246581 -0.838841674 0.760998999
v -0.404852778 -0.843138888 0.780554890
v -0.120000000 -0.819927215 1.099927215
v -0.140000000 -0.819927215 1.099927215
v -0.100000005 -0.200014626 0.700014631
v -0.080000001 -0.200014629 0.700014630
v -0.080000000 -0.200072785 0.680072785
v -0.080000003 -0.680000050 1.099999977
v -0.059999996 -0.680000056 1.099999937
v -0.060000004 -0.660000042 1.100000178
v -0.080000021 -0.659999789 1.100000385
v -0.319992906 -0.200016257 0.659898808
v -0.079999999 -0.900003744 0.980001929
v -0.079999996 -0.899985373 0.999985357
v -0.099999999 -0.899985362 0.999985386
v -0.600001990 -0.339998989 0.739999000
v -0.600000769 -0.339998987 0.759999997
v -0.600002406 -0.319997326 0.759999893
v -0.600003627 -0.319997240 0.739998987
v 0.199988225 -0.319997324 0.700014691
v 0.199970948 -0.300014735 0.700014735
v 0.200005471 -0.319997266 0.719997267
v -0.340000000 -0.760001002 1.100001002
v -0.600003146 -0.440000135 0.859999963
v -0.600008371 -0.439998111 0.880002149
v -0.599996246 -0.419994937 0.880005076
v -0.006155272 -0.625800662 0.794107571
v 0.197875828 -0.641202968 0.799080819
v 0.201789739 -0.620744778 0.819318565
v 0.201679435 -0.641318930 0.818701654
v 0.199928834 -0.740000934 0.920071166
v 0.199983925 -0.719999844 0.940015500
v 0.199985275 -0.739999661 0.940017569
v -0.373658028 -0.812692752 0.687517961
v -0.379958235 -0.816704079 0.699896565
v -0.386586010 -0.808023969 0.692383520
v -0.380191641 -0.801216115 0.682504996
v -0.596644871 -0.719999955 1.096644871
v -0.601625728 -0.719999955 1.081625743
v -0.419999955 -0.860974887 1.100974855
v -0.400000000 -0.860974892 1.100974888
v -0.599879830 -0.380035627 0.879948103
v -0.600042738 -0.380068690 0.899924033
v -0.600670949 -0.359941186 0.900089609
v -0.599997556 -0.360043577 0.879922582
v -0.393785188 -0.391764865 0.927711190
v -0.379274168 -0.393754536 0.925466814
v -0.380426372 -0.379805674 0.916159339
v -0.399575034 -0.379683122 0.923279710
v -0.320000000 -0.259939337 0.599939314
v -0.300000000 -0.259939324 0.599939323
v 0.199885188 -0.559933529 0.820049530
v 0.199934056 -0.559991521 0.840006982
v 0.000102532 -0.199822460 0.960014448
v -0.000157031 -0.198699001 0.980751647
v 0.019959779 -0.199293675 0.980331033
v -0.581625974 -0.339998911 0.598373550
v 0.166318367 -0.894925239 0.844462502
v 0.161065650 -0.898787713 0.857846849
v 0.153516450 -0.888629678 0.850734273
v 0.160327561 -0.881473702 0.841988368
v 0.175986490 -0.895090574 0.844461496
v 0.175426632 -0.882596291 0.842689725
v 0.186253238 -0.882058884 0.853154186
v 0.181932306 -0.898023380 0.857857990
v -0.340000000 -0.339998998 0.599998998
v -0.340000000 -0.319997265 0.599997266
v -0.320000000 -0.319997265 0.599997265
v -0.320000000 -0.339998998 0.599998998
v -0.520579074 -0.635386797 0.624830442
v -0.521471866 -0.643592179 0.639403591
v -0.519749599 -0.624965583 0.624491112
v 0.058104954 -0.339495756 1.098350552
v 0.065546415 -0.326302238 1.095472520
v 0.064301976 -0.323734380 1.081257917
v 0.080189069 -0.319562509 1.097374954
v 0.078491220 -0.339109121 1.101520108
v -0.601087530 -0.860944771 1.040038835
v -0.601965228 -0.860967167 1.060967167
v -0.601087530 -0.840038835 1.060944772
v -0.179940441 -0.199949792 0.859978893
v -0.179965693 -0.200112061 0.839966874
v -0.019999999 -0.760001002 1.100001003
v -0.040000000 -0.760001002 1.100001002
v 0.140077194 -0.896666972 1.096666972
v 0.140058467 -0.881595404 1.101718995
v 0.201613954 -0.218375510 0.999983779
v 0.200915355 -0.239032084 1.019920933
v -0.366263712 -0.333950684 0.845350837
v -0.366971405 -0.334143383 0.854175515
v -0.360252734 -0.323966876 0.860351373
v -0.360206889 -0.320744512 0.843458482
v -0.344820485 -0.314538343 0.861472785
v -0.346590782 -0.312519592 0.847382442
v 0.139999263 -0.300019475 1.100146262
v 0.200002735 -0.460000000 0.980002735
v 0.200002735 -0.440000000 0.980002735
v 0.199985370 -0.440000000 0.999985370
v 0.199985370 -0.460000000 0.999985370
v -0.600958313 -0.799985518 1.060976689
v -0.601613965 -0.799983772 1.081624513
v -0.399999999 -0.799985369 1.099985370
v -0.179999726 -0.519984198 0.600017502
v -0.519934013 -0.540593926 0.599191053
v -0.519930409 -0.520090450 0.599981218
v -0.100000008 -0.479999940 0.599999992
v -0.200027374 -0.581090860 0.598944114
v -0.200005578 -0.560121993 0.599906632
v -0.559893079 -0.258743661 0.905470612
v -0.567017539 -0.265906185 0.915110435
v -0.581179991 -0.254094454 0.907059598
v -0.582010777 -0.264129524 0.917389636
v 0.059308661 -0.779582355 0.823845832
v -0.539725080 -0.575120218 0.603912746
v -0.539103250 -0.580260869 0.620235265
v -0.540035889 -0.560963801 0.598354776
v -0.600000007 -0.480000005 0.799999991
v 0.100322774 -0.620851307 0.739908808
v 0.119580769 -0.620266334 0.739729607
v 0.118887003 -0.624661513 0.760438339
v 0.100188668 -0.624639525 0.759928659
v 0.080000210 -0.899956349 0.940036187
v 0.080002802 -0.900000740 0.960001107
v 0.060001627 -0.900005101 0.959996361
v -0.599999952 -0.600000000 0.939999952
v -0.599999960 -0.580000000 0.919999958
v -0.259999987 -0.900000989 0.960000996
v -0.279999993 -0.900000987 0.960000994
v 0.037427512 -0.360713778 1.038404526
v 0.201701703 -0.780042288 0.858390813
v 0.200974890 -0.540000000 1.060974890
v -0.513690046 -0.791914542 0.728269594
v -0.519708487 -0.795670910 0.740582998
v -0.526178073 -0.786617681 0.733462436
v -0.519956798 -0.780073903 0.724049194
v -0.499320319 -0.793829115 0.725746034
v -0.499957018 -0.799377170 0.740872862
v 0.100019099 -0.400048143 1.099956831
v 0.100224880 -0.623825211 0.779169283
v 0.067272233 -0.607245945 0.686117472
v 0.065705851 -0.606157054 0.694875179
v 0.099982959 -0.479997442 1.099976724
v 0.099996105 -0.460002205 1.099937567
v -0.601118327 -0.520068020 0.639050428
v -0.600128787 -0.519987832 0.659947331
v -0.600017704 -0.499971443 0.659938540
v -0.600933715 -0.499960408 0.639031543
v -0.459146893 -0.415969481 1.081504462
v -0.439313457 -0.422789758 1.081386349
v -0.439560274 -0.420683361 1.060587862
v -0.360000000 -0.760001002 1.100001002
v -0.380000001 -0.760001002 1.100001003
v -0.480055719 -0.480078998 1.100002417
v -0.500021812 -0.480067854 1.099872643
v -0.319999645 -0.619998467 1.099986810
v -0.300013301 -0.600059453 1.099900714
v -0.320008008 -0.600030407 1.099913168
v 0.146262858 -0.653797901 0.807198069
v 0.139663691 -0.659538583 0.820917796
v 0.133744762 -0.646641243 0.813786075
v -0.581625756 -0.680000001 1.101625756
v -0.119527434 -0.640299612 0.681083555
v -0.120527220 -0.635257384 0.699370176
v -0.127264056 -0.624845453 0.694430748
v -0.125264258 -0.625957195 0.685902745
v -0.099365572 -0.646285576 0.686067919
v -0.099543829 -0.640812154 0.701798209
v 0.201613965 -0.218375487 0.700016228
v 0.196638293 -0.203361707 0.700016065
v 0.196646188 -0.203353812 0.719997126
v 0.201626941 -0.218372874 0.719997088
v 0.181627126 -0.198373059 0.719997088
v -0.340000017 -0.680000073 1.099999883
v -0.320000016 -0.680000140 1.099999896
v -0.319999967 -0.659999815 1.100001326
v -0.340000073 -0.660000233 1.100000422
v -0.599927642 -0.440000083 0.680072821
v -0.600061382 -0.440000339 0.659939412
v -0.600000071 -0.539999994 0.800000087
v -0.267657329 -0.753375232 0.687289783
v -0.259421740 -0.759872384 0.695389833
v -0.239988980 -0.581075816 0.598986786
v -0.220000153 -0.560078683 0.599926639
v -0.220009721 -0.581072068 0.598983626
v 0.200060678 -0.600000000 1.040060678
v -0.561120688 -0.202940701 0.602940533
v -0.561085270 -0.197641186 0.618242735
v -0.019999999 -0.900974893 1.060974889
v -0.040000000 -0.900974892 1.060974889
v -0.360000000 -0.900974891 1.060974890
v -0.380000001 -0.900974891 1.060974891
v 0.080042496 -0.200092459 0.979960152
v 0.099987863 -0.200056221 0.980000719
v 0.099980385 -0.200014468 0.960006372
v -0.099999946 -0.200000249 0.780000021
v -0.080000001 -0.200000070 0.780000038
v -0.080000003 -0.200000037 0.760000051
v -0.320167781 -0.203086285 0.736448397
v -0.320983471 -0.213792907 0.745547041
v -0.597320328 -0.576591264 0.618307018
v -0.596885994 -0.575797182 0.639380489
v -0.602105099 -0.560613726 0.638997649
v -0.581860578 -0.581069762 0.618636122
v -0.580976197 -0.580431047 0.639823282
v 0.160967167 -0.860967167 1.101965228
v -0.335037098 -0.303255957 0.860572280
v -0.340390870 -0.299204189 0.841170853
v 0.199985327 -0.300014630 0.780000041
v -0.180000000 -0.881625755 1.101625755
v -0.180000000 -0.860974890 1.100974890
v 0.181596422 -0.259941471 1.101714450
v -0.599934991 -0.440008100 0.939993443
v -0.599985767 -0.440011651 0.960007112
v -0.600310541 -0.420035472 0.960016635
v -0.600026814 -0.420038208 0.939988871
v 0.200002875 -0.639956998 0.880079502
v 0.199878189 -0.619963809 0.880052292
v 0.199953486 -0.619998235 0.900003999
v 0.199915835 -0.639985217 0.900038871
v -0.600963777 -0.860941605 0.860093305
v -0.601394712 -0.860996432 0.839817606
v 0.119927475 -0.899912701 0.999985493
v 0.119928800 -0.899851253 1.019928767
v 0.199985267 -0.739999964 0.999985367
v 0.199927131 -0.719999960 1.019927249
v 0.199927129 -0.739999952 1.019927258
v -0.100000000 -0.819927215 1.099927215
v -0.219999998 -0.899985380 0.999985362
v -0.199999999 -0.899927221 1.019927211
v -0.220000000 -0.899927218 1.019927214
v -0.044284425 -0.400127460 1.004158417
v -0.601044910 -0.379335798 0.960315223
v -0.597988398 -0.379327054 0.979904914
v -0.594527127 -0.366041482 0.973657631
v -0.597381267 -0.359635580 0.959724317
v -0.581901484 -0.362988162 0.980344684
v -0.581498855 -0.354491768 0.965180115
v -0.587749910 -0.372657521 0.986168958
v 0.199927191 -0.680000001 1.019927231
v 0.199927198 -0.660000000 1.019927225
v 0.200060679 -0.660000000 1.040060676
v 0.200060679 -0.680000001 1.040060677
v 0.181610998 -0.439973480 0.598408857
v -0.000312692 -0.679600243 0.821573618
v 0.019848598 -0.679448240 0.824694354
v 0.181600078 -0.901692011 0.920042392
v 0.181603901 -0.901584827 0.940064859
v -0.340000000 -0.300014630 0.600014631
v -0.180000000 -0.439999971 0.600000039
v -0.180000000 -0.419999997 0.600000001
v -0.160000000 -0.419999998 0.600000000
v -0.160000000 -0.439999977 0.600000030
v -0.033050555 -0.627944179 0.624951464
v -0.020688242 -0.620810356 0.639612736
v -0.035404652 -0.625135133 0.639801693
v -0.601302254 -0.660031813 0.698955367
v -0.253885193 -0.513501597 1.026297505
v -0.260220617 -0.516147150 1.039780973
v -0.240332718 -0.520009174 1.039238022
v -0.239407856 -0.515228178 1.024432749
v -0.240238405 -0.440758554 0.942279479
v -0.226151768 -0.434588187 0.945818836
v -0.433224883 -0.873427704 0.807581943
v -0.439853056 -0.881736490 0.815698108
v -0.446329729 -0.866709907 0.813547338
v -0.439514668 -0.859533836 0.804408415
v -0.599916686 -0.779989095 0.840038092
v -0.599880479 -0.759964752 0.820052337
v -0.413567643 -0.373915405 0.927387880
v -0.420129690 -0.363382838 0.919781085
v -0.426647316 -0.368215622 0.932537831
v -0.420647118 -0.379889299 0.939857990
v -0.441284676 -0.365098972 0.934257650
v -0.440187379 -0.375784643 0.944702904
v 0.201087530 -0.259961165 0.639055229
v 0.140060674 -0.199939300 0.880000007
v 0.160974892 -0.199025104 0.880000000
v 0.160974891 -0.199025111 0.860000000
v 0.199999909 -0.360000049 0.760000048
v -0.181114355 -0.239132042 0.958047363
v -0.176588424 -0.218879797 0.957118896
v -0.160592185 -0.239305530 0.961478374
v -0.160573919 -0.218273847 0.962179128
v 0.196243094 -0.595904463 0.739542377
v 0.201480073 -0.580769419 0.739578317
v 0.201103798 -0.580992194 0.759615747
v 0.197097737 -0.600296962 0.760186152
v 0.180830445 -0.603769017 0.760703212
v -0.006683189 -0.433671407 1.067768471
v 0.202358978 -0.238914824 1.081757257
v 0.202408624 -0.217952742 1.082047099
v 0.197329647 -0.218119650 1.097331869
v 0.197057622 -0.238879414 1.097061857
v 0.181754414 -0.238914960 1.102360429
v 0.182045217 -0.217952672 1.102412219
v 0.119404810 -0.859929267 0.856098150
v 0.134251460 -0.859705125 0.854561676
v -0.292667806 -0.474207943 0.964656700
v -0.499988868 -0.199995007 0.659917157
v -0.480005286 -0.200039182 0.680071964
v -0.480003267 -0.199986100 0.659904963
v -0.453713397 -0.333753388 0.864266384
v -0.460662204 -0.321082322 0.859979531
v -0.459758343 -0.323345413 0.880082970
v -0.453197552 -0.333781886 0.874381762
v -0.473453392 -0.313179319 0.866302096
v -0.475250518 -0.314968232 0.880859663
v -0.581628700 -0.440061039 1.101525298
v -0.581631744 -0.420116588 1.101753195
v -0.540060905 -0.540000301 1.100060558
v -0.560974942 -0.540000164 1.100974492
v 0.196644951 -0.400000527 0.603353740
v 0.196645124 -0.380000761 0.603354532
v 0.201626008 -0.380000687 0.618373968
v 0.201626161 -0.400002143 0.618372452
v 0.181625974 -0.380000698 0.598373581
v -0.219999040 -0.539918599 0.600075520
v -0.199998955 -0.539929884 0.600074629
v -0.519753813 -0.861516807 0.778380085
v -0.500161838 -0.861230611 0.778789926
v -0.499954578 -0.864084624 0.799933840
v -0.513611872 -0.868108581 0.793114451
v -0.595311707 -0.734335194 0.686139149
v -0.598105954 -0.740899976 0.698710748
v -0.596850054 -0.720391810 0.683654239
v -0.581563109 -0.735765344 0.684046244
v -0.582088564 -0.745950087 0.693908614
v -0.581604645 -0.721280049 0.678370390
v -0.599999757 -0.480000166 0.879999852
v 0.080002668 -0.899930066 1.019927166
v 0.080002942 -0.900063048 1.040060835
v 0.060000971 -0.900061792 1.040060589
v -0.599985370 -0.600000000 0.999985370
v -0.599927215 -0.600000000 1.019927215
v -0.599985369 -0.579999999 0.999985370
v -0.260000000 -0.900060678 1.040060678
v -0.280000000 -0.900060678 1.040060678
v 0.199986710 -0.780005053 0.940012874
v -0.139596883 -0.619402114 0.740067314
v -0.399957236 -0.579942577 0.599667374
v -0.380042866 -0.579954377 0.599616682
v 0.200958301 -0.300014483 1.060976719
v 0.201583672 -0.280081463 1.081604081
v 0.201613801 -0.300016227 1.081625108
v -0.599927589 -0.519999967 1.019927192
v -0.561812555 -0.334761358 0.945148115
v -0.560698861 -0.343591868 0.955523486
v -0.539627458 -0.339146625 0.956897893
v -0.546335895 -0.332997188 0.946996872
v -0.560632783 -0.354290860 0.965281560
v -0.539774339 -0.353774309 0.965254270
v -0.581887677 -0.901929851 0.819040962
v -0.000001527 -0.579999291 1.099995009
v 0.060027191 -0.500011344 1.099915292
v -0.419999959 -0.799985370 1.099985327
v -0.180761388 -0.644668399 0.679558199
v -0.200219841 -0.641896265 0.679453700
v 0.201625728 -0.218374257 0.780000045
v 0.196644871 -0.203355129 0.780000045
v 0.196644891 -0.203355109 0.800000001
v 0.201625754 -0.218374244 0.800000001
v 0.181625756 -0.198374246 0.800000001
v -0.339999806 -0.639999190 1.100002482
v -0.599999954 -0.440000008 0.760000043
v -0.600000905 -0.439999994 0.739999001
v -0.101409961 -0.395109852 0.985964753
v -0.099103886 -0.405396363 0.993798898
v -0.079576175 -0.419803997 1.003678307
v -0.600000015 -0.539999999 0.880000003
v -0.439999941 -0.860974844 1.100974900
v -0.439999936 -0.840060660 1.100060663
v -0.140633013 -0.197850986 0.941358772
v -0.120075404 -0.198441276 0.940737087
v 0.200015371 -0.840058618 0.940035030
v 0.200974900 -0.239025157 0.939999941
v 0.200060663 -0.259939340 0.939999936
v -0.560982744 -0.199096803 0.700007842
v 0.079064844 -0.197660577 1.061311933
v 0.099868592 -0.198595045 1.060963541
v -0.597059442 -0.238879323 0.602940557
v -0.419999958 -0.380000042 0.600000083
v -0.419999958 -0.360000048 0.600000090
v -0.400000000 -0.360000048 0.600000049
v -0.400000000 -0.380000042 0.600000043
v 0.094249941 -0.679546863 0.825788586
v 0.106271225 -0.665556588 0.835025305
v -0.100002352 -0.200007635 0.859996216
v -0.080000704 -0.200000880 0.860000764
v -0.079999931 -0.199997047 0.840001667
v -0.600000958 -0.360000048 0.739999001
v 0.045895670 -0.732840936 0.833792183
v 0.039592419 -0.718640641 0.837508523
v 0.060455059 -0.719745654 0.836478572
v -0.600647292 -0.579999584 0.699731154
v -0.600053040 -0.580000860 0.719995690
v -0.599967798 -0.559995700 0.720032402
v -0.600281506 -0.560005846 0.699981788
v -0.534817389 -0.634478708 0.625333656
v -0.540851571 -0.639898024 0.639476146
v -0.534287012 -0.626677043 0.624844406
v 0.160990635 -0.239031603 1.101929269
v 0.140123528 -0.239046682 1.100988988
v -0.400001292 -0.199053480 0.639013313
v 0.119921975 -0.896611118 1.096611118
v 0.119918558 -0.881603495 1.101583887
v 0.201625752 -0.739999953 1.081625708
v 0.201625728 -0.719999955 1.081625743
v 0.196644871 -0.719999955 1.096644871
v 0.196644866 -0.739999952 1.096644866
v 0.181625709 -0.739999953 1.101625752
v 0.181625743 -0.719999955 1.101625728
v 0.080064121 -0.440021614 1.100009077
v -0.200000000 -0.896644891 1.096644891
v -0.220000000 -0.896644891 1.096644891
v -0.200000000 -0.881625755 1.101625755
v -0.220000000 -0.881625755 1.101625755
v 0.119699555 -0.300021266 1.100680946
v 0.119608856 -0.280119671 1.100507254
v -0.059078698 -0.623310274 0.796069126
v -0.073533153 -0.626508819 0.793945368
v -0.602019350 -0.378357571 1.039605243
v -0.602394694 -0.378993732 1.060580873
v -0.596533258 -0.362224026 1.060180197
v -0.596485963 -0.362714387 1.039405773
v -0.580425087 -0.357301599 1.060055511
v -0.581499933 -0.358970529 1.039489544
v 0.160975733 -0.199023647 0.719996835
v -0.320531393 -0.374747614 0.904639555
v -0.305892883 -0.372877193 0.907325962
v -0.300234092 -0.360247094 0.903142284
v -0.319471045 -0.361132395 0.895438557
v -0.499999234 -0.720109693 0.663173599
v -0.499797659 -0.700222163 0.660453110
v -0.180002638 -0.199994449 0.719997893
v -0.160000653 -0.199995510 0.719997335
v 0.119991894 -0.200083956 1.040035882
v 0.140060953 -0.400001641 0.599937988
v 0.181624758 -0.901614598 0.999982913
v 0.181603452 -0.901583867 1.019918616
v -0.600009592 -0.660003550 0.779993537
v -0.600002640 -0.780002698 0.920000096
v -0.399999725 -0.899987093 0.920009558
v -0.419999651 -0.899984175 0.920015121
v -0.460001244 -0.480002139 0.599997718
v -0.440000290 -0.480001163 0.599996503
v 0.040377527 -0.794826022 0.825362890
v 0.039525742 -0.804390780 0.835215923
v 0.040323565 -0.779321105 0.823758187
v -0.280300139 -0.614850798 0.603963073
v -0.260119812 -0.615465441 0.603776311
v -0.260456187 -0.619978304 0.619598440
v -0.280420751 -0.619778059 0.619812118
v -0.280073779 -0.600919130 0.598508114
v -0.259977006 -0.601468133 0.598337691
v -0.059488702 -0.641368599 0.618309842
v -0.059937851 -0.640805874 0.638962350
v -0.074149212 -0.646963703 0.638941991
v 0.140060852 -0.199936634 0.960000751
v 0.160975117 -0.199024521 0.960000904
v 0.199999952 -0.360000048 0.840000000
v -0.459992975 -0.539962357 0.599971247
v 0.200002735 -0.480000000 0.980002734
v -0.218964874 -0.719665738 0.738668667
v -0.236266763 -0.733651512 0.766738098
v 0.100120238 -0.901261987 0.878906045
v 0.080237500 -0.901663331 0.878775368
v -0.480259457 -0.203149390 0.739559985
v -0.486904924 -0.205877098 0.753590853
v -0.499508302 -0.199061271 0.740454161
v -0.080132484 -0.539325956 1.101305081
v -0.060083894 -0.539601165 1.100927813
v -0.060333683 -0.519055788 1.101406986
v -0.480684999 -0.300472439 0.859915309
v -0.485657530 -0.305194062 0.878838884
v 0.166807063 -0.852901908 0.851930248
v 0.181395509 -0.844161049 0.853599949
v 0.182016263 -0.861179379 0.853937991
v -0.235395461 -0.733581917 0.774076257
v -0.601625755 -0.600000000 1.081625755
v -0.596644891 -0.600000000 1.096644890
v -0.596644891 -0.579999999 1.096644893
v -0.601625757 -0.580000000 1.081625755
v -0.581625756 -0.600000001 1.101625755
v -0.419999958 -0.719999958 1.099999918
v -0.400000000 -0.719999959 1.099999957
v -0.400000000 -0.699999999 1.099999989
v -0.419999958 -0.700000002 1.099999955
v -0.414216726 -0.433542344 0.985799001
v -0.427510716 -0.427550719 0.993110955
v -0.420324397 -0.437097830 1.000258076
v -0.440687019 -0.421215839 1.000077441
v -0.433370806 -0.433371184 1.004653368
v 0.199930045 -0.780002669 1.019927148
v -0.160000000 -0.899927205 1.019927216
v -0.179999999 -0.899927215 1.019927210
v 0.200000010 -0.420000001 0.839999999
v -0.499985713 -0.899911924 1.019927531
v -0.519928803 -0.899851254 1.019928802
v -0.581880076 -0.202669413 0.602669410
v -0.214982989 -0.780917012 0.739240808
v -0.400000000 -0.339998998 0.599998999
v -0.400000000 -0.319997265 0.599997266
v -0.353348819 -0.473620124 1.025914133
v -0.365025195 -0.465338043 1.039561022
v -0.356181195 -0.479979406 1.040114739
v -0.380161969 -0.455707643 1.039623623
v -0.413061474 -0.653261681 0.627095060
v -0.419909744 -0.659131538 0.640888504
v -0.425874688 -0.647077511 0.632657250
v -0.399875637 -0.654049619 0.625914871
v -0.400153285 -0.662909011 0.641113737
v -0.245788461 -0.855395119 0.726139835
v -0.242994570 -0.839995702 0.723373202
v -0.233281463 -0.842305014 0.734828442
v -0.238422430 -0.860873124 0.739858690
v -0.259675578 -0.861628173 0.718246178
v -0.251373239 -0.868412664 0.731691080
v -0.000000020 -0.900003583 0.980001783
v -0.019999993 -0.900003711 0.980001690
v 0.199987206 -0.459929935 0.659969564
v 0.199911982 -0.439998928 0.680069273
v 0.199858675 -0.459965865 0.680078098
v 0.140060585 -0.760000971 1.100061803
v 0.160974877 -0.760001063 1.100975844
v 0.160974844 -0.739999941 1.100974900
v 0.140060660 -0.739999936 1.100060663
v -0.339999998 -0.900002678 0.980002779
v -0.360000001 -0.900002706 0.980002774
v -0.181021007 -0.634099602 0.755540404
v -0.200453536 -0.638173189 0.760607261
v -0.180091150 -0.623945643 0.765076982
v -0.194289288 -0.625747739 0.766672557
v -0.595509471 -0.794433739 0.745599669
v -0.597902620 -0.800463745 0.759351407
v -0.601651409 -0.781289503 0.758706706
v -0.597946322 -0.780777124 0.739271422
v -0.581610951 -0.796370870 0.743669989
v -0.581966452 -0.805095539 0.754688510
v -0.581885790 -0.785559793 0.734467956
v -0.600000993 -0.540000002 0.960001010
v -0.599999905 -0.539999998 0.939999954
v -0.601625755 -0.660000000 1.081625755
v -0.601625755 -0.640000000 1.081625755
v -0.480007990 -0.679879795 0.659877641
v -0.464329805 -0.680517663 0.654896813
v 0.200981138 -0.740011522 0.878968327
v 0.200066853 -0.740005404 0.899909124
v -0.460000971 -0.840060585 1.100061803
v -0.439999950 -0.819927218 1.099927164
v -0.460000964 -0.819927172 1.099928296
v 0.160974947 -0.380000751 0.599024463
v 0.199986381 -0.840061822 1.019927608
v -0.492019139 -0.391213018 1.087913437
v -0.505408334 -0.385140950 1.094513916
v -0.520125770 -0.383284355 1.096467850
v 0.199986377 -0.259938157 1.019927567
v -0.234338880 -0.372756360 0.926972461
v -0.220185725 -0.380148090 0.934707825
v -0.225615229 -0.374506249 0.926489232
v -0.480002912 -0.881627126 1.101626941
v -0.460001089 -0.881625974 1.101626450
v -0.460001063 -0.860974877 1.100975844
v -0.480003165 -0.860975733 1.100976353
v -0.519999873 -0.439949645 1.100322615
v -0.100000000 -0.339998998 0.599998998
v -0.199999999 -0.439999958 0.600000046
v -0.200000000 -0.419999996 0.600000000
v -0.600915402 -0.239032355 0.680079057
v -0.100170392 -0.198623894 0.941214057
v -0.080198038 -0.198408864 0.940808761
v -0.079994313 -0.199605312 0.920122521
v -0.600003436 -0.359999467 0.820003115
v -0.120000000 -0.400000001 0.600000000
v -0.100000000 -0.400000001 0.600000000
v 0.201064561 -0.560633520 0.739882961
v 0.200169764 -0.540059598 0.740022284
v 0.200623096 -0.560355788 0.759928116
v 0.045267224 -0.234257477 1.059349040
v 0.039486370 -0.218269028 1.060776433
v 0.054219513 -0.246854922 1.045883227
v 0.054765043 -0.244813680 1.060840565
v 0.200359731 -0.660007826 0.879958545
v 0.119728794 -0.259967468 1.100434775
v -0.599999952 -0.620000000 0.939999952
v -0.439999953 -0.901625752 1.081625709
v -0.460001089 -0.901626450 1.081625974
v -0.020000116 -0.619999065 1.100002867
v 0.039630112 -0.459873198 1.101039341
v 0.160974892 -0.199025112 0.800000000
v -0.359999233 -0.619996585 1.099997037
v -0.179970955 -0.200039715 0.800001447
v -0.159999883 -0.200000058 0.800001647
v -0.187570856 -0.853796986 0.787052231
v -0.185790430 -0.838780218 0.785307512
v -0.176979257 -0.839916723 0.800518204
v -0.179625801 -0.860835534 0.799561251
v -0.200153817 -0.860486111 0.783368616
v -0.192845580 -0.865674756 0.791964835
v -0.200319814 -0.839481380 0.780285816
v -0.399999999 -0.679999980 1.099999981
v -0.379999995 -0.679999981 1.100000021
v -0.399999997 -0.659999974 1.100000191
v -0.340158647 -0.539774787 1.100779731
v -0.319670845 -0.538855592 1.102061960
v -0.319371388 -0.518216981 1.100893730
v -0.340270817 -0.519035337 1.097501071
v -0.599911927 -0.300014285 0.680072469
v -0.600005475 -0.780002733 0.980002732
v -0.599988223 -0.780002676 0.999985309
v -0.600003727 -0.760001007 0.980002740
v 0.119927795 -0.420000101 0.600077021
v 0.119927193 -0.439974287 0.600117149
v -0.399999999 -0.899985342 0.999985391
v -0.419999958 -0.899985290 0.999985402
v -0.599999716 -0.400000087 0.799999772
v 0.195182489 -0.514853040 0.604262080
v 0.197000251 -0.500731466 0.602416624
v 0.197930136 -0.521729371 0.618425991
v 0.181321891 -0.515639655 0.603071469
v 0.181828663 -0.500622120 0.597739319
v 0.039999937 -0.900060663 1.040060656
v -0.159999950 -0.500001208 0.599998581
v -0.125527573 -0.894863748 0.826539068
v -0.119788610 -0.881261477 0.822712401
v -0.113142384 -0.888147520 0.832003029
v -0.119647964 -0.898250729 0.839133055
v -0.139826614 -0.896688471 0.823723260
v -0.139414762 -0.901388144 0.839456909
v -0.139148576 -0.880585152 0.815639501
v 0.199999910 -0.360000048 0.919999958
v 0.140058638 -0.199888617 1.040051075
v -0.300000000 -0.900060678 1.040060678
v 0.035152867 -0.300998675 1.024590669
v 0.045180080 -0.298883073 1.033507206
v 0.040467962 -0.279608025 1.034953915
v 0.032537534 -0.286302368 1.027223716
v 0.057309323 -0.299941758 1.042449297
v 0.055447897 -0.279265677 1.044443775
v -0.155475048 -0.624089438 0.740159490
v 0.200974891 -0.480000000 1.060974891
v -0.499984974 -0.499971872 0.600057941
v -0.480001242 -0.499983163 0.600031858
v 0.099984833 -0.899939270 0.940033598
v 0.099985660 -0.899978038 0.960008570
v -0.138908330 -0.300640302 0.965153272
v -0.160343094 -0.299508114 0.961336635
v -0.600975667 -0.440000649 0.639025124
v -0.600974948 -0.419999982 0.639025155
v 0.160974887 -0.719999955 1.100974855
v -0.479023434 -0.398529510 1.081261321
v -0.472224419 -0.411897632 1.074870548
v 0.060001027 -0.199997447 0.900000468
v 0.080002829 -0.199996818 0.899999802
v -0.600009296 -0.720002314 0.839996995
v -0.600060631 -0.380000043 0.659939318
v -0.600060664 -0.360000064 0.659939340
v -0.100000008 -0.680000012 1.099999976
v -0.599930130 -0.819927099 0.980002663
v -0.200000000 -0.780002734 1.100002735
v -0.180000000 -0.780002735 1.100002735
v -0.180000000 -0.760001001 1.100001002
v -0.200000000 -0.760001001 1.100001002
v -0.114102133 -0.407246815 0.992608435
v -0.120733859 -0.399160038 0.984684382
v -0.300581084 -0.719746560 0.680617018
v -0.065615911 -0.260351573 0.985059369
v -0.055926886 -0.260180885 0.995340394
v -0.055192612 -0.239198877 0.995154422
v -0.045059306 -0.260233919 1.005671118
v -0.414659249 -0.433793528 1.060596765
v -0.424202505 -0.424285929 1.059567415
v -0.425631933 -0.425533583 1.075266667
v -0.418582842 -0.434794433 1.081760922
v -0.431934684 -0.431625213 1.088481915
v -0.446642757 -0.407678431 0.992620297
v -0.461234208 -0.405516089 0.995428328
v -0.459860220 -0.415527341 1.004480322
v 0.019999958 -0.199999040 0.739998998
v -0.160000000 -0.896644891 1.096644891
v -0.180000000 -0.896644891 1.096644891
v 0.199999959 -0.419999999 0.919999958
v -0.499983935 -0.896638293 1.096638293
v -0.519921975 -0.896611118 1.096611118
v -0.499983772 -0.881624513 1.101613965
v -0.519918558 -0.881603495 1.101583887
v -0.080000000 -0.300014630 0.600014630
v -0.060000000 -0.300014630 0.600014630
v 0.160976689 -0.300014483 0.599041686
v 0.160967919 -0.280079073 0.599084636
v 0.181603495 -0.280081442 0.598416113
v 0.181624513 -0.300016228 0.598386035
v 0.119927579 -0.899877060 0.940004788
v -0.220000000 -0.419999998 0.599999999
v -0.219999999 -0.439999948 0.600000046
v -0.180000000 -0.300014630 0.600014630
v -0.180000000 -0.280072785 0.600072785
v -0.160000000 -0.280072785 0.600072785
v -0.220000064 -0.900000638 0.940000032
v -0.338554715 -0.283936103 0.819103062
v -0.320087600 -0.276532314 0.821074585
v -0.439999952 -0.380000043 0.600000088
v -0.439999952 -0.360000048 0.600000096
v -0.602061146 -0.861516555 0.798285263
v -0.602397467 -0.861270517 0.818758837
v -0.601286319 -0.840123560 0.819342995
v -0.601810123 -0.840427634 0.799125476
v 0.200974855 -0.239025113 0.780000045
v -0.000000000 -0.900974889 1.060974891
v 0.135258176 -0.614742957 0.739794009
v 0.139202329 -0.615918037 0.760183721
v 0.113147676 -0.592709993 0.666023431
v 0.120613255 -0.584333231 0.659263212
v 0.126345411 -0.588016859 0.672109934
v 0.119583217 -0.596360461 0.680225204
v 0.105938696 -0.587056898 0.653095930
v 0.200003734 -0.460002374 0.739998052
v 0.200004084 -0.440000464 0.739998922
v 0.200000697 -0.439999873 0.760000110
v 0.200004390 -0.460000814 0.759999577
v -0.340000000 -0.900974890 1.060974891
v -0.392320422 -0.452279108 1.045970278
v -0.403778913 -0.444105472 1.060631455
v -0.393797642 -0.453585308 1.061591982
v -0.599922658 -0.799967184 0.840061115
v 0.119927096 -0.780002669 1.099930134
v 0.119927172 -0.760000964 1.099928296
v 0.196666972 -0.840077194 1.096666972
v 0.181595404 -0.840058467 1.101718995
v -0.040340214 -0.202327810 1.001409941
v -0.021428610 -0.198464511 1.001923555
v 0.200000038 -0.480000011 0.899999991
v 0.199999951 -0.500000038 0.899999968
v -0.160000000 -0.840060678 1.100060678
v 0.201718746 -0.259941568 1.081595879
v 0.196665352 -0.259923060 1.096669260
v -0.499985518 -0.860976689 1.100958313
v -0.480002942 -0.840060816 1.100063067
v -0.499986431 -0.840062173 1.100043491
v 0.119927205 -0.400001741 0.600070678
v -0.242021460 -0.845363123 0.775294708
v -0.220364545 -0.839691060 0.776179163
v -0.220727252 -0.860288107 0.779873622
v -0.539610756 -0.398762145 1.101757414
v -0.560599553 -0.399302086 1.102766863
v -0.433981341 -0.686734082 0.653198427
v -0.040005144 -0.539965434 0.600041003
v -0.039999227 -0.520003312 0.599999882
v -0.019996490 -0.519998213 0.600004435
v -0.020003480 -0.539952374 0.600055942
v -0.600912854 -0.599995183 0.699345231
v -0.600334376 -0.340009969 0.880031857
v 0.055531984 -0.615433870 0.604721017
v 0.061497112 -0.618658093 0.617996683
v 0.040335975 -0.616768198 0.603026654
v 0.041540573 -0.620571264 0.617950298
v 0.041064853 -0.602100533 0.598075757
v 0.019999958 -0.900060638 1.040060679
v -0.300167881 -0.615790466 0.603875805
v -0.299442592 -0.623728725 0.618587185
v -0.300108292 -0.600389096 0.598915961
v 0.199952547 -0.539993355 0.820004726
v -0.159669773 -0.658592774 0.806220163
v -0.159897770 -0.638486439 0.801101288
v -0.155229187 -0.645308555 0.814321319
v -0.158952093 -0.660589651 0.816185606
v -0.181512387 -0.659403889 0.805257920
v -0.174946276 -0.665514792 0.815017934
v -0.180364131 -0.642998577 0.796812971
v 0.200002883 -0.660000134 0.959999468
v -0.026045639 -0.833204629 0.826870831
v -0.020472093 -0.819934704 0.823633744
v -0.013390813 -0.826543196 0.832926882
v -0.019811352 -0.840654332 0.836047720
v -0.040678423 -0.834715545 0.825094230
v -0.039994363 -0.844706852 0.835129960
v -0.039539107 -0.820347290 0.819664576
v 0.040271685 -0.685315434 0.836229808
v 0.026089824 -0.686335280 0.835686325
v 0.119925262 -0.200065192 0.960002649
v -0.400000003 -0.440000013 0.600000025
v -0.596511133 -0.279696706 0.916735548
v -0.561016742 -0.576297664 0.603151141
v -0.560365618 -0.580420853 0.619619856
v -0.561134548 -0.561731216 0.597544245
v -0.599985370 -0.620000000 0.999985370
v -0.599927215 -0.620000000 1.019927215
v -0.219647679 -0.526427724 1.054261094
v -0.199765210 -0.524816679 1.059479103
v -0.219596221 -0.534824128 1.065100227
v -0.207054032 -0.532909437 1.066883926
v -0.007200024 -0.453516068 1.086790613
v 0.004366298 -0.440234155 1.095869051
v -0.003461457 -0.439749453 1.080901864
v 0.019390278 -0.439185784 1.101271691
v -0.179942910 -0.199277201 0.880158037
v -0.159947983 -0.199777502 0.879938271
v -0.159968538 -0.200078566 0.859948528
v -0.060000114 -0.639999005 1.100001818
v -0.080000013 -0.639998518 1.100001411
v 0.000002602 -0.519938530 1.100367638
v -0.000113047 -0.499760842 1.101035301
v -0.020191478 -0.499541029 1.100996486
v -0.419999958 -0.679999997 1.099999920
v -0.599985498 -0.300014878 0.759999763
v -0.400000000 -0.900974889 1.060974892
v -0.399999999 -0.901625754 1.081625756
v -0.419999955 -0.901625728 1.081625743
v -0.599936196 -0.400004671 0.879992791
v -0.019000301 -0.340331083 0.995267918
v -0.026033627 -0.345845170 0.985551262
v -0.006311070 -0.354185043 1.005961796
v -0.004760406 -0.339497755 1.004674853
v -0.439999952 -0.719999958 1.099999911
v -0.439999952 -0.700000001 1.099999955
v -0.119999344 -0.899956633 0.920034705
v -0.140000925 -0.899960624 0.920022423
v 0.199986342 -0.700000159 0.940009564
v 0.020552208 -0.615550674 0.603000379
v 0.019661360 -0.615947918 0.619249378
v 0.020487974 -0.601693469 0.597971000
v 0.013746850 -0.605194982 0.625053806
v 0.006265750 -0.604816090 0.625146995
v 0.019671458 -0.279982945 1.024462906
v 0.027898796 -0.274858616 1.031961089
v 0.028447812 -0.265005008 1.031339904
v 0.020430973 -0.259962065 1.023665968
v 0.041284302 -0.259500863 1.034655521
v 0.034098461 -0.253492418 1.025299194
v -0.372132698 -0.892368550 0.806753927
v -0.379203409 -0.896589973 0.820558940
v -0.385335587 -0.887376165 0.812687488
v -0.359634904 -0.900023154 0.819907028
v -0.359999999 -0.680000006 1.099999969
v 0.080002740 -0.199996275 0.739998993
v 0.099985371 -0.200013628 0.739999001
v -0.373982017 -0.373377193 0.906336103
v -0.386956116 -0.368265002 0.911276532
v -0.401490691 -0.366333420 0.914409126
v -0.560727347 -0.721033546 0.675083631
v -0.260350194 -0.198774895 0.740190481
v -0.240085470 -0.199612967 0.740018102
v 0.099985714 -0.899911894 1.019927508
v 0.099986431 -0.900043467 1.040062187
v -0.419999958 -0.239025149 0.599025124
v -0.419999965 -0.218373806 0.598374537
v -0.399999998 -0.218373748 0.598374354
v -0.400000003 -0.239025087 0.599025115
v 0.173350799 -0.867485769 0.844598513
v 0.160201864 -0.860077191 0.843359102
v -0.599985445 -0.439999913 0.700014634
v -0.600002590 -0.439999931 0.719997276
v -0.600002694 -0.419999997 0.719997266
v 0.006129750 -0.605474473 0.632926555
v 0.000691297 -0.619104996 0.639727986
v -0.519670530 -0.765008710 0.715896336
v -0.199063529 -0.359887174 0.943704637
v -0.194048761 -0.354311953 0.953433581
v -0.192873516 -0.345629048 0.953877469
v -0.199328809 -0.340873327 0.944753356
v -0.180459777 -0.359453073 0.944473894
v -0.181038802 -0.341536900 0.945687473
v -0.180020011 -0.340085412 0.954814875
v -0.185192118 -0.352775028 0.953161279
v -0.435356426 -0.253756439 0.745941710
v -0.425309389 -0.253375070 0.746520776
v -0.420205853 -0.239402855 0.744825182
v -0.440652775 -0.239955202 0.743544393
v -0.504769937 -0.265030537 0.859590075
v -0.514581127 -0.254619154 0.861831593
v 0.060057120 -0.199974536 0.979924131
v -0.435711933 -0.333459756 0.846538518
v -0.440434774 -0.336818436 0.859769635
v -0.420715982 -0.337416740 0.859573052
v -0.425620890 -0.333866371 0.846861984
v 0.119927218 -0.739999950 1.099927164
v -0.600000965 -0.380000042 0.739999003
v -0.600915364 -0.819920927 1.060967919
v -0.133676559 -0.631342226 0.788210046
v -0.140668427 -0.639204559 0.800503452
v -0.118893574 -0.634449351 0.784842641
v -0.119535532 -0.644085107 0.795454501
v -0.120315038 -0.624180209 0.775434923
v -0.098635331 -0.341081968 0.973741802
v -0.095437518 -0.319521851 0.974498156
v -0.086724728 -0.346183869 0.965807165
v -0.080271634 -0.341327464 0.974877284
v -0.079363730 -0.319438659 0.978947063
v 0.140038835 -0.860944771 1.101087530
v 0.019999951 -0.200000034 0.820000013
v 0.199985371 -0.419999999 0.999985369
v -0.140000001 -0.719999955 1.099999957
v -0.120000001 -0.719999957 1.099999962
v -0.120000003 -0.700000014 1.099999969
v -0.139999998 -0.700000039 1.099999920
v -0.581663583 -0.198409247 0.759985045
v 0.099985252 -0.899971531 0.999984809
v 0.140061841 -0.280072434 0.600013622
v 0.140050955 -0.259949045 0.599859199
v 0.160944771 -0.259961165 0.598912470
v -0.400000000 -0.780002734 1.100002734
v -0.099903495 -0.635906040 0.715706948
v -0.120000000 -0.339998998 0.599998998
v 0.059985084 -0.479968809 0.600089791
v 0.060001053 -0.459997738 0.600024564
v 0.079997116 -0.459975764 0.600060876
v 0.079980348 -0.479946275 0.600052967
v -0.280000007 -0.480000820 0.599998996
v -0.279999998 -0.460000019 0.599999989
v -0.259999998 -0.460000009 0.600000025
v -0.259999982 -0.480001136 0.599998858
v 0.140038835 -0.198912470 0.639055229
v 0.160967167 -0.198034772 0.639032833
v -0.600941409 -0.860965579 0.880038221
v -0.600969769 -0.860976295 0.899999883
v -0.600060158 -0.840062602 0.899996022
v -0.285373609 -0.234433748 0.820479717
v -0.277315725 -0.218557317 0.820251770
v -0.133774767 -0.653885305 0.624079101
v -0.133425612 -0.654502417 0.633328542
v -0.120112081 -0.657036546 0.623577634
v -0.119887973 -0.657968656 0.639564685
v -0.127780525 -0.648837122 0.645497866
v -0.119453905 -0.779974674 0.820528282
v -0.119944238 -0.759880985 0.821200307
v -0.100274536 -0.760000756 0.820065490
v -0.100075380 -0.780148641 0.820960060
v 0.200974891 -0.239025110 0.860000000
v 0.058698621 -0.760977864 0.825181796
v 0.073904983 -0.766014994 0.826896971
v -0.540056606 -0.540916979 0.598863530
v -0.200198537 -0.415705709 0.944449210
v -0.186694518 -0.412915836 0.946523292
v -0.183865618 -0.400592624 0.943284929
v -0.199649383 -0.400844003 0.939180935
v -0.480002734 -0.399999990 0.599997282
v -0.480002734 -0.380000043 0.599997306
v -0.460001002 -0.380000044 0.599999039
v -0.460001001 -0.400000000 0.599999007
v -0.240000000 -0.900060677 1.040060678
v -0.599988490 -0.799985414 0.899998529
v -0.599985708 -0.799985255 0.919999987
v -0.596666972 -0.896666971 1.040077194
v -0.601718995 -0.881595403 1.040058467
v -0.581595404 -0.901718995 1.040058467
v 0.039958958 -0.901001030 0.879046271
v 0.019975682 -0.900951775 0.879037966
v -0.460140474 -0.361083541 0.936178025
v -0.459570317 -0.374576117 0.945444420
v -0.079309951 -0.299393597 0.979571579
v -0.060745177 -0.299846287 0.984492346
v -0.064796825 -0.280179132 0.984858789
v -0.079985637 -0.279906253 0.975784929
v -0.140569167 -0.645900326 0.659527503
v -0.159815233 -0.646014519 0.655447707
v 0.200002733 -0.500000000 0.980002734
v -0.600958778 -0.479990284 0.639023411
v -0.600001149 -0.599999788 0.779999139
v -0.300009840 -0.580048700 1.100059516
v -0.320025802 -0.580076262 1.099970763
v 0.059970734 -0.620742470 0.680306312
v 0.060319749 -0.615815318 0.700142908
v 0.039506572 -0.619149200 0.700568979
v 0.020155643 -0.581093727 0.598622239
v 0.040708164 -0.581229842 0.597961958
v -0.260029450 -0.900772990 0.799611072
v -0.279927463 -0.900891181 0.799681847
v -0.439999956 -0.899985266 0.999985422
v -0.420000225 -0.579995057 1.099980361
v -0.400013634 -0.559980307 1.100024112
v -0.420010501 -0.559981599 1.099955577
v -0.319999527 -0.639997436 1.100004379
v 0.199927206 -0.640000000 1.019927214
v 0.199927215 -0.280072785 0.840000000
v 0.199985370 -0.300014630 0.840000000
v -0.215779096 -0.679431144 0.796203930
v -0.201915757 -0.679364341 0.805759970
v -0.215297984 -0.645227860 0.740214080
v -0.225095335 -0.659334029 0.740088014
v -0.234727143 -0.664560278 0.733795901
v -0.601625755 -0.620000000 1.081625755
v -0.596644891 -0.620000000 1.096644891
v -0.581625755 -0.620000000 1.101625755
v -0.240023304 -0.615873464 0.603810819
v -0.240246321 -0.620864986 0.618510797
v -0.239973387 -0.601603578 0.598423659
v -0.306312870 -0.868211434 0.731835522
v -0.173461139 -0.205216886 0.955050954
v -0.176021011 -0.203336500 0.941228414
v -0.160566050 -0.202948873 0.957123395
v -0.160512958 -0.198211161 0.941790942
v -0.601888252 -0.540617229 0.639026494
v -0.200225662 -0.260011988 0.940434043
v -0.193743179 -0.254544017 0.952878650
v -0.193313514 -0.245729502 0.953810147
v -0.180768219 -0.264437938 0.945690002
v -0.179747062 -0.255420816 0.955261068
v -0.278881637 -0.494438768 1.005429817
v -0.260116390 -0.495177239 1.005638927
v -0.601094844 -0.399884526 0.960091124
v -0.139999893 -0.200014800 0.700014609
v -0.119999994 -0.200014673 0.700014630
v -0.119999993 -0.680000026 1.099999904
v 0.060000964 -0.819927172 1.099928296
v 0.080002669 -0.819927096 1.099930134
v 0.080002676 -0.799985309 1.099988223
v 0.060000999 -0.799985371 1.099986372
v -0.601626438 -0.499999850 1.081625722
v 0.199935308 -0.599995622 0.880005432
v -0.280000000 -0.819927215 1.099927215
v -0.260000000 -0.819927215 1.099927215
v -0.260000000 -0.799985370 1.099985370
v -0.280000000 -0.799985370 1.099985370
v 0.200958313 -0.239023311 0.700014482
v 0.200043491 -0.259937827 0.700013569
v 0.199927182 -0.700000000 1.019927240
v -0.020001078 -0.900058233 0.899946342
v -0.040001938 -0.900058638 0.899930787
v -0.100000000 -0.799985370 1.099985370
v -0.359998283 -0.899966277 0.900017727
v -0.380000106 -0.899966577 0.900024450
v -0.540077194 -0.896666972 1.096666972
v -0.540058467 -0.881595404 1.101718995
v 0.080002735 -0.199997264 0.819999999
v 0.099985370 -0.200014629 0.819999998
v -0.060753515 -0.454284176 1.046235263
v -0.060779931 -0.439920679 1.040430542
v -0.079502724 -0.439773030 1.035742248
v -0.100000000 -0.203355109 0.603355109
v -0.100000000 -0.198374245 0.618374245
v -0.080000000 -0.198374245 0.618374245
v -0.080000000 -0.203355109 0.603355109
v -0.100000000 -0.218374245 0.598374245
v -0.080000000 -0.218374245 0.598374245
v -0.261066887 -0.202312197 0.820063134
v -0.240983779 -0.199150392 0.819950633
v -0.180000000 -0.400000001 0.599999999
v -0.160000000 -0.400000001 0.600000000
v -0.519927219 -0.419999994 0.600072790
v -0.519927217 -0.399999978 0.600072821
v -0.499985369 -0.399999985 0.600014655
v -0.499985374 -0.419999977 0.600014660
v -0.000155681 -0.719895886 0.824009534
v -0.001091450 -0.700023969 0.825267965
v 0.006153058 -0.705228011 0.834052090
v 0.006341994 -0.714086201 0.833216290
v -0.020275857 -0.720007980 0.820404683
v -0.020417935 -0.700228069 0.820638388
v -0.180903617 -0.275129084 0.946151928
v -0.166318553 -0.273587035 0.946884632
v -0.166268335 -0.266303083 0.947104275
v 0.196615827 -0.739932699 0.843466804
v 0.196595319 -0.719751644 0.843967445
v 0.201554426 -0.719947537 0.858719479
v 0.201611629 -0.740003486 0.858374662
v 0.181630628 -0.739814064 0.838635837
v 0.181581627 -0.719559396 0.839271852
v -0.200053507 -0.899958346 0.860114920
v -0.220049401 -0.899847403 0.860093487
v 0.058543211 -0.198364461 1.061954426
v -0.040198851 -0.637025646 0.618415379
v -0.044937415 -0.634831241 0.639319017
v -0.600000461 -0.380000096 0.799999850
v -0.600004118 -0.379999607 0.820001497
v -0.380187164 -0.640320550 0.619229134
v -0.600000677 -0.479999507 0.939999813
v -0.599979952 -0.459998632 0.939998644
v 0.200666911 -0.680023405 0.879664952
v 0.019998029 -0.199992346 0.900003554
v 0.119927215 -0.200072786 0.800000000
v -0.220200752 -0.199616964 0.800015209
v 0.099983772 -0.901613966 1.081624512
v 0.099983935 -0.896638293 1.096638293
v -0.543467097 -0.218853340 0.876229961
v -0.539077822 -0.238726335 0.881380315
v -0.558638801 -0.233964950 0.886646664
v -0.560077551 -0.217663347 0.882144837
v 0.100241544 -0.299933742 1.101006426
v -0.086369792 -0.632786043 0.788078305
v -0.079810833 -0.638910348 0.801106383
v -0.100867399 -0.635118567 0.784737291
v -0.099661241 -0.644343747 0.795491461
v -0.100137380 -0.624050784 0.775345864
v 0.140060816 -0.199936933 0.719997058
v 0.196644883 -0.360000085 0.603355143
v 0.181625708 -0.360000125 0.598374208
v -0.019979149 -0.200108002 0.919948516
v 0.000001106 -0.200058730 0.919985804
v 0.199978178 -0.480001133 0.739999177
v -0.160000000 -0.380000042 0.600000042
v -0.160000000 -0.360000048 0.600000048
v 0.201625729 -0.218374258 0.919999955
v 0.019997510 -0.499999599 0.600040012
v 0.020003358 -0.480003914 0.599999594
v 0.039998301 -0.479997387 0.600041473
v 0.039972871 -0.499976551 0.600095139
v -0.059980423 -0.835315163 0.824795212
v -0.059305083 -0.845329375 0.834818459
v -0.059727581 -0.820091701 0.819357999
v -0.493327231 -0.233154267 0.786414968
v -0.504094743 -0.224151424 0.799064748
v -0.496206696 -0.239510322 0.800864249
v -0.514813155 -0.213969595 0.801072221
v -0.060000001 -0.200000042 0.760000050
v -0.599988228 -0.799985310 0.980002673
v -0.599970950 -0.799985265 0.999985265
v -0.581952555 -0.577166184 0.602694280
v 0.040000474 -0.900006248 0.959997034
v 0.019999917 -0.900004741 0.959998260
v -0.299999995 -0.900000868 0.960001025
v 0.200060678 -0.500000000 1.040060678
v 0.200974891 -0.500000000 1.060974890
v -0.360714728 -0.441115551 0.959115876
v -0.365623337 -0.432718616 0.946845125
v -0.374604538 -0.454348158 0.966065946
v -0.365829923 -0.454010497 0.966626651
v 0.060065861 -0.901291789 0.878965985
v -0.599999998 -0.599999999 0.860000002
v -0.599999977 -0.579999999 0.840000017
v -0.601087514 -0.239055262 0.659961177
v -0.601719039 -0.218404953 0.659941498
v -0.100007920 -0.559643088 1.100548982
v -0.080031482 -0.559845887 1.100420222
v -0.099977815 -0.539155368 1.100757576
v -0.600002734 -0.700000000 0.980002734
v -0.600002736 -0.680000001 0.980002735
v -0.259997045 -0.899998147 0.880002249
v -0.279999962 -0.900002599 0.879998880
v 0.181625974 -0.760001089 1.101626450
v 0.196677101 -0.896659355 0.919894681
v -0.283271422 -0.300460423 0.880055557
v -0.276270483 -0.280386211 0.880501030
v -0.339998080 -0.619995247 1.099995744
v -0.160000000 -0.760001001 1.100001002
v -0.160000000 -0.739999949 1.099999955
v -0.180000000 -0.739999951 1.099999953
v 0.199927168 -0.280072783 0.919999960
v 0.199985327 -0.300014630 0.919999959
v -0.519927172 -0.760000964 1.099928296
v -0.499985371 -0.760000999 1.099986372
v -0.499985374 -0.739999955 1.099985313
v -0.519927218 -0.739999950 1.099927164
v -0.399086855 -0.795589419 0.684698302
v -0.401225598 -0.805767962 0.694059134
v 0.119928803 -0.280071197 0.600148747
v 0.119927530 -0.300014287 0.600088074
v -0.220000000 -0.280072785 0.600072785
v -0.220000000 -0.300014630 0.600014630
v -0.439999943 -0.239025243 0.599025042
v -0.439999963 -0.218374073 0.598374360
v -0.319204189 -0.816328905 0.683175991
v -0.419999958 -0.339998998 0.599999040
v 0.140190564 -0.760032285 0.840842945
v 0.140494136 -0.740054307 0.840141942
v 0.161134861 -0.739842429 0.839561647
v 0.161024826 -0.760034173 0.839218027
v -0.060000000 -0.900974892 1.060974889
v -0.086223154 -0.655043389 0.625358281
v -0.084445999 -0.656711158 0.640198834
v -0.100640385 -0.657711945 0.623593363
v -0.100018810 -0.661488198 0.640032515
v -0.094303378 -0.300255080 0.974016893
v -0.092071497 -0.285855813 0.971593817
v -0.099661506 -0.279642651 0.963224479
v -0.086653665 -0.274810986 0.966284969
v -0.599941688 -0.539993470 0.720013684
v -0.599999391 -0.659999935 0.840000145
v -0.599999856 -0.640000034 0.840000023
v 0.039991531 -0.199641846 0.980033233
v -0.601435939 -0.399061068 1.039958690
v -0.140001151 -0.199998035 0.779999961
v -0.119999968 -0.200000134 0.779999945
v 0.119920927 -0.860967919 1.100915364
v 0.200060633 -0.259939319 0.780000042
v 0.196644891 -0.699999999 1.096644891
v 0.181625756 -0.699999999 1.101625754
v -0.039999987 -0.900003803 0.980001561
v -0.299729055 -0.514512208 1.081283396
v -0.279609403 -0.519811080 1.081031920
v -0.200000000 -0.860974890 1.100974890
v -0.220000000 -0.860974890 1.100974890
v -0.486198244 -0.854722471 0.764986820
v -0.480357135 -0.840818855 0.762287161
v -0.473051382 -0.847311011 0.772452259
v -0.480618226 -0.856770931 0.778991272
v -0.499916517 -0.855941974 0.763728184
v -0.499791021 -0.840570938 0.759822401
v -0.160000000 -0.719999965 1.099999946
v -0.159999994 -0.700000093 1.099999895
v -0.380000003 -0.900002731 0.980002746
v -0.540038835 -0.860944771 1.101087530
v -0.484192604 -0.240491613 0.778510413
v -0.476436464 -0.255570099 0.780302170
v 0.099985488 -0.200014891 0.899999787
v 0.099985376 -0.200014749 0.879999988
v -0.325884142 -0.353672522 0.886373886
v -0.312645441 -0.348560926 0.891226898
v -0.319487578 -0.339743488 0.883864472
v -0.298095187 -0.345926009 0.894350747
v -0.299767233 -0.335620064 0.884634899
v -0.255759827 -0.218424961 0.896193299
v -0.254343421 -0.204856551 0.893983714
v -0.256087994 -0.203184037 0.880826343
v -0.241645467 -0.202836763 0.897194779
v -0.241568645 -0.198124527 0.880943677
v -0.242253381 -0.217998476 0.905710079
v -0.499531208 -0.679999554 0.660717160
v 0.140060618 -0.380000536 0.599938680
v -0.140000000 -0.239025109 0.599025110
v -0.140000000 -0.218374245 0.598374245
v -0.120000000 -0.218374245 0.598374245
v -0.120000000 -0.239025109 0.599025110
v -0.039954057 -0.700030718 0.820381475
v -0.039860682 -0.679863275 0.820307372
v -0.020027643 -0.679928791 0.819901826
v -0.279994773 -0.580942230 0.598981629
v -0.259976890 -0.581102350 0.598947201
v -0.399999999 -0.300014630 0.600014631
v -0.199999702 -0.900002681 0.939999154
v -0.600973038 -0.619994622 0.698999004
v -0.560974884 -0.440001207 0.599024043
v -0.560974842 -0.419999983 0.599025083
v -0.540060660 -0.419999998 0.599939289
v -0.540060585 -0.440000823 0.599938169
v -0.459621298 -0.795657197 0.705208535
v -0.461675077 -0.805031880 0.717969904
v -0.459604623 -0.779159602 0.704224680
v -0.060726756 -0.740741188 0.815109834
v -0.059934009 -0.719717590 0.819606548
v -0.039844608 -0.719836116 0.820176370
v -0.039715825 -0.739891514 0.819428733
v -0.216328328 -0.299812685 0.935314791
v -0.215691984 -0.280616368 0.934757612
v -0.205376214 -0.299214235 0.945618406
v -0.200873661 -0.279591106 0.944187068
v -0.599922707 -0.479999194 1.019927382
v -0.599886662 -0.460014293 1.019933537
v -0.459929908 -0.896128945 0.825100439
v -0.439916118 -0.896216082 0.824103649
v -0.439986911 -0.901366109 0.838876605
v -0.459945974 -0.901613026 0.838836997
v -0.146659100 -0.453274301 0.986851092
v 0.199991250 -0.680000084 0.940004629
v 0.200002724 -0.680000075 0.959999530
v -0.473305500 -0.373352952 0.947622829
v -0.475489320 -0.360302653 0.943980330
v 0.201626450 -0.760001089 1.081625974
v 0.201626941 -0.780002912 1.081627126
v 0.119927204 -0.200072791 0.880000020
v 0.159998878 -0.539021810 0.640986365
v 0.180988283 -0.536281650 0.639949757
v 0.180770296 -0.539840023 0.660587983
v 0.165189951 -0.544600388 0.660927405
v -0.221188633 -0.198029988 0.881177689
v -0.060456948 -0.499442362 1.097853731
v -0.066702040 -0.491999497 1.087112886
v -0.601621766 -0.761283568 0.738744303
v 0.099985370 -0.640000001 1.099985373
v 0.119927215 -0.640000000 1.099927213
v 0.119927215 -0.620000001 1.099927219
v -0.601670199 -0.259170545 0.881728221
v 0.140060679 -0.199939324 0.800000000
v 0.199927093 -0.360000023 0.680072782
v -0.299918619 -0.900703814 0.799809206
v -0.000830746 -0.198315820 1.001313531
v 0.200000571 -0.479999834 0.820000118
v 0.020001006 -0.460001449 0.599993740
v 0.000017412 -0.540034943 1.099958775
v -0.060000027 -0.199998191 0.840000897
v -0.560411969 -0.859982802 0.779637708
v -0.560387980 -0.840301607 0.778644377
v -0.539513999 -0.860078061 0.779237197
v -0.167213400 -0.632166170 0.726260290
v -0.164939700 -0.634022664 0.740339612
v -0.173378656 -0.625804617 0.713962409
v -0.145460733 -0.645556107 0.814110393
v 0.060000971 -0.199938197 0.659939415
v 0.080002942 -0.199936933 0.659939184
v -0.568244666 -0.366270906 1.026384287
v -0.565689921 -0.364402821 1.040937152
v -0.555229088 -0.374375329 1.038890621
v -0.581020664 -0.362557067 1.019459549
v -0.279999973 -0.199975577 0.659921243
v -0.259999673 -0.199958375 0.659936754
v -0.180366372 -0.520063780 1.060105924
v -0.179364897 -0.520483244 1.039133867
v -0.600975412 -0.239022556 0.739999290
v -0.601624001 -0.218370736 0.740000325
v -0.600974888 -0.700000000 1.060974892
v -0.600974891 -0.680000001 1.060974891
v -0.159892926 -0.900950937 0.859698730
v -0.179974982 -0.900377025 0.859986148
v 0.199930440 -0.420002812 0.680071640
v -0.320000000 -0.900974890 1.060974891
v 0.140060681 -0.719999958 1.100060633
v 0.196647158 -0.896647379 0.980001875
v 0.201627181 -0.881628283 0.980003689
v 0.196638776 -0.896638655 0.999983257
v 0.181628427 -0.901628359 0.979999986
v 0.199979148 -0.519997613 0.800000626
v 0.199920640 -0.539953064 0.800026098
v -0.500005917 -0.900824304 0.859411524
v -0.519929062 -0.900520884 0.859684989
v 0.199988223 -0.300014691 0.980002676
v 0.199911925 -0.280072470 0.999985714
v 0.199970948 -0.300014735 0.999985266
v -0.600000110 -0.520000023 0.939999975
v -0.560151815 -0.584102867 0.656015388
v -0.059995367 -0.900076182 0.899886472
v -0.379897961 -0.719725456 0.659781877
v -0.379994490 -0.700179049 0.660202322
v -0.360053800 -0.700197709 0.660248671
v -0.360782952 -0.719488404 0.660462164
v 0.140060816 -0.780002942 1.100063067
v -0.399999993 -0.640000392 1.100000916
v -0.220000000 -0.780002734 1.100002735
v -0.220000000 -0.760001001 1.100001002
v -0.582177231 -0.640424417 0.658436287
v -0.566288491 -0.640616954 0.653674877
v 0.060001003 -0.339999001 0.599997992
v 0.060001007 -0.319997260 0.599996274
v 0.080002734 -0.319997267 0.599994527
v 0.080002741 -0.339998998 0.599996274
v -0.200000000 -0.400000002 0.599999999
v 0.140062173 -0.300013570 0.599956508
v -0.339978495 -0.900834099 0.819933864
v -0.540060682 -0.399999969 0.599939366
v -0.360263995 -0.296161826 0.820239598
v -0.353019993 -0.287372075 0.813189550
v -0.346065230 -0.293037438 0.826456427
v -0.100341045 -0.739918819 0.819756629
v -0.079275887 -0.740757818 0.815073780
v -0.079288852 -0.759246513 0.815223218
v -0.600000010 -0.659999998 0.900000001
v -0.599999956 -0.659999999 0.919999959
v -0.599999957 -0.640000000 0.919999958
v 0.042921422 -0.203763738 1.061181247
v -0.460001001 -0.360000049 0.599999045
v 0.120155390 -0.759940489 0.841007859
v 0.119979755 -0.779882921 0.840444096
v 0.054216697 -0.686754693 0.834242327
v -0.600061803 -0.760000971 1.040060585
v -0.600060663 -0.739999936 1.040060660
v -0.139995626 -0.200079248 0.859973759
v -0.120002985 -0.200036087 0.859992022
v -0.040000000 -0.200000047 0.760000049
v -0.019999999 -0.200000046 0.760000048
v -0.133203671 -0.313606557 0.973770490
v -0.133227312 -0.306464083 0.973995428
v -0.125982616 -0.306447345 0.973286365
v -0.125962822 -0.313618534 0.973194616
v 0.200294077 -0.480050804 0.659981273
v 0.201341183 -0.500728806 0.659811055
v 0.200060678 -0.259939322 0.840000000
v 0.200060678 -0.259939322 0.860000000
v 0.200003725 -0.339998993 0.980002740
v 0.200002685 -0.360000047 0.980002735
v -0.393457415 -0.853352071 0.747015627
v -0.397209078 -0.859661282 0.759875602
v -0.395251172 -0.838256420 0.744835452
v -0.388468093 -0.868038867 0.752648150
v -0.399236490 -0.246052885 0.753949364
v -0.379646880 -0.246071569 0.753896932
v -0.400094000 -0.260911802 0.758302872
v -0.379648164 -0.260977472 0.759259621
v 0.084445823 -0.299629731 1.096179537
v 0.099525958 -0.319746684 1.101163510
v -0.600975845 -0.339998937 0.639025124
v -0.280311799 -0.658488694 0.665021581
v -0.259892269 -0.654585739 0.665114369
v -0.258700371 -0.664994904 0.674691161
v -0.273553150 -0.666562300 0.673281230
v -0.279779660 -0.638745410 0.657573406
v -0.139977607 -0.579888531 1.100062697
v -0.119998122 -0.579926528 1.100075123
v -0.119941687 -0.559536096 1.100640135
v -0.139948501 -0.559283266 1.100866145
v -0.185400466 -0.819911138 0.785159504
v -0.199523257 -0.819094766 0.779351479
v 0.119927096 -0.200069866 0.719997331
v -0.333892716 -0.506238055 1.093689295
v -0.319385697 -0.504202920 1.096058613
v -0.219971075 -0.200071582 0.719985930
v -0.199996768 -0.200018177 0.719996879
v -0.220000000 -0.400000002 0.599999999
v -0.599986849 -0.620000585 0.760016468
v -0.600002902 -0.619999603 0.779999202
v -0.139472926 -0.861131540 0.815685024
v -0.119036619 -0.860768070 0.819745195
v -0.599999676 -0.719999943 0.900000035
v -0.599999971 -0.700000018 0.899999970
v 0.055164014 -0.260316480 1.044416175
v 0.099977109 -0.459950813 0.600096384
v 0.099976652 -0.480003547 0.599899989
v -0.080085564 -0.719650300 0.819692671
v -0.080085645 -0.699466881 0.821130486
v -0.059931455 -0.699652846 0.821008939
v -0.601628263 -0.479997415 1.081627904
v -0.596645705 -0.479995854 1.096649774
v -0.596638320 -0.459994644 1.096640270
v -0.581625462 -0.479995056 1.101630557
v -0.581624593 -0.460000884 1.101594422
v -0.439999776 -0.899982987 0.920020054
v -0.460001353 -0.899982716 0.920021319
v -0.499985117 -0.479994618 0.600023393
v -0.480002596 -0.479999750 0.600001095
v -0.319795547 -0.620701103 0.601885299
v -0.313346494 -0.628013420 0.612038808
v -0.179999971 -0.199025372 0.639025084
v -0.160000011 -0.199025134 0.639025119
v -0.160000004 -0.198374223 0.618374249
v 0.099983835 -0.200008730 0.940001892
v -0.419939410 -0.896602350 0.824140983
v -0.399700380 -0.896233630 0.824249660
v -0.399929026 -0.900654963 0.839918836
v -0.420009041 -0.901056216 0.839340560
v -0.240074936 -0.525065307 1.058401386
v -0.233205036 -0.533175834 1.066777186
v -0.600974864 -0.399999973 0.639025111
v -0.299999404 -0.899996469 0.879995714
v 0.060001002 -0.680000002 1.100001003
v 0.080002735 -0.680000001 1.100002735
v 0.080002735 -0.660000001 1.100002736
v 0.060001002 -0.659999999 1.100001010
v 0.200000029 -0.460000009 0.879999996
v -0.099999986 -0.659999622 1.100000402
v -0.040342731 -0.499830630 1.100854518
v -0.055413643 -0.218698838 0.995598995
v -0.079987635 -0.200059714 0.899937214
v -0.059955767 -0.199918019 0.919962579
v -0.364035315 -0.499826184 1.095744022
v -0.359893365 -0.519680268 1.097118488
v -0.379679076 -0.520389410 1.100586644
v -0.379657937 -0.499671698 1.101481138
v 0.039999950 -0.200000030 0.820000004
v -0.227351106 -0.333328591 0.927522197
v -0.225471556 -0.319183653 0.924922968
v -0.519920927 -0.860967919 1.100915364
v -0.460001002 -0.719999958 1.100000960
v -0.460001002 -0.699999999 1.100001003
v 0.181595404 -0.259941533 0.598281005
v -0.180000000 -0.259939322 0.599939322
v -0.160000000 -0.259939322 0.599939322
v -0.540061841 -0.899986380 1.019927564
v -0.560967919 -0.900915366 1.019920925
v -0.519928803 -0.280071197 0.600148747
v -0.519927566 -0.259938158 0.600013623
v -0.499986431 -0.259937825 0.599956510
v -0.499985713 -0.280072469 0.600088075
v 0.060001003 -0.199997998 0.739998997
v -0.439999951 -0.339998999 0.599999046
v -0.188615507 -0.672759451 0.809972668
v -0.181022611 -0.680374339 0.817761879
v -0.194660539 -0.686173149 0.815812953
v -0.100000000 -0.239025110 0.599025110
v -0.080000000 -0.239025110 0.599025110
v -0.600653665 -0.819920826 0.819689513
v -0.280140337 -0.199403435 0.740349039
v -0.600945278 -0.239042740 0.799969111
v -0.600990753 -0.239082402 0.819916649
v -0.601724317 -0.218447894 0.819979753
v 0.146418184 -0.874856121 0.845097003
v 0.138437455 -0.881143215 0.855072575
v 0.144503536 -0.859746701 0.845407732
v -0.597805759 -0.339623132 0.940458340
v -0.595191540 -0.326557726 0.933738381
v -0.581278611 -0.324749643 0.935494333
v -0.581759246 -0.335047302 0.944882701
v -0.160000586 -0.899975207 0.920007056
v -0.159999496 -0.900001586 0.939997458
v -0.179999455 -0.900003845 0.939997896
v 0.199999699 -0.419999903 0.760000077
v 0.197059441 -0.897059442 1.061120680
v 0.202359024 -0.881757070 1.061085198
v 0.197330605 -0.897330605 1.081880081
v 0.181757070 -0.902359026 1.061085196
v 0.199999609 -0.519999515 0.880000397
v 0.200003468 -0.539999816 0.880000172
v -0.499985182 -0.899972594 0.920009242
v -0.499985417 -0.899986853 0.939998636
v -0.519927156 -0.899928988 0.939998216
v -0.059999981 -0.900003864 0.980001614
v 0.006842458 -0.632506811 0.787303558
v 0.196611118 -0.819921975 1.096611118
v 0.181603495 -0.819918558 1.101583887
v -0.220000000 -0.739999954 1.099999949
v -0.420197174 -0.756034349 0.663605597
v -0.400145684 -0.760029088 0.662759895
v -0.420196377 -0.740281310 0.659363548
v -0.399988187 -0.740631565 0.659320014
v -0.160000000 -0.819927215 1.099927215
v 0.099985713 -0.819927530 1.099911925
v 0.099985265 -0.799985265 1.099970948
v -0.480002669 -0.819927096 1.099930134
v -0.499985713 -0.819927530 1.099911925
v 0.005735902 -0.340628047 1.013628029
v 0.005565916 -0.320045032 1.013824369
v -0.004897290 -0.320905699 1.005627628
v 0.021719853 -0.340823611 1.018265656
v 0.021383245 -0.320151661 1.018228963
v -0.539043716 -0.378518320 1.097866552
v -0.559710499 -0.378826586 1.102389035
v 0.197059442 -0.238879321 0.602940558
v 0.197330605 -0.218119918 0.602669395
v 0.202359027 -0.238914805 0.618242931
v 0.181757069 -0.238914805 0.597640973
v 0.182047222 -0.217952778 0.597591423
v 0.000002505 -0.900058121 0.899942911
v -0.019998516 -0.500002828 0.599993385
v -0.339998237 -0.899977398 0.900004307
v -0.239889275 -0.896084757 0.784118339
v -0.239976487 -0.901183504 0.799629224
v -0.379999545 -0.520002968 0.600002199
v -0.379999890 -0.500000392 0.599999323
v -0.360000037 -0.500000933 0.599998010
v -0.359999652 -0.520001815 0.600005352
v -0.140000000 -0.339998998 0.599998998
v -0.599985370 -0.660000000 0.999985370
v -0.599985370 -0.640000000 0.999985370
v -0.473066404 -0.793974487 0.706991213
v -0.479927693 -0.796300411 0.719859792
v -0.472531025 -0.785075827 0.706960361
v -0.500831829 -0.396863453 0.999505251
v -0.507250827 -0.387916176 1.004824602
v -0.507174096 -0.387060734 1.014145750
v -0.499914616 -0.395683661 1.019163628
v -0.521236796 -0.386967804 1.003751716
v -0.039999958 -0.199999172 0.840000071
v -0.019999906 -0.200000039 0.839999757
v 0.199924686 -0.499984994 0.740012461
v -0.140000000 -0.400000001 0.600000000
v -0.220080515 -0.634670021 0.644941294
v -0.220201988 -0.643815334 0.659300189
v -0.220097336 -0.625483507 0.633953698
v 0.200975852 -0.339998942 1.060974838
v 0.200974947 -0.360000066 1.060974766
v -0.499985370 -0.380000041 0.600014673
v -0.420497388 -0.260930060 0.754644583
v -0.414071346 -0.248013086 0.752047017
v -0.480002912 -0.901626941 1.081627126
v -0.020005055 -0.480182270 1.097447768
v 0.160974890 -0.620000000 1.100974890
v 0.181625755 -0.620000000 1.101625755
v 0.181625755 -0.600000000 1.101625755
v 0.160974891 -0.600000000 1.100974889
v -0.514376914 -0.652284106 0.647715581
v -0.520275255 -0.659656954 0.656945361
v -0.526166868 -0.647895431 0.652463140
v -0.499053882 -0.653768708 0.646304003
v -0.499638057 -0.663370797 0.656691370
v -0.179997501 -0.620038761 1.099949476
v -0.159998943 -0.620023104 1.099963983
v -0.159985498 -0.600083428 1.099886244
v -0.179988173 -0.600087680 1.099932287
v -0.199939383 -0.200046050 0.799998182
v -0.519927213 -0.620000000 1.099927231
v -0.499985362 -0.619999999 1.099985369
v -0.499985369 -0.599999988 1.099985222
v -0.519927204 -0.599999991 1.099927218
v -0.600000014 -0.619999999 0.860000002
v -0.439999951 -0.680000006 1.099999946
v -0.100006068 -0.579992958 1.100052957
v -0.079999998 -0.580041364 1.099985059
v -0.600002693 -0.719999958 0.980002734
v -0.460001000 -0.899986322 0.999985419
v -0.046697063 -0.452831391 1.047533385
v 0.059963962 -0.499960413 0.599981948
v -0.419999892 -0.203353361 0.603356385
v -0.419999663 -0.198379255 0.618372319
v -0.399999752 -0.198383080 0.618371639
v -0.399999907 -0.203354594 0.603355243
v -0.600002738 -0.400000004 0.719997265
v -0.600000038 -0.499999995 0.840000005
v -0.540043581 -0.900452638 0.859848427
v -0.040000000 -0.860974890 1.100974891
v -0.019999999 -0.860974891 1.100974891
v -0.019999999 -0.840060678 1.100060679
v -0.040000000 -0.840060678 1.100060678
v -0.380000001 -0.860974891 1.100974891
v -0.360000000 -0.860974890 1.100974891
v -0.360000000 -0.840060678 1.100060678
v -0.380000001 -0.840060678 1.100060679
v 0.039999811 -0.199996119 0.900001523
v -0.300746832 -0.679058935 0.665021347
v 0.160967167 -0.239032833 0.598034772
v -0.500500637 -0.395039621 0.984986512
v -0.479568376 -0.404407314 1.000002796
v -0.479925639 -0.396050369 0.985321033
v -0.140000000 -0.739999950 1.099999955
v -0.561120679 -0.897059442 1.097059442
v 0.060001002 -0.199998992 0.820000000
v 0.146130600 -0.672119713 0.827950309
v 0.132664389 -0.666237417 0.834032473
v 0.161568531 -0.675443361 0.824905627
v -0.599930770 -0.819928056 0.899997232
v -0.256171462 -0.239011298 0.895998170
v -0.099992128 -0.580087522 0.599903111
v -0.099989544 -0.559937084 0.600098798
v -0.080002539 -0.559932290 0.600111600
v -0.200000000 -0.280072785 0.600072785
v -0.200000000 -0.300014630 0.600014630
v -0.273479264 -0.206198993 0.813808279
v -0.268080040 -0.211460493 0.826610285
v -0.599987524 -0.480001868 0.700014367
v -0.599986934 -0.460000382 0.700014612
v -0.120204812 -0.739887550 0.821076301
v -0.596658770 -0.239115824 0.896399540
v -0.596618186 -0.225410722 0.894250375
v -0.574693949 -0.231066807 0.889484669
v -0.587880239 -0.225653371 0.894986885
v -0.581344870 -0.238587874 0.897867822
v -0.519851488 -0.199416131 0.720116463
v -0.499767645 -0.198723033 0.720451756
v -0.480002735 -0.360000048 0.599997315
v 0.019999958 -0.199939367 0.659939319
v -0.302750133 -0.260221721 0.820399447
v -0.294372345 -0.245838834 0.819465538
v 0.200001012 -0.519999998 0.960001004
v 0.200001039 -0.540000007 0.960000992
v 0.201625755 -0.620000000 1.081625755
v 0.201625755 -0.640000000 1.081625755
v -0.019999999 -0.200072784 0.680072785
v -0.000000000 -0.200072786 0.680072785
v -0.346249870 -0.231773937 0.748336919
v -0.339770223 -0.240157480 0.759646357
v -0.333248694 -0.226531587 0.753100109
v -0.318399788 -0.224429614 0.754306411
v -0.319015706 -0.241235053 0.762460083
v -0.359998910 -0.199510142 0.680329270
v -0.340015171 -0.199616465 0.680315566
v -0.239994953 -0.899982695 0.880005797
v -0.208423155 -0.714920016 0.788585346
v -0.208173618 -0.705083555 0.788799148
v -0.204211374 -0.699823419 0.801892221
v -0.213100278 -0.724832806 0.793398836
v -0.213513932 -0.693528493 0.794361234
v -0.399990001 -0.540089594 1.100222670
v -0.596628744 -0.896616235 0.880035032
v -0.601608559 -0.881605059 0.880048427
v -0.581612663 -0.901575759 0.880047878
v -0.280379878 -0.339605118 0.899868462
v -0.286345719 -0.333318333 0.887262317
v -0.286261624 -0.353729990 0.906490692
v -0.079997864 -0.539989343 0.600019553
v -0.059998899 -0.520005159 0.599996315
v -0.060002256 -0.539983140 0.600030976
v -0.039958628 -0.200082133 0.919916782
v -0.480002930 -0.899985188 0.920017059
v 0.200004345 -0.500001888 0.819999021
v 0.199999587 -0.579999781 0.940000301
v 0.200001632 -0.599999890 0.940000139
v -0.080218314 -0.839240944 0.823956765
v -0.074005940 -0.846833664 0.833015414
v -0.254097871 -0.453816267 0.945830675
v -0.244447975 -0.453395046 0.945372028
v -0.259683346 -0.440147684 0.943019820
v -0.600083170 -0.699901392 0.740091312
v -0.599870699 -0.679941074 0.740121510
v 0.181607909 -0.760000297 0.838313163
v 0.199851253 -0.280071197 0.680071197
v 0.199911926 -0.300014287 0.680072470
v 0.140060679 -0.600000001 1.100060682
v 0.160974891 -0.580000001 1.100974893
v -0.200228379 -0.198551552 0.880580224
v -0.380027671 -0.336292150 0.859971155
v -0.380343041 -0.340538731 0.875690394
v -0.373291950 -0.327818217 0.874551219
v -0.372615285 -0.327516557 0.866118517
v -0.359833233 -0.325152598 0.874947122
v -0.360775294 -0.339761673 0.879712982
v 0.140060678 -0.640000000 1.100060677
v 0.140060678 -0.620000000 1.100060676
v -0.260000000 -0.780002734 1.100002735
v -0.600974855 -0.719999955 1.060974887
v -0.480002734 -0.719999958 1.100002693
v -0.480002735 -0.699999999 1.100002734
v -0.419852904 -0.198527814 0.701145084
v -0.399923575 -0.199327734 0.700663368
v -0.420146057 -0.305576763 0.813971703
v -0.400004330 -0.305357989 0.814344258
v -0.419215655 -0.315232492 0.824582691
v -0.401029550 -0.315195427 0.824829252
v 0.039999951 -0.199999046 0.739998999
v -0.299921144 -0.202301358 0.740016271
v -0.599999854 -0.520000015 0.919999951
v -0.600000681 -0.500000066 0.919999999
v -0.460001065 -0.239025203 0.599024111
v -0.460001104 -0.218374092 0.598373494
v 0.196689002 -0.699875970 0.843895470
v 0.201412571 -0.699946129 0.859279280
v 0.200061789 -0.339999027 0.659939412
v 0.200060613 -0.359999977 0.659939369
v 0.199990803 -0.799985392 0.980001075
v -0.560744684 -0.775508078 0.724304018
v -0.539850479 -0.775641285 0.724807190
v -0.540745108 -0.784842714 0.735061557
v -0.560761544 -0.785143870 0.734792150
v -0.560982304 -0.765150468 0.714636745
v -0.539845302 -0.764319000 0.715586772
v -0.519927177 -0.440000570 0.600071899
v -0.540060554 -0.900062795 0.939997960
v 0.196646181 -0.203353888 0.980002880
v 0.201626932 -0.218372864 0.980002916
v 0.181627281 -0.198373351 0.980002840
v 0.099986431 -0.199956509 0.659937827
v -0.240000862 -0.199940337 0.659942124
v -0.080000000 -0.881625755 1.101625755
v -0.060000000 -0.881625755 1.101625755
v -0.060000000 -0.860974890 1.100974890
v -0.546305542 -0.205285984 0.874093788
v -0.560119438 -0.202744915 0.876217897
v -0.344784287 -0.719192288 0.665826480
v -0.340425746 -0.699495135 0.664716479
v -0.333991038 -0.706698457 0.674113429
v 0.119927566 -0.259938159 0.600013622
v 0.099426611 -0.339728108 1.101354591
v -0.139301007 -0.633553789 0.698857921
v -0.134063820 -0.631948500 0.713216940
v -0.119409476 -0.634224778 0.715202989
v -0.599999815 -0.479999994 0.780000051
v -0.599999962 -0.460000007 0.780000034
v -0.026290779 -0.634987818 0.603531151
v -0.026945698 -0.634867411 0.611991480
v -0.039653267 -0.636375289 0.603454480
v -0.600000001 -0.580000000 0.900000000
v -0.600000006 -0.560000000 0.900000000
v 0.040002296 -0.460003677 0.599998569
v -0.373794659 -0.632756231 0.606988948
v -0.359147996 -0.635135483 0.604274314
v -0.359963356 -0.644558270 0.618918531
v 0.200976330 -0.319996839 1.060975747
v -0.499985374 -0.360000045 0.600014686
v -0.499985371 -0.339999001 0.600013628
v -0.300000002 -0.459999980 0.600000018
v -0.300000004 -0.480000556 0.599999342
v -0.492972185 -0.312161378 0.907085320
v -0.506243888 -0.308104478 0.912732456
v -0.499316921 -0.315433583 0.921562945
v -0.520829036 -0.305436778 0.914318694
v -0.519617532 -0.314106967 0.925551276
v 0.119920927 -0.199084636 0.639032081
v 0.200060678 -0.520000000 1.040060678
v 0.200060678 -0.540000000 1.040060678
v -0.139893788 -0.759808634 0.820133218
v -0.139819517 -0.780561997 0.816564141
v -0.220000019 -0.199023672 0.639025078
v -0.340000176 -0.539970968 0.600059872
v -0.340000499 -0.519999513 0.600004661
v -0.320000331 -0.519995912 0.600005418
v -0.320001454 -0.539963039 0.600046680
v -0.601087531 -0.259961158 0.639055228
v -0.000000000 -0.200000049 0.760000048
v -0.581275073 -0.343946516 0.955683377
v -0.240000017 -0.900000817 0.960001052
v -0.596645369 -0.896645261 0.960001106
v -0.601626450 -0.881625923 0.960001124
v -0.581625984 -0.901626405 0.960001112
v -0.274672800 -0.261063875 0.875646745
v -0.266655041 -0.273683990 0.887502746
v -0.265093156 -0.258921042 0.885295093
v -0.060057123 -0.634354252 0.805926378
v -0.480002676 -0.899988183 0.999985342
v -0.460000556 -0.580000614 1.100004201
v -0.439998427 -0.580000840 1.100000762
v -0.439999505 -0.559994972 1.099986373
v -0.459998891 -0.559998824 1.100006028
v 0.199927217 -0.580000000 1.019927215
v 0.199927222 -0.600000001 1.019927213
v -0.319435203 -0.385717065 0.913542620
v -0.299425669 -0.381067369 0.916093234
v -0.319569338 -0.400821628 0.919770518
v -0.220000000 -0.259939322 0.599939322
v -0.146908699 -0.493563791 1.025479636
v -0.144668333 -0.495351913 1.041184086
v -0.135448508 -0.484713887 1.039539503
v -0.139602213 -0.480553398 1.019756110
v -0.439999901 -0.203352750 0.603356642
v -0.439999613 -0.198373188 0.618375296
v -0.106138055 -0.875008976 0.826188348
v -0.100659179 -0.859492472 0.824033314
v -0.093751696 -0.866854652 0.832442593
v -0.099257355 -0.881909313 0.834942989
v -0.600010572 -0.700003046 0.819996544
v -0.600003850 -0.679999772 0.820000034
v -0.320040305 -0.900247041 0.820068739
v 0.199927164 -0.280072782 0.760000050
v 0.199985313 -0.300014626 0.760000045
v 0.199999959 -0.380000042 0.880000001
v 0.139872680 -0.780034563 0.840242498
v -0.221921865 -0.739661562 0.780100312
v -0.216686087 -0.759991162 0.776400210
v 0.119927212 -0.599999997 1.099927239
v 0.019999960 -0.819927217 1.099927168
v 0.039999950 -0.819927218 1.099927164
v 0.039999955 -0.799985374 1.099985313
v 0.019999959 -0.799985370 1.099985327
v -0.488198501 -0.225976322 0.772953127
v -0.300000000 -0.819927215 1.099927215
v -0.300000000 -0.799985370 1.099985370
v -0.040000000 -0.380000042 0.600000043
v -0.019999999 -0.360000048 0.600000048
v -0.019999999 -0.380000041 0.600000037
v -0.240598020 -0.655088291 0.664567892
v -0.240480264 -0.663607632 0.679639066
v -0.596698630 -0.660789640 0.663442756
v -0.601947816 -0.660409472 0.678284103
v -0.601558512 -0.640055981 0.678529207
v -0.596295722 -0.640228091 0.664086369
v -0.581495389 -0.661093783 0.658069820
v -0.600032350 -0.759922155 0.800094183
v -0.599860640 -0.739945246 0.800059710
v -0.140000000 -0.203355111 0.603355109
v -0.139999999 -0.198374240 0.618374244
v -0.120000000 -0.198374246 0.618374245
v -0.120000000 -0.203355110 0.603355109
v -0.599985704 -0.520000041 0.999985328
v -0.599985984 -0.499999399 0.999985177
v 0.196666972 -0.259922806 0.603333028
v 0.201718995 -0.259941533 0.618404596
v 0.200002003 -0.339998997 0.739998998
v 0.200000960 -0.360000052 0.739998999
v 0.200958316 -0.799985518 1.060976686
v -0.140000000 -0.259939322 0.599939322
v -0.213963836 -0.266246566 0.933036761
v 0.197059190 -0.202940231 1.061120648
v 0.202359139 -0.218242939 1.061085089
v 0.181754954 -0.197640131 1.061085943
v -0.480003164 -0.239024301 0.599023631
v -0.480002942 -0.259939180 0.599936936
v -0.213659150 -0.804115712 0.759396435
v -0.219100367 -0.819923402 0.760271617
v -0.466525517 -0.346459875 0.933670921
v -0.472886872 -0.332995351 0.928175895
v -0.479847083 -0.339975970 0.940456724
v -0.159928813 -0.622713979 0.760562685
v -0.180795054 -0.622789100 0.776424163
v 0.160975089 -0.480000045 1.100974682
v 0.181625783 -0.480000002 1.101625630
v 0.181625860 -0.459999996 1.101625583
v 0.160974990 -0.460000043 1.100975328
v -0.420509000 -0.276116654 0.763894508
v -0.400122182 -0.275696811 0.764657793
v -0.599999604 -0.480000026 0.859999958
v -0.599999687 -0.460000251 0.859999734
v -0.019370756 -0.636200534 0.699521926
v -0.039252512 -0.635729190 0.695360822
v -0.600002734 -0.579999999 0.980002734
v -0.600002723 -0.559999998 0.980002736
v -0.214164108 -0.819655883 0.775073166
v 0.043806075 -0.359425702 1.096886526
v 0.044895251 -0.345446998 1.095669016
v 0.058427995 -0.358824102 1.101933415
v 0.199925201 -0.760003875 0.920074404
v 0.199903778 -0.780000984 0.920077380
v 0.040424519 -0.340062050 1.022624689
v 0.040589391 -0.320492911 1.022172926
v 0.201087508 -0.860944769 1.040038858
v 0.201718973 -0.881595395 1.040058481
v -0.561389201 -0.824648127 0.774924215
v 0.000004229 -0.500003940 0.599997581
v -0.000000920 -0.519991566 0.600038967
v -0.581667554 -0.876504021 0.782668505
v -0.560553393 -0.876442559 0.783333446
v -0.560444993 -0.887700662 0.792394713
v -0.582091932 -0.887246437 0.792684290
v -0.581695814 -0.860415127 0.779249591
v -0.600063148 -0.259939453 0.719996950
v 0.000605011 -0.819954004 0.836557700
v 0.020053042 -0.819085199 0.841106364
v 0.000000052 -0.200000315 0.839999835
v -0.596649243 -0.203378927 0.739999417
v -0.581656701 -0.198451354 0.739987641
v -0.060000000 -0.200072786 0.680072785
v -0.119808721 -0.539808643 1.100581523
v 0.196644891 -0.580000000 1.096644890
v 0.196644891 -0.600000000 1.096644891
v 0.181625755 -0.580000000 1.101625754
v -0.200000000 -0.739999953 1.099999951
v -0.560974877 -0.760001063 1.100975844
v -0.540060585 -0.760000971 1.100061803
v -0.540060660 -0.739999936 1.100060663
v -0.560974844 -0.739999941 1.100974900
v -0.439917606 -0.198688243 0.701080473
v -0.280000000 -0.319997266 0.599997265
v -0.260000000 -0.319997265 0.599997265
v -0.600000039 -0.680000008 0.899999990
v -0.099999788 -0.899987287 0.940008635
v -0.599988228 -0.319997324 0.700014692
v -0.179219617 -0.516709440 1.023549300
v -0.164526828 -0.516144820 1.039714289
v -0.165526761 -0.514381957 1.025171776
v -0.319999597 -0.899997835 0.899997921
v 0.039999953 -0.360000056 0.600000087
v 0.039999952 -0.339998999 0.599999042
v 0.060001002 -0.360000054 0.599999061
v 0.187604156 -0.534507260 0.626119359
v 0.196456679 -0.534491512 0.625445282
v 0.201628798 -0.521846476 0.638266346
v 0.196239485 -0.535342993 0.639797660
v -0.480002920 -0.218373000 0.598372996
v 0.200000960 -0.380000042 0.960001002
v 0.195103799 -0.833633768 0.845345559
v 0.197075493 -0.820012180 0.842889420
v 0.197654262 -0.840506355 0.859098724
v 0.181305384 -0.835471478 0.843278802
v 0.181929647 -0.819885577 0.838802379
v 0.200005471 -0.319997266 0.980002734
v -0.315785342 -0.453498998 0.946177629
v -0.326962469 -0.447019311 0.953065098
v -0.319939621 -0.456684381 0.959602364
v -0.333824954 -0.433652083 0.946562458
v -0.341017180 -0.440796151 0.959419856
v -0.334061656 -0.452415167 0.966692409
v -0.275597352 -0.625699657 0.654009968
v -0.599963605 -0.660005339 0.760015947
v -0.599985583 -0.640003550 0.760015976
v -0.600001541 -0.739999824 0.880000198
v -0.286597942 -0.672926436 0.668429053
v -0.278994904 -0.680166321 0.675736281
v -0.293449971 -0.686285576 0.673365358
v -0.439983346 -0.337435902 0.879843496
v -0.446993278 -0.326951360 0.886942489
v -0.444783699 -0.324916827 0.901069431
v -0.459478715 -0.319765990 0.900028084
v -0.524386661 -0.203817094 0.799070078
v -0.540123206 -0.199456078 0.800052460
v 0.160944767 -0.901087494 1.040038868
v 0.140050958 -0.900140763 1.040050966
v 0.200001003 -0.339998998 0.819999999
v 0.199999953 -0.360000048 0.819999999
v -0.220000000 -0.380000042 0.600000042
v 0.199999952 -0.440000000 0.939999952
v -0.596619251 -0.440046881 1.096589508
v -0.223743359 -0.720579367 0.703849559
v -0.225255362 -0.705972647 0.705497074
v -0.222813148 -0.700150915 0.719722445
v -0.218344194 -0.719502367 0.718743181
v -0.238328239 -0.719781657 0.694832588
v -0.300022554 -0.580549110 0.599199423
v -0.240000000 -0.459999949 0.600000060
v -0.306177758 -0.453944427 0.946489979
v -0.419944119 -0.580081866 0.599609470
v -0.419981257 -0.559958011 0.600072599
v -0.399996287 -0.559957222 0.599977523
v -0.480328519 -0.895879275 0.825527537
v -0.480086721 -0.901515381 0.839147878
v -0.485364748 -0.285085181 0.838818630
v -0.475774417 -0.295749633 0.840679757
v -0.039678901 -0.300038511 0.996215786
v -0.020672661 -0.300744202 1.004433780
v -0.027624521 -0.286727145 1.008618710
v -0.041541785 -0.280378932 1.004551572
v 0.080002734 -0.639999997 1.100002749
v 0.119926572 -0.499999942 1.099930728
v 0.140060923 -0.500000129 1.100060651
v 0.140060530 -0.480000022 1.100062462
v 0.119924429 -0.479999016 1.099933495
v -0.279999934 -0.659998329 1.100001965
v -0.259999989 -0.659999278 1.100001543
v -0.259999468 -0.640007743 1.099990711
v -0.600974893 -0.579999999 1.060974890
v -0.600974887 -0.560000001 1.060974891
v 0.199927214 -0.560000000 1.019927215
v -0.041043459 -0.474978673 1.085832669
v -0.039361181 -0.484272356 1.096505772
v -0.026509372 -0.472234366 1.088308796
v 0.199986219 -0.760000995 0.999985434
v 0.199988060 -0.780002646 0.999985446
v -0.054293346 -0.204917667 0.994174368
v -0.364163457 -0.479041121 1.096663484
v -0.480002900 -0.580000194 1.100003205
v -0.480002391 -0.559999702 1.100006591
v -0.073586764 -0.753578687 0.805796167
v -0.073579200 -0.746431984 0.805756933
v -0.066419657 -0.753567104 0.805844214
v -0.066410274 -0.746421662 0.805801796
v -0.060746737 -0.759237068 0.815233880
v -0.379936285 -0.540356633 1.100574977
v -0.473002736 -0.413479337 1.005052210
v -0.600030800 -0.259938222 0.799992539
v -0.040250164 -0.860917811 0.839722821
v -0.020019823 -0.860606912 0.839542113
v -0.540062173 -0.300013569 0.599956509
v -0.540061841 -0.280072434 0.600013621
v -0.519927530 -0.300014287 0.600088075
v -0.596702360 -0.203282797 0.820065701
v -0.581322046 -0.197691452 0.820103711
v -0.440544079 -0.645330775 0.633694517
v -0.459780994 -0.645316857 0.634524038
v 0.039999936 -0.199939337 0.659939340
v -0.299997188 -0.200001734 0.659905854
v 0.023603713 -0.400188208 1.080552504
v 0.028077723 -0.387806370 1.074191966
v 0.035367802 -0.378871519 1.081363152
v 0.032698870 -0.393187890 1.087889751
v -0.560968394 -0.901160093 0.859893436
v -0.240000000 -0.799985370 1.099985370
v -0.240000000 -0.780002734 1.100002735
v -0.319990349 -0.199896778 0.680173397
v 0.000877116 -0.299583694 1.015448531
v -0.006833458 -0.306170465 1.007536539
v 0.019379913 -0.299784655 1.020208548
v -0.099999999 -0.899927185 1.019927239
v -0.600003938 -0.319997565 0.780000113
v -0.160000000 -0.203355104 0.603355109
v -0.319999998 -0.900002684 0.980002744
v 0.019999958 -0.339998998 0.599999040
v 0.019999958 -0.319997266 0.599997307
v 0.039999953 -0.319997265 0.599997315
v 0.200260564 -0.519946503 0.719975969
v 0.200774684 -0.540089493 0.719778514
v -0.019782041 -0.380219050 1.019969378
v -0.012974493 -0.366987076 1.012188332
v 0.001291970 -0.360402175 1.015743949
v -0.000725614 -0.375542552 1.024139438
v -0.300000000 -0.319997266 0.599997265
v -0.300000000 -0.339998998 0.599998998
v 0.200762332 -0.620075133 0.839926103
v -0.595575391 -0.874926868 0.784980731
v -0.598409085 -0.881912921 0.798057351
v -0.597029322 -0.860432717 0.783646370
v 0.200060629 -0.380000041 1.040060684
v -0.400003118 -0.539998026 0.600018354
v -0.379998989 -0.539997530 0.600016561
v -0.440972457 -0.261571698 0.754418823
v -0.439935278 -0.275442161 0.763959873
v -0.600002007 -0.760001003 0.960000997
v -0.600000961 -0.739999952 0.960000999
v -0.040000000 -0.200072785 0.680072785
v -0.601718995 -0.840058467 1.081595404
v -0.380001658 -0.199512409 0.680151730
v 0.195587128 -0.595589169 0.684977020
v 0.197036900 -0.581709332 0.683987050
v 0.202388115 -0.582096240 0.698378051
v 0.197385597 -0.597263430 0.698014474
v 0.181782392 -0.596796010 0.683707822
v 0.181864935 -0.601756211 0.698059687
v 0.200001001 -0.339998998 0.900000000
v 0.199999951 -0.360000048 0.900000000
v -0.340274231 -0.319411193 0.876284161
v -0.340264032 -0.339057680 0.880997689
v 0.199927215 -0.440000000 1.019927214
v -0.200000459 -0.640007365 1.099990059
v -0.180000195 -0.640000324 1.099996652
v -0.199999025 -0.620036107 1.099950867
v -0.581297564 -0.840871489 0.778840358
v -0.581402317 -0.824525744 0.774746241
v -0.340815267 -0.636129969 0.602639528
v -0.339820032 -0.645628203 0.614367790
v -0.199999892 -0.199025307 0.639024949
v -0.093968059 -0.353348284 0.965879674
v -0.085205204 -0.354888020 0.965953810
v -0.599997711 -0.720006868 0.819992030
v 0.196644891 -0.560000000 1.096644890
v 0.019999958 -0.679999999 1.099999968
v 0.039999952 -0.680000001 1.099999956
v 0.039999951 -0.659999994 1.099999963
v 0.019999955 -0.659999994 1.099999952
v -0.040000000 -0.881625755 1.101625755
v 0.099887431 -0.619302852 0.801831823
v -0.599889300 -0.499987529 0.680072976
v -0.200000000 -0.259939323 0.599939322
v 0.196645351 -0.203354649 0.739998917
v 0.181625974 -0.198373550 0.739998911
v -0.560967919 -0.280079073 0.599084636
v -0.540050955 -0.259949043 0.599859199
v -0.306145834 -0.211505326 0.746890592
v -0.225814152 -0.679026240 0.740735996
v -0.222788779 -0.659751631 0.761253546
v -0.234414050 -0.673510066 0.733710084
v -0.234801137 -0.665729597 0.766858736
v -0.080472807 -0.880585159 0.839013828
v -0.079782417 -0.860609451 0.835726752
v -0.060507777 -0.860584348 0.839432675
v -0.060492942 -0.880613723 0.840044493
v -0.560967159 -0.198033066 0.639032843
v -0.540038311 -0.198908511 0.639056765
v -0.560974847 -0.900976935 0.939998378
v -0.601153533 -0.560435167 0.659938867
v -0.080000000 -0.896644891 1.096644891
v -0.100000000 -0.896644891 1.096644891
v -0.100000000 -0.881625755 1.101625755
v -0.599937346 -0.340013282 0.859941531
v -0.599988552 -0.320028295 0.859968137
v -0.453638998 -0.752869178 0.666297906
v -0.459617541 -0.756905084 0.679741816
v -0.466793599 -0.748277995 0.671231160
v -0.460362252 -0.741147709 0.662161122
v -0.439025487 -0.754813843 0.664670992
v -0.440340144 -0.740741896 0.659446024
v 0.200002736 -0.319997265 0.819999999
v -0.600467330 -0.420074833 0.979952107
v -0.406615649 -0.426575337 0.973588708
v -0.400311656 -0.438100529 0.979797657
v 0.200000825 -0.620002464 0.919994667
v 0.199999525 -0.559999962 0.940000004
v 0.181624262 -0.901616632 0.960010279
v 0.160976062 -0.900960424 0.960008119
v -0.000028525 -0.539947025 0.600113999
v -0.260167857 -0.520715919 1.059954967
v -0.179599236 -0.284372162 0.955070246
v -0.160182312 -0.279281964 0.955781335
v -0.180569069 -0.300018115 0.959802408
v -0.447572038 -0.249345924 0.750038569
v 0.201280064 -0.580666769 0.779554857
v -0.555307466 -0.653444492 0.647480189
v -0.561001561 -0.660419343 0.655204340
v -0.555860573 -0.639848827 0.644849315
v -0.546509734 -0.652886823 0.646838457
v -0.536282926 -0.647498768 0.652034122
v -0.540812925 -0.660191053 0.656014442
v 0.196644921 -0.439999985 1.096644799
v 0.196644893 -0.459999996 1.096644865
v -0.219998120 -0.620009823 1.099955257
v -0.199992169 -0.599994375 1.100040609
v -0.219987492 -0.599877964 1.100127305
v -0.466261030 -0.834390318 0.766727909
v -0.459837191 -0.822277603 0.760322912
v -0.453357183 -0.826610398 0.773564240
v -0.459577750 -0.839345568 0.780646643
v -0.560974891 -0.620000000 1.100974889
v -0.540060679 -0.620000000 1.100060681
v -0.540060676 -0.599999996 1.100060699
v -0.560974891 -0.600000000 1.100974897
v -0.479981359 -0.199345342 0.700369508
v -0.006499462 -0.633863206 0.687192257
v -0.004738114 -0.635008428 0.700864523
v -0.161169339 -0.861712528 0.805411847
v -0.166313367 -0.845942885 0.807383913
v -0.173024045 -0.834738579 0.813020296
v 0.200975206 -0.380000357 0.639025110
v -0.460001079 -0.203353104 0.603355486
v -0.460000731 -0.198369779 0.618376092
v 0.080003165 -0.900976354 1.060975732
v 0.060001063 -0.900975847 1.060974873
v -0.280000000 -0.339998998 0.599998998
v -0.260000000 -0.339998998 0.599998998
v -0.260000000 -0.900974891 1.060974890
v -0.280000000 -0.900974890 1.060974890
v 0.066428024 -0.299769333 1.055371478
v 0.064644403 -0.279566962 1.060008717
v 0.073758677 -0.286928034 1.066777036
v -0.120632732 -0.618073272 0.759411517
v -0.140245489 -0.618725879 0.760655086
v 0.039618117 -0.819332592 0.840597513
v -0.460000970 -0.259939418 0.599938197
v -0.060000000 -0.840060678 1.100060678
v -0.600000758 -0.499999962 0.760000117
v 0.196644891 -0.203355109 0.819999999
v 0.181625756 -0.198374244 0.819999999
v -0.599999992 -0.539999997 0.900000000
v 0.099985309 -0.319997326 0.600011774
v 0.054394914 -0.335478206 1.024691675
v 0.054137946 -0.326434743 1.025004993
v -0.139982366 -0.580301666 0.599403449
v -0.139994586 -0.559974227 0.599973193
v -0.119992154 -0.559935830 0.600049890
v -0.119994846 -0.580151962 0.599655048
v -0.155319633 -0.505512302 1.039367546
v -0.159316726 -0.501689413 1.018907444
v -0.561008879 -0.199116544 0.719972341
v -0.540093708 -0.199862263 0.719970662
v -0.340000082 -0.500001738 0.599996883
v -0.319999968 -0.500001756 0.599997552
v -0.239999986 -0.480001220 0.599998927
v -0.099999867 -0.200065462 0.879961698
v -0.079999758 -0.200044115 0.879975145
v -0.596637355 -0.479980753 0.603361601
v -0.601612215 -0.479982353 0.618375642
v -0.601626271 -0.460001295 0.618372911
v -0.596646166 -0.460002613 0.603353702
v -0.581627282 -0.460003335 0.598372812
v -0.581624364 -0.479980848 0.598386222
v -0.599965336 -0.559998878 0.740014145
v 0.060003583 -0.519999685 1.099962924
v 0.079999523 -0.519997663 1.100004523
v 0.080003682 -0.499997246 1.099978827
v -0.519920436 -0.199082713 0.639034864
v -0.499985561 -0.199044727 0.639023675
v 0.200002734 -0.319997266 0.900000000
v 0.153400139 -0.611650378 0.767408229
v 0.165156375 -0.606733872 0.773314570
v -0.601056266 -0.419987937 1.060999554
v 0.140059137 -0.459999851 1.100064506
v 0.199985318 -0.619999999 0.999985376
v 0.199985298 -0.639999994 0.999985419
v -0.272651997 -0.246100916 0.873451846
v -0.596954514 -0.357089531 1.082054663
v -0.581341391 -0.352515382 1.082081497
v 0.181595390 -0.901718968 1.040058507
v -0.019737929 -0.618909638 0.740177884
v -0.039859598 -0.618433020 0.739420044
v -0.059295509 -0.640863718 0.660333195
v -0.074264378 -0.646866732 0.660637025
v -0.259867399 -0.461044882 0.959168137
v -0.280242003 -0.461923624 0.958576050
v -0.454103691 -0.814067454 0.725068723
v -0.459233619 -0.815509461 0.740985951
v -0.466888387 -0.807700025 0.733186369
v -0.439991241 -0.818544331 0.740084649
v 0.140059353 -0.199931713 0.980003819
v 0.160976053 -0.199022913 0.980002962
v 0.199929062 -0.579992849 0.860006581
v 0.199859570 -0.599941703 0.860060252
v -0.479273536 -0.376498805 0.960132240
v 0.099985370 -0.660000000 1.099985369
v 0.200002605 -0.380000022 0.719997255
v -0.340000000 -0.860974890 1.100974890
v -0.320000000 -0.840060678 1.100060678
v -0.340000000 -0.840060678 1.100060678
v -0.020474622 -0.239539174 1.016662918
v -0.020771347 -0.218529396 1.017164054
v 0.000288153 -0.239288657 1.019730425
v -0.000088428 -0.218759436 1.020469637
v -0.240533442 -0.495275910 1.004996583
v -0.460005662 -0.199061670 0.700694692
v -0.240000000 -0.819927215 1.099927215
v -0.440633772 -0.304146794 0.818984469
v -0.439370782 -0.295403425 0.804775613
v 0.200003725 -0.319997259 0.739998993
v -0.387684758 -0.447774468 1.024796139
v -0.387466909 -0.447448724 1.034477116
v 0.200092730 -0.799943547 0.899950231
v 0.199983414 -0.440002461 0.700012960
v -0.420857436 -0.345182790 0.878920832
v -0.401052157 -0.345267797 0.875076629
v -0.400381322 -0.337158209 0.859311453
v -0.414459386 -0.353968773 0.886922528
v 0.196644891 -0.203355111 0.899999999
v 0.201625754 -0.218374244 0.899999999
v 0.181625757 -0.198374241 0.899999998
v -0.600002746 -0.540000016 0.980002739
v -0.521028653 -0.382023746 0.979183804
v 0.201087542 -0.239055241 1.040038823
v -0.560445776 -0.197871048 0.800044549
v -0.179597221 -0.614895436 0.604536608
v -0.159838826 -0.615829715 0.604269713
v -0.179474511 -0.620616234 0.619363735
v -0.179899284 -0.600858415 0.598685233
v -0.159860920 -0.600378902 0.598946169
v -0.560685097 -0.315039812 0.925606089
v -0.539790827 -0.314619633 0.925829525
v -0.100433259 -0.202294191 0.961156030
v -0.599981078 -0.359999392 0.839998893
v -0.599999994 -0.580000001 0.820000024
v -0.599999957 -0.559999998 0.820000051
v 0.200359070 -0.560063377 0.779964065
v 0.045436511 -0.232022774 1.074671512
v 0.042745882 -0.218271078 1.076976425
v 0.052753519 -0.218634014 1.087025044
v -0.180673512 -0.415986785 0.960163028
v -0.174025150 -0.401700675 0.954030874
v 0.197981046 -0.881720358 0.863718278
v 0.197005689 -0.861192935 0.863599022
v 0.201899050 -0.861108593 0.879756229
v 0.105158328 -0.633666565 0.764920976
v 0.106589386 -0.633229857 0.773707946
v 0.113942616 -0.634194084 0.766596395
v 0.119284440 -0.625360386 0.779683851
v 0.120133499 -0.634958177 0.780240382
v -0.319925912 -0.319893244 0.880022045
v 0.080292270 -0.619203206 0.720685366
v 0.059944409 -0.619162943 0.720605457
v -0.599970952 -0.300014725 0.700014740
v -0.599930134 -0.780002669 1.019927096
v -0.581627126 -0.780002912 1.101626941
v -0.560975733 -0.780003165 1.100976353
v -0.419999960 -0.899927166 1.019927219
v -0.480002909 -0.203353241 0.603354164
v -0.480002826 -0.198370267 0.618374524
v -0.280995206 -0.378950883 0.924679221
v -0.267287557 -0.372858604 0.928735919
v -0.260570887 -0.359454310 0.924355995
v -0.279155875 -0.360644376 0.916512854
v 0.140070516 -0.198944647 1.060936670
v 0.160966898 -0.198040449 1.060968953
v -0.165771416 -0.373983386 0.945239805
v -0.158935100 -0.380351322 0.955178206
v -0.145270604 -0.379096424 0.965088057
v -0.560976689 -0.300014482 0.599041687
v 0.099985320 -0.899989963 0.980001988
v 0.080002822 -0.900007750 0.980000463
v -0.600060689 -0.419999957 0.659939340
v 0.000000000 -0.840060679 1.100060676
v 0.199999960 -0.380000042 0.800000001
v -0.060000000 -0.380000042 0.600000043
v 0.199999953 -0.419999999 0.939999952
v -0.019999996 -0.400000005 0.599999975
v 0.000000001 -0.380000045 0.600000026
v -0.238144897 -0.739961663 0.697873084
v -0.326149514 -0.634268101 0.605190394
v -0.320250556 -0.640985321 0.618296735
v -0.494622859 -0.866289585 0.813965896
v -0.595554646 -0.754466790 0.705301120
v -0.597965072 -0.760719003 0.719217333
v -0.601730562 -0.741312705 0.718416782
v -0.581700263 -0.756598660 0.703355471
v -0.582026184 -0.765551467 0.714386563
v -0.600241849 -0.840017239 0.839970081
v 0.139920831 -0.896592594 0.864001346
v 0.161246579 -0.902542159 0.878647690
v 0.140161962 -0.901462365 0.880010737
v -0.019999999 -0.901625756 1.081625756
v 0.120662015 -0.604725262 0.699561138
v 0.199999661 -0.439999874 0.780000118
v -0.340000000 -0.901625755 1.081625755
v -0.360000000 -0.901625755 1.081625755
v 0.119923299 -0.459998828 1.099927452
v -0.600974807 -0.540000021 1.060974911
v -0.539046373 -0.374668230 1.060652258
v -0.453945807 -0.273452639 0.766552309
v -0.560820923 -0.363830393 0.979154189
v -0.540408243 -0.365622129 0.975005765
v -0.300000008 -0.680000064 1.100000069
v -0.280000012 -0.679999742 1.100000344
v -0.299999900 -0.659998899 1.100002060
v -0.239947985 -0.360017342 0.925641393
v 0.153775035 -0.532760655 0.626284963
v 0.146731035 -0.527005815 0.612667820
v -0.601752029 -0.359407181 0.920656517
v 0.199996390 -0.560008416 0.859992611
v 0.200003099 -0.660000005 0.980002598
v -0.139670467 -0.239125026 0.961207249
v -0.120300311 -0.239272558 0.960710386
v -0.120780565 -0.218507227 0.961387671
v -0.140300433 -0.218276805 0.961768437
v 0.200961476 -0.860976799 0.960011737
v 0.201613983 -0.881625610 0.960016227
v -0.559594002 -0.580353013 0.641012107
v -0.040127918 -0.881032095 0.839532497
v -0.213211822 -0.427524269 0.953401883
v -0.199225460 -0.423448924 0.959825203
v -0.600060678 -0.600000000 1.040060678
v -0.060000000 -0.719999956 1.099999959
v -0.059999999 -0.700000002 1.099999987
v 0.160974887 -0.199025086 0.900000005
v -0.180091908 -0.198942013 0.900405669
v -0.596667176 -0.203333259 0.659922598
v -0.599988957 -0.300014694 0.780001128
v -0.596646188 -0.780002874 1.096646188
v -0.399999999 -0.896644891 1.096644891
v -0.419999955 -0.896644871 1.096644871
v -0.399999999 -0.881625756 1.101625754
v -0.419999955 -0.881625743 1.101625728
v -0.140000000 -0.439999983 0.600000024
v -0.140000000 -0.420000000 0.599999999
v -0.120000000 -0.420000000 0.599999998
v -0.120000000 -0.439999988 0.600000015
v -0.119999656 -0.899992214 0.940004702
v -0.139999728 -0.899996633 0.939999809
v -0.340000000 -0.380000042 0.600000042
v -0.340000000 -0.360000048 0.600000048
v -0.320000000 -0.360000048 0.600000048
v -0.320000000 -0.380000042 0.600000042
v 0.099985372 -0.339999000 0.600013639
v 0.099985518 -0.900958313 1.060976691
v -0.240000000 -0.319997265 0.599997265
v -0.100163535 -0.896197278 0.843635688
v -0.080362648 -0.896025480 0.844737341
v -0.100146322 -0.901066589 0.859535321
v -0.596645351 -0.339998917 0.603354649
v -0.601626450 -0.339998911 0.618374026
v -0.601626941 -0.319997088 0.618372874
v -0.596646188 -0.319997126 0.603353812
v -0.581627126 -0.319997088 0.598373059
v -0.093539120 -0.604781635 0.753436973
v -0.099273909 -0.614247426 0.758544960
v -0.600001006 -0.420000005 0.739998996
v 0.140098113 -0.340017419 1.100023633
v 0.160993404 -0.340002077 1.100935369
v 0.160985819 -0.319999285 1.100937038
v 0.140017175 -0.320006255 1.100126495
v 0.059937501 -0.199404436 1.000050911
v 0.080083949 -0.199992724 0.999914253
v -0.599999831 -0.360000042 0.760000014
v -0.601583887 -0.819918558 1.081603495
v 0.059998656 -0.539997567 1.099999569
v 0.080001600 -0.539999315 1.100008395
v 0.196230309 -0.560601596 0.684707940
v 0.201940722 -0.561005679 0.699540167
v 0.199927216 -0.419999999 1.019927214
v -0.321472544 -0.694329436 0.666739450
v -0.320190655 -0.704670805 0.676051019
v 0.119927569 -0.899986349 1.040061845
v -0.199831060 -0.615428454 0.604339462
v -0.199562644 -0.620606390 0.619097937
v -0.200013653 -0.601392908 0.598537458
v -0.220000000 -0.900060678 1.040060678
v 0.066119903 -0.833484432 0.826718262
v 0.060314957 -0.839873782 0.835806674
v 0.074850507 -0.833858515 0.825823549
v 0.080145768 -0.841302540 0.834453577
v -0.333783559 -0.471871359 1.007594339
v -0.339883836 -0.476330462 1.019742751
v -0.321124383 -0.483703017 1.019240309
v -0.600062476 -0.840060945 0.919998517
v -0.275554896 -0.223947234 0.839331234
v -0.266043413 -0.213925099 0.841142864
v -0.460320877 -0.580209289 0.598901179
v -0.460073215 -0.559995105 0.599527450
v -0.439990659 -0.559936600 0.600020855
v -0.440104476 -0.580151115 0.599405396
v 0.200974891 -0.239025109 0.880000001
v 0.140062146 -0.900045663 0.960006246
v 0.200000017 -0.440000005 0.859999997
v 0.199999989 -0.460000024 0.859999985
v -0.298944136 -0.240905399 0.762904845
v -0.600002590 -0.780002739 0.939999990
v 0.139910307 -0.596027309 0.683780066
v 0.160818606 -0.595594497 0.684038433
v 0.160764414 -0.601692836 0.698785613
v 0.139803138 -0.604649342 0.699891770
v 0.141138250 -0.585531581 0.673748692
v -0.339999999 -0.719999954 1.099999962
v -0.320000002 -0.700000021 1.099999930
v -0.339999999 -0.699999993 1.099999973
v 0.099985370 -0.680000001 1.099985371
v -0.260047669 -0.900537018 0.819759481
v -0.280002566 -0.900273350 0.819958791
v -0.260000019 -0.679999517 1.100000651
v -0.240000065 -0.660000360 1.100000651
v -0.293028725 -0.366850603 0.912480000
v 0.200974891 -0.660000000 1.060974890
v 0.120002288 -0.199082468 1.060926384
v -0.380000001 -0.380000042 0.600000041
v -0.380000001 -0.360000048 0.600000047
v -0.360000000 -0.360000048 0.600000048
v -0.360000000 -0.380000042 0.600000042
v -0.581624513 -0.300016228 0.598386035
v 0.181631893 -0.319996932 1.101616598
v -0.600750797 -0.540224730 0.659946831
v -0.600102001 -0.300089075 0.860011142
v -0.600848722 -0.399893713 0.979836909
v -0.120000000 -0.899927191 1.019927232
v -0.140000000 -0.899927198 1.019927226
v 0.045856287 -0.626881926 0.792574178
v 0.019976956 -0.619389364 0.720451560
v 0.000465165 -0.623882137 0.719949717
v -0.493383107 -0.373699583 0.966726575
v -0.506021310 -0.367955994 0.972787894
v -0.500125109 -0.381477383 0.975857910
v -0.521057763 -0.366295615 0.974051907
v 0.160964163 -0.480535295 0.598208032
v 0.160953457 -0.460083827 0.598887362
v 0.181629114 -0.460179349 0.598252672
v 0.181762280 -0.480834250 0.597636573
v -0.519932584 -0.480026888 1.099847102
v -0.500057825 -0.460062121 1.100102381
v -0.519978812 -0.460089322 1.099836264
v -0.219987046 -0.615816466 0.604110152
v -0.219966420 -0.620986937 0.618642000
v -0.220017923 -0.601566346 0.598515242
v -0.180000003 -0.460000021 0.599999994
v -0.160000001 -0.459999984 0.600000006
v -0.159999989 -0.480000560 0.599999216
v -0.100000000 -0.199025110 0.639025109
v -0.433981881 -0.313867725 0.826057033
v 0.012334715 -0.412403618 1.067213281
v 0.200063067 -0.319997061 0.659939183
v -0.599999653 -0.420000185 0.819999679
v 0.000314217 -0.619131734 0.740409209
v 0.119971550 -0.896268476 0.865068475
v 0.119943656 -0.901182297 0.880130341
v 0.120304037 -0.880921982 0.858942776
v -0.206260567 -0.793699344 0.746146677
v -0.206382392 -0.786439400 0.746116766
v -0.205201497 -0.784635946 0.760399416
v -0.204867646 -0.795086639 0.759844095
v -0.214332111 -0.775962984 0.758806661
v -0.378973089 -0.334848365 0.845162919
v 0.200971604 -0.720003469 0.879053675
v -0.200027412 -0.899891199 0.880055551
v -0.220006284 -0.899938100 0.880024059
v 0.058142220 -0.202069485 1.082349914
v 0.078498287 -0.197882071 1.082091406
v 0.019994412 -0.200012897 0.919999783
v 0.196644988 -0.420000016 1.096644601
v -0.040000000 -0.719999957 1.099999960
v -0.019999999 -0.719999958 1.099999960
v -0.019999999 -0.699999996 1.100000007
v -0.040000000 -0.699999995 1.099999999
v -0.380000001 -0.719999959 1.099999958
v -0.360000000 -0.719999957 1.099999960
v -0.359999997 -0.699999990 1.099999998
v -0.380000001 -0.699999995 1.099999997
v -0.499886843 -0.439600124 1.100951692
v -0.479395660 -0.439124621 1.101677982
v -0.478812115 -0.418929979 1.101117940
v -0.581625755 -0.640000000 1.101625755
v -0.560974890 -0.640000000 1.100974890
v 0.061768024 -0.321682797 1.038746984
v 0.075392767 -0.327557489 1.045684379
v 0.140060585 -0.199938197 0.739999029
v 0.160974877 -0.199024156 0.739998937
v -0.600043492 -0.840062174 0.999986428
v -0.519466527 -0.735993417 0.684242488
v -0.499813810 -0.740553876 0.679347336
v -0.506074577 -0.746614018 0.693065989
v -0.520460634 -0.744737863 0.695679253
v -0.520752267 -0.725653427 0.674067858
v -0.506279703 -0.728187170 0.672119179
v 0.200975845 -0.239025123 0.960001063
v -0.508063083 -0.226844245 0.813282297
v -0.519415974 -0.218668462 0.820090663
v 0.059859292 -0.260391713 1.060187721
v -0.127080072 -0.353402647 0.967332475
v 0.201625753 -0.480000000 1.081625760
v 0.160967919 -0.819920927 1.100915364
v 0.181624513 -0.799983772 1.101613965
v 0.160976689 -0.799985518 1.100958313
v 0.080019026 -0.900399789 0.899829068
v 0.059972047 -0.900115511 0.899954807
v -0.600000001 -0.600000000 0.880000001
v 0.054623138 -0.626323955 0.793454940
v -0.259999966 -0.900003408 0.899998907
v -0.280000418 -0.900003331 0.899999048
v -0.439999952 -0.896644866 1.096644866
v -0.439999953 -0.881625709 1.101625752
v -0.273350335 -0.301724412 0.893295098
v -0.271416539 -0.286776529 0.892054592
v -0.259908840 -0.280278972 0.896697111
v -0.259586238 -0.300423553 0.900043537
v -0.146033747 -0.794888743 0.807043943
v -0.145971643 -0.785099824 0.806939881
v -0.139958404 -0.799432957 0.816823121
v -0.299339156 -0.820773750 0.682817928
v -0.299845025 -0.801000699 0.679274735
v 0.119712824 -0.653905894 0.826624802
v 0.119026390 -0.664168795 0.836856082
v -0.080000000 -0.400000000 0.600000001
v -0.060000000 -0.400000000 0.600000002
v 0.106282199 -0.608097931 0.712930633
v 0.100767212 -0.616526955 0.719924765
v 0.084182864 -0.601275779 0.638998418
v -0.419999959 -0.420000007 0.600000047
v -0.419999958 -0.400000002 0.600000037
v -0.400000000 -0.400000000 0.599999999
v -0.400000001 -0.420000003 0.599999988
v 0.081120835 -0.720025343 0.823970072
v 0.073454727 -0.714961103 0.832566244
v 0.073570256 -0.704984051 0.833189585
v 0.080488145 -0.700356164 0.824310412
v 0.095081760 -0.700583210 0.825088609
v -0.440228724 -0.424177251 1.019414218
v -0.432949755 -0.433533727 1.014191398
v -0.460331944 -0.416295600 1.019811482
v 0.181196276 -0.676142698 0.823756459
v 0.196666972 -0.203333028 0.659922806
v 0.181595404 -0.198281005 0.659941533
v -0.084772233 -0.656643711 0.659867237
v -0.099186136 -0.661121049 0.660029563
v -0.599985037 -0.539999741 0.739999943
v 0.119858984 -0.339999170 1.100290545
v 0.119660827 -0.319970782 1.100603546
v -0.602020347 -0.399505356 1.060913710
v -0.140001707 -0.199995795 0.800000380
v -0.120000103 -0.199999220 0.799999833
v -0.120000000 -0.896644891 1.096644891
v -0.140000000 -0.896644891 1.096644891
v -0.120000000 -0.881625755 1.101625755
v 0.200974888 -0.239025108 0.800000000
v -0.019999998 -0.899985327 0.999985430
v -0.040000002 -0.899985317 0.999985408
v -0.479786297 -0.855192271 0.801779467
v -0.360000000 -0.899985353 0.999985381
v -0.380000001 -0.899985349 0.999985385
v -0.486775247 -0.246557485 0.793394118
v 0.080002074 -0.199993438 0.920001328
v 0.099985497 -0.200013278 0.919999756
v -0.405839162 -0.846208459 0.793481537
v -0.419552480 -0.843768464 0.795400634
v -0.100000002 -0.199997268 0.719997266
v 0.120080923 -0.500816058 0.598579070
v 0.119931101 -0.480162630 0.599670268
v 0.140042083 -0.480370438 0.599294151
v 0.140159294 -0.501025686 0.598740731
v -0.245319963 -0.679919318 0.684380673
v -0.260159400 -0.679991488 0.678829317
v -0.599937700 -0.420004050 0.899993324
v -0.480106530 -0.580147187 0.599541727
v -0.480108003 -0.560211440 0.598974029
v 0.119928052 -0.899914975 0.960008244
v -0.040166564 -0.456641127 1.059429860
v -0.025653673 -0.453649865 1.066549216
v 0.200002911 -0.719999921 0.959999778
v -0.200000053 -0.900001006 0.960001193
v -0.220000067 -0.900000686 0.960001169
v -0.265976849 -0.448058301 0.951628650
v -0.280145879 -0.435721480 0.944375272
v -0.280204877 -0.446524246 0.952693847
v -0.600023478 -0.460015696 1.040063584
v 0.019547773 -0.198759347 1.001096456
v 0.020008720 -0.540023163 1.099927437
v 0.020021290 -0.520027557 1.100033726
v -0.059743276 -0.415353979 1.004809010
v -0.193876348 -0.625255582 0.774510604
v -0.601721184 -0.780573593 0.779368732
v -0.239999841 -0.640008897 1.099985414
v -0.419999958 -0.760001002 1.100000960
v -0.400000000 -0.760001002 1.100001001
v -0.400000000 -0.739999952 1.099999952
v -0.419999958 -0.739999952 1.099999910
v -0.285295774 -0.800594260 0.684429236
v -0.274492067 -0.800404640 0.693609902
v 0.140060678 -0.199939321 0.819999999
v 0.160974891 -0.199025109 0.819999999
v -0.020592150 -0.203521862 1.016102452
v -0.000882945 -0.203463225 1.016895488
v -0.140751722 -0.658455039 0.805867510
v -0.140830870 -0.660578317 0.816128150
v -0.119479967 -0.656171511 0.804793865
v -0.119458573 -0.664504864 0.815879596
v 0.199999700 -0.479999718 0.840000161
v -0.140000000 -0.280072785 0.600072785
v -0.120000000 -0.280072785 0.600072785
v -0.120000000 -0.300014630 0.600014630
v -0.060000685 -0.199997270 0.860003202
v -0.596638293 -0.799983935 1.096638293
v -0.581624513 -0.799983772 1.101613965
v 0.039999941 -0.900974903 1.060974842
v 0.019999954 -0.900974857 1.060974886
v -0.300000000 -0.900974890 1.060974890
v -0.166332180 -0.632187614 0.753341593
v -0.000164879 -0.839461279 0.840246409
v -0.086392878 -0.604872011 0.753561428
v -0.560131344 -0.362700923 1.060364290
v -0.552269534 -0.372092788 1.053564537
v 0.060001139 -0.900006152 0.980000880
v -0.600001002 -0.600000000 0.960001002
v -0.195139187 -0.524340714 1.080684464
v -0.601625754 -0.699999999 1.081625756
v -0.601625756 -0.680000001 1.081625756
v -0.259999997 -0.900002755 0.980002730
v -0.280000001 -0.900002751 0.980002731
v -0.180032199 -0.899924540 0.880064843
v 0.199988299 -0.420001144 0.700014669
v 0.196611112 -0.896611089 1.019921974
v -0.519931885 -0.899947663 0.880029153
v 0.199851254 -0.280071197 1.019928801
v -0.540055363 -0.480003521 1.100032041
v -0.540073870 -0.460055101 1.099954606
v -0.445006978 -0.425481863 1.094799035
v -0.438827308 -0.438919039 1.098445948
v -0.460185998 -0.419495384 1.097353953
v -0.459181031 -0.438739487 1.101142735
v -0.100000000 -0.420000001 0.599999996
v -0.099999999 -0.439999999 0.600000006
v -0.340053534 -0.900540568 0.839950299
v -0.360025680 -0.900951193 0.839751251
v -0.599999937 -0.539999997 0.820000037
v -0.599999952 -0.640000000 0.939999952
v 0.044848961 -0.205464353 1.075723741
v -0.171209336 -0.387672734 0.950562870
v -0.179266205 -0.381053031 0.942737457
v -0.105442606 -0.218483950 0.966377716
v -0.139970676 -0.200067002 0.879928581
v -0.119988753 -0.200108140 0.879956684
v 0.201389243 -0.840365644 0.879075341
v 0.040018677 -0.520017725 1.099919275
v -0.040000000 -0.901625755 1.081625755
v -0.380000001 -0.901625756 1.081625756
v -0.099999901 -0.200000357 0.799999878
v -0.599927165 -0.360000050 0.680072782
v -0.235244095 -0.666619872 0.774461590
v 0.099984268 -0.519999725 1.099990348
v -0.333079711 -0.306813159 0.873683834
v -0.319076410 -0.304974452 0.874976716
v -0.359163612 -0.375379503 0.904527607
v -0.360369313 -0.384130235 0.914735377
v -0.339908992 -0.386070498 0.914065805
v -0.339811108 -0.376007173 0.904025561
v -0.360243229 -0.395552056 0.923914130
v -0.339845321 -0.400009180 0.922807769
v -0.539642282 -0.735372367 0.684961336
v -0.539733623 -0.744855857 0.695630589
v -0.539886741 -0.724712492 0.674635616
v -0.040000000 -0.239025110 0.599025109
v -0.040000000 -0.218374245 0.598374245
v -0.019999999 -0.218374244 0.598374244
v -0.019999999 -0.239025109 0.599025109
v 0.200060631 -0.719999957 1.040060683
v -0.380000001 -0.239025069 0.599025107
v -0.380000001 -0.218373786 0.598374304
v -0.360000002 -0.218373704 0.598374420
v -0.359999997 -0.239025088 0.599025124
v -0.273445913 -0.346559315 0.911779754
v -0.200000000 -0.900060679 1.040060678
v -0.600000673 -0.600000007 0.799999383
v -0.039984202 -0.638097268 0.805902180
v -0.059713844 -0.618553958 0.739424621
v 0.018732969 -0.620046895 0.639389665
v 0.013562179 -0.605931875 0.632826294
v 0.041405940 -0.622565936 0.638592513
v 0.160944771 -0.198912470 0.659961165
v -0.487075353 -0.345900346 0.952800034
v -0.485133443 -0.361193990 0.955621749
v -0.492581678 -0.332217049 0.947657636
v -0.299989462 -0.461144422 0.959198048
v -0.179999841 -0.199939542 0.659939201
v 0.119921444 -0.200068505 0.980006939
v -0.599982926 -0.780003721 0.860000788
v -0.420016526 -0.900855357 0.859193055
v 0.039973990 -0.900023724 0.899958975
v 0.140060660 -0.199939341 0.900000022
v -0.300000229 -0.900005769 0.899998150
v 0.181627725 -0.339998476 1.101621842
v 0.199999968 -0.479999998 0.919999960
v -0.120000000 -0.780002735 1.100002734
v -0.100000000 -0.780002735 1.100002735
v -0.100000000 -0.760001002 1.100001002
v -0.120000000 -0.760001002 1.100001002
v 0.119919421 -0.459947345 0.600118469
v -0.060049854 -0.199022508 0.940333636
v -0.293455141 -0.492527213 1.007383424
v -0.220000000 -0.459999950 0.600000057
v -0.220000014 -0.480001219 0.599998930
v -0.478775476 -0.315121240 0.900453034
v -0.472894254 -0.413415675 1.013966187
v -0.000000001 -0.360000047 0.600000047
v -0.406574481 -0.385615548 0.933854175
v -0.413330237 -0.392283785 0.946309344
v -0.059657622 -0.463817815 1.059342245
v -0.066339381 -0.474357522 1.066998360
v 0.060001001 -0.199999046 0.760000049
v 0.080002735 -0.199997315 0.760000047
v -0.599939210 -0.819895282 0.840033281
v -0.279231735 -0.203394289 0.759565846
v -0.260660446 -0.198757596 0.760149361
v -0.602076708 -0.218196623 0.840486645
v -0.058761466 -0.360064730 0.978590181
v -0.039090514 -0.340492400 0.982737901
v -0.058908617 -0.340446482 0.978531570
v -0.179999982 -0.900001906 0.960000883
v 0.199999802 -0.419999983 0.780000047
v 0.195526521 -0.895526521 1.095526521
v -0.519927172 -0.899928838 0.960000615
v 0.196610757 -0.280078150 1.096612427
v 0.196638339 -0.300016033 1.096638724
v -0.039994854 -0.580026690 1.099935079
v -0.020000316 -0.580007775 1.099971229
v -0.019988156 -0.560039363 1.099913081
v -0.039978424 -0.560049320 1.099940731
v -0.375584480 -0.456558855 0.979895363
v -0.359953455 -0.456983902 0.979960059
v -0.219408015 -0.896410312 0.784001164
v -0.219437086 -0.901832347 0.798495039
v -0.219933090 -0.881204500 0.779810842
v -0.560979144 -0.460020675 1.100903735
v -0.360035189 -0.560213882 1.100326187
v -0.380001195 -0.560073244 1.100237091
v -0.581625958 -0.499999381 1.101628705
v -0.560974418 -0.499997769 1.100980834
v -0.560972021 -0.479996117 1.100971546
v 0.201965228 -0.239032833 0.639032833
v -0.020000194 -0.899926960 0.920076473
v 0.196696725 -0.460118412 0.603331827
v 0.196630145 -0.439964808 0.603395972
v 0.201609100 -0.439945162 0.618404070
v -0.339999921 -0.900000186 0.919998115
v -0.359999446 -0.899994547 0.920000932
v -0.180760856 -0.635826928 0.700002903
v -0.086131758 -0.651835672 0.807854200
v -0.100433783 -0.655128041 0.805292781
v -0.400032650 -0.815795391 0.703770525
v -0.399885264 -0.820320171 0.720210156
v -0.599927215 -0.640000000 1.019927215
v -0.140757864 -0.202925742 0.956521349
v -0.120195883 -0.203190033 0.956345848
v 0.200051138 -0.840061976 0.960005405
v -0.040000547 -0.199995709 0.860002422
v -0.020000061 -0.199997251 0.860000698
v 0.200003035 -0.480002462 0.759998086
v 0.201626218 -0.339998910 1.081626413
v -0.160171787 -0.260350986 0.956269001
v -0.139057658 -0.259894287 0.958947946
v 0.019996780 -0.900042073 0.899943747
v -0.173166853 -0.655225049 0.665823250
v -0.173528190 -0.655325260 0.673764496
v -0.159841160 -0.656556321 0.664944564
v -0.160262361 -0.656633771 0.674558655
v -0.160749332 -0.645173156 0.683252719
v 0.195324483 -0.654581991 0.805348610
v 0.197782604 -0.660548355 0.819271535
v 0.119927215 -0.200072784 0.819999999
v -0.000000000 -0.699999999 1.100000003
v -0.220292402 -0.199520078 0.819946711
v -0.199971903 -0.200013888 0.819976634
v -0.080000000 -0.259939322 0.599939322
v -0.060000000 -0.239025110 0.599025110
v -0.599985370 -0.699999999 0.999985369
v 0.039568496 -0.619181562 0.720382848
v -0.439999950 -0.899927163 1.019927222
v -0.460000964 -0.899928294 1.019927176
v -0.180000687 -0.200001345 0.739999579
v -0.353535400 -0.654163394 0.626007376
v -0.365223765 -0.648640280 0.631674520
v -0.339600279 -0.655715568 0.624950281
v -0.339829172 -0.663376686 0.640255496
v 0.073825855 -0.614411856 0.624497232
v 0.075763295 -0.615680787 0.639690962
v 0.061102097 -0.622001904 0.638467252
v -0.601613965 -0.300016228 0.618375487
v -0.596638293 -0.300016065 0.603361707
v -0.419999943 -0.900001452 0.939999057
v -0.600001012 -0.400000001 0.739999000
v -0.279973760 -0.622657722 0.640812402
v -0.099186569 -0.359869020 0.974903848
v -0.079988474 -0.360349597 0.974990701
v -0.100380493 -0.379868811 0.981025217
v 0.039999931 -0.900004286 0.980001726
v -0.300000001 -0.900002727 0.980002726
v 0.199985370 -0.480000000 0.999985370
v -0.355440823 -0.448280297 0.972280296
v -0.345474647 -0.447497214 0.973068011
v -0.340282162 -0.456467571 0.980705155
v -0.539748023 -0.794732895 0.744637680
v -0.539755215 -0.804385469 0.755914979
v 0.060051257 -0.520043994 0.599421345
v 0.080018035 -0.500076030 0.599559009
v 0.080251572 -0.520385363 0.598649843
v -0.487643127 -0.307944756 0.893461898
v -0.480238614 -0.405313860 1.019203281
v 0.140045016 -0.459988828 0.599895982
v 0.060000998 -0.199998985 0.840000006
v 0.080002734 -0.199997258 0.840000005
v -0.040000001 -0.400000000 0.599999995
v -0.599928532 -0.819927103 0.919999647
v -0.124613244 -0.646634776 0.660905667
v -0.380000001 -0.400000000 0.599999999
v 0.019999960 -0.200072832 0.680072783
v -0.180000000 -0.900060680 1.040060677
v 0.200000003 -0.419999998 0.860000001
v -0.292620013 -0.246925164 0.834498384
v -0.299484178 -0.219993354 0.755479940
v 0.200002732 -0.519999999 0.980002735
v -0.519927566 -0.899986379 1.040061840
v -0.060000000 -0.901625755 1.081625755
v -0.365532438 -0.465252988 1.060441212
v -0.379087266 -0.458265664 1.060619982
v -0.241621961 -0.845968585 0.766281712
v -0.255560121 -0.845945217 0.768913675
v 0.175985787 -0.607737678 0.772473452
v -0.140000000 -0.760001002 1.100001002
v -0.120000000 -0.739999951 1.099999953
v 0.200976353 -0.239024267 0.719996835
v -0.339999999 -0.899985359 0.999985372
v -0.400991179 -0.445267813 0.999725746
v -0.195277329 -0.699951346 0.816126295
v -0.596639376 -0.896639879 0.900009752
v -0.601620855 -0.881624441 0.900006620
v -0.596644891 -0.660000000 1.096644891
v -0.596644891 -0.640000000 1.096644891
v -0.581625755 -0.660000000 1.101625755
v -0.284712065 -0.820651092 0.683906772
v 0.200140776 -0.840050957 1.040050977
v -0.039961664 -0.199627921 0.939984330
v -0.019924418 -0.200028783 0.939887491
v 0.159718313 -0.819629397 0.843360138
v 0.160995688 -0.800025611 0.838765174
v 0.182008793 -0.800614401 0.837296986
v 0.019999880 -0.900003586 0.980001882
v -0.440007882 -0.900975057 0.859002503
v 0.060001063 -0.860974877 1.100975844
v 0.080002942 -0.840060816 1.100063067
v 0.060000971 -0.840060585 1.100061803
v 0.199956322 -0.659986565 0.900059737
v 0.199911925 -0.280072470 0.700014287
v 0.119927234 -0.200073018 0.899999974
v -0.221311912 -0.201333000 0.901232413
v -0.200184686 -0.199052516 0.900156600
v 0.140061841 -0.819927566 1.099986378
v 0.140062173 -0.799986431 1.100043491
v -0.047061697 -0.412847747 1.006757659
v -0.060000000 -0.739999952 1.099999952
v -0.040000000 -0.739999952 1.099999952
v -0.460001083 -0.896645351 1.096645351
v 0.012518746 -0.693066313 0.829296835
v 0.019704599 -0.699483253 0.837924111
v -0.561068730 -0.244535245 0.896070287
v -0.179966316 -0.200064839 0.819995491
v -0.019837288 -0.760099423 0.819512374
v -0.019976952 -0.739814083 0.819604092
v -0.000247395 -0.739749409 0.819230943
v -0.000177409 -0.760065580 0.818243935
v -0.419685096 -0.198738109 0.721401573
v -0.399728528 -0.202742277 0.720726599
v -0.080000000 -0.420000001 0.599999996
v -0.600001597 -0.400000098 0.819999850
v -0.600001357 -0.500000050 0.939999992
v -0.119986454 -0.901122699 0.859038937
v -0.139845640 -0.901399671 0.859341709
v 0.200878662 -0.699985498 0.879370246
v -0.540060565 -0.900062175 0.960000834
v -0.196187269 -0.299180169 0.955940191
v -0.194497301 -0.286588369 0.953812961
v 0.080002669 -0.200069866 0.680072904
v -0.259993034 -0.200135801 0.680046004
v 0.039609108 -0.198763322 1.000548439
v 0.040001111 -0.540002760 1.099961914
v 0.099952110 -0.380072320 1.100145784
v -0.479322186 -0.403373032 1.096392279
v -0.299320778 -0.538516388 1.101796303
v -0.299829040 -0.518282424 1.097826542
v 0.059999768 -0.199995451 0.920003400
v -0.599911928 -0.819927530 0.999985712
v -0.600000048 -0.459999996 0.800000007
v 0.019999958 -0.200000091 0.760000048
v 0.034109541 -0.354582176 1.025079404
v 0.046633125 -0.346022963 1.038046854
v 0.119927566 -0.200013622 0.659938159
v 0.200974890 -0.520000000 1.060974890
v -0.220000888 -0.199934319 0.659940646
v -0.332954039 -0.288215532 0.833482857
v -0.019999999 -0.200000035 0.780000045
v 0.181627126 -0.780002912 1.101626941
v 0.160975733 -0.780003165 1.100976353
v -0.454601943 -0.678985774 0.646077102
v -0.466551742 -0.665839087 0.653746409
v -0.459451107 -0.659244762 0.644556631
v -0.439638105 -0.659228033 0.641015334
v -0.440362689 -0.679192121 0.645082547
v -0.180000000 -0.799985370 1.099985370
v -0.160000000 -0.799985370 1.099985370
v -0.160000000 -0.780002735 1.100002734
v -0.087296182 -0.431939936 1.007377570
v -0.060000000 -0.198374245 0.618374245
v -0.060000000 -0.203355109 0.603355109
v -0.060000000 -0.218374245 0.598374245
v -0.239999993 -0.900002738 0.980002724
v -0.405228241 -0.444072962 1.081192051
v -0.080000000 -0.760001002 1.100001002
v -0.080000000 -0.739999951 1.099999952
v -0.100000000 -0.739999951 1.099999952
v -0.596646180 -0.896646164 0.980002896
v -0.601626930 -0.881627120 0.980002932
v -0.300015481 -0.900028912 0.820071377
v -0.033850263 -0.212188901 1.014946702
v -0.034265860 -0.203564906 1.014660595
v 0.200060677 -0.580000000 1.040060678
v -0.000000001 -0.218374244 0.598374246
v -0.000000000 -0.239025108 0.599025112
v -0.339999992 -0.218373746 0.598374543
v -0.339999997 -0.239025139 0.599025104
v -0.600102161 -0.600008912 0.719894974
v -0.600003378 -0.699999782 0.840000236
v -0.599999531 -0.679999575 0.840000502
v -0.439999938 -0.439999903 0.600000180
v -0.439999950 -0.419999991 0.600000092
v -0.419999952 -0.439999980 0.600000177
v -0.439999901 -0.900002284 0.939998292
v -0.293888812 -0.626266008 0.634281901
v 0.199927168 -0.280072783 0.780000040
v -0.226897547 -0.652720753 0.665764701
v -0.214890513 -0.645563858 0.677979636
v -0.224792933 -0.654666363 0.679884080
v -0.493474781 -0.733378099 0.666730100
v -0.479236931 -0.736289553 0.663777016
v -0.481157969 -0.745637660 0.673987764
v -0.060000955 -0.899924189 0.920069558
v -0.200000002 -0.460000011 0.600000023
v -0.601013475 -0.639959776 0.698954355
v 0.039999939 -0.200000072 0.840000008
v -0.260357985 -0.505242139 1.018895473
v -0.240432639 -0.506047665 1.014762626
v -0.599871612 -0.400045051 0.899951563
v -0.059947587 -0.780431490 0.819447574
v -0.039676059 -0.760047215 0.819576549
v -0.039653600 -0.780545903 0.819837402
v -0.140000004 -0.199025090 0.639025112
v -0.119999999 -0.199025106 0.639025109
v -0.599928728 -0.499999217 1.019926964
v 0.200002617 -0.700000060 0.959999688
v 0.201613965 -0.799983772 1.081624512
v -0.379907482 -0.900598095 0.839654096
v -0.540050955 -0.900140802 1.040050955
v 0.197330159 -0.202669082 1.081880042
v 0.182045775 -0.197590912 1.082048276
v 0.000209437 -0.624566558 0.659524014
v -0.507623205 -0.267460165 0.873447778
v -0.519259912 -0.260534095 0.880314592
v 0.000002485 -0.560019207 1.099944444
v -0.199681236 -0.896654046 0.783363539
v -0.198787948 -0.901704844 0.797555777
v -0.199682375 -0.881624789 0.782508540
v -0.340076518 -0.560088689 1.100473070
v -0.600002717 -0.460000133 0.880000023
v -0.120000000 -0.259939322 0.599939322
v 0.019999959 -0.200000224 0.839999970
v 0.199989163 -0.760002025 0.940014734
v 0.119927172 -0.200071704 0.739999036
v -0.560869715 -0.735333720 0.684256957
v -0.560966402 -0.745840186 0.694381761
v -0.155218484 -0.673193680 0.807898374
v -0.145166197 -0.673253986 0.807719250
v -0.219956991 -0.200043988 0.739986872
v -0.600062161 -0.259939430 0.739998864
v 0.140050955 -0.199859199 0.659949045
v 0.000000186 -0.199999371 0.859999767
v 0.199972519 -0.479967489 0.680107723
v -0.060000000 -0.200014630 0.700014630
v -0.240000000 -0.900974890 1.060974890
v 0.119928803 -0.819928803 1.099851253
v 0.119927530 -0.799985713 1.099911925
v 0.078778408 -0.359422038 1.102056111
v -0.597059442 -0.897059442 1.061120679
v -0.602359027 -0.881757069 1.061085195
v -0.200000000 -0.799985370 1.099985370
v -0.220000000 -0.799985370 1.099985370
v -0.140213600 -0.459873738 0.998937357
v -0.126433506 -0.453727329 1.006323327
v -0.480002874 -0.896646188 1.096646188
v 0.140060817 -0.319997058 0.599936935
v 0.160975733 -0.319996832 0.599023650
v 0.160974871 -0.339998911 0.599024177
v -0.080108192 -0.780309361 0.819742924
v 0.080527913 -0.540333540 0.599186544
v -0.599999984 -0.700000003 0.919999951
v -0.599999967 -0.680000000 0.919999960
v -0.460000999 -0.419999957 0.599999054
v -0.439999952 -0.400000005 0.600000047
v 0.199927215 -0.280072785 0.860000000
v -0.359553750 -0.245146334 0.754929374
v -0.360041462 -0.260757337 0.762781430
v 0.200002693 -0.380000042 0.980002734
v -0.100831913 -0.494495722 1.065971772
v -0.086049214 -0.492407268 1.067806489
v -0.214494608 -0.645469525 0.753769040
v -0.059999998 -0.899985342 0.999985357
v 0.099981883 -0.499998109 1.099991216
v -0.600007072 -0.640000358 0.779997106
v 0.039997406 -0.199998909 0.920003021
v -0.439193788 -0.833628568 0.785119211
v -0.439360248 -0.843374624 0.797505620
v -0.460243127 -0.842994789 0.801490727
v -0.439440410 -0.823689672 0.775669156
v -0.139999897 -0.199997279 0.719997243
v -0.119999956 -0.199997351 0.719997263
v -0.596645262 -0.499999905 1.096645704
v -0.040000000 -0.203355109 0.603355109
v -0.040000000 -0.198374245 0.618374245
v -0.019999999 -0.198374244 0.618374244
v -0.019999999 -0.203355109 0.603355109
v -0.446478831 -0.325988543 0.912916238
v -0.459507576 -0.324160608 0.915682951
v -0.380000015 -0.203355262 0.603355168
v -0.380000034 -0.198384417 0.618373530
v -0.360000246 -0.198383785 0.618370121
v -0.360000109 -0.203354522 0.603355135
v 0.200060674 -0.700000000 1.040060680
v -0.040001268 -0.899923736 0.920079628
v 0.200001002 -0.339998998 0.840000000
v -0.379999553 -0.899990663 0.920005790
v 0.120656474 -0.799754003 0.840173780
v -0.219775991 -0.699498798 0.739271792
v -0.256524116 -0.203342505 0.840061786
v -0.480871231 -0.803717725 0.739717394
v -0.420234797 -0.324602141 0.839534024
v -0.399846508 -0.324708123 0.839357502
v 0.160974891 -0.680000001 1.100974891
v 0.160974890 -0.660000000 1.100974891
v 0.140060678 -0.660000000 1.100060678
v -0.240523278 -0.457129957 0.959131832
v -0.599847620 -0.699938883 0.760079837
v -0.599972307 -0.459997915 0.960002124
v -0.601625759 -0.559999996 1.081625762
v -0.455912478 -0.276330073 0.779760268
v -0.439975096 -0.281486505 0.778545485
v -0.439999952 -0.739999952 1.099999904
v -0.460001001 -0.739999951 1.100000954
v 0.181627126 -0.319997085 0.598373062
v 0.199928249 -0.760000967 1.019927214
v -0.100000000 -0.280072785 0.600072785
v -0.100000000 -0.259939322 0.599939322
v -0.080000000 -0.280072785 0.600072785
v -0.599990766 -0.259970939 0.819923226
v 0.000052308 -0.200138503 0.939919260
v -0.519927094 -0.460000945 0.600071141
v -0.019830388 -0.780536195 0.819201340
v -0.519522540 -0.319428461 0.941609521
v -0.500073265 -0.321930948 0.941152739
v -0.596903798 -0.202752669 0.840690528
v -0.060000003 -0.200000036 0.780000043
v -0.044591980 -0.321064534 0.984655030
v -0.060388367 -0.319796865 0.981046713
v 0.039999950 -0.200072836 0.680072782
v -0.286289451 -0.233886660 0.765743029
v -0.284704759 -0.219144623 0.763797809
v -0.299985009 -0.200054285 0.680074004
v -0.560728594 -0.795366550 0.744580417
v -0.560856467 -0.804624589 0.755262059
v 0.014465041 -0.373649693 1.026910833
v 0.020440266 -0.360489348 1.022112217
v -0.360061701 -0.540458937 1.100212594
v -0.540066086 -0.900011544 0.880071614
v -0.560975199 -0.900899100 0.880070069
v -0.601584108 -0.218396757 0.680081298
v -0.599985371 -0.680000001 0.999985370
v -0.600008460 -0.319996817 0.800002266
v 0.196639290 -0.419987055 0.603363702
v 0.201620599 -0.419992204 0.618375926
v -0.320000000 -0.899985370 0.999985365
v 0.196616884 -0.896615543 0.940035182
v 0.199918901 -0.519956514 0.740036272
v -0.119399441 -0.800036548 0.820250490
v 0.199927164 -0.280072782 0.939999950
v 0.200974874 -0.380000046 1.060974829
v -0.480002734 -0.419999953 0.599997310
v 0.006137177 -0.633170285 0.646923097
v 0.006017755 -0.634411758 0.654205902
v 0.013570320 -0.633541683 0.646791335
v 0.013451401 -0.634612197 0.654096997
v 0.201626763 -0.319997086 1.081627731
v 0.181625755 -0.640000000 1.101625755
v 0.160974890 -0.640000000 1.100974891
v -0.354676509 -0.895211401 0.745635855
v -0.360721593 -0.898660595 0.758620657
v -0.368517899 -0.889037254 0.752217172
v -0.360542077 -0.881471511 0.742672925
v -0.339598900 -0.896665291 0.744086499
v -0.340719778 -0.902296719 0.758434744
v -0.340279952 -0.881030834 0.739326633
v -0.600000042 -0.640000011 0.859999989
v -0.079999638 -0.620000634 1.099994842
v -0.079998303 -0.600023526 1.099962491
v -0.100001426 -0.600031114 1.099966672
v -0.600002685 -0.739999953 0.980002736
v -0.179955204 -0.495573207 1.003809631
v -0.165249708 -0.493883199 1.006625492
v -0.040000000 -0.200014630 0.700014630
v -0.019999999 -0.200014629 0.700014630
v -0.380014630 -0.199720284 0.699635482
v -0.360096109 -0.199282912 0.700629345
v -0.280063495 -0.523884505 1.096457537
v -0.279375198 -0.539141577 1.101295949
v 0.200000960 -0.339998998 0.919999958
v -0.419999957 -0.259939339 0.599939355
v -0.439999955 -0.300014625 0.600014687
v -0.439999950 -0.280072780 0.600072837
v -0.419999960 -0.280072783 0.600072831
v -0.419999959 -0.300014629 0.600014673
v -0.480002833 -0.900004570 0.939999075
v -0.333474551 -0.412398621 0.927022869
v -0.200000035 -0.199937455 0.659939310
v 0.139585443 -0.814738320 0.846075850
v 0.139951562 -0.798919559 0.840679140
v 0.115352638 -0.623058173 0.801427774
v -0.459981718 -0.901070122 0.858903593
v -0.120120340 -0.380197785 0.980068811
v 0.196645351 -0.760001083 1.096645351
v 0.196646188 -0.780002874 1.096646188
v -0.140000000 -0.780002735 1.100002734
v -0.228048884 -0.211455518 0.908704975
v -0.480002740 -0.760001007 1.100003725
v 0.119927096 -0.319997333 0.600069865
v -0.280000071 -0.500000884 0.599998333
v -0.260000012 -0.500001877 0.599997397
v -0.256284219 -0.259945921 0.896154117
v -0.466200770 -0.405331397 1.087678753
v -0.466010491 -0.406508618 1.096214637
v -0.599968826 -0.499999646 0.700014870
v -0.597601910 -0.258614130 0.902316537
v 0.039950688 -0.519951899 0.599997634
v -0.260167950 -0.799969631 0.700135441
v -0.299999797 -0.519991451 0.600011596
v -0.280000116 -0.519984268 0.600016982
v 0.118634435 -0.574936964 0.645877186
v 0.119922546 -0.559389859 0.640359897
v -0.119725148 -0.484640656 1.055100751
v -0.120682166 -0.495366678 1.064637964
v 0.039999952 -0.200000096 0.760000048
v -0.319932014 -0.881607309 0.738454846
v -0.560974852 -0.900976013 0.960001068
v 0.060000964 -0.200071704 0.680072828
v -0.059990388 -0.580049567 1.099925304
v -0.059990805 -0.560005388 1.100115781
v -0.279994739 -0.200104193 0.680032619
v -0.426661638 -0.672578246 0.647423841
v -0.601626111 -0.218380211 0.760002197
v -0.600693004 -0.320031473 0.880284612
v -0.320000000 -0.901625755 1.081625755
v 0.200000331 -0.520006014 0.819996418
v 0.200004233 -0.620000552 0.939998378
v 0.019969937 -0.519970578 0.600101512
v 0.019942101 -0.539918808 0.600107301
v 0.160984722 -0.780200449 0.838557545
v 0.181702863 -0.780258276 0.837818160
v -0.319999992 -0.218374015 0.598374344
v -0.319999998 -0.239025185 0.599025060
v 0.004373448 -0.424624125 1.080569515
v 0.015199485 -0.414525968 1.081646076
v 0.062972019 -0.218668254 1.098382714
v 0.078872088 -0.218125800 1.102383201
v -0.600974900 -0.739999941 1.060974844
v -0.040000001 -0.200000038 0.780000047
v 0.200684684 -0.580125016 0.799893035
v 0.199986371 -0.339999000 0.999985372
v -0.396309397 -0.859609118 0.780343987
v -0.013433944 -0.633720967 0.712676947
v -0.004611632 -0.633623685 0.713253763
v -0.480002669 -0.899930132 1.019927098
v -0.519596021 -0.754550158 0.705298783
v -0.499464568 -0.755518642 0.701424995
v -0.199979658 -0.200043950 0.739996404
v 0.067809361 -0.693590061 0.827213500
v 0.060190877 -0.700133078 0.837668275
v -0.540060797 -0.460001246 0.599937758
v -0.186904971 -0.325970197 0.947848802
v -0.201014996 -0.319514303 0.945001379
v -0.386604630 -0.652771403 0.626582542
v -0.375210385 -0.647629857 0.631930900
v -0.539709708 -0.323377756 0.940503253
v -0.460000359 -0.199042029 0.639014125
v -0.440000550 -0.199061508 0.639001933
v -0.460001001 -0.439999934 0.599998901
v -0.460001036 -0.900003457 0.939998455
v -0.375643279 -0.875389904 0.746211167
v -0.381843388 -0.881933323 0.759058958
v -0.135457803 -0.381083366 0.974930231
v -0.133338315 -0.366388706 0.973150007
v -0.120161736 -0.360749527 0.975492254
v -0.380446394 -0.274813379 0.764710943
v -0.365693622 -0.273293666 0.766299687
v -0.393258747 -0.334305700 0.846832395
v -0.385705402 -0.447213093 0.977454034
v 0.099749052 -0.359941058 1.100715085
v -0.600060649 -0.399999983 0.659939318
v -0.599999753 -0.499999960 0.780000140
v -0.307389954 -0.505153828 1.087646750
v -0.306720208 -0.505093417 1.096606883
v -0.186388059 -0.896683290 0.784778710
v -0.187021183 -0.887831506 0.785489089
v -0.179277518 -0.880791504 0.798447504
v -0.180128182 -0.897784823 0.798602113
v -0.192529736 -0.876362032 0.791234733
v -0.319967082 -0.559840310 1.100768535
v 0.196644891 -0.203355109 0.840000000
v 0.181625755 -0.198374245 0.840000000
v -0.280199965 -0.501428355 1.018844573
v 0.100302353 -0.520767259 0.598631346
v 0.099806941 -0.539505246 0.603465224
v -0.164801601 -0.514749236 1.060674104
v -0.154751715 -0.505288922 1.059928036
v -0.140295918 -0.496654114 1.060379125
v -0.561010977 -0.198986872 0.739977980
v -0.539970394 -0.199324284 0.740068312
v -0.560944771 -0.901087531 1.040038835
v -0.114434694 -0.656698731 0.659324046
v -0.600975057 -0.460001438 0.639024301
v -0.599996339 -0.560000007 0.759999493
v -0.519928801 -0.200035613 0.659934418
v 0.200002693 -0.319997266 0.919999958
v -0.120004726 -0.600026052 1.099958716
v -0.601702235 -0.420097108 1.081566109
v -0.519927096 -0.780002669 1.099930134
v 0.199999484 -0.519999929 0.900000062
v 0.199927217 -0.620000001 1.019927209
v -0.052710028 -0.293662156 0.992273899
v -0.054818939 -0.279338388 0.994857037
v -0.047583998 -0.306516082 0.987047694
v -0.519927530 -0.799985713 1.099911925
v -0.540062173 -0.799986431 1.100043491
v -0.313389820 -0.267023312 0.813848647
v -0.307657068 -0.271789095 0.827158807
v 0.200060678 -0.560000000 1.040060678
v -0.000000001 -0.203355109 0.603355109
v 0.181625965 -0.339998893 0.598373573
v -0.340000219 -0.198380372 0.618370817
v -0.340000061 -0.203353420 0.603356043
v 0.160967168 -0.901965226 1.060967167
v -0.180000000 -0.319997265 0.599997265
v -0.160000000 -0.339998998 0.599998998
v -0.519927096 -0.319997331 0.600069866
v -0.019601500 -0.617782671 0.760949483
v -0.265498837 -0.874164947 0.725523601
v -0.259318006 -0.878641261 0.739437706
v -0.279383462 -0.876604189 0.724293162
v -0.279148110 -0.885155096 0.738606733
v -0.026350134 -0.393119036 1.027201168
v -0.014003919 -0.387247069 1.033077282
v 0.001409442 -0.384825139 1.035127319
v -0.595556601 -0.895108887 0.805015428
v -0.597074543 -0.896999564 0.819367646
v -0.602122973 -0.882050096 0.818404713
v -0.581664719 -0.897602352 0.803308136
v -0.294339419 -0.448128733 0.952032169
v -0.059673736 -0.641249372 0.680594794
v -0.079607056 -0.645964142 0.681536094
v -0.480000428 -0.901047430 0.859017835
v 0.039999936 -0.840060660 1.100060663
v 0.019999958 -0.840060681 1.100060633
v 0.199996992 -0.580007315 0.879992312
v -0.213419192 -0.734833363 0.792855951
v -0.220179402 -0.485213961 0.995116486
v -0.220152156 -0.496411613 1.004240963
v -0.594961057 -0.693491738 0.665555208
v -0.597850803 -0.700686647 0.678440412
v -0.601702679 -0.680707369 0.678155863
v -0.596801055 -0.679971917 0.663482151
v -0.420319354 -0.285363005 0.779071694
v 0.196638293 -0.300016065 0.603361707
v 0.196611118 -0.280078026 0.603388882
v 0.201583887 -0.280081442 0.618396505
v 0.200000929 -0.380000046 0.739998995
v -0.040021276 -0.559877792 0.600063818
v -0.020015090 -0.559926674 0.600010107
v -0.560975782 -0.460002571 0.599023705
v -0.215616296 -0.319778488 0.935094258
v -0.380003940 -0.559960042 0.599963509
v -0.359998589 -0.559964882 0.600041150
v -0.459986833 -0.198589753 0.720594717
v -0.439726165 -0.198125601 0.721290854
v -0.359623652 -0.419929994 0.942804455
v -0.581601420 -0.499907405 0.598419594
v -0.560976513 -0.479981711 0.599043473
v -0.560966681 -0.499920505 0.599088141
v -0.420000970 -0.199067146 0.638996960
v -0.599999962 -0.499999985 0.860000012
v 0.039380689 -0.399636013 1.098194673
v 0.043293454 -0.379268162 1.096698107
v 0.199864865 -0.799969856 0.920090158
v -0.540261961 -0.875757742 0.784380482
v -0.539308361 -0.886366184 0.794022990
v 0.196644873 -0.203355125 0.919999954
v 0.181625738 -0.198374247 0.919999959
v -0.560265966 -0.198050935 0.820133089
v -0.539779461 -0.202429839 0.820124594
v -0.095242758 -0.218716894 0.976174957
v -0.093688299 -0.205000836 0.974002790
v -0.600003171 -0.459999906 0.719997282
v -0.519548756 -0.198696993 0.740344185
v 0.199988223 -0.319997324 0.999985309
v -0.299770621 -0.320194314 0.880300727
v 0.196644891 -0.620000000 1.096644891
v 0.196644891 -0.640000000 1.096644891
v -0.145835379 -0.474247131 1.005928662
v -0.340145614 -0.198587349 0.700908551
v 0.200000713 -0.579999982 0.960001039
v -0.599906106 -0.679992003 0.760034217
v -0.319914712 -0.896602832 0.744097896
v 0.199999959 -0.380000042 0.819999999
v -0.205498015 -0.761681291 0.785814502
v -0.195380266 -0.758834559 0.795731418
v -0.212307000 -0.773427574 0.773396736
v -0.223309317 -0.739843847 0.704062477
v -0.217866969 -0.739963023 0.718442343
v -0.419999258 -0.600001658 1.099998508
v -0.299354743 -0.496770558 1.019784742
v 0.200002735 -0.319997265 0.840000000
v -0.466229776 -0.852200680 0.786062234
v -0.461071405 -0.854153330 0.802204469
v -0.473358338 -0.844479146 0.807931589
v -0.227622252 -0.685543752 0.726868066
v 0.133997986 -0.572591553 0.647779595
v 0.139715757 -0.559939398 0.643817398
v 0.146332029 -0.566389688 0.654070235
v 0.139771893 -0.577520032 0.659666171
v -0.293110734 -0.206355065 0.752395255
v -0.479492855 -0.654413115 0.645969290
v -0.480308545 -0.664010296 0.656211672
v -0.540049506 -0.199859899 0.659952504
v 0.199928291 -0.339999042 0.680072824
v 0.199971056 -0.799985240 0.999985346
v 0.196638363 -0.203361875 0.999983916
v 0.181624798 -0.198385910 0.999983629
v -0.534587491 -0.372966862 1.081579433
v -0.260000000 -0.840060678 1.100060678
v -0.280000000 -0.840060678 1.100060678
v 0.019999963 -0.380000054 0.600000077
v -0.174017783 -0.625322877 0.705038862
v -0.200000000 -0.319997265 0.599997265
v -0.540060816 -0.319997058 0.599936933
v -0.293233065 -0.874086974 0.725750031
v -0.299561329 -0.881522605 0.735691155
v -0.100000000 -0.300014630 0.600014630
v -0.599999958 -0.559999999 0.919999958
v 0.200010075 -0.560003433 0.879996740
v -0.460000964 -0.280072825 0.600071705
v 0.196715014 -0.780210954 0.843149248
v 0.196612486 -0.760001666 0.843342109
v 0.201613267 -0.759977305 0.858378702
v -0.600140796 -0.259949021 0.659949048
v -0.596611080 -0.203386345 0.680078044
v -0.220000000 -0.319997265 0.599997265
v -0.479933045 -0.198875129 0.720703795
v 0.099985360 -0.379999971 0.600014555
v -0.133641215 -0.487442596 1.053567484
v 0.080002912 -0.901626942 1.081627126
v 0.074801212 -0.284890167 1.081487646
v -0.526210108 -0.246122268 0.874633191
v -0.531977525 -0.252832803 0.887318210
v 0.199999958 -0.380000042 0.900000000
v -0.200000091 -0.659999059 1.100001729
v -0.540060678 -0.660000000 1.100060678
v -0.306601718 -0.486956331 1.013480289
v -0.313837336 -0.493090636 1.025875624
v -0.479060384 -0.321834429 0.920336713
v -0.439999936 -0.259939356 0.599939327
v -0.599936415 -0.739995753 0.820005113
v -0.327382584 -0.488104240 1.031857013
v -0.341773191 -0.485200612 1.033966769
v -0.341115944 -0.495367999 1.044100914
v -0.272983515 -0.226389211 0.853980300
v 0.160976628 -0.900977930 0.980000524
v 0.140061088 -0.900064705 0.980002552
v 0.200000954 -0.339998998 0.760000049
v -0.260515040 -0.523536124 1.080869435
v -0.211456104 -0.806054511 0.773007508
v 0.119927215 -0.660000000 1.099927214
v -0.306592995 -0.692339864 0.668267453
v -0.300164289 -0.700377319 0.676456069
v -0.546508898 -0.366006652 1.067400451
v -0.544306076 -0.363625530 1.082132756
v -0.559570193 -0.358361912 1.081141279
v -0.220000157 -0.660000377 1.100000553
v 0.181578109 -0.619992521 0.776129517
v -0.327187808 -0.746285345 0.667128269
v -0.340480549 -0.739731462 0.663623825
v 0.144527859 -0.605805843 0.719013030
v -0.480002735 -0.739999953 1.100002685
v -0.000480984 -0.260148794 1.021297532
v 0.020354850 -0.239387278 1.020706219
v -0.039999996 -0.420000005 0.599999971
v -0.019999985 -0.420000015 0.600000012
v -0.419645804 -0.356387417 0.900668105
v -0.380000001 -0.420000000 0.599999993
v -0.360000000 -0.420000000 0.599999999
v -0.259528774 -0.779814861 0.699197310
v -0.299999975 -0.500001280 0.599998602
v -0.599985357 -0.560000000 0.999985371
v 0.200000971 -0.560000019 0.960000972
v 0.201965225 -0.860967168 1.060967170
v -0.219530032 -0.339814972 0.935781330
v -0.560724197 -0.324833027 0.935824989
v -0.439771939 -0.820049325 0.760409924
v 0.160976047 -0.199038674 0.999985696
v -0.179061482 -0.424996484 0.974417606
v -0.379789612 -0.740406636 0.658362996
v -0.359672299 -0.740135560 0.658765117
v -0.596665869 -0.203409119 0.759997171
v -0.059318819 -0.420395809 1.019437733
v -0.044705450 -0.414879401 1.020233084
v -0.439999598 -0.600001015 1.100002686
v -0.000068838 -0.560032560 0.599979167
v -0.339992951 -0.559943999 0.600078166
v -0.320000047 -0.203352998 0.603356302
v -0.600005478 -0.319997259 0.719997275
v 0.199930136 -0.319997333 0.680072904
v 0.201469451 -0.520770387 0.659599793
v 0.195807695 -0.535531281 0.660140992
v -0.360411846 -0.355405490 0.884828261
v 0.064913497 -0.204532125 1.095607570
v 0.079354370 -0.202840399 1.097097845
v 0.200025398 -0.559910373 0.800054778
v -0.139998665 -0.600041375 1.099919396
v -0.199782469 -0.485712139 0.994274691
v -0.199522930 -0.496661769 1.003673340
v -0.560976689 -0.799985518 1.100958313
v 0.080002734 -0.360000029 0.599997373
v -0.280000000 -0.360000048 0.600000048
v -0.260000000 -0.360000048 0.600000048
v -0.599999653 -0.739999861 0.900000233
v 0.048953163 -0.314188727 1.030933467
v 0.019873821 -0.839102881 0.842093746
v 0.040180070 -0.839499916 0.841110605
v -0.480002669 -0.280072903 0.600069867
v -0.526717951 -0.206463817 0.813522295
v -0.531528952 -0.211446816 0.826658796
v 0.200001002 -0.440000000 0.960001002
v -0.600063067 -0.780002942 1.040060816
v -0.326050564 -0.653019374 0.626312175
v -0.487329488 -0.287946893 0.853470397
v -0.480017387 -0.385206598 0.974384587
v 0.124374660 -0.634815970 0.800686101
v -0.100093672 -0.443500045 1.019599827
v -0.085228376 -0.435289313 1.020164245
v -0.595570856 -0.357206489 1.095718228
v -0.595151465 -0.343921116 1.095090901
v -0.595369452 -0.343805310 1.088550365
v -0.588336159 -0.342719253 1.088525864
v -0.588418395 -0.343704880 1.095377094
v -0.581490218 -0.356948651 1.097280965
v -0.419265418 -0.459334054 1.101299957
v -0.140056782 -0.600873878 0.598882388
v -0.120118336 -0.600852738 0.598669923
v -0.525868445 -0.873956026 0.786272984
v -0.520306984 -0.881098802 0.799542149
v 0.100085309 -0.500415730 0.599016853
v 0.080078233 -0.620027244 0.739937960
v -0.239999973 -0.500003131 0.599996989
v -0.601588207 -0.499937889 0.618396500
v -0.596609746 -0.499917630 0.603390402
v -0.254482820 -0.365823863 0.934053108
v -0.238702994 -0.361478340 0.934542858
v 0.153163082 -0.553179934 0.647767999
v 0.156645478 -0.559459497 0.661076450
v 0.161092312 -0.197646427 1.081757163
v -0.286882797 -0.631912474 0.647950881
v 0.196611118 -0.203388882 0.680078025
v 0.160974963 -0.500000017 1.100974623
v -0.256291463 -0.845429007 0.774352664
v 0.080002734 -0.700000000 1.100002734
v 0.060001002 -0.700000000 1.100001001
v -0.460001095 -0.600000120 1.100001770
v -0.284396900 -0.319826965 0.884222744
v -0.260000002 -0.699999982 1.099999987
v -0.280000003 -0.700000053 1.099999939
v -0.493203944 -0.751741781 0.687820242
v -0.478559814 -0.754545561 0.685104749
v -0.540060816 -0.780002942 1.100063067
v -0.480002737 -0.619999976 1.100002594
v -0.227269576 -0.365848032 0.926634805
v 0.200002685 -0.319997265 0.760000047
v -0.599895239 -0.420030107 0.919972412
v 0.200030180 -0.619918123 0.860095597
v -0.601549191 -0.358797674 0.941049171
v -0.300000000 -0.840060678 1.100060678
v 0.161019351 -0.901868222 0.899624360
v 0.099986431 -0.840062173 1.100043491
v -0.240000000 -0.840060678 1.100060678
v 0.160974890 -0.199025110 0.840000000
v -0.596666972 -0.840077194 1.096666972
v 0.039999952 -0.380000041 0.600000157
v 0.202367599 -0.581487250 0.718808405
v 0.196874741 -0.596360919 0.718559408
v -0.359997795 -0.539988197 0.600048441
v 0.201965324 -0.239032843 1.060967072
v -0.300000000 -0.380000042 0.600000042
v -0.379647585 -0.303527694 0.819552820
v 0.200060678 -0.440000000 1.040060677
v -0.361161138 -0.404926749 0.934717850
v -0.560970892 -0.755832255 0.704229675
v -0.539781536 -0.754662965 0.705403895
v -0.480002592 -0.199030491 0.639019612
v -0.193819851 -0.427475329 0.973016330
v 0.080002685 -0.899988597 0.999985002
v -0.600002735 -0.600000000 0.980002735
v -0.133719630 -0.625752811 0.687042201
v -0.133032383 -0.467144130 1.012320018
v -0.519927215 -0.640000000 1.099927217
v -0.100077656 -0.600790435 0.598942567
v 0.196644866 -0.203355134 0.760000048
v 0.119927419 -0.520000193 1.099927767
v -0.299792276 -0.304749379 0.875441198
v -0.019999999 -0.896644891 1.096644891
v -0.040000000 -0.896644891 1.096644891
v -0.019999999 -0.881625756 1.101625756
v -0.360000000 -0.896644891 1.096644891
v -0.380000001 -0.896644891 1.096644891
v -0.360000000 -0.881625755 1.101625755
v -0.380000001 -0.881625756 1.101625756
v -0.019999999 -0.280072785 0.600072784
v -0.600956519 -0.560109291 0.679921258
v -0.600504194 -0.420026079 0.999880309
v 0.200974856 -0.719999955 1.060974887
v -0.560975733 -0.319996835 0.599023647
v -0.596086107 -0.363666248 1.020314305
v -0.594345171 -0.365621391 1.005845482
v -0.581798646 -0.364094470 0.999328539
v -0.246405337 -0.526928951 1.074059958
v -0.253229741 -0.532098444 1.087772945
v -0.439619534 -0.459169292 1.101408174
v 0.019999958 -0.360000050 0.600000081
v -0.036359314 -0.400557718 1.019449539
v -0.209090832 -0.746908674 0.788452085
v -0.060025080 -0.559902301 0.600111670
v -0.244724846 -0.799063400 0.704791819
v 0.200060920 -0.379999950 0.659939432
v -0.600974891 -0.600000000 1.060974890
v -0.440169774 -0.321004646 0.839264184
v -0.560674180 -0.815009644 0.765215064
v -0.560974890 -0.660000000 1.100974891
v 0.060001089 -0.218374026 0.598373550
v 0.080002912 -0.218372874 0.598373059
v -0.279999994 -0.218374380 0.598374171
v -0.260000001 -0.218374319 0.598374203
v -0.599999908 -0.539999998 0.919999955
v -0.353872141 -0.492736378 1.046161142
v -0.506576620 -0.386610343 1.046412690
v 0.019999958 -0.700000000 1.099999958
v 0.201925822 -0.560946807 0.719394433
v -0.140000000 -0.459999954 0.600000030
v -0.119999996 -0.459999932 0.600000055
v -0.160303455 -0.880085085 0.804227089
v -0.145402957 -0.876057046 0.805906518
v -0.145799294 -0.865499286 0.806515882
v -0.386032513 -0.313763637 0.825899492
v 0.099985376 -0.359999989 0.600014767
v -0.320000352 -0.559971137 0.600004432
v -0.339979719 -0.419841527 0.939069410
v 0.076532822 -0.616710273 0.659283159
v 0.059538959 -0.625518816 0.660332302
v -0.600003723 -0.780002742 0.960001003
v -0.114126355 -0.346436958 0.972677151
v -0.345985001 -0.253686289 0.766794067
v 0.080002812 -0.560000099 1.100004520
v 0.060000266 -0.559998914 1.100006372
v -0.340817288 -0.355375023 0.884786404
v -0.259980338 -0.559003249 1.101161055
v -0.279830028 -0.559274587 1.101389595
v -0.234018045 -0.224629369 0.914036920
v -0.219956866 -0.218745986 0.916766033
v 0.079992251 -0.899937657 0.920089595
v -0.074832983 -0.425089292 1.019388821
v -0.447233751 -0.308702462 0.832283129
v -0.461169083 -0.304058042 0.838592011
v -0.454506825 -0.315120938 0.845596188
v -0.427298068 -0.427577052 1.025806572
v -0.424631021 -0.424793340 1.040692310
v -0.439872132 -0.420538751 1.039689470
v 0.039999952 -0.700000000 1.099999951
v -0.038557366 -0.464947995 1.074867826
v -0.020125988 -0.460234307 1.080673197
v -0.364234851 -0.464227907 1.081528056
v -0.220000444 -0.640008394 1.099984601
v 0.019999955 -0.239025113 0.599025145
v 0.039999941 -0.239025156 0.599025100
v 0.125632219 -0.613297573 0.706776823
v 0.119891675 -0.615998542 0.719745327
v 0.115092126 -0.607918101 0.712474035
v 0.134303028 -0.613449737 0.706260405
v 0.134482755 -0.614595077 0.720000790
v 0.200005894 -0.440001935 0.719997018
v -0.360000000 -0.400000001 0.600000000
v -0.013591918 -0.293309222 1.013188213
v -0.020356325 -0.279297030 1.016873989
v -0.000532276 -0.279972653 1.020230106
v -0.182252914 -0.632331581 0.785380172
v -0.299999999 -0.239025179 0.599025075
v -0.599985370 -0.540000027 0.999985374
v -0.225325088 -0.854286264 0.745182839
v -0.223663770 -0.840081514 0.744623724
v -0.224367337 -0.839695844 0.760660104
v -0.226436096 -0.853475499 0.754664140
v -0.599915140 -0.360013251 0.859962148
v -0.519922428 -0.499995479 1.099919491
v -0.393622505 -0.772809370 0.666398212
v -0.099999994 -0.459999939 0.600000088
v 0.059898180 -0.619275229 0.739834490
v 0.187408604 -0.613703243 0.766666248
v 0.196261477 -0.613806609 0.766645986
v 0.140102493 -0.198300118 1.081578654
v 0.196644882 -0.479999999 1.096644891
v -0.019999999 -0.739999952 1.099999953
v -0.360000000 -0.739999952 1.099999952
v -0.380000001 -0.739999952 1.099999953
v -0.581274594 -0.815101537 0.764386845
v -0.346522619 -0.406587100 0.932506217
v 0.119927116 -0.899931455 0.980003281
v -0.220000003 -0.900002664 0.980002742
v -0.073314925 -0.485804288 1.074312357
v -0.059444729 -0.479685136 1.080697146
v 0.140067131 -0.900973646 0.899615266
v -0.340000000 -0.896644891 1.096644891
v -0.340000000 -0.881625755 1.101625755
v -0.034628456 -0.273908401 1.014556399
v -0.035781140 -0.260301295 1.015758597
v -0.020481546 -0.260129640 1.019688638
v -0.406659105 -0.446863687 1.094899175
v -0.419910409 -0.443497676 1.096675895
v -0.060000001 -0.420000001 0.599999991
v -0.180858284 -0.700092650 0.821079421
v -0.419849321 -0.600676702 0.598606366
v -0.247224257 -0.813613115 0.707422546
v 0.199985317 -0.659999996 0.999985428
v -0.473306969 -0.812673378 0.746554975
v -0.031051149 -0.333881220 0.990685141
v -0.034017893 -0.318904268 0.993066626
v -0.018948811 -0.320016540 0.999287660
v -0.540060790 -0.519999165 1.100064472
v -0.560975134 -0.520000117 1.100975734
v -0.245982207 -0.713482990 0.685654940
v -0.244886155 -0.698517431 0.684892393
v -0.259749982 -0.699493302 0.680404492
v -0.480002815 -0.599999973 1.100002474
v -0.180615952 -0.201761975 0.921110426
v -0.440194637 -0.219226531 0.740235116
v -0.460138871 -0.218712657 0.740261015
v -0.039977748 -0.896534890 0.843625995
v -0.019965566 -0.896635582 0.843393505
v -0.019982863 -0.881336062 0.838990483
v -0.119036914 -0.279639336 0.959721116
v -0.139126705 -0.279622773 0.959438974
v -0.053102034 -0.468404146 1.072292781
v -0.060000000 -0.760001002 1.100001002
v -0.340409584 -0.463750292 0.999733454
v -0.425953982 -0.347416107 0.893336230
v -0.596611118 -0.819921975 1.096611118
v -0.300000000 -0.360000048 0.600000048
v 0.195082345 -0.673708492 0.825936345
v -0.340000000 -0.420000000 0.599999998
v 0.079981203 -0.420027069 1.100279996
v -0.346425991 -0.673477430 0.647161998
v -0.459802714 -0.459526538 1.101226027
v -0.139046407 -0.640469480 0.680355402
v -0.161322805 -0.634318263 0.696708318
v -0.152281107 -0.488004917 1.012596027
v -0.118926129 -0.259931855 0.959122891
v 0.195428106 -0.895658433 0.865034069
v -0.300000004 -0.700000064 1.099999912
v -0.019999999 -0.259939322 0.599939321
v 0.019771081 -0.714573507 0.835699782
v -0.256080842 -0.203594099 0.860795372
v -0.419964169 -0.219215644 0.740345485
v -0.415425357 -0.328716340 0.851830216
v -0.405306482 -0.328612536 0.851922874
v 0.160980802 -0.360000050 1.100952000
v -0.465581613 -0.265549792 0.778616017
v -0.032759669 -0.386839266 1.013003882
v 0.019585014 -0.760191575 0.818312149
v -0.440301667 -0.601053789 0.598112560
v -0.180880412 -0.319457802 0.956983373
v -0.505662346 -0.325550389 0.954448043
v -0.519334087 -0.324622980 0.955437229
v 0.064882531 -0.275095961 1.080225150
v -0.540060678 -0.640000000 1.100060677
v 0.060001083 -0.203354649 0.603354649
v 0.080002874 -0.203353812 0.603353812
v -0.567511827 -0.366587339 0.992586641
v -0.279999963 -0.203354806 0.603355216
v -0.259999987 -0.203355113 0.603355013
v 0.039857968 -0.699716665 0.841350926
v -0.164824934 -0.895025030 0.805192638
v 0.196638433 -0.896640194 0.960012418
v -0.140061077 -0.504425542 1.075816940
v -0.120339265 -0.504506317 1.076734908
v -0.121016618 -0.514151908 1.086494346
v -0.060000000 -0.896644891 1.096644891
v 0.064846225 -0.631472669 0.787980371
v 0.073421390 -0.630391544 0.788019330
v -0.086861958 -0.654782212 0.674400285
v -0.099351572 -0.656456860 0.675743932
v -0.380010823 -0.204120520 0.716534011
v -0.596644867 -0.360000049 0.603355133
v -0.419999916 -0.459999842 0.600000194
v 0.140109679 -0.360016787 1.099968072
v 0.119993850 -0.380035282 1.099795977
v -0.259623220 -0.538934499 1.098161364
v -0.479949209 -0.459866646 1.100669031
v 0.140393725 -0.520703840 0.602022513
v 0.160970996 -0.515983736 0.603614734
v 0.160996198 -0.500296823 0.598217312
v -0.460550809 -0.601120119 0.598435366
v -0.594814037 -0.265541821 0.915397386
v -0.473372445 -0.634084936 0.605871727
v -0.475451627 -0.621118553 0.603045839
v -0.193195264 -0.526028354 1.094813592
v -0.596644891 -0.699999999 1.096644891
v -0.596644891 -0.680000001 1.096644891
v 0.019999955 -0.218374257 0.598374272
v 0.039999953 -0.218374291 0.598374248
v -0.320000000 -0.896644891 1.096644891
v 0.196666951 -0.896666956 1.040077221
v -0.299999986 -0.218374323 0.598374176
v -0.340000000 -0.280072786 0.600072785
v -0.511553427 -0.593333908 0.626940837
v 0.160944771 -0.840038835 1.101087530
v 0.140050955 -0.840050955 1.100140801
v -0.220215263 -0.506307509 1.013804950
v -0.199251198 -0.506653809 1.013455486
v -0.199999474 -0.519980871 0.600017470
v 0.039998437 -0.559997426 1.100000029
v 0.019999081 -0.560002536 1.099977468
v -0.299816738 -0.559587042 1.101004495
v 0.119066287 -0.534923025 0.604436321
v 0.120258309 -0.520571318 0.598912140
v -0.113568869 -0.447430182 1.013693088
v -0.279387667 -0.699611884 0.678812280
v -0.034690721 -0.651395237 0.808872726
v -0.024697478 -0.651481802 0.808784615
v -0.019797059 -0.638958845 0.805299504
v -0.014930049 -0.646775343 0.813714395
v -0.019890445 -0.659561737 0.816174569
v -0.360000000 -0.280072787 0.600072785
v -0.266781832 -0.508514170 1.031492379
v -0.281377032 -0.506864719 1.033884055
v -0.153689821 -0.506724113 1.074498696
v 0.152900431 -0.573438787 0.665764516
v 0.161099920 -0.218247533 1.102346102
v -0.111892915 -0.653110427 0.673683524
v -0.274485486 -0.320741046 0.895281455
v 0.019999955 -0.203355129 0.603355129
v -0.033759657 -0.246224877 1.013777848
v -0.219999819 -0.519982621 0.600015554
v -0.439999967 -0.459999938 0.599999453
v -0.333254626 -0.832526278 0.707841666
v -0.209623744 -0.650581491 0.767469598
v 0.196644508 -0.339998742 1.096647119
v -0.540058097 -0.499995213 1.100067229
v -0.426659082 -0.288660642 0.791568484
v -0.441415474 -0.286121822 0.794191834
v -0.178521674 -0.506359026 1.013783498
v 0.040171253 -0.761237706 0.823516856
v -0.379039227 -0.321316851 0.836088968
v -0.460235112 -0.203778009 0.735306532
v -0.439905994 -0.203499192 0.735504800
v -0.439999955 -0.799985374 1.099985313
v -0.519981862 -0.716020716 0.664020634
v -0.524666375 -0.280971115 0.896122950
v -0.419999958 -0.319997266 0.599997307
v -0.340000000 -0.400000001 0.599999999
v 0.119834472 -0.239016737 1.101089402
v -0.120000000 -0.799985370 1.099985370
v -0.140000000 -0.799985370 1.099985370
v 0.080209093 -0.560196385 0.602120579
v -0.300518879 -0.895957276 0.744137297
v 0.093923855 -0.593369239 0.645986095
v -0.340000000 -0.739999952 1.099999953
v -0.213977228 -0.205513494 0.912916314
v -0.198992471 -0.204027812 0.915295302
v -0.060151550 -0.896328852 0.844222437
v -0.233338746 -0.447105172 0.952118356
v -0.406185707 -0.206231995 0.733431897
v -0.420719104 -0.203888137 0.735561038
v -0.426085804 -0.386429485 0.953787349
v -0.013748224 -0.446987459 1.074219636
v -0.373996543 -0.894724245 0.763709287
v -0.373009312 -0.893689132 0.774566643
v -0.539762052 -0.260245049 0.897584181
v 0.019474748 -0.740371306 0.819486853
v -0.006621512 -0.813434357 0.827076000
v -0.019812746 -0.800677902 0.819898430
v 0.066197753 -0.320691333 1.058747988
v 0.196646400 -0.319997014 1.096647095
v 0.019826126 -0.420256482 1.097121848
v -0.393912319 -0.673086937 0.648172362
v 0.196972833 -0.480752210 0.602860400
v -0.507050361 -0.874683494 0.806453702
v -0.352789103 -0.266868748 0.773191239
v 0.119927170 -0.380000222 0.600072383
v -0.485920310 -0.326318911 0.934583067
v 0.145940109 -0.845412363 0.847399668
v 0.160707437 -0.839709034 0.844677007
v -0.447748502 -0.327831726 0.852350184
v 0.196638293 -0.799983935 1.096638293
v 0.120001888 -0.360047191 1.099916569
v 0.195525805 -0.204473024 1.095526900
v 0.181878785 -0.202669089 1.097332773
v -0.265804793 -0.526259375 1.094667596
v -0.545449493 -0.365613387 1.094917123
v -0.559874158 -0.362707538 1.096756194
v -0.039544685 -0.801023283 0.818800200
v 0.133692754 -0.532780931 0.606001202
v -0.540055432 -0.520125190 0.599823814
v -0.199066582 -0.381175003 0.939050165
v -0.479434108 -0.600637262 0.602586172
v -0.245753793 -0.873984885 0.745929901
v -0.595161006 -0.813368228 0.766101947
v -0.419999958 -0.780002734 1.100002693
v -0.293441971 -0.834011187 0.685854202
v -0.284730843 -0.834501290 0.684903048
v 0.039999952 -0.203355134 0.603355134
v -0.299999997 -0.203353855 0.603355666
v -0.120000000 -0.319997265 0.599997265
v -0.340000000 -0.259939344 0.599939311
v -0.560638982 -0.897436110 0.803207914
v -0.540362182 -0.896602352 0.803945559
v -0.597330605 -0.218119908 0.602669394
v 0.195212887 -0.634955266 0.785674586
v 0.181304783 -0.636102866 0.783993101
v 0.140113196 -0.218418247 1.101655369
v 0.060715022 -0.740109056 0.824962695
v 0.067091916 -0.726438562 0.826872232
v 0.080679470 -0.735394254 0.824658550
v -0.086747460 -0.853156446 0.827185139
v -0.460001081 -0.460000595 0.599997574
v -0.119999911 -0.659999593 1.100000579
v -0.596644892 -0.559999992 1.096644905
v -0.492718458 -0.593514938 0.606968500
v -0.360000000 -0.259939341 0.599939318
v -0.467899997 -0.408542473 1.024342231
v -0.467779579 -0.408418473 1.034529579
v -0.285850470 -0.894947916 0.745662479
v 0.161129837 -0.202946866 1.097057077
v -0.020001073 -0.599997144 1.100003548
v -0.460000999 -0.799985371 1.099986372
v 0.160974813 -0.360000091 0.599025054
v -0.220000035 -0.500003101 0.599997069
v -0.100000000 -0.319997265 0.599997265
v -0.260123552 -0.420142664 0.940153950
v 0.119927566 -0.840061841 1.099986378
v 0.039573630 -0.739715735 0.823877189
v -0.372367511 -0.309069057 0.830731485
v -0.357877063 -0.305697416 0.834120805
v 0.160974892 -0.700000000 1.100974888
v -0.487296685 -0.386486551 1.065545096
v -0.486175498 -0.385680774 1.076093829
v -0.513508751 -0.854590988 0.765538815
v -0.526596627 -0.266451779 0.892791048
v -0.146764402 -0.654765642 0.665639086
v -0.146723473 -0.653821471 0.673743695
v -0.339679192 -0.365573903 0.893965002
v 0.007390259 -0.426745676 1.093991563
v -0.059202964 -0.636629321 0.603373820
v -0.033183553 -0.406175187 1.034262302
v -0.533137714 -0.327086363 0.952934665
v 0.080002874 -0.896646188 1.096646188
v -0.545741948 -0.247258712 0.892747457
v -0.359994235 -0.365781555 0.894888194
v -0.388461428 -0.449881238 0.992900602
v -0.553863206 -0.713665090 0.666265609
v -0.538949040 -0.715283043 0.664574031
v 0.018101515 -0.724871282 0.825563693
v -0.439999953 -0.319997265 0.599997315
v 0.197081660 -0.800707548 0.842627017
v -0.525859527 -0.893832615 0.806223844
v 0.026233013 -0.406044330 1.094451111
v -0.119804850 -0.523760110 1.096288917
v 0.019982148 -0.560102742 0.599772504
v -0.596687542 -0.420159139 1.096618153
v -0.072921427 -0.427720567 1.032531261
v -0.059217827 -0.425587373 1.034730800
v -0.365292951 -0.465374321 1.095455662
v -0.596901499 -0.840527341 0.783650994
v 0.196645343 -0.339998891 0.603354674
v -0.059819780 -0.800773985 0.819232791
v -0.220735163 -0.361198317 0.935472774
v 0.027424788 -0.367896460 1.031877314
v -0.595526516 -0.204473449 0.604473487
v 0.140111840 -0.203353237 1.096637880
v -0.393778998 -0.873577473 0.764087376
v -0.392454393 -0.872607632 0.775071698
v 0.112410183 -0.853342450 0.848615305
v -0.306521844 -0.634124362 0.625690918
v 0.092783778 -0.553399394 0.606246674
v -0.595256112 -0.345924716 0.953787196
v -0.233709148 -0.345963543 0.932997873
v -0.467653804 -0.307889173 0.853202729
v 0.196646187 -0.319997123 0.603353813
v -0.346911053 -0.467246920 1.013316332
v 0.032867280 -0.726958887 0.827840958
v -0.581572385 -0.776310708 0.723619407
v -0.334754773 -0.247544035 0.772162565
v -0.324705591 -0.247359514 0.772517014
v 0.195526521 -0.204473479 0.604473479
v 0.181880082 -0.202669395 0.602669395
v -0.273987271 -0.386162689 0.934179134
v -0.266556386 -0.855152377 0.705972101
v -0.013379290 -0.466554224 1.093502142
v -0.468303105 -0.268192301 0.793030167
v -0.595469654 -0.774351858 0.725652496
v -0.194337158 -0.312767037 0.954290982
v -0.355263432 -0.427310052 0.952525766
v -0.345345129 -0.426949343 0.952179175
v 0.066351633 -0.273352859 1.094497943
v -0.094014190 -0.446608457 1.033375717
v 0.046611095 -0.635228405 0.666367745
v 0.046099084 -0.634550766 0.673431857
v 0.053713153 -0.635346305 0.666136678
v 0.053376377 -0.634038725 0.673468926
v -0.353098350 -0.794527338 0.665151463
v -0.595585242 -0.575517775 0.604417323
v -0.453985448 -0.693427355 0.646931269
v -0.445585413 -0.693648866 0.646798106
v -0.053907348 -0.486388710 1.093936393
v -0.413586346 -0.793024621 0.687255559
v -0.167383686 -0.629723574 0.788904959
f 1 2 3 4
f 5 6 7 8
f 9 10 11 12
f 13 14 15 16
f 17 18 19 20
f 21 22 23 24
f 25 26 27 28
f 29 30 31 32
f 29 33 34 30
f 35 36 37 38
f 39 40 41 42
f 43 44 45 46
f 46 45 47 48
f 44 49 47 45
f 50 51 52 53
f 54 55 56 57
f 58 57 56 59
f 60 61 62 63
f 60 64 65 61
f 66 67 68 69
f 70 71 72 73
f 74 75 76 77
f 78 79 80 81
f 82 83 84 85
f 86 87 88 89
f 90 91 92 93
f 94 95 96 97
f 98 99 100 101
f 102 103 104 105
f 106 107 108 109
f 110 111 112 113
f 114 115 116 117
f 118 119 120 121
f 118 122 123 119
f 119 123 124 120
f 125 126 127 128
f 129 130 127 126
f 131 128 127 130
f 132 133 134 135
f 136 137 138 139
f 140 141 142 143
f 144 145 146 147
f 148 149 150 151
f 152 153 154 155
f 156 157 158 159
f 160 161 162 163
f 164 165 166 167
f 168 167 166 169
f 170 171 172 173
f 174 175 172 171
f 176 177 178 179
f 180 181 182 183
f 184 185 186 187
f 188 97 189 190
f 191 192 193 194
f 195 196 197 198
f 195 199 200 196
f 201 202 203 204
f 205 206 207 208
f 209 210 211 212
f 213 214 215 216
f 217 218 219 220
f 221 222 223 224
f 225 226 227 228
f 229 230 231 232
f 233 234 235 236
f 237 238 239 240
f 241 242 243 244
f 245 246 247 248
f 249 250 251 252
f 253 254 255 256
f 257 258 259 260
f 261 262 263 264
f 265 266 267 268
f 269 270 271 272
f 273 274 275 276
f 277 278 279 280
f 281 282 283 284
f 285 286 282 281
f 287 288 289 290
f 291 292 293 294
f 295 296 293 292
f 297 298 299 300
f 301 297 300 302
f 301 303 298 297
f 304 305 306 307
f 308 309 310 311
f 312 313 314 315
f 315 314 316 317
f 313 318 316 314
f 319 320 321 322
f 323 324 325 326
f 327 328 329 330
f 331 332 333 334
f 335 336 337 338
f 339 340 341 342
f 343 344 345 346
f 347 348 349 350
f 350 349 351 352
f 353 354 355 356
f 357 358 359 360
f 357 361 362 358
f 363 364 365 366
f 367 368 369 370
f 371 372 373 374
f 375 376 377 378
f 379 380 381 382
f 382 381 383 384
f 385 386 387 388
f 389 390 391 392
f 393 394 395 396
f 397 398 399 400
f 398 401 402 399
f 403 404 405 406
f 407 408 409 410
f 411 412 413 414
f 415 416 417 418
f 419 420 421 422
f 423 422 421 424
f 425 426 427 428
f 429 430 431 432
f 433 434 435 436
f 108 437 438 439
f 440 441 442 443
f 444 445 446 447
f 448 449 450 451
f 452 453 454 455
f 456 457 458 459
f 459 458 460 461
f 457 462 460 458
f 463 464 465 466
f 467 468 469 470
f 471 472 473 474
f 474 473 475 476
f 471 474 476 477
f 478 479 480 481
f 482 483 484 485
f 486 487 488 489
f 490 491 492 493
f 494 495 496 497
f 498 499 500 501
f 502 503 504 505
f 506 507 508 509
f 215 510 511 512
f 513 514 515 516
f 517 518 519 520
f 521 522 523 524
f 525 526 527 528
f 529 530 531 532
f 533 534 535 536
f 537 538 539 540
f 541 542 543 445
f 544 545 546 547
f 548 549 550 551
f 552 553 550 549
f 554 552 549 548
f 555 556 557 558
f 559 560 561 562
f 563 564 565 566
f 567 568 569 570
f 571 572 573 574
f 575 576 577 578
f 575 579 580 576
f 575 578 581 579
f 582 583 584 585
f 586 587 588 589
f 590 591 592 593
f 593 592 594 595
f 591 596 594 592
f 597 598 599 600
f 601 602 603 604
f 605 606 607 608
f 609 610 607 606
f 611 612 613 614
f 615 616 613 612
f 617 614 613 616
f 618 619 620 621
f 622 623 624 625
f 626 627 628 629
f 630 631 632 633
f 634 635 636 637
f 638 639 640 641
f 642 643 644 645
f 646 647 648 649
f 650 651 648 647
f 652 653 654 655
f 656 657 658 659
f 660 661 662 663
f 664 665 666 667
f 668 669 670 671
f 672 673 674 675
f 676 677 678 679
f 680 681 682 683
f 391 684 685 246
f 686 687 688 689
f 690 691 692 693
f 694 695 692 691
f 696 694 691 690
f 697 698 699 258
f 700 701 702 703
f 704 705 706 707
f 708 709 710 711
f 712 713 714 715
f 716 717 718 719
f 720 721 722 723
f 724 725 726 727
f 728 729 730 731
f 732 733 734 735
f 736 737 738 739
f 740 741 742 743
f 744 745 746 747
f 748 749 750 751
f 752 753 754 755
f 756 757 758 759
f 760 761 762 763
f 764 765 766 767
f 764 767 768 769
f 770 771 772 773
f 774 775 772 771
f 319 776 777 320
f 778 779 777 776
f 476 475 780 781
f 476 781 782 783
f 784 785 786 787
f 788 789 790 791
f 792 793 794 795
f 796 797 798 799
f 800 801 802 803
f 804 191 194 805
f 806 807 808 809
f 810 811 808 807
f 812 809 808 811
f 813 814 815 816
f 817 213 216 818
f 819 820 821 822
f 823 824 67 66
f 825 826 827 828
f 829 374 830 831
f 832 833 834 835
f 836 837 838 839
f 840 841 842 843
f 844 840 843 845
f 844 846 841 840
f 847 848 849 850
f 851 852 853 854
f 855 856 857 858
f 859 90 93 860
f 861 862 863 864
f 865 866 867 868
f 865 869 870 866
f 871 872 873 874
f 872 875 876 873
f 877 878 879 880
f 881 882 883 884
f 885 886 887 888
f 889 890 891 814
f 892 893 894 895
f 896 897 898 899
f 608 607 900 901
f 901 900 902 903
f 607 904 902 900
f 905 906 907 908
f 909 910 911 912
f 913 914 915 303
f 916 917 918 919
f 920 921 107 106
f 922 864 923 924
f 925 926 927 928
f 929 930 931 932
f 933 934 935 936
f 933 937 938 934
f 939 940 941 942
f 943 944 945 946
f 654 501 947 948
f 949 950 951 952
f 953 520 954 955
f 956 957 958 959
f 960 961 962 963
f 964 205 208 965
f 966 967 968 969
f 970 971 972 973
f 970 973 974 975
f 976 977 978 979
f 980 981 982 983
f 984 985 986 906
f 987 229 232 988
f 989 990 991 992
f 993 994 995 996
f 997 998 999 1000
f 1001 1002 1003 1004
f 1005 1006 1007 564
f 1008 1009 1010 1011
f 1012 1013 262 261
f 1014 1015 1016 1017
f 1018 1019 1020 1021
f 1022 1023 1024 1025
f 1026 1027 1028 583
f 746 1029 1030 1031
f 1032 1033 1034 1035
f 1036 1037 1038 1039
f 1040 1041 1037 1036
f 1042 1043 1044 1045
f 1046 1047 1048 1049
f 773 772 1050 1051
f 1051 1050 1052 1053
f 772 1054 1052 1050
f 1055 1056 1057 1058
f 1059 1060 1061 1062
f 1063 1064 164 1065
f 790 1066 1067 1068
f 1069 1070 1071 1072
f 1073 1074 1075 1076
f 1074 671 1077 1075
f 1078 1079 1080 1081
f 1082 1083 1084 1085
f 1086 1087 1088 1089
f 1089 1088 1090 1091
f 1092 1093 1094 1095
f 1096 1097 1098 1099
f 1099 1098 1100 1101
f 1102 1103 1104 1105
f 1106 1107 1108 1109
f 1110 367 370 1111
f 1112 1113 22 21
f 1114 1115 1116 721
f 1117 393 396 1118
f 1119 1120 1121 1122
f 1123 1124 1125 1126
f 1127 1128 1129 1130
f 1131 1132 1129 1128
f 1133 1134 1135 1136
f 1137 1138 412 411
f 1139 1140 1141 1142
f 1143 1144 1145 1146
f 1143 558 557 1144
f 1146 1145 1147 1148
f 1144 557 1147 1145
f 1149 1150 1151 1152
f 1153 1154 1155 1156
f 1157 1158 1159 1160
f 1157 86 89 1158
f 1161 1162 1163 1164
f 1165 1166 1167 1168
f 1169 1170 1171 1172
f 1173 1174 1175 1176
f 1177 1178 99 98
f 1179 1180 1181 1182
f 1183 1184 1185 1186
f 1187 1188 1189 1190
f 1191 1192 1193 1194
f 1194 1193 1195 1196
f 1197 1126 1198 1199
f 962 1200 1201 1202
f 1203 1204 1205 1206
f 11 1206 1205 1207
f 1208 1209 1210 1211
f 1212 1213 1210 1209
f 1214 1142 1215 1216
f 968 850 1217 1218
f 1219 1220 1221 1222
f 1223 1224 1225 1226
f 23 1227 1225 1224
f 1228 860 1229 1230
f 1231 1232 1233 1234
f 1235 1236 1237 1238
f 1239 1240 1241 1242
f 1243 1244 1245 1246
f 61 65 1244 1243
f 1247 1248 1249 1250
f 219 1247 1250 1251
f 1252 1253 1254 1188
f 1255 1256 1257 1258
f 1259 1260 1261 1262
f 1263 1264 745 744
f 1265 1266 1267 921
f 1268 1269 1270 1271
f 1272 1273 1274 1275
f 1276 1277 606 605
f 1278 609 606 1277
f 1279 1280 1281 1282
f 1279 1283 1284 1280
f 1285 1286 1287 1288
f 1289 1290 1291 1292
f 1292 1291 1293 1294
f 1290 1295 1293 1291
f 1296 1297 1298 1299
f 1296 1300 1301 1297
f 1302 253 256 1303
f 1304 1305 513 1306
f 1307 1308 1309 1310
f 1311 1312 1313 1314
f 1311 1315 1316 1312
f 1311 1314 1317 1315
f 1318 634 637 1319
f 1320 273 276 1321
f 1322 1323 1324 1325
f 1325 1324 1326 1327
f 1323 1328 1326 1324
f 1329 1330 1331 1332
f 1333 1334 1335 1336
f 1333 1337 1338 1334
f 1339 1340 1341 1342
f 1339 1343 1344 1340
f 1339 1342 360 1343
f 124 1345 296 295
f 1346 1347 1348 1349
f 1350 1351 1352 1353
f 1354 1355 1356 1357
f 1358 1354 1357 1359
f 1358 1360 1355 1354
f 1361 1362 1363 1364
f 1364 1363 309 308
f 1365 1366 1367 1368
f 1365 1369 1370 1366
f 157 676 679 158
f 1371 1372 1373 846
f 1374 1375 1376 1377
f 173 172 1376 1375
f 1378 173 1375 1374
f 175 1377 1376 172
f 177 1379 1380 178
f 1381 1382 1383 1384
f 190 189 1385 1386
f 1387 1388 1389 1390
f 1391 1392 1393 1394
f 206 1395 1396 207
f 1397 1398 1399 1400
f 1398 1401 1402 1399
f 69 68 1403 1404
f 1405 1406 1407 1408
f 373 1409 336 335
f 1410 1411 1412 1413
f 1414 1415 733 732
f 1416 1417 1418 286
f 1419 1416 286 1420
f 1419 1421 1417 1416
f 1167 1422 1423 1424
f 1425 1426 1427 1428
f 1429 407 410 1430
f 1431 1432 1433 1434
f 1431 1434 1 1435
f 1436 1437 1438 1439
f 1440 1441 785 784
f 1442 1374 1443 1444
f 1445 1446 1447 1448
f 1449 1450 1451 1452
f 1453 440 443 1454
f 469 9 12 1455
f 1456 1457 1458 1459
f 1460 13 16 1461
f 133 819 822 134
f 1462 1463 1464 1465
f 141 1466 1467 142
f 1468 25 28 1469
f 1470 1471 1472 1473
f 324 836 839 325
f 153 1474 1475 154
f 1476 1477 1478 1479
f 1477 1480 1481 1478
f 1482 1483 1484 1485
f 330 329 1486 1487
f 511 996 1488 1489
f 519 1490 483 482
f 1491 1492 1493 1494
f 337 1495 1493 1492
f 352 351 1496 1497
f 1498 1499 1500 1501
f 1498 60 63 1499
f 1498 1501 64 60
f 214 1502 510 215
f 1503 1504 1505 1506
f 1507 1508 893 892
f 1509 1510 1511 1512
f 1509 1513 1514 1510
f 242 1515 1516 243
f 1517 1518 910 909
f 416 1519 1520 417
f 1521 1522 1523 1524
f 1525 1526 1527 1528
f 1529 559 562 1530
f 1531 1532 1533 1534
f 1535 1487 1536 1537
f 294 293 944 943
f 1208 1538 1539 1209
f 1540 1497 1541 1542
f 1543 1544 1545 1546
f 1547 1548 1549 1550
f 1551 1552 1553 1554
f 1355 1551 1554 1356
f 1555 1556 1553 1552
f 309 1091 1557 310
f 1558 611 614 1559
f 1560 1559 614 617
f 464 1561 960 465
f 1562 1101 1563 1564
f 1565 1566 1567 1568
f 505 504 1569 1570
f 1393 1571 1572 1573
f 1574 1575 1576 1577
f 1578 1579 929 1580
f 1581 1582 218 217
f 1583 1584 1585 1586
f 1587 1588 1589 1590
f 1590 1589 1591 1592
f 1593 1594 1595 1596
f 1597 1598 1599 1600
f 1600 1599 665 664
f 1601 1602 1603 1604
f 1605 1606 1607 1608
f 1609 1610 1611 1612
f 1609 1613 1614 1610
f 1610 1614 237 1611
f 1615 1616 1617 1618
f 726 1619 1620 1286
f 540 539 1621 1622
f 542 249 252 543
f 1623 1624 1625 1300
f 1626 1627 1628 1629
f 1630 1631 254 253
f 1632 697 258 257
f 547 546 1633 1634
f 1635 265 268 1636
f 1637 1638 1639 1640
f 1640 1639 1641 1642
f 1643 724 727 1644
f 1645 1646 1647 1648
f 1649 1650 1651 1652
f 1653 1654 1655 1656
f 635 1657 1658 636
f 1659 1660 1224 1223
f 24 23 1224 1660
f 449 1636 1661 450
f 1662 1663 1664 1665
f 1666 1662 1665 1667
f 1668 1669 1670 1671
f 1672 1673 1674 1675
f 1676 1677 1678 1679
f 477 476 783 1680
f 42 41 1681 1682
f 479 1683 17 480
f 1684 1685 1686 1687
f 53 52 1688 1689
f 1690 1112 21 1691
f 1692 1119 1122 1693
f 75 1694 1695 76
f 1696 1697 1698 1699
f 1699 1698 1128 1127
f 1697 1131 1128 1698
f 246 685 209 247
f 711 710 1700 1701
f 1702 403 406 1703
f 735 734 269 1704
f 1705 1706 1707 1708
f 751 750 1174 1173
f 1709 1710 1711 1712
f 1713 1714 1715 1716
f 579 1342 1341 580
f 579 581 1717 1342
f 1718 1719 102 1720
f 1721 1722 1723 1724
f 1725 1726 1727 1728
f 1729 1730 1731 1732
f 1733 1729 1732 203
f 1733 1734 1730 1729
f 1735 896 899 1736
f 1737 1738 1739 1740
f 1741 1742 1743 1744
f 1745 1746 1747 1748
f 1749 1750 1751 1752
f 1753 1754 1755 1756
f 1757 1753 1756 1758
f 1759 467 470 1760
f 1761 1762 1763 1764
f 1765 1766 1767 1768
f 194 193 152 1769
f 1770 1771 1772 1773
f 216 215 512 1774
f 1775 1776 1248 1247
f 218 1775 1247 219
f 1777 517 520 953
f 1778 1779 1780 1781
f 1603 1778 1781 1508
f 1782 1783 1784 1785
f 236 235 1177 1786
f 240 239 205 964
f 1787 1788 1789 1790
f 1791 1792 971 970
f 1791 970 975 1793
f 1443 1794 1795 1796
f 1797 1798 1799 1800
f 1796 1795 1799 1798
f 1794 1800 1799 1795
f 258 699 221 259
f 1801 1802 1803 1804
f 1805 1806 1807 1808
f 1809 1810 1811 1812
f 1813 1809 1812 1814
f 1813 1815 1810 1809
f 1816 1817 1818 1819
f 1820 1821 1822 1823
f 1824 1825 568 567
f 1826 1827 598 597
f 298 1828 1829 299
f 303 915 1828 298
f 1830 1831 1832 1833
f 940 1358 1359 941
f 507 1834 1835 508
f 789 1836 1066 790
f 342 341 1837 1838
f 1839 1840 1841 1842
f 356 355 1843 1844
f 1844 1843 1845 1846
f 355 1847 1845 1843
f 1848 1849 1850 1851
f 1852 1853 1854 1855
f 1856 1857 1854 1853
f 1858 1855 1854 1857
f 816 815 1859 1860
f 374 373 335 830
f 376 1861 1862 377
f 1863 1864 1865 1866
f 386 1867 1320 387
f 390 1868 684 391
f 1869 1870 1871 1872
f 1873 1869 1872 1874
f 1873 1875 1870 1869
f 564 1007 1876 565
f 1017 1016 1877 1878
f 1879 1880 1881 1882
f 1883 1884 1885 1886
f 1887 1883 1886 1888
f 1887 1889 1884 1883
f 1035 1034 1890 1891
f 1892 1893 729 728
f 1894 1895 1896 1897
f 1898 1899 1896 1895
f 1900 1897 1896 1899
f 1901 1902 737 736
f 1903 1904 1905 1906
f 629 628 1907 1908
f 624 1909 1910 1911
f 1912 1913 1914 1915
f 1916 1917 1918 1919
f 1920 183 1446 1445
f 1921 1922 1923 1924
f 917 1925 1926 918
f 1927 1928 1929 1930
f 1931 1932 1933 1934
f 1931 1935 1936 1932
f 470 469 1455 1937
f 1938 1460 1461 1939
f 1940 481 1941 1942
f 1942 1941 1943 1944
f 481 480 1943 1941
f 1945 1946 1947 1948
f 1067 1948 1947 1949
f 489 488 1950 1951
f 1952 1953 1954 1955
f 1763 1691 1954 1953
f 1956 1468 1469 230
f 1957 1958 1959 1960
f 491 1961 1962 492
f 1583 1963 1964 1584
f 1965 436 1964 1963
f 532 531 1966 1967
f 721 1116 1968 722
f 1969 1970 1971 1972
f 1969 1973 1974 1970
f 1975 1976 1977 1978
f 1244 1975 1978 1245
f 1979 1980 1981 1982
f 1979 1503 1983 1980
f 1979 1982 1504 1503
f 1984 859 860 1228
f 538 1231 1234 539
f 1130 1129 1985 1986
f 545 1987 1988 546
f 1148 1147 1989 1990
f 1991 1992 62 61
f 1993 1243 1246 1994
f 1991 1993 1994 1992
f 1991 61 1243 1993
f 1995 1996 1997 1998
f 1999 2000 890 889
f 583 1028 2001 584
f 2002 1255 1258 2003
f 2004 2005 2006 2007
f 2008 2009 2010 2011
f 2012 2013 2014 2015
f 2013 2016 2017 2014
f 2018 2019 2020 2021
f 2022 2023 2024 2025
f 2026 105 2027 2028
f 2029 2030 2031 368
f 655 654 948 2032
f 2033 2034 2035 394
f 1199 1198 2036 2037
f 2038 2039 2040 2041
f 1211 1210 2040 2039
f 671 670 2042 1077
f 675 674 2043 2044
f 2045 2046 2047 2048
f 2045 2049 2050 2046
f 2045 2048 2051 2049
f 1216 1215 2052 2053
f 850 849 804 1217
f 1220 2054 2055 1221
f 683 682 2056 2057
f 1236 2058 2059 1237
f 2060 2061 2062 2063
f 2064 2065 1351 1350
f 709 2066 2067 710
f 2068 987 988 2069
f 725 2070 1619 726
f 1890 2071 1632 2072
f 2073 2074 1006 1005
f 741 212 2075 742
f 745 2076 1029 746
f 761 224 2077 762
f 767 766 2078 2079
f 767 2079 1055 768
f 2080 2081 2082 2083
f 1297 2084 2085 1298
f 1297 1301 913 2084
f 1741 2086 2087 1742
f 2088 2039 2087 2086
f 2038 1742 2087 2039
f 1308 2089 2090 1309
f 1328 2091 2092 1326
f 791 790 1068 2093
f 799 798 2094 2095
f 1856 2096 2097 1857
f 2098 2099 2097 2096
f 2100 1857 2097 2099
f 2101 2102 2103 2104
f 1190 1189 2105 2106
f 826 2107 2108 827
f 831 830 2109 2110
f 2111 2112 2113 2114
f 833 2115 2116 834
f 841 2117 2118 842
f 846 1373 2117 841
f 860 93 817 1229
f 2119 2120 829 2121
f 1986 1985 2122 2123
f 2123 2122 2124 2125
f 1985 2126 2124 2122
f 1015 2127 2128 1016
f 2129 1117 1118 2130
f 874 873 1477 1476
f 873 876 1480 1477
f 1413 1412 1014 2131
f 2132 2133 2134 2135
f 2135 2134 2136 2137
f 2133 2138 2136 2134
f 2139 2140 359 358
f 2139 2141 2142 2140
f 2139 358 1040 2141
f 2143 2144 2145 2146
f 2147 2148 2149 2150
f 910 2147 2150 911
f 2151 2152 1676 2153
f 2154 645 1714 1713
f 2155 2156 2157 2158
f 921 1267 2159 107
f 2160 2161 2162 2163
f 2164 2165 2166 2167
f 936 935 2168 2169
f 1426 2170 2171 1427
f 2172 2173 2174 2175
f 2176 2177 2178 677
f 2179 2180 2181 2182
f 2179 2183 2184 2180
f 2179 2182 2185 2183
f 948 947 2186 2187
f 2188 2125 379 2189
f 955 954 2190 2191
f 2192 2193 2194 2195
f 2059 2196 1777 2197
f 969 968 1218 2198
f 977 1543 1546 978
f 2199 2200 2201 2202
f 983 982 1561 464
f 996 995 2203 1488
f 1490 2204 2205 483
f 1009 2206 1735 1010
f 2207 2208 2209 2210
f 2208 2211 2212 2209
f 1394 1393 1573 2213
f 2214 2215 1253 1252
f 2216 1574 1577 2217
f 1033 2218 2219 1034
f 2220 2221 2222 2223
f 2224 2225 452 2226
f 1406 2224 2226 1407
f 1406 2227 2225 2224
f 1407 2226 452 2228
f 2229 2230 2231 2232
f 2233 2234 2235 2236
f 2237 2238 2235 2234
f 2239 2236 2235 2238
f 2240 2241 2242 2243
f 1056 2244 1026 1057
f 2245 1296 1299 14
f 2245 1623 1300 1296
f 2246 2247 2248 820
f 2249 1318 1319 837
f 1537 1536 2250 2251
f 2252 2253 2254 2255
f 1542 1541 2256 2257
f 1081 1080 2258 2259
f 1222 1221 2260 2261
f 1448 1447 2262 2263
f 1085 1084 1805 2264
f 2265 2266 2267 2268
f 2269 2270 1654 1653
f 1101 1100 2271 1563
f 1103 2272 2273 1104
f 2274 1371 2275 2276
f 2274 2277 1372 1371
f 2278 2279 2280 2281
f 2278 1972 1971 2279
f 2282 2283 2284 2285
f 2282 2286 2287 2283
f 1480 2288 590 1481
f 1122 1121 1673 1672
f 2289 2290 2291 2292
f 2293 1879 1882 937
f 2294 1887 1888 2295
f 2294 2296 1889 1887
f 1700 2297 1410 2298
f 2299 2300 1893 1892
f 2301 1900 1899 2302
f 2303 1196 2304 2305
f 2306 2307 2308 2309
f 2309 2308 2310 2311
f 1286 1620 1263 1287
f 2312 2313 1902 1901
f 2314 2315 2316 2317
f 2314 2317 1421 1419
f 2318 2319 2320 2321
f 1166 2322 1422 1167
f 1295 2323 2324 1293
f 1293 2324 2325 2326
f 2323 2327 2325 2324
f 1170 2328 2329 1171
f 2330 125 2329 2328
f 2331 1171 2329 125
f 2332 2333 2334 2335
f 2332 2336 2337 2333
f 1519 1916 1919 1520
f 2338 2339 2340 2341
f 2342 2343 2344 2345
f 1646 1931 1934 1647
f 1182 1181 2346 2347
f 2348 2349 2350 2351
f 2352 2353 2350 2349
f 1186 1185 2354 2355
f 2356 2357 1441 1440
f 2358 2359 2360 2361
f 1204 2362 2363 1205
f 1207 1205 2363 2364
f 2365 2366 2367 318
f 318 2367 2368 2369
f 2366 2370 2368 2367
f 1548 2371 2372 1549
f 2373 2374 2375 2376
f 1238 1237 2377 2378
f 1674 2121 2379 2380
f 2381 2382 2383 2384
f 2381 2385 845 2382
f 2386 1984 1228 2387
f 2388 1315 1317 2389
f 2388 2390 2391 1315
f 2388 2389 2392 2390
f 2393 2394 2395 2396
f 2397 2398 2399 2400
f 2401 2402 2403 2404
f 2405 2406 2407 2408
f 2409 2410 2411 2412
f 1596 1595 2000 1999
f 1604 1603 1508 1507
f 2413 2414 2415 2416
f 1282 1281 2417 2418
f 1818 2419 1518 1517
f 2420 2421 1062 2422
f 1300 1625 2423 1301
f 1330 2424 2425 1331
f 1337 2426 2427 2428
f 1337 2428 2429 1338
f 1728 1727 2430 364
f 1740 1739 2431 2432
f 2433 2434 2435 2436
f 2436 2435 2437 2438
f 2439 2440 2441 2442
f 1467 2443 2444 2445
f 1353 1352 2446 2447
f 2448 418 2449 2450
f 2451 2452 2453 2454
f 2451 2455 2456 2452
f 2457 2458 2459 2460
f 2461 2462 2463 2464
f 1382 2465 2466 1383
f 2467 2468 2469 2470
f 2471 2467 2470 2472
f 2472 2470 2469 2307
f 1392 2473 1571 1393
f 1771 2068 2069 1772
f 2474 2475 920 2476
f 2477 2474 2476 2478
f 2479 2480 920 2475
f 2477 2479 2475 2474
f 2481 2482 2483 2484
f 2485 2481 2484 2486
f 2487 2488 2489 2490
f 2237 2491 2492 2238
f 2493 1170 2492 2491
f 1169 2238 2492 1170
f 1411 1839 1842 1412
f 1785 1784 2494 2495
f 2496 2497 2498 2499
f 1417 2500 2028 1418
f 2501 2026 2028 2500
f 1421 2501 2500 1417
f 2502 2503 2504 2505
f 2506 2507 2508 2509
f 2510 2511 2512 2513
f 2514 2515 2516 2517
f 2518 551 1643 2519
f 2520 2521 2522 2523
f 1434 1433 2524 2525
f 1434 2525 2 1
f 2526 2527 2528 2529
f 1439 1438 2530 2531
f 2360 791 2093 2532
f 1716 1715 2533 2534
f 1452 1451 2535 2536
f 2537 2538 2539 2540
f 1455 12 2541 2542
f 1457 2543 2544 1458
f 1463 2545 2546 1464
f 1471 2547 2548 1472
f 2549 2550 2551 2552
f 2553 2554 2551 2550
f 2555 2556 2557 2558
f 2555 1367 2559 2556
f 1762 1690 1691 1763
f 2560 2129 2130 1283
f 2561 1692 1693 2562
f 2563 2564 1697 1696
f 1860 1859 2565 2566
f 1866 1865 2567 2568
f 2569 2570 2571 2572
f 1781 1780 2573 2574
f 1508 1781 2574 893
f 2575 2576 2148 2147
f 1518 2575 2147 910
f 2577 2578 2579 1415
f 2580 2577 1415 2581
f 693 2582 2579 2578
f 2580 693 2578 2577
f 2583 2584 2585 2586
f 2587 2588 2589 2590
f 2591 2592 2593 2594
f 1880 2595 2596 1881
f 2597 2598 2599 2600
f 2601 2602 2599 2598
f 1884 2603 2604 1885
f 1884 2605 2606 2603
f 1524 1523 2607 2608
f 1528 1527 2609 2610
f 2611 2612 2613 2614
f 2615 2616 2613 2612
f 1532 2617 2618 1533
f 2017 1721 1724 2619
f 129 2620 2621 130
f 2622 2623 2621 2620
f 1550 1549 2624 2625
f 1683 2626 2627 17
f 17 2627 2628 18
f 2626 2629 2628 2627
f 2630 2631 2019 2018
f 1958 2632 2633 1959
f 1568 1567 2634 2635
f 2636 2637 2638 2639
f 2051 2640 185 184
f 2641 2642 2643 40
f 2644 2645 2646 2647
f 2648 2649 2650 2651
f 58 2652 2653 57
f 2654 731 1776 1775
f 1582 2654 1775 218
f 1851 1850 2215 2214
f 2655 77 2656 2657
f 2658 739 1779 1778
f 1602 2658 1778 1603
f 1612 1611 2659 2660
f 1611 237 240 2659
f 539 1234 2661 1621
f 2662 2663 2664 2665
f 546 1988 2666 1633
f 2667 2668 2669 2670
f 2667 2670 1816 2671
f 1891 1890 2072 2672
f 2673 2442 2674 2675
f 1652 1651 2676 2677
f 2677 2676 2678 2679
f 1656 1655 50 2680
f 2681 2682 2683 2684
f 2685 2686 2207 2687
f 2688 2689 2690 2691
f 1669 2692 2216 1670
f 1677 2693 82 1678
f 480 17 20 1943
f 1685 2694 2240 1686
f 2034 156 159 2035
f 2695 2696 2697 2698
f 2699 2700 2701 2702
f 1804 1803 2703 2704
f 710 2067 2297 1700
f 2705 2706 1782 2707
f 2708 2306 2309 2709
f 1973 942 2710 1974
f 2711 2712 2713 2511
f 2714 2715 2716 2717
f 1708 1707 136 2718
f 2719 2720 2721 2722
f 1712 1711 2269 2723
f 2724 2725 2726 2727
f 2727 2726 2728 2729
f 2725 2730 2728 2726
f 1724 1723 2731 2732
f 2733 2734 2735 2736
f 2624 2737 2738 2739
f 1746 2151 2153 1747
f 1750 2740 2741 1751
f 2549 2742 2743 2550
f 1754 2744 2745 1755
f 2746 2747 2745 2744
f 1760 470 1937 2748
f 2749 1938 1939 2750
f 2751 2752 1953 1952
f 1764 1763 1953 2752
f 2753 323 326 1613
f 2754 2755 2756 2757
f 2757 2756 2758 2759
f 2755 2760 2758 2756
f 2761 2762 2763 2764
f 2765 2766 2762 2761
f 2102 2767 2768 2103
f 2106 2105 328 327
f 2769 2770 2771 332
f 2112 2772 2773 2113
f 2053 2052 181 180
f 1783 2774 2775 1784
f 2776 2777 2778 2779
f 2780 2781 2777 2776
f 2782 2783 2402 2401
f 2784 2785 2786 2787
f 2788 2789 2790 2791
f 2058 2792 2196 2059
f 2793 2794 2795 2796
f 1788 2797 2798 1789
f 2799 378 2800 2801
f 2802 2803 2804 2805
f 2806 2807 2804 2803
f 1808 1807 2808 2809
f 1810 241 244 1811
f 1817 2810 2419 1818
f 2811 2812 2813 2814
f 2815 2811 2814 2816
f 2815 2817 2812 2811
f 1821 2818 2819 1822
f 2820 2821 2822 2823
f 1833 1832 353 2824
f 947 463 466 2186
f 2825 2826 2827 2828
f 2829 2825 2828 2830
f 2829 2831 2826 2825
f 2832 2833 2834 2835
f 2836 2837 385 2838
f 2193 2457 2460 2194
f 2839 2840 2462 2461
f 2841 2842 2843 2844
f 2845 2846 503 502
f 2701 2847 2848 2849
f 2850 493 2851 2852
f 2853 2854 2855 2856
f 830 335 338 2109
f 2857 2858 2859 572
f 2860 2861 2862 2863
f 1016 2128 389 1877
f 2213 1573 538 537
f 1994 1246 2864 2865
f 2866 2867 2868 2869
f 2866 2870 2871 2867
f 2866 2869 2872 2870
f 1034 2219 2071 1890
f 2873 2289 2292 2874
f 2223 2222 545 544
f 2729 2728 2875 2876
f 2876 2875 2877 2878
f 2728 2879 2877 2875
f 2880 2881 2882 2883
f 2880 2884 2885 2881
f 1906 1905 2886 2887
f 2887 2886 2888 2889
f 1908 1907 486 2890
f 2891 576 580 2892
f 1915 1914 2893 587
f 1922 2894 2895 1923
f 1928 2896 506 1929
f 2031 147 2897 2898
f 1946 2899 2900 1947
f 1949 1947 2900 2901
f 2902 2903 2904 633
f 2905 632 2906 2907
f 2902 2905 2907 2903
f 2902 633 632 2905
f 2908 151 2909 2910
f 1960 1959 2911 2912
f 2913 2914 2915 2916
f 2917 2918 2919 2920
f 2268 2267 661 660
f 2921 2561 2562 2922
f 2062 2923 2924 2925
f 2926 2927 2519 2928
f 692 2926 2928 2929
f 2930 2518 2519 2927
f 692 2930 2927 2926
f 2931 2932 2933 673
f 2934 2935 2520 2936
f 26 1310 2937 27
f 2938 2939 2940 681
f 1673 2119 2121 1674
f 2291 2941 709 708
f 2942 2943 2944 2945
f 1987 2946 2947 1988
f 2948 2949 618 2950
f 1998 1997 626 2951
f 2005 2405 2408 2006
f 2009 755 2952 2010
f 2014 2017 2619 2953
f 2954 1846 2623 2622
f 105 104 2478 2027
f 2032 948 2187 2955
f 2104 2103 2956 2957
f 2958 2959 2960 2961
f 2962 2963 2964 2965
f 2966 2967 2968 797
f 2257 2256 643 642
f 2370 2969 2970 2368
f 1221 2055 652 2260
f 2118 884 2971 2781
f 2371 2972 2101 2372
f 2376 2375 811 810
f 2973 2974 2975 2976
f 1237 2059 2197 2377
f 2977 2978 2111 2979
f 2980 828 2981 2982
f 2066 2983 2984 2067
f 2985 2986 2987 2706
f 2864 1978 2662 2988
f 2989 2990 2991 2992
f 2993 432 2994 2995
f 224 223 2996 2077
f 2079 2078 792 2997
f 2079 2997 1056 1055
f 2512 2496 2499 2998
f 2083 2082 800 2999
f 3000 3001 2507 2506
f 1327 1326 3002 3003
f 3003 3002 2173 2172
f 1326 2092 2173 3002
f 2093 1068 3004 3005
f 3006 3007 832 3008
f 3009 3010 3011 3012
f 2437 3012 3011 3013
f 3014 3015 3016 3017
f 2359 788 791 2360
f 3018 3019 2192 3020
f 2114 2113 3021 3022
f 3023 3024 3025 959
f 3026 958 3027 3028
f 3023 3026 3028 3024
f 3023 959 958 3026
f 3029 3030 1813 3031
f 3032 3029 3031 3033
f 3032 3034 3030 3029
f 3035 3036 3037 3038
f 2121 829 831 2379
f 2464 2463 977 976
f 3039 3040 2807 2806
f 2390 865 868 2391
f 2390 2392 869 865
f 3041 3042 3043 3044
f 3045 3046 3043 3042
f 1412 1842 1015 1014
f 3047 2294 2295 3048
f 3047 3049 2296 2294
f 2498 3050 1033 1032
f 2146 2145 3051 1023
f 2145 3052 2301 3051
f 366 365 2300 2299
f 3053 3054 2313 2312
f 2161 3055 949 2162
f 2165 3056 2695 2166
f 2248 625 3057 3058
f 2422 1062 1061 3059
f 3060 633 2904 3061
f 3062 2916 3063 3064
f 3065 3066 3067 1072
f 3065 3068 3069 3066
f 3065 1072 1071 3068
f 2195 2194 3070 3071
f 2262 3072 3073 3074
f 3075 3076 3077 3078
f 2432 2431 3079 3054
f 146 3080 3081 3082
f 3083 3084 3085 3086
f 3087 3088 1008 3089
f 2197 1777 953 3090
f 3091 3092 3093 1079
f 2443 3061 3094 2444
f 3095 1095 3096 3097
f 483 2205 966 484
f 3098 1105 3099 3100
f 3101 3102 3103 3104
f 3101 2381 2384 3102
f 3101 3104 2385 2381
f 2210 2209 3105 3106
f 2209 2212 2386 3105
f 3107 3108 2637 2636
f 3109 3110 3111 3112
f 3113 3114 3115 3116
f 2221 3117 3118 2222
f 2230 3119 3120 2231
f 2241 2648 2651 2242
f 3121 3122 3123 749
f 2244 3124 1027 1026
f 3125 3126 3127 3128
f 3129 3130 3131 3132
f 3125 3129 3132 3126
f 3125 3128 3130 3129
f 3133 3134 3135 3136
f 3137 1333 1336 3138
f 3139 1680 2426 1337
f 3137 3139 1337 1333
f 1195 3140 3141 3142
f 3142 3141 3143 2023
f 3140 3144 3143 3141
f 3145 3146 3147 1180
f 600 599 3148 3149
f 2261 2260 3150 3151
f 116 2433 2436 3152
f 3152 2436 2438 3153
f 515 3154 2802 3155
f 3156 3157 3158 3159
f 3159 3158 3160 3161
f 3162 2439 2442 2673
f 3163 3164 3165 3166
f 3167 3168 2686 2685
f 2631 1219 1222 2019
f 2638 1235 1238 3169
f 2290 3170 2941 2291
f 2647 2646 2861 2860
f 3171 3172 2990 2989
f 2297 3173 1411 1410
f 3174 3175 2289 2873
f 1898 3176 3177 1899
f 3178 3179 3177 3176
f 2302 1899 3177 3179
f 2317 3180 2501 1421
f 3181 2880 2883 3182
f 3181 3183 2884 2880
f 2321 2320 1183 3184
f 3185 3186 3187 3188
f 251 3189 3190 3191
f 620 3192 2832 3193
f 267 924 3194 3195
f 1642 1641 1191 3196
f 2339 3197 2841 2340
f 2424 3198 1203 2425
f 3199 3200 3201 3202
f 3199 3203 3204 3200
f 3199 3202 2420 3203
f 2361 2360 2532 3205
f 2682 3188 3206 2683
f 3207 959 3025 3208
f 1549 2372 2737 2624
f 2689 3209 3210 2690
f 3211 3212 3213 3214
f 321 3215 3216 3217
f 2378 2377 3218 3219
f 2380 2379 3220 3221
f 3222 2979 3223 3224
f 3225 3226 3227 1368
f 3225 2555 2558 3226
f 3225 1368 1367 2555
f 2387 1228 1230 3228
f 3229 3230 3231 3232
f 3229 3233 3234 3230
f 3235 3236 3237 3238
f 162 3239 3237 3236
f 3240 3241 3242 3243
f 2396 2395 3244 3245
f 2400 2399 3246 1388
f 3247 2761 2764 3248
f 2777 3247 3248 2778
f 2777 2765 2761 3247
f 3249 1430 3250 3251
f 2414 3252 1329 2415
f 3253 3254 2576 2575
f 2419 3253 2575 1518
f 405 908 3255 3256
f 427 919 3257 3258
f 1175 3259 3260 3261
f 2533 3262 3263 3264
f 903 902 3265 1864
f 904 3266 3265 902
f 3267 3268 3269 1432
f 3267 3270 3271 3268
f 2438 2437 3013 3272
f 3161 3160 3273 3274
f 3274 3273 1323 1322
f 2545 3275 1381 2546
f 3276 3018 3020 3277
f 2442 2441 3278 2674
f 3279 3280 3281 3282
f 3283 3284 3285 3286
f 2454 2453 3287 3288
f 3289 2973 2976 3290
f 3291 1459 3292 3293
f 2460 2459 2630 3294
f 3295 1111 3296 3297
f 2759 2758 457 456
f 2760 3298 457 2758
f 3299 3300 3301 3302
f 3302 3301 3303 3304
f 3300 3305 3303 3301
f 501 500 463 947
f 520 519 482 954
f 2488 2836 2838 2489
f 3306 3307 3308 3309
f 1784 2775 1391 2494
f 2702 2701 2849 3310
f 3311 1499 63 3312
f 2785 3313 3314 2786
f 1789 2798 3315 3134
f 3316 3317 3318 3319
f 3320 1160 3321 3322
f 2509 2508 1436 3323
f 3324 3325 3326 3327
f 3328 3329 2858 2857
f 3330 3331 3332 3333
f 3330 1509 1512 3331
f 3330 3333 1513 1509
f 931 3334 2958 3335
f 2511 2713 2496 2512
f 551 550 724 1643
f 3336 3337 3338 3339
f 422 3340 3338 3337
f 3341 3339 3338 3340
f 2521 3342 1453 2522
f 569 3343 3344 3345
f 2527 3346 1462 2528
f 596 3347 3348 594
f 3347 3349 3350 3348
f 3351 3352 3353 3354
f 431 3351 3354 3355
f 2730 3356 2879 2728
f 3357 3358 3359 3360
f 3361 3360 3359 3362
f 3363 284 2514 3364
f 3365 1378 1374 1442
f 3366 2404 3367 3368
f 3369 3370 3371 3372
f 3373 3374 3371 3370
f 3375 3035 3038 3376
f 2562 1693 3377 3378
f 3379 3380 3381 3382
f 2848 3383 3380 3379
f 3250 3384 3385 3175
f 3386 3387 3388 3389
f 3390 3391 3000 3392
f 3390 3393 3394 3391
f 3390 3392 3395 3393
f 2572 2571 1521 3396
f 688 3397 3398 3399
f 3400 3401 1525 3402
f 702 1275 3403 3404
f 2588 2934 2936 2589
f 2592 3405 1531 2593
f 714 2708 2709 3406
f 2605 3407 3408 2606
f 3409 1629 3410 3411
f 2610 2609 1449 3412
f 3413 3414 3415 3416
f 3417 3418 3415 3414
f 3419 1645 1648 2455
f 2625 2624 2739 3420
f 1959 2633 1547 2911
f 2914 3421 2688 2915
f 2639 2638 3169 3422
f 32 31 3423 3424
f 3425 3426 3427 3428
f 640 3429 3427 3426
f 2918 3243 3430 2919
f 803 802 3431 3432
f 3433 3434 2755 2754
f 2970 3435 2755 3434
f 40 2643 3436 41
f 3437 3107 2636 3438
f 67 3439 3440 68
f 77 76 3441 2656
f 842 2118 2781 2780
f 85 84 3442 3443
f 853 3444 2783 2782
f 1234 1233 1581 2661
f 1988 2947 1601 2666
f 95 3445 3446 96
f 2670 2669 1649 3447
f 2670 3447 1817 1816
f 3448 3449 3450 3451
f 3452 2988 3453 1266
f 2865 2864 2988 3452
f 2721 3454 3455 3456
f 99 3457 3083 100
f 3458 3459 3460 103
f 3461 3462 3463 3464
f 3465 3466 477 3467
f 3465 3137 3138 3466
f 3467 477 1680 3139
f 3465 3467 3139 3137
f 2675 2674 3468 3469
f 1271 1270 1726 1725
f 3470 663 1738 1737
f 117 116 3152 3471
f 3471 3152 3153 3472
f 3473 3474 3475 3476
f 3477 3476 3475 3478
f 2691 2690 3479 71
f 135 134 3480 3481
f 3481 3480 3482 3483
f 3484 3162 2673 3485
f 143 142 3486 3487
f 3488 3489 3490 3491
f 3491 3490 3492 3493
f 2696 3006 3008 2697
f 161 3494 3239 162
f 3495 3496 3497 3498
f 3499 3500 2840 2839
f 181 3501 3502 182
f 97 96 3503 189
f 2700 3504 2847 2701
f 2974 3505 3506 2975
f 2704 2703 1705 3507
f 2067 2984 3173 2297
f 2706 2987 1783 1782
f 226 3508 1709 227
f 232 231 3509 3510
f 2712 3511 3512 2713
f 3513 2317 2316 3514
f 3515 1718 1720 3180
f 3513 3515 3180 2317
f 3516 3517 3518 3519
f 3516 3520 3521 3517
f 867 3522 3523 3524
f 262 3525 3526 263
f 2715 3527 1745 2716
f 2992 2991 2711 3528
f 276 275 3163 3529
f 2734 3530 1753 2735
f 3531 2735 1753 1757
f 302 300 3532 3533
f 2742 3534 3535 2743
f 3536 807 3535 3534
f 806 2743 3535 807
f 3537 3538 3539 49
f 3373 3540 3541 3374
f 54 57 3541 3540
f 1068 1067 1949 3004
f 3542 2517 3543 3544
f 3531 1757 1758 3545
f 2103 2768 1759 2956
f 332 2771 1801 333
f 2113 2773 1761 3021
f 3546 3547 3548 3549
f 3547 3550 2921 3548
f 3551 3552 3553 3554
f 2781 2971 2765 2777
f 3555 1855 3556 3557
f 1858 3558 3556 1855
f 3559 3557 3556 3558
f 2789 3087 3089 2790
f 2794 3560 1820 2795
f 370 369 3561 3562
f 378 377 3563 2800
f 396 395 3564 3565
f 3566 2679 3254 3253
f 2810 3566 3253 2419
f 2812 1872 3567 2813
f 2817 1874 1872 2812
f 3568 3569 1788 1787
f 3570 413 3571 3572
f 412 3573 3571 413
f 3574 3575 3576 1888
f 3574 3577 3578 3575
f 3574 1888 1886 3577
f 3579 3580 3581 3582
f 3583 3579 3582 3584
f 3583 1039 3580 3579
f 432 431 3355 2994
f 447 446 3585 3586
f 3587 1924 3588 3589
f 3590 3591 3592 3593
f 451 450 3594 3595
f 455 454 3596 3597
f 3597 3596 3598 3599
f 3600 3601 3602 3603
f 3600 3604 3605 3601
f 3600 3603 3606 3604
f 2835 2834 3607 3608
f 2194 2460 3294 3070
f 3076 1957 1960 3077
f 487 3609 3610 488
f 2840 3611 3612 2462
f 2842 3613 3614 2843
f 3615 3438 3616 3617
f 2847 3618 3383 2848
f 493 492 3619 2851
f 3620 496 3621 2855
f 495 3622 3621 496
f 2856 2855 3621 3622
f 516 515 3155 3623
f 3624 573 3625 3626
f 572 2859 3625 573
f 3627 3628 3629 3630
f 3036 3631 2853 3037
f 2861 3632 2985 2862
f 3633 3634 3317 3316
f 1242 1241 1903 3635
f 1573 1572 1231 538
f 1246 1245 1978 2864
f 2869 1980 1983 2872
f 1403 3636 3637 3638
f 534 3639 1912 535
f 2222 3118 1987 545
f 3640 2647 2860 3641
f 3642 3643 1927 3644
f 2884 3171 2989 2885
f 556 3645 3646 557
f 556 3647 3648 3645
f 562 561 3283 3649
f 587 2893 1830 588
f 669 3485 3650 670
f 619 3651 3192 620
f 625 624 1911 3057
f 637 636 3652 3653
f 2912 2911 3654 522
f 2916 2915 3655 3063
f 639 3656 3429 640
f 2920 2919 3657 530
f 643 3658 3659 644
f 3660 3661 3662 3663
f 3664 3660 3663 3665
f 3664 3666 3661 3660
f 2922 2562 3378 401
f 3667 3668 2917 3669
f 3670 3671 3672 3673
f 673 2933 3674 674
f 3675 3676 1995 3677
f 743 742 3678 3679
f 679 678 3680 3681
f 681 2940 3682 682
f 3683 3684 2002 3685
f 3686 3683 3685 2821
f 3686 3687 3684 3683
f 689 688 3399 3688
f 2941 3689 2066 709
f 3690 3691 3692 3693
f 3694 3690 3693 3695
f 3694 3696 3691 3690
f 2943 3697 2004 2944
f 1385 3698 3040 3039
f 703 702 3404 3699
f 3700 3701 3702 3703
f 3701 3704 3705 3702
f 715 714 3406 3706
f 719 718 2008 3707
f 2990 3708 3709 2991
f 3189 3710 3711 3190
f 755 754 1945 2952
f 2953 2619 3712 3713
f 765 3714 3715 766
f 3592 3477 3478 3716
f 320 777 3717 3718
f 785 3719 3720 786
f 2961 2960 2064 3721
f 793 3722 3723 794
f 2965 2964 3075 3724
f 797 2968 3725 798
f 3726 3727 3728 3729
f 2369 2368 3730 3731
f 3731 3730 3434 3433
f 2368 2970 3434 3730
f 884 883 3732 2971
f 3733 3734 3735 1345
f 3734 3736 3014 3735
f 2372 2101 2104 2737
f 3737 3738 3739 3740
f 3217 3216 3739 3738
f 3741 3740 3739 3216
f 1858 1857 3742 3558
f 2100 3743 3742 1857
f 3744 3558 3742 3743
f 2377 2197 3090 3218
f 814 891 3745 815
f 822 821 3746 3747
f 3747 3746 3018 3276
f 2979 2111 2114 3223
f 828 827 3748 2981
f 839 838 3749 3750
f 3750 3749 3751 3752
f 2986 3753 3754 2987
f 3755 3756 3757 3758
f 852 2889 3444 853
f 858 857 3759 3710
f 1978 1977 2663 2662
f 763 762 3760 3761
f 3762 3763 3764 1616
f 864 863 3765 923
f 1985 3766 3767 2126
f 3768 3769 3449 3448
f 3770 3771 3772 3773
f 899 898 3425 3774
f 908 907 3775 3255
f 1790 1789 3134 3133
f 3776 2993 2995 3777
f 3186 3776 3777 3187
f 3778 3779 3780 3781
f 957 3778 3781 958
f 957 3782 3779 3778
f 3783 3784 3785 3786
f 919 918 3787 3257
f 3788 927 3789 3790
f 926 3737 3789 927
f 930 3791 3334 931
f 981 3792 3793 982
f 3010 8 3794 3011
f 3013 3011 3794 3795
f 944 3796 3797 945
f 952 951 3798 3799
f 3020 2192 2195 3800
f 3801 3357 3360 3802
f 3278 3802 3360 3361
f 3803 3630 3804 3805
f 3678 3806 3504 2700
f 1553 3807 3808 3809
f 3038 3037 3810 3811
f 2463 3812 1543 977
f 3813 3814 3815 3816
f 971 3817 3461 972
f 3112 3111 2143 3818
f 3819 3032 3033 3820
f 3821 3819 3820 3822
f 3821 3823 3032 3819
f 906 986 3824 907
f 3825 3516 3519 3826
f 3825 3827 3520 3516
f 3119 3828 2160 3120
f 3829 3830 3831 3832
f 3833 3829 3832 3834
f 3833 3835 3830 3829
f 1004 1003 2164 3836
f 1842 1841 2127 1015
f 3837 3838 3839 3840
f 3841 3837 3840 3842
f 3841 3843 3838 3837
f 3312 1992 3844 3845
f 3312 63 62 1992
f 1013 3846 3525 262
f 3050 3847 2218 1033
f 1023 3051 3848 1024
f 3051 2301 2302 3848
f 3251 3250 3175 3174
f 3849 3181 3182 3850
f 3849 3851 3183 3181
f 3852 3853 3401 3400
f 1047 3854 3855 1048
f 3856 3857 3855 3854
f 3345 3344 2353 2352
f 3858 3064 3859 3860
f 3064 3063 3861 3859
f 3148 3862 3863 3864
f 3078 3077 3865 3866
f 2539 3867 3868 3869
f 3870 3667 3669 994
f 3086 3085 3871 111
f 1658 3872 3873 3874
f 1079 3093 3875 1080
f 3368 3367 2266 2265
f 461 460 3876 3877
f 460 3878 3879 3876
f 3880 3551 3554 3881
f 1095 1094 2229 3096
f 1767 2063 3882 3883
f 1105 1104 3884 3099
f 1158 3885 3886 1159
f 1158 89 3887 3885
f 1159 3886 3888 3889
f 3890 3891 3892 3893
f 3890 3703 3702 3891
f 3893 3892 3894 3895
f 3891 3702 3894 3892
f 1691 21 24 1954
f 3104 2276 2275 2385
f 1693 1122 1672 3377
f 3896 3897 3898 2279
f 3896 1970 3899 3897
f 3896 2279 1971 1970
f 3900 3240 3243 2918
f 1124 3901 3902 1125
f 3903 1135 3904 3115
f 1134 3905 3904 1135
f 3116 3115 3904 3905
f 3395 198 197 3906
f 1140 3907 3908 1141
f 3397 3909 3910 3398
f 3911 3912 3913 3914
f 3130 3915 3544 3131
f 3916 3542 3544 3915
f 3128 3916 3915 3130
f 3134 3315 2220 3135
f 3917 3918 3919 234
f 1159 3889 3920 3921
f 1160 1159 3921 3321
f 3202 3922 2421 2420
f 3923 3924 3925 3926
f 3927 3928 3929 3930
f 3923 3927 3930 3924
f 3926 3925 3929 3928
f 3924 3930 3929 3925
f 3931 3932 3933 3934
f 1172 1171 3935 55
f 2331 3936 3935 1171
f 1174 3937 3259 1175
f 3938 3939 3940 3941
f 3793 3590 3593 3942
f 1178 3943 3457 99
f 1180 3147 3944 1181
f 3945 3946 1108 1107
f 3945 3947 3948 3946
f 3945 1107 3949 3947
f 1722 3950 3951 1723
f 1722 3952 3953 3950
f 3950 3953 3954 3951
f 3153 2438 3272 3955
f 1188 1254 3956 1189
f 3164 307 3957 3165
f 3958 3959 3960 3961
f 2019 1222 2261 2020
f 3962 1592 2374 2373
f 3963 3289 3290 3909
f 3964 3965 3966 3756
f 3169 1238 2378 3967
f 1273 3295 3297 1274
f 3234 2471 2472 3968
f 3968 2472 2307 2306
f 2646 3969 3632 2861
f 3970 3971 3972 3973
f 3974 3975 3976 3977
f 1248 3978 3979 1249
f 3980 3981 3982 340
f 383 3983 3984 348
f 3985 3986 1316 1315
f 3985 3987 3988 3986
f 3985 1315 2391 3987
f 3986 3988 3989 1316
f 3175 3385 2290 2289
f 3990 3991 3992 3993
f 1262 1261 2348 3994
f 3180 1720 102 3995
f 2501 3996 105 2026
f 3995 102 105 3996
f 3180 3995 3996 2501
f 3183 3997 3171 2884
f 3998 3999 4000 4001
f 4002 4003 4004 4005
f 1275 1274 4006 3403
f 4007 4008 3508 226
f 1280 4009 4010 1281
f 1280 1284 4011 4009
f 1299 1298 4012 4013
f 423 4014 3340 422
f 4015 3341 3340 4014
f 4016 4017 4018 4019
f 1312 1316 4020 4021
f 1321 276 3529 4022
f 2690 3210 2358 3479
f 3214 3213 2393 4023
f 1347 4024 2397 1348
f 3224 3223 4025 4026
f 4027 3207 3208 4028
f 150 4027 4028 4029
f 3887 4030 4031 3823
f 1359 1357 4032 4033
f 158 679 3681 4034
f 4035 1967 4036 4037
f 3243 3242 4038 3430
f 3307 4039 2413 3308
f 1384 1383 4040 4041
f 189 3503 3698 1385
f 1388 3246 2318 1389
f 1430 410 3384 3250
f 4042 2486 2484 4043
f 1407 2228 4044 4045
f 1408 1407 4045 4046
f 4047 4048 3547 3546
f 4048 4049 3550 3547
f 3517 4050 4051 3518
f 3517 3521 4052 4050
f 1343 2140 4053 1344
f 1343 360 359 2140
f 263 3526 2602 2601
f 594 3348 4054 4055
f 4055 4054 4056 4057
f 3348 3350 4056 4054
f 284 283 2515 2514
f 1432 3269 4058 1433
f 4059 4060 4061 591
f 4059 4062 4063 4060
f 591 4061 3347 596
f 4060 4063 3347 4061
f 1374 1377 1794 1443
f 4064 4065 1794 1377
f 2674 3278 3361 3468
f 3282 3281 4066 602
f 1446 4067 4068 1447
f 3960 2965 3724 4069
f 4070 4071 4072 4073
f 1450 400 4074 1451
f 3284 4075 2487 3285
f 4076 4077 4078 4079
f 1454 443 4080 4081
f 1459 1458 4082 3292
f 1461 16 4083 4084
f 3294 2630 2018 4085
f 134 822 3747 3480
f 3480 3747 3276 3482
f 142 1467 2445 3486
f 1469 28 4086 4087
f 325 839 3750 4088
f 4088 3750 3752 4089
f 329 4090 4091 1486
f 2326 4092 4093 4094
f 954 482 485 2190
f 4095 4096 4097 4098
f 4099 4095 4098 4100
f 351 4101 4102 1496
f 3629 3437 3438 3615
f 3317 4103 4104 3318
f 4105 4106 4107 4108
f 4109 4110 4111 4112
f 4113 4114 4110 4109
f 4115 4116 4117 4062
f 2713 3512 2497 2496
f 4118 4119 4120 4121
f 4122 4123 4119 4118
f 417 1520 4124 4125
f 1989 4126 3445 95
f 4127 3320 3322 4128
f 3522 4127 4128 3523
f 4129 4130 3639 534
f 1886 1885 2604 4131
f 1522 4132 4133 1523
f 3352 3642 3644 3353
f 1530 562 3649 4134
f 1570 1569 4135 2357
f 1487 1486 4136 1536
f 1497 1496 4137 1541
f 4138 117 3471 4139
f 4139 3471 3472 657
f 131 130 4140 4141
f 4142 4141 4140 4143
f 1598 135 3481 1599
f 1599 3481 3483 665
f 4144 3484 3485 669
f 4145 143 3487 4146
f 4147 4145 4146 4148
f 4147 4149 143 4145
f 3376 3038 3811 1401
f 2036 4150 3494 161
f 3380 4151 2587 3381
f 3383 4152 4151 3380
f 504 4153 4154 1569
f 1577 1576 3783 4155
f 4156 4157 2645 2644
f 84 4158 2597 3442
f 4159 4160 4161 4162
f 4163 3841 3842 4164
f 4163 4165 3843 3841
f 4166 809 4167 4168
f 812 4169 4167 809
f 1594 3264 4170 1595
f 4171 4172 3676 3675
f 2283 3513 3514 2284
f 2283 2287 3515 3513
f 4173 3849 3850 3270
f 4173 1435 3851 3849
f 543 252 4174 4175
f 1636 268 4176 1661
f 30 1312 4021 31
f 30 34 1313 1312
f 4177 719 3707 4178
f 1558 1559 4179 4180
f 4181 4182 4179 1559
f 2085 302 3533 4183
f 138 4184 2641 4185
f 1650 4186 4187 1651
f 632 2681 2684 2906
f 4188 4189 3537 4190
f 1654 4191 4192 1655
f 2090 2450 4193 4194
f 636 1658 3874 3652
f 2911 1547 1550 3654
f 3591 4195 3477 3592
f 2915 2688 2691 3655
f 1665 1664 2655 4196
f 1667 1665 4196 3313
f 2091 4197 4198 2092
f 2919 3430 4199 3657
f 3728 4200 4201 4202
f 1679 1678 4203 4204
f 41 3436 2569 1681
f 4205 4206 4207 4208
f 4209 3104 3103 4210
f 4209 1506 2276 3104
f 1622 1621 4211 4212
f 3438 2636 2639 3616
f 76 1695 2591 3441
f 1634 1633 4213 4214
f 4215 4216 3912 3911
f 2382 4217 361 2383
f 2382 845 843 4217
f 3449 4218 3568 3450
f 4219 4220 4221 4222
f 1703 406 4223 1909
f 4224 867 3524 4225
f 4226 4224 4225 4227
f 4226 868 867 4224
f 2731 4228 4229 4230
f 4230 4229 4019 4231
f 4228 4016 4019 4229
f 3464 3463 4232 1019
f 1706 4233 4234 1707
f 750 4235 3937 1174
f 2158 2157 4236 1043
f 1714 4237 4238 1715
f 3472 3153 3955 4239
f 1736 899 3774 4240
f 3474 1065 4241 3475
f 3478 3475 4241 4242
f 2171 447 3586 4243
f 1742 4244 4245 1743
f 3483 3482 4246 4247
f 3485 2673 2675 3650
f 4248 4249 4250 4251
f 4252 4248 4251 3387
f 4252 4253 4249 4248
f 4254 3958 3961 4255
f 2178 451 3595 4256
f 238 4089 4257 239
f 2553 2550 4258 4259
f 786 3720 4260 4261
f 4262 3498 4263 4264
f 4264 4263 4265 4266
f 3498 3497 4265 4263
f 345 4267 4268 4269
f 4269 4268 4270 4271
f 4267 4272 4270 4268
f 3500 4273 3611 2840
f 3504 4274 3618 2847
f 4275 4276 4277 4278
f 2987 3754 2774 1783
f 4279 4280 4281 4114
f 3679 3678 2700 2699
f 857 2784 2787 3759
f 3520 4282 4283 3521
f 3569 4284 2797 1788
f 3761 3760 3634 3633
f 863 2586 4285 3765
f 1792 4286 3817 971
f 4287 4288 4289 4290
f 4291 2869 2868 4292
f 4291 4293 1980 2869
f 4294 4295 4296 4297
f 875 4298 4299 876
f 4298 4300 4301 4299
f 1806 4302 4303 1807
f 2991 3709 2712 2711
f 4304 4305 4306 4307
f 4304 1752 3331 4305
f 18 4308 2365 19
f 4309 1004 3836 4310
f 4311 4015 4014 4312
f 1823 1822 4313 4314
f 1825 4261 4315 568
f 4316 4317 4318 4319
f 4316 2823 2822 4317
f 1827 4271 4320 598
f 48 47 4321 4322
f 49 3539 4321 47
f 3603 3602 2769 4323
f 4324 4325 4326 2767
f 1831 1025 4327 1832
f 2250 4328 3656 639
f 2253 4329 2788 2254
f 941 1359 4033 4330
f 945 3797 4331 3122
f 508 1835 2799 4332
f 1878 1877 4333 4160
f 2538 4334 3867 2539
f 3809 3808 3666 3664
f 3554 3553 3667 3870
f 2971 3732 2766 2765
f 3037 2853 2856 3810
f 1849 3456 4335 1850
f 4336 4337 2046 4338
f 377 1862 2714 3563
f 986 689 3688 3824
f 4221 109 4123 4122
f 1925 703 3699 1926
f 1872 1871 2733 3567
f 4339 715 3706 4340
f 453 4339 4340 454
f 453 4341 715 4339
f 3830 3946 4342 3831
f 3830 1109 1108 3946
f 3580 2815 2816 3581
f 1039 1038 2815 3580
f 1893 4343 4344 729
f 435 4345 4346 4347
f 4348 3493 4346 4345
f 434 4348 4345 435
f 1902 4349 4350 737
f 1048 3855 4351 4352
f 1904 4353 4354 1905
f 628 4355 4356 1907
f 1919 1918 4357 4358
f 1924 1923 4359 3588
f 918 1926 4360 3787
f 3593 3592 3716 4361
f 4362 4363 2850 4364
f 4365 4362 4364 3505
f 1930 1929 4366 4367
f 1934 1933 4368 4369
f 4370 1306 4371 4372
f 3608 3607 1082 4373
f 473 4374 780 475
f 1939 1461 4084 4375
f 4376 4377 4378 4379
f 3077 1960 2912 3865
f 488 3610 4047 1950
f 3792 4380 3590 3793
f 230 1469 4087 231
f 3669 2917 2920 4381
f 492 1962 2793 3619
f 4382 3726 3729 4383
f 4384 1793 472 4385
f 4386 4387 4388 4389
f 3630 3629 3615 3804
f 436 435 2615 1964
f 3634 4390 4103 3317
f 4391 3964 3756 3755
f 1970 1974 4392 3899
f 4289 4393 4106 4105
f 4301 4115 4062 4059
f 1132 4394 4395 1129
f 1129 4395 3766 1985
f 4394 4396 3766 4395
f 3992 4397 4398 4399
f 4400 4401 4402 2949
f 557 3646 4403 1147
f 1147 4403 4126 1989
f 4004 4404 3769 3768
f 2028 2027 4405 4406
f 1992 1994 4407 3844
f 1996 4408 4409 1997
f 2411 4410 4411 2720
f 2000 4412 4413 890
f 2619 4414 4415 3712
f 1724 2732 4416 4417
f 2619 1724 4417 4414
f 3712 4415 4416 2732
f 4414 4417 4416 4415
f 2003 1258 4418 4419
f 4420 1262 3994 4421
f 2007 2006 4422 4423
f 4424 4425 3068 4426
f 4424 2891 4427 4425
f 4424 4426 576 2891
f 1278 4428 4429 609
f 4430 4431 4429 4428
f 3063 3655 70 3861
f 2023 3143 4432 2024
f 3143 4433 4144 4432
f 794 3723 2931 4434
f 4435 4436 4437 4438
f 4435 4439 2180 4436
f 4440 4441 4442 4443
f 3661 4444 2580 3662
f 3666 4445 4444 3661
f 1198 4446 4150 2036
f 1213 3673 4447 1210
f 1210 4447 4448 2040
f 3673 3672 4448 4447
f 674 3674 1239 2043
f 1215 4449 4450 2052
f 742 2075 3806 3678
f 762 2077 4451 3760
f 4452 4453 4024 1347
f 2063 2062 2925 3882
f 3696 4454 4455 3691
f 2065 4456 4457 1351
f 3885 3821 3822 3886
f 3885 3887 3823 3821
f 3702 3705 4458 3894
f 3973 3972 4459 4460
f 4461 4462 4463 4295
f 4464 4465 4466 1483
f 4465 4467 4468 4466
f 2069 988 4469 4470
f 3708 4471 4472 3709
f 4473 3825 3826 4474
f 4473 1424 3827 3825
f 1249 3979 3046 3045
f 2573 4475 4476 4477
f 4478 3261 3846 1013
f 4479 4480 4481 4482
f 4479 1512 1511 4480
f 3326 4483 3854 1047
f 4484 3856 3854 4483
f 766 3715 4485 2078
f 1298 2085 4183 4012
f 1309 2090 4194 4486
f 4487 4488 4489 4490
f 951 4491 2980 3798
f 3724 3075 3078 4492
f 798 3725 4171 2094
f 2540 2539 3869 4493
f 1345 3735 4494 296
f 3735 3014 3017 4494
f 2737 2104 2957 2738
f 4495 3638 4496 2846
f 1212 1209 4497 4498
f 4499 4498 4497 4500
f 1189 3956 4501 2105
f 3223 2114 3022 4025
f 827 2108 2942 3748
f 3959 2962 2965 3960
f 2138 4502 4503 2136
f 3752 3751 3803 4504
f 4505 3880 3881 4506
f 3756 3966 4507 3757
f 3763 4508 4509 3764
f 2130 1118 4510 4511
f 4512 4513 4514 4515
f 2565 4516 3901 1124
f 3769 4517 4218 3449
f 4405 2476 4220 4219
f 4518 3833 3834 4519
f 4043 4518 4519 4520
f 4043 2484 3833 4518
f 4521 4099 4100 4522
f 3773 3772 4523 1579
f 3987 4226 4227 3988
f 3987 2391 868 4226
f 2567 4524 3907 1140
f 4525 4526 4527 1588
f 4528 4529 3364 4530
f 4528 3128 3127 4529
f 4528 4530 3916 3128
f 2144 4531 4532 2145
f 2145 4532 4533 3052
f 4531 4534 4533 4532
f 2585 4535 4536 4537
f 645 644 4237 1714
f 3784 1608 4538 3785
f 4539 4540 3009 4541
f 4542 4539 4541 2434
f 2163 2162 4543 4544
f 2596 4545 4546 4547
f 1427 2171 4243 4548
f 4549 1501 3094 3061
f 4549 2903 64 1501
f 4549 3061 2904 2903
f 982 3793 3942 1561
f 677 2178 4256 678
f 8 7 4550 3794
f 3795 3794 4550 4551
f 2204 4383 4552 2205
f 4553 4554 1505 1504
f 4553 4555 4556 4554
f 3800 2195 3071 4557
f 4071 4558 4559 4072
f 3805 3804 4560 4561
f 3879 4562 4563 4564
f 4562 4565 4566 4563
f 3811 3810 4567 4568
f 4569 4570 3041 4571
f 4572 4573 4570 4569
f 16 15 4574 4083
f 3814 2131 4575 3815
f 28 27 4576 4086
f 1357 4577 4578 4032
f 1357 1356 1554 4577
f 4579 4580 4581 4582
f 2645 4583 3969 2646
f 51 4584 4585 52
f 769 768 4288 4287
f 4586 4587 2422 4588
f 4586 4291 4292 4587
f 4588 2422 3059 4293
f 4586 4588 4293 4291
f 4589 4590 4591 4592
f 4593 2612 4591 4590
f 1585 4593 4590 4589
f 2611 4592 4591 2612
f 2215 4594 4595 1253
f 2217 1577 4155 4596
f 4104 4156 2644 4597
f 2183 4598 4599 2184
f 2183 2185 4600 4598
f 3851 4 3997 3183
f 2858 3998 4001 2859
f 2243 2242 4601 4602
f 4107 4603 4003 4002
f 3932 4604 4605 3933
f 3933 4605 4428 1278
f 4604 4430 4428 4605
f 14 1299 4013 15
f 820 2248 3058 821
f 837 1319 4606 838
f 3869 3868 3062 4607
f 4608 4609 4610 4611
f 4612 4613 4614 3138
f 4612 4615 4616 4613
f 4612 3138 1336 4615
f 1536 4136 4328 2250
f 2892 580 1341 1340
f 111 3871 1565 112
f 4617 4618 4619 4620
f 1541 4137 4621 2256
f 1080 3875 3109 2258
f 4622 4623 4624 4625
f 137 4626 4184 138
f 3881 3554 3870 4627
f 147 146 3082 2897
f 4628 4629 4189 4188
f 2270 4630 4191 1654
f 151 150 4029 2909
f 89 88 4030 3887
f 159 158 4034 4631
f 4092 4632 2724 4093
f 4162 4161 3970 4633
f 4634 4635 4636 4637
f 3912 4634 4637 3913
f 234 3919 4638 235
f 2319 1682 4639 2320
f 252 251 3191 4174
f 268 267 3195 4176
f 1520 1919 4358 4124
f 3942 3593 4361 961
f 1647 1934 4369 4640
f 1181 3944 3167 2346
f 1723 3951 4228 2731
f 3951 3954 4016 4228
f 4641 4642 4643 4644
f 4645 4646 4647 4648
f 2357 4135 4649 1441
f 307 306 1684 3957
f 3961 3960 4069 192
f 204 203 1732 4650
f 3965 220 4651 3966
f 320 3718 3215 321
f 4652 4589 4653 4654
f 4201 4655 3958 4254
f 326 325 4088 4656
f 4656 4088 4089 238
f 3971 248 740 3972
f 4212 4211 3964 4391
f 328 4657 4090 329
f 4658 2159 4659 3226
f 4658 4660 437 2159
f 4658 3226 2558 4660
f 3975 260 760 3976
f 340 3982 4661 341
f 344 4662 4267 345
f 4662 1479 4272 4267
f 4663 4664 4665 1115
f 4214 4213 4666 4667
f 348 3984 4668 349
f 349 4668 4101 351
f 3984 4669 4101 4668
f 2394 4670 4671 2395
f 3991 4672 4397 3992
f 354 4673 4674 355
f 4675 1847 4676 4677
f 355 4674 4676 1847
f 4673 4677 4676 4674
f 2402 4678 4679 2403
f 4003 4680 4404 4004
f 364 2430 4681 365
f 2410 3864 4410 2411
f 380 4682 4683 381
f 381 4683 3983 383
f 388 387 4684 4685
f 4296 4279 4114 4113
f 2416 2415 4686 4687
f 1281 4010 3145 2417
f 406 405 3256 4223
f 418 417 4125 2449
f 428 427 3258 3872
f 4231 4019 123 122
f 4019 4018 3733 123
f 1727 4688 4689 2430
f 4690 4691 4692 904
f 904 4692 4693 3266
f 4691 4694 4693 4692
f 443 442 3235 4080
f 1739 4695 4696 2431
f 2450 2449 4697 4193
f 4698 4699 4700 552
f 1756 4698 552 4701
f 1755 4702 4700 4699
f 1756 1755 4699 4698
f 4037 4036 4703 372
f 2452 4704 4705 2453
f 2452 2456 4706 4704
f 4266 4265 4707 4708
f 3497 4709 4707 4265
f 3430 4038 3222 4199
f 4710 2298 4711 4712
f 1383 2466 4420 4040
f 503 4713 4153 504
f 1772 2069 4470 4714
f 509 508 4332 4715
f 2490 2489 4716 4717
f 4718 4163 4164 4719
f 4718 272 4165 4163
f 3521 4283 3249 4052
f 4720 4721 3328 4722
f 2507 4723 4724 2508
f 445 543 4175 446
f 4305 4479 4482 4306
f 4305 3331 1512 4479
f 4222 4221 4122 4725
f 2523 2522 4726 4727
f 568 4315 3343 569
f 4728 4611 4729 468
f 1433 4058 3211 2524
f 598 4320 4730 599
f 602 4066 3299 603
f 1715 4238 3262 2533
f 4073 4072 980 499
f 3539 2540 4493 4321
f 1451 4074 4464 2535
f 4731 4732 4733 4734
f 4734 4733 4735 3158
f 4731 4734 3158 3157
f 4732 4736 4735 4733
f 4325 4737 4738 4326
f 4079 4078 4739 518
f 627 4740 4355 628
f 1458 2544 3306 4082
f 3482 3276 3277 4246
f 4089 3752 4504 4257
f 4741 4505 4506 4742
f 661 4743 4744 662
f 2564 4745 4746 1697
f 4747 4748 4746 4745
f 1859 4749 4516 2565
f 4103 566 4156 4104
f 4278 4277 4099 4521
f 1865 4750 4524 2567
f 2570 4751 4752 2571
f 4106 585 4603 4107
f 4114 4281 3311 4110
f 4753 4754 4216 4215
f 693 692 2929 2582
f 4119 4755 4756 4120
f 4123 439 4755 4119
f 2586 2585 4537 4285
f 2590 2589 4757 4758
f 2594 2593 4759 1961
f 4760 4761 4762 4763
f 4760 4764 4765 4761
f 4290 4289 4105 4766
f 1881 2596 4547 4767
f 2600 2599 4768 4769
f 2602 4770 4768 2599
f 1523 4133 3279 2607
f 729 4344 4771 730
f 737 4350 4772 738
f 749 3123 4235 750
f 4773 4774 4775 2458
f 657 3472 4239 658
f 130 2621 4776 4140
f 2623 4777 4776 2621
f 4143 4140 4776 4777
f 2038 2041 4244 1742
f 665 3483 4247 666
f 4778 4779 4780 882
f 4379 4378 4779 4778
f 1621 2661 4781 4211
f 3144 4782 4433 3143
f 4783 4784 714 713
f 4783 3230 4785 4784
f 4783 713 3231 3230
f 4784 4785 2708 714
f 801 4786 4787 802
f 4788 1157 1160 4789
f 4790 4788 4789 4127
f 4790 723 1157 4788
f 4127 4789 1160 3320
f 1644 727 1285 4672
f 2642 4791 4792 2643
f 4160 4333 4793 4161
f 4794 4131 2604 2603
f 4794 4795 4796 4131
f 4794 2603 1165 4795
f 2651 2650 3409 4797
f 4798 4799 1302 4680
f 824 4057 3439 67
f 2672 2072 4800 4801
f 4802 2653 4803 4804
f 2652 4805 4803 2653
f 4806 4804 4803 4805
f 731 730 4807 1776
f 1850 4335 4594 2215
f 835 834 4808 4809
f 4338 2046 2050 3386
f 2928 2519 4810 4811
f 739 738 4812 1779
f 1435 1 4 3851
f 4813 4814 4815 4816
f 2668 2044 4817 2669
f 890 4413 4818 891
f 4534 4819 3414 3413
f 3304 3417 3414 4819
f 4190 3537 49 44
f 1655 4192 51 50
f 924 923 4820 3194
f 934 4821 4822 935
f 934 938 4823 4821
f 3655 2691 71 70
f 2092 4198 4824 2173
f 4198 4825 4826 4824
f 4202 4201 4254 848
f 1678 82 85 4203
f 4441 4628 4188 4442
f 4146 4827 1029 2076
f 4146 3487 3486 4827
f 942 941 4330 2710
f 4208 4207 91 90
f 2035 159 4631 4828
f 4829 4830 4831 4832
f 2698 2697 4833 4834
f 3495 4835 4836 3496
f 4837 1051 4836 4835
f 1633 2666 4838 4213
f 4839 4840 4841 4842
f 4842 4841 1290 1289
f 4843 4844 4635 4634
f 4216 4843 4634 3912
f 4845 4846 4847 4848
f 3691 4845 4848 3692
f 3691 4455 4846 4845
f 1803 4849 4850 2703
f 988 232 3510 4469
f 1974 2710 4851 4392
f 4220 106 109 4221
f 1011 1010 4852 4853
f 1019 4232 2080 1020
f 2717 2716 4854 2107
f 1707 4234 137 136
f 4406 4405 4219 4855
f 1043 4236 3488 1044
f 2720 4411 3454 2721
f 2736 2735 4856 4857
f 3531 3545 4856 2735
f 2767 4326 4858 2768
f 1065 164 167 4241
f 4242 4241 167 168
f 4253 184 187 4249
f 4255 3961 192 191
f 4859 4860 4861 4862
f 2550 2743 4863 4258
f 806 809 4863 2743
f 4166 4258 4863 809
f 2792 4864 4865 2196
f 1755 2745 4042 4702
f 2750 1939 4375 2923
f 4866 2707 4867 4868
f 4436 4869 4870 4437
f 4436 2180 2184 4869
f 1613 326 4656 1614
f 1614 4656 238 237
f 4871 4872 4873 4874
f 4871 4874 4384 4875
f 2105 4501 4657 328
f 2770 4876 4877 2771
f 4878 4879 4880 4881
f 4276 4878 4881 4277
f 1083 4882 4883 1084
f 4884 4569 4571 4885
f 4507 4572 4569 4884
f 3760 4451 4390 3634
f 1111 370 3562 3296
f 2791 2790 4886 4887
f 2796 2795 4888 6
f 4509 895 4275 4889
f 2468 2199 2202 2469
f 4288 1058 4393 4289
f 4293 3059 1061 1060
f 4293 1060 1981 1980
f 1118 396 3565 4510
f 4295 4463 4279 4296
f 876 4299 4890 1480
f 1480 4890 4059 2288
f 4299 4301 4059 4890
f 2805 2804 4891 4892
f 2807 4893 4891 2804
f 4514 912 4894 4895
f 1807 4303 2155 2808
f 1752 1751 3332 3331
f 2814 2813 4896 4897
f 423 424 4898 4014
f 4899 4900 4898 424
f 4312 4014 4898 4900
f 1822 2819 3473 4313
f 3598 4901 1106 4902
f 4903 4904 4905 4906
f 4907 4908 4430 4604
f 1832 4327 354 353
f 1184 4909 4910 1185
f 2830 2828 4911 4912
f 4912 4911 2200 2199
f 2833 4913 4914 2834
f 1877 389 392 4333
f 3808 4915 4445 3666
f 1192 4916 4917 1193
f 1193 4917 3140 1195
f 4916 4918 3140 4917
f 2844 2843 4919 4920
f 4565 4921 4922 4566
f 1126 1125 4446 1198
f 2846 4496 4713 503
f 2852 2851 4923 4924
f 4337 4925 2047 2046
f 1142 1141 4449 1215
f 3815 4575 4926 4927
f 4928 4929 4930 4931
f 4928 4932 4336 4929
f 1240 113 4933 1241
f 4934 2285 2284 4935
f 1253 4595 4936 1254
f 1258 1257 3587 4418
f 4598 29 32 4599
f 4598 4600 33 29
f 4426 3068 1071 1070
f 4426 1070 577 576
f 1905 4354 4937 2886
f 2886 4937 4938 2888
f 1269 3074 4939 1270
f 1907 4356 487 486
f 1923 2895 2252 4359
f 1306 513 516 4371
f 4443 4442 4940 1227
f 1310 1309 4486 2937
f 3418 2342 2345 3415
f 4377 2335 2334 4378
f 1319 637 3653 4606
f 1332 1331 4941 4942
f 4610 4942 4941 4943
f 4383 3729 4944 4552
f 1793 975 473 472
f 4945 4946 4947 4948
f 4387 537 540 4388
f 3804 3615 3617 4560
f 2267 4949 4743 661
f 4950 544 547 4951
f 1351 4457 4952 1352
f 2925 2924 1425 4953
f 2932 101 4954 2933
f 4955 4352 4956 4957
f 27 2937 4958 4576
f 4959 4960 4386 4961
f 4962 4317 2822 2821
f 4963 3685 4964 4965
f 4962 4963 4965 4317
f 4962 2821 3685 4963
f 4894 4966 4754 4753
f 4397 1288 4461 4398
f 2945 2944 4967 305
f 2949 4402 619 618
f 4404 1303 4517 3769
f 2027 2478 2476 4405
f 68 3440 3636 1403
f 4968 4969 2338 4970
f 4971 4968 4970 3543
f 4971 4972 4969 4968
f 2006 2408 4973 4422
f 2055 4862 653 652
f 4974 774 4975 4976
f 4977 4978 4975 774
f 4979 4976 4975 4978
f 1428 1427 4548 3080
f 4439 4980 2181 2180
f 1437 4981 4982 1438
f 1441 4649 3719 785
f 2959 228 4983 2960
f 4984 4435 4438 4985
f 4650 4984 4985 4986
f 4650 1732 4435 4984
f 2256 4621 3658 643
f 4987 4988 4989 420
f 3371 4990 4989 4988
f 3372 3371 4988 4987
f 812 811 4991 4169
f 2375 4992 4991 811
f 2976 2975 4993 4994
f 1465 1464 4995 4996
f 2077 2996 4997 4451
f 2982 2981 4998 274
f 3972 740 743 4459
f 4462 744 747 4463
f 1483 4466 4999 1484
f 4466 4468 3375 4999
f 5000 5001 5002 5003
f 2502 2505 5002 5001
f 5004 2502 5001 5000
f 1424 1423 5005 3827
f 3976 760 763 5006
f 1917 3694 3695 1918
f 1917 1156 3696 3694
f 4974 5007 775 774
f 5008 5009 5010 3407
f 1932 5011 5012 1933
f 1932 1936 1749 5011
f 2239 2238 5013 5014
f 1169 1172 5013 2238
f 2078 4485 793 792
f 3001 334 4723 2507
f 5015 5016 5017 5018
f 4490 4489 5019 2972
f 5020 5021 5022 5023
f 5024 5025 5026 2978
f 1526 5027 5028 1527
f 3008 832 835 5029
f 5030 5031 4607 5032
f 4493 3869 4607 5031
f 4738 4608 4611 4728
f 1534 1533 5033 5034
f 296 4494 5035 293
f 293 5035 3796 944
f 4494 3017 3796 5035
f 1209 1539 5036 4497
f 4500 4497 5036 1495
f 5037 4829 4832 5038
f 5039 4399 4398 5040
f 5041 5042 4294 5043
f 5039 5041 5043 4399
f 5040 4398 4294 5042
f 5039 5040 5042 5041
f 2137 2136 872 871
f 2136 4503 875 872
f 3538 2537 2540 3539
f 4506 3881 4627 1502
f 3966 4651 4572 4507
f 4703 5044 4499 1409
f 4654 4653 3743 2100
f 5045 3744 3743 4653
f 4508 892 895 4509
f 1566 589 5046 1567
f 4513 909 912 4514
f 2476 920 106 4220
f 2484 2483 3835 3833
f 2228 452 455 4044
f 4667 4666 3763 3762
f 1579 4523 930 929
f 5047 3842 3840 5048
f 5049 5050 4512 5051
f 1588 4527 5052 1589
f 1589 5052 5053 1591
f 3048 2295 5054 5055
f 365 4681 5056 2300
f 1608 1607 2526 4538
f 3054 3079 5057 2313
f 2162 949 952 4543
f 1629 1628 3801 3410
f 1638 5058 5059 1639
f 1639 5059 5060 1641
f 5058 5061 5060 5059
f 1561 3942 961 960
f 1648 1647 4640 5062
f 2205 4552 967 966
f 4555 976 979 4556
f 4072 4559 981 980
f 4078 5063 5064 4739
f 2431 4696 5065 3079
f 4564 4563 5066 5067
f 4563 4566 5068 5066
f 3082 3081 1702 5069
f 3084 536 5070 3085
f 2131 1014 1017 4575
f 5071 4477 4879 4878
f 894 5071 4878 4276
f 450 1661 5072 3594
f 5073 5074 5075 4960
f 1671 1670 5076 5077
f 4580 1032 1035 4581
f 462 5078 5079 460
f 460 5079 5080 3878
f 5078 5081 5080 5079
f 3136 3135 5082 5083
f 3097 3096 5084 560
f 5085 5086 3770 5087
f 5085 4928 4931 5086
f 5085 5087 4932 4928
f 1687 1686 5088 753
f 52 4585 3852 1688
f 4712 4711 3814 3813
f 3102 2384 581 578
f 768 1055 1058 4288
f 5089 2998 4579 5090
f 4810 1644 4672 3991
f 2242 2651 4797 4601
f 4603 4798 4680 4003
f 3931 5091 4604 3932
f 5092 4907 4604 5091
f 4611 4610 4943 4729
f 1710 5093 5094 1711
f 1726 5095 4688 1727
f 3146 2660 5096 3147
f 599 4730 3862 3148
f 4620 4619 1113 1112
f 1738 5097 4695 1739
f 5098 5099 5100 5101
f 5102 5098 5101 5103
f 5102 1473 5099 5098
f 4625 4624 1120 1119
f 1748 1747 5104 5105
f 3158 4735 5106 3160
f 4736 5107 5106 4735
f 3166 3165 5108 717
f 5109 5110 4617 5111
f 5112 5113 4925 4337
f 4664 1701 4710 4665
f 1768 1767 3883 4535
f 4161 4793 3971 3970
f 1773 1772 4714 4545
f 4795 5114 5115 4796
f 4795 1165 1168 5114
f 4801 4800 3975 3974
f 1776 4807 3978 1248
f 1779 4812 5116 1780
f 235 4638 1178 1177
f 5117 5118 3952 1722
f 2320 4639 1184 1183
f 1802 5119 4849 1803
f 1641 5060 1192 1191
f 4761 3202 3201 4762
f 4761 4765 3922 3202
f 2425 1203 1206 5120
f 10 5120 1206 11
f 4644 4643 1220 1219
f 5121 5122 5123 5124
f 4648 4647 1236 1235
f 4774 5125 4641 4775
f 2683 3206 5126 1976
f 2211 4945 4948 2212
f 3212 1021 5127 3213
f 91 4741 4742 92
f 4211 4781 3965 3964
f 341 4661 4007 1837
f 4213 4838 5128 4666
f 3230 3234 3968 4785
f 4785 3968 2306 2708
f 3238 3237 5129 897
f 3239 5130 5129 3237
f 2395 4671 3917 3244
f 5131 1819 5132 5050
f 815 3745 4749 1859
f 4680 1302 1303 4404
f 1864 3265 4750 1865
f 3266 5133 4750 3265
f 5134 4045 5135 2744
f 5136 4046 4045 5134
f 2746 2744 5135 5137
f 387 1320 1321 4684
f 5138 5139 5140 5141
f 2415 1329 1332 4686
f 3254 5142 5143 2576
f 1882 1881 4767 5144
f 3268 973 5145 3269
f 3268 3271 974 973
f 1911 1910 5146 5147
f 5147 5146 4773 5148
f 1913 5149 5150 1914
f 5151 5152 5153 5154
f 5151 5155 1982 5152
f 5151 5154 5156 5155
f 2546 1381 1384 5157
f 183 182 4067 1446
f 3280 2809 5158 3281
f 4860 4070 4073 4861
f 1560 617 5159 5160
f 1852 1855 5159 617
f 3555 5160 5159 1855
f 3286 3285 5161 1002
f 372 4703 1409 373
f 2453 4705 3980 3287
f 2298 1410 1413 4711
f 4830 4035 4037 4831
f 2489 2838 5162 4716
f 2786 3314 5163 5164
f 2582 2929 2928 2579
f 3816 3815 4927 5165
f 3322 3321 2826 2831
f 2508 4724 1437 1436
f 3325 5166 4483 3326
f 4115 5167 5168 4116
f 5169 3713 5168 5167
f 3931 3934 5170 5091
f 2552 2551 5170 3934
f 2554 5091 5170 2551
f 2522 1453 1454 4726
f 3354 3353 5171 1093
f 499 980 983 500
f 4326 4738 4728 4858
f 5172 5173 4385 5174
f 5175 3466 5176 5177
f 5172 5175 5177 5173
f 5172 5174 3466 5175
f 2011 2010 5178 5179
f 4905 5179 5178 1836
f 518 4739 1490 519
f 336 4500 1495 337
f 5180 5111 5181 5182
f 5183 5184 5185 5186
f 4249 5183 5186 4250
f 4249 187 5184 5183
f 4675 4142 4143 1847
f 5187 5188 5189 5190
f 2404 2403 5191 3367
f 4742 4506 1502 214
f 368 2031 2898 369
f 5192 2908 2910 5193
f 2828 5192 5193 4911
f 2828 2827 2908 5192
f 4864 4076 4079 4865
f 394 2035 4828 395
f 5194 5195 1414 1155
f 3663 5194 1155 1154
f 3662 5196 1414 5195
f 3663 3662 5195 5194
f 3382 3381 5197 2894
f 682 3682 4129 2056
f 4881 4880 4096 4095
f 4277 4881 4095 4099
f 2571 4752 1522 1521
f 5198 5199 4844 4843
f 4754 5198 4843 4216
f 3399 3398 5200 5201
f 5202 4950 4951 5203
f 4755 1529 1530 4756
f 439 438 1529 4755
f 3404 3403 5204 5205
f 3704 5206 5207 3705
f 5206 2025 5208 5207
f 2593 1531 1534 4759
f 3406 2709 5209 5210
f 4935 2284 3514 5211
f 4895 4894 4753 5212
f 2455 1648 5062 2456
f 2458 4775 5213 2459
f 2081 1390 5214 2082
f 2054 4859 4862 2055
f 4378 2334 201 4779
f 3947 4147 4148 3948
f 3947 3949 4149 4147
f 3729 3728 4202 4944
f 3428 3427 5215 1260
f 3429 5216 5215 3427
f 2666 1601 1604 4838
f 802 4787 2938 3431
f 4946 4205 4208 4947
f 2643 4792 5217 3436
f 4333 392 245 4793
f 4388 540 1622 5218
f 2072 1632 257 4800
f 4921 5219 5220 4922
f 5221 5222 5223 5224
f 834 2116 4177 4808
f 2519 1643 1644 4810
f 4957 4956 5225 5226
f 5226 5225 4840 4839
f 3444 5227 5228 2783
f 4814 5229 5230 4815
f 2669 4817 1650 1649
f 3977 3976 5006 5231
f 3454 5232 5233 3455
f 5234 5235 5236 5237
f 5234 5237 5238 5239
f 3462 1349 5240 3463
f 5241 5242 5243 3421
f 2148 5244 5245 2149
f 2153 1676 1679 5246
f 3466 3138 4614 5176
f 5247 2994 5248 1370
f 3777 5247 1370 1369
f 3777 2995 2994 5247
f 2156 1485 5249 2157
f 1270 4939 5095 1726
f 5022 4903 4906 5250
f 2167 2166 5251 5252
f 663 662 5097 1738
f 935 4822 2966 2168
f 2173 4824 5253 2174
f 2174 5253 344 343
f 4824 4826 344 5253
f 4442 4188 4190 4940
f 3489 1400 5254 3490
f 3490 5254 5255 3492
f 4832 4831 371 2120
f 2125 2124 380 379
f 2697 3008 5029 4833
f 2975 3506 5256 4993
f 3823 4031 3034 3032
f 2202 2201 5257 5258
f 2703 4850 1706 1705
f 3827 5005 4282 3520
f 1010 1735 1736 4852
f 3524 3523 5259 5260
f 1442 1444 5261 5262
f 5263 5264 5265 4292
f 5263 2867 5266 5264
f 5263 4292 2868 2867
f 2716 1745 1748 4854
f 3525 5267 5268 3526
f 5011 4304 4307 5012
f 5011 1749 1752 4304
f 2232 2231 5269 5270
f 4311 5271 2098 4015
f 2768 4858 467 1759
f 2773 5182 1762 1761
f 4862 4861 498 653
f 4489 5272 4324 5019
f 2196 4865 517 1777
f 2255 2254 5273 1606
f 5274 1564 5275 5276
f 3015 5277 5278 3016
f 5277 5279 5280 5278
f 4874 4873 1792 1791
f 4874 1791 1793 4384
f 4065 5281 1800 1794
f 1447 4068 3072 2262
f 2771 4877 1802 1801
f 1084 4883 1806 1805
f 2266 5282 4949 2267
f 4077 5283 5063 4078
f 2233 2236 5284 5285
f 1104 2273 4309 3884
f 2790 3089 5286 4886
f 2795 1820 1823 4888
f 895 894 4276 4275
f 1058 1057 582 4393
f 4463 747 4280 4279
f 912 911 4966 4894
f 412 5287 5288 3573
f 928 927 5288 5287
f 1138 928 5287 412
f 3788 3573 5288 927
f 937 1882 5144 938
f 2295 1888 3576 5054
f 2300 5056 4343 1893
f 2313 5057 4349 1902
f 4906 4905 1836 789
f 2341 2340 5289 1694
f 3589 3588 5290 1575
f 3940 5291 5292 5293
f 5294 1133 5292 5291
f 2351 2350 5295 5296
f 2353 5297 5295 2350
f 1185 4910 3091 2354
f 975 974 4374 473
f 979 978 4377 4376
f 2834 4914 5298 3607
f 1583 1586 5299 1963
f 2843 3614 3098 4919
f 4566 4922 3700 5068
f 4575 1017 1878 4926
f 3623 3155 5300 1627
f 2374 5301 4992 2375
f 5302 5303 1314 5304
f 5302 5305 5306 5303
f 5307 5308 1897 1900
f 4932 5112 4337 4336
f 2384 2383 1717 581
f 1241 4933 1904 1903
f 3636 5309 291 3637
f 3639 5310 1913 1912
f 2398 5311 5312 2399
f 3644 1927 1930 5313
f 2408 2407 4370 4973
f 3645 5314 5315 3646
f 3645 3648 1076 5314
f 5314 1076 5316 5315
f 3999 5317 5318 4000
f 5317 312 315 5318
f 1595 4170 4412 2000
f 5319 5320 5321 1663
f 3131 3544 5320 5319
f 5322 5323 3206 3188
f 5324 3187 5325 5326
f 5322 5324 5326 5323
f 5322 3188 3187 5324
f 5323 5326 5325 3206
f 1331 2425 5120 4941
f 4943 4941 5120 10
f 4552 4944 847 967
f 1113 4440 4443 22
f 4948 4947 859 1984
f 5107 4264 5327 5106
f 1120 5037 5038 1121
f 1352 4952 4400 2446
f 4028 3024 5328 5329
f 4028 3208 3025 3024
f 2933 4954 5330 3674
f 3676 5331 1996 1995
f 5332 5333 4945 2211
f 3681 3680 425 5334
f 4960 5075 4387 4386
f 3685 2002 2003 4964
f 5335 5336 5199 5198
f 4966 5335 5198 4754
f 5337 5338 5339 5340
f 5083 5082 4950 5202
f 2944 2004 2007 4967
f 3698 5341 5342 3040
f 5343 5344 2013 2012
f 5344 5345 2016 2013
f 5346 5131 5050 5049
f 3190 3711 5347 5348
f 3714 3245 5349 3715
f 4643 5350 2054 1220
f 2529 2528 5351 1861
f 1438 4982 4452 2530
f 2960 4983 2065 2064
f 2863 2862 2705 5352
f 1732 1731 4439 4435
f 1464 2546 5157 4995
f 2981 3748 5353 4998
f 2495 2494 5074 5073
f 2889 2888 5227 3444
f 4666 5128 4508 3763
f 5354 4868 5355 1868
f 1283 2130 4511 1284
f 5009 2513 5089 5010
f 3248 2764 5356 1875
f 5357 4473 4474 5358
f 5114 5357 5358 5115
f 5114 1168 4473 5357
f 1936 5359 1750 1749
f 5360 5361 5362 3391
f 5360 5363 5364 5361
f 5360 3391 3394 5363
f 3771 3288 5365 3772
f 1780 5116 4475 2573
f 2576 5143 5244 2148
f 5366 3126 5367 5368
f 5366 4529 3127 3126
f 3255 3775 1361 5369
f 3187 3777 1369 5325
f 958 3781 5370 3027
f 3786 3785 5371 1834
f 3257 3787 5372 5373
f 2972 5019 2102 2101
f 5023 5022 5250 5374
f 2978 5026 2112 2111
f 1527 5028 5375 2609
f 2616 5376 494 2613
f 5377 5092 5091 2554
f 3417 5378 5379 3418
f 1965 1963 5379 5378
f 1533 2618 3291 5033
f 5122 4487 4490 5123
f 5038 4832 2120 2119
f 5380 5381 5024 5382
f 1409 4499 4500 336
f 4711 1413 2131 3814
f 5339 5383 2138 2133
f 1567 5046 4525 2634
f 5384 2820 2823 4316
f 1515 5384 4316 1516
f 1515 5385 2820 5384
f 3111 5386 2144 2143
f 3120 2160 2163 5387
f 3836 2164 2167 5388
f 5050 5132 4513 4512
f 5389 5390 5391 5392
f 2657 2656 5393 5394
f 2611 2614 778 4592
f 3850 3182 781 5395
f 5141 5140 5047 5396
f 3329 1942 5397 2858
f 2858 5397 5398 3998
f 1942 1944 5398 5397
f 3853 1951 5399 3401
f 2963 5400 5401 2964
f 3344 5402 5297 2353
f 3862 5403 823 3863
f 2632 5121 5124 2633
f 4739 5064 2204 1490
f 1651 4187 5404 2676
f 2676 5404 851 2678
f 5111 4617 4620 5181
f 5155 4553 1504 1982
f 5155 5156 4555 4553
f 3085 5070 5405 3871
f 2686 5406 2208 2207
f 5406 5332 2211 2208
f 3874 3873 5407 5408
f 5408 5407 5409 5410
f 5074 1394 2213 5075
f 1670 2216 2217 5076
f 3367 5191 5282 2266
f 3135 2220 2223 5082
f 3096 2229 2232 5084
f 5411 5412 5413 5414
f 3883 3882 5415 5416
f 1686 2240 2243 5088
f 1510 2279 3898 1511
f 1510 1514 2280 2279
f 5417 5418 5419 5420
f 4389 4388 5218 5421
f 3398 3910 5422 5200
f 5203 4951 5423 2074
f 5424 5425 2749 5426
f 5424 4848 5138 5425
f 5427 5428 5429 5430
f 5427 5430 5431 3124
f 2309 2311 5432 5433
f 2709 2309 5433 5209
f 3918 3432 5434 3919
f 5211 3514 2316 2315
f 2331 125 128 3936
f 5435 5436 5437 5438
f 3937 5439 5440 3259
f 1711 5094 2270 2269
f 3943 2057 5441 3457
f 3147 5096 5442 3944
f 4775 4641 4644 5213
f 5443 5444 5242 5241
f 5099 5445 5446 5100
f 1473 1472 5445 5099
f 1747 2153 5246 5104
f 3165 3957 5447 5108
f 4779 5448 5449 4780
f 4779 201 204 5448
f 5188 4622 4625 5189
f 1592 1591 5301 2374
f 3909 3290 5450 3910
f 1701 1700 2298 4710
f 5451 5302 5304 5452
f 5451 5453 5305 5302
f 1274 3297 5454 4006
f 4793 245 248 3971
f 5455 5456 2315 2314
f 5457 1419 1420 5458
f 5455 5457 5458 5456
f 5455 2314 1419 5457
f 4800 257 260 3975
f 5224 5223 4664 4663
f 5459 5460 5461 174
f 3981 2169 5462 3982
f 2052 4450 3501 181
f 3983 2175 5463 3984
f 3984 5463 5464 4669
f 5465 5466 5467 5468
f 2783 5228 4678 2402
f 3994 2348 2351 5469
f 2787 2786 5164 5470
f 2801 2800 5471 5472
f 2188 2189 5473 4694
f 1744 1743 5166 3325
f 4008 2095 5474 3508
f 5124 5123 2371 1548
f 3242 5382 2977 4038
f 5475 5476 5477 5478
f 5475 5479 1470 5476
f 2212 4948 1984 2386
f 5480 2191 5481 5482
f 2772 5180 5182 2773
f 3213 5127 2394 2393
f 4488 5483 5272 4489
f 92 4742 214 213
f 4831 4037 372 371
f 4033 4032 5484 5485
f 5486 2198 5487 5025
f 2838 385 388 5162
f 3496 4836 5488 3497
f 3497 5488 5340 4709
f 4836 5337 5340 5488
f 4838 1604 1507 5128
f 3308 2413 2416 5489
f 3503 5490 5341 3698
f 1819 1818 1517 5132
f 5491 5492 5493 5494
f 5139 4719 4164 5140
f 5495 2671 5131 5346
f 3518 4051 2185 2182
f 2867 2871 1069 5266
f 3526 5268 4770 2602
f 5437 5496 2440 2439
f 3269 5145 5497 4058
f 5148 4773 2458 2457
f 1914 5150 5498 2893
f 5154 2461 2464 5156
f 3281 5158 5499 4066
f 4861 4073 499 498
f 1929 506 509 4366
f 4865 4079 518 517
f 3285 2487 2490 5161
f 2898 2897 5500 5501
f 2907 2906 5502 65
f 2903 2907 65 64
f 2910 2909 5503 5504
f 5505 2343 5506 5507
f 2342 5508 5506 2343
f 5299 5507 5506 5508
f 5509 5510 5511 5512
f 5513 3221 5514 5515
f 4050 5516 5517 4051
f 4050 4052 5518 5516
f 1151 5519 5520 5521
f 4096 5522 1268 4097
f 5467 2510 2513 5009
f 5285 5284 4745 2564
f 5523 4747 4745 5284
f 2878 2877 1638 1637
f 2879 5524 1638 2877
f 2936 2520 2523 5525
f 2939 2355 5526 2940
f 2201 5504 5527 5257
f 4582 4581 5229 4814
f 5528 5366 5368 5529
f 5528 5530 4529 5366
f 5531 5532 5533 5534
f 2813 5531 5534 4896
f 3567 5535 5533 5532
f 2813 3567 5532 5531
f 5536 4731 3157 3156
f 4121 4120 5537 3613
f 4125 4124 5538 5539
f 4126 5540 5541 3445
f 1997 4409 627 626
f 4128 3322 2831 2829
f 3523 4128 2829 5259
f 4130 2259 5310 3639
f 3353 3644 5313 5171
f 4858 4728 468 467
f 5174 4385 472 471
f 5174 471 477 3466
f 1569 4154 5542 4135
f 2010 2952 5543 5178
f 1836 5178 5543 1066
f 5182 5181 1690 1762
f 5544 5545 5546 5547
f 1846 1845 4777 2623
f 1847 4143 4777 1845
f 5190 5189 1692 2561
f 5548 5549 5550 5551
f 5552 5553 5554 2854
f 5555 5556 5187 4049
f 5222 708 711 5223
f 5219 2303 5557 5220
f 2303 2305 5558 5557
f 4150 5559 5560 3494
f 3381 2587 2590 5197
f 2967 2418 5561 2968
f 5562 5563 5564 5565
f 5562 5566 5567 5563
f 3442 2597 2600 5568
f 4168 4167 5569 2328
f 4169 5570 5569 4167
f 2330 2328 5569 5570
f 1894 1897 4805 2652
f 5308 4806 4805 1897
f 3705 5207 5571 4458
f 4172 2347 5331 3676
f 2016 5572 1721 2017
f 4178 3707 5573 2362
f 315 317 5345 5344
f 2459 5213 2631 2630
f 5574 4551 5575 5576
f 2082 5214 801 800
f 4183 3533 5577 5578
f 4184 5579 2642 2641
f 2906 2684 5580 5502
f 4194 4193 5581 5582
f 3652 3874 5408 5583
f 5583 5408 5410 5584
f 4197 5585 5586 4198
f 4198 5586 5587 4825
f 5585 5588 5587 5586
f 4944 4202 848 847
f 2578 2579 2928 2926
f 5589 5590 4811 5591
f 2578 5589 5591 2579
f 2926 2928 4811 5590
f 2578 2926 5590 5589
f 4642 311 5350 4643
f 4217 5592 362 361
f 4217 843 5593 5592
f 4947 4208 90 859
f 4646 5274 5276 4647
f 2988 5594 5595 3453
f 2988 2662 2665 5594
f 5596 2863 5352 5597
f 3028 3027 5598 5599
f 3024 3028 5599 5328
f 3031 1813 1814 5600
f 5601 5602 5603 5604
f 5605 5606 5607 5608
f 2479 5609 1265 2480
f 5605 5608 5609 2479
f 5229 1891 2672 5230
f 3559 3558 5610 5611
f 3744 5612 5610 3558
f 3040 5342 4893 2807
f 4660 5613 438 437
f 4660 2558 2557 5613
f 3044 3043 5614 441
f 3046 5615 5614 3043
f 5237 5236 765 764
f 5237 764 769 5238
f 4225 3524 5260 5616
f 4227 4225 5616 5617
f 3463 5240 5618 4232
f 5619 5435 5438 5620
f 2157 5249 5621 4236
f 4237 5622 5623 4238
f 5250 4906 789 788
f 2166 2695 2698 5251
f 3058 3057 5624 5625
f 5625 5624 5626 3019
f 4240 3774 5627 2465
f 4243 3586 5628 5629
f 3387 4251 5630 3388
f 4256 3595 5631 5632
f 4259 4258 5633 2491
f 4166 4168 5633 4258
f 2493 2491 5633 4168
f 2120 371 374 829
f 3720 5634 5635 4260
f 3066 3069 5636 5637
f 3072 5638 1593 3073
f 5639 5640 5641 5642
f 5643 4870 1405 2503
f 5644 4437 4870 5643
f 3089 1008 1011 5286
f 3092 2608 5645 3093
f 5646 5647 5466 5465
f 3759 2787 5470 5648
f 4632 5649 2725 2724
f 5649 5650 2730 2725
f 3100 3099 5651 2617
f 3765 4285 5652 5653
f 4720 4722 5654 5261
f 5655 5656 5654 4722
f 5262 5261 5654 5656
f 3110 604 5386 3111
f 4302 2536 5657 4303
f 2231 3120 5387 5269
f 4310 3836 5388 2543
f 3122 4331 5658 3123
f 3126 3132 1666 5367
f 4319 4318 2548 2547
f 4334 5659 5660 3867
f 3435 5661 2760 2755
f 5019 4324 2767 2102
f 3599 3598 4902 5662
f 3602 5663 2770 2769
f 5026 5664 2772 2112
f 5665 5666 5667 5668
f 5669 2776 2779 5670
f 5593 2780 2776 5669
f 4328 5671 5672 3656
f 2254 2788 2791 5273
f 5276 5275 2792 2058
f 3797 5673 5674 4331
f 5278 5280 5674 5673
f 5675 5676 4342 3946
f 5675 5677 5678 5676
f 5675 3946 3948 5677
f 4332 2799 2801 5679
f 1617 5680 5681 5682
f 3155 2802 2805 5300
f 3456 3455 5683 4335
f 3168 5684 5406 2686
f 5684 5685 5332 5406
f 2150 2149 5336 5335
f 911 2150 5335 4966
f 3824 3688 5686 5687
f 1926 3699 5688 4360
f 3567 2733 2736 5535
f 4340 3706 4901 5689
f 454 4340 5689 3596
f 3596 5689 4901 3598
f 3840 3839 4934 5690
f 2311 2310 5691 5432
f 4347 4346 5692 5693
f 3493 3492 5692 4346
f 3182 2883 782 781
f 3998 5398 5317 3999
f 3191 3190 5348 5694
f 3192 5695 2833 2832
f 3857 1955 5696 3855
f 3855 5696 1659 4351
f 5626 5148 2457 2193
f 4355 5697 5698 4356
f 3195 3194 5699 5700
f 2340 2841 2844 5289
f 4358 4357 1765 5701
f 3588 4359 5702 5290
f 3200 3204 185 2640
f 4364 2850 2852 5703
f 3505 4364 5703 3506
f 3631 5552 2854 2853
f 4369 4368 1770 5704
f 4372 4371 5705 2649
f 978 1546 2335 4377
f 3607 5298 1083 1082
f 3418 5379 5508 2342
f 1963 5299 5508 5379
f 5706 5513 5515 5707
f 3641 2860 2863 5596
f 5075 2213 537 4387
f 3741 3216 5708 5709
f 3215 5710 5708 3216
f 5711 5709 5708 5710
f 5305 2873 2874 5306
f 5414 5413 5712 5713
f 3899 4392 5714 5715
f 4672 1285 1288 4397
f 2399 5312 5716 3246
f 4401 2680 5717 4402
f 3646 5315 5718 4403
f 4403 5718 5540 4126
f 5315 5316 5540 5718
f 4000 5318 5719 5720
f 5720 5719 5344 5343
f 5318 315 5344 5719
f 5390 121 5721 5391
f 4410 5722 5723 4411
f 5320 4970 5724 5321
f 3544 3543 4970 5320
f 5660 5725 2914 2913
f 4421 3994 5469 2693
f 3256 3255 5369 5726
f 3258 3257 5373 5727
f 3209 5023 5374 3210
f 3259 5440 188 3260
f 3550 5190 2561 2921
f 3262 5728 1848 3263
f 3723 5729 2932 2931
f 22 4443 1227 23
f 2746 5137 5730 2747
f 5444 2748 5731 5242
f 3160 5106 5732 3273
f 3273 5732 5733 1323
f 5106 5327 5733 5732
f 1121 5038 2119 1673
f 3241 5380 5382 3242
f 5734 5735 5736 5737
f 5738 5739 5736 5735
f 5740 5562 5565 5741
f 5740 5742 5566 5562
f 5743 5744 5745 5746
f 3674 5330 1240 1239
f 3290 2976 4994 5450
f 3293 3292 5747 2818
f 5748 5749 5750 5751
f 4709 5340 5752 4707
f 4707 5752 2133 2132
f 5340 5339 2133 5752
f 3297 3296 5753 5454
f 5082 2223 544 4950
f 4453 2718 5754 4024
f 4827 5755 1030 1029
f 4827 3486 2445 5755
f 2307 2469 5756 2308
f 3882 2925 4953 5415
f 3886 5757 5758 3888
f 3886 3822 5759 5757
f 1051 1053 5337 4836
f 3979 5760 5615 3046
f 3309 3308 5489 1064
f 4312 4900 5761 5762
f 5763 2344 5761 4900
f 2343 5762 5761 2344
f 4974 4976 5764 5007
f 4475 5765 1920 4476
f 3261 3260 5766 3846
f 3334 5767 2959 2958
f 4482 4481 1956 5768
f 4012 4183 5578 5769
f 5123 4490 2972 2371
f 3343 5770 5402 3344
f 2528 1462 1465 5351
f 4486 4194 5582 5771
f 5436 5772 5496 5437
f 3798 2980 2982 5773
f 5774 5775 5776 5777
f 2862 2985 2706 2705
f 4460 4459 5778 5640
f 3638 3637 5779 4496
f 5780 4064 1377 175
f 5231 5006 5781 5782
f 3748 2942 2945 5353
f 2494 1391 1394 5074
f 3374 5783 4990 3371
f 5045 5784 5612 3744
f 4868 4867 5785 5355
f 2513 2512 2998 5089
f 5132 1517 909 4513
f 5494 5493 5418 5417
f 2764 2763 5004 5356
f 3113 3116 5786 615
f 3336 3339 5786 3116
f 5787 615 5786 3339
f 2326 2325 5788 4092
f 2327 5789 5788 2325
f 4516 5790 5791 3901
f 3391 5362 3001 3000
f 5140 4164 3842 5047
f 3772 5365 5792 4523
f 4524 5793 5794 3907
f 5468 5467 5009 5008
f 3401 5399 1526 1525
f 4526 2824 5795 4527
f 2589 2936 5525 4757
f 5796 459 5797 5798
f 4537 4536 2029 5799
f 3785 4538 5800 5371
f 4541 3009 3012 5801
f 2434 4541 5801 2435
f 2435 5801 3012 2437
f 4547 4546 2033 5802
f 5374 5250 788 2359
f 3411 3410 5803 5804
f 2440 5804 5803 2441
f 2609 5375 1450 1449
f 5805 5806 5807 5808
f 4181 5809 5810 4182
f 4577 5811 5812 4578
f 4577 1554 5813 5811
f 3369 3372 4987 3939
f 5814 5707 3036 3035
f 1966 81 5815 5816
f 5156 2464 976 4555
f 5476 5102 5103 5477
f 5476 1470 1473 5102
f 5817 5818 5819 4467
f 4571 3041 3044 5820
f 4083 4574 541 5821
f 5822 5823 5824 1256
f 5511 3310 5823 5822
f 4086 4576 5825 5826
f 2499 2498 1032 4580
f 3424 3423 5827 2225
f 5516 5451 5452 5517
f 5516 5518 5453 5451
f 5828 4146 2076 745
f 5829 5828 745 1264
f 5829 4148 4146 5828
f 5830 3102 578 5831
f 5830 4210 3103 3102
f 4584 2890 5832 4585
f 3439 5833 5834 3440
f 5392 5391 5834 5833
f 2656 3441 5835 5393
f 4594 5836 5837 4595
f 4596 4155 5838 2896
f 3443 3442 5568 1305
f 4602 4601 5839 2899
f 5840 5841 5389 3349
f 2964 5401 3076 3075
f 3445 5541 646 3446
f 3457 5441 3084 3083
f 15 4013 5842 4574
f 2633 5124 1548 1547
f 5445 1668 1671 5446
f 1472 2548 1668 5445
f 5843 5844 3423 31
f 5843 5845 5846 5844
f 5843 31 4021 5845
f 5844 5846 5847 3423
f 5848 3095 3097 5849
f 2556 5848 5849 2557
f 2556 2559 3095 5848
f 4136 5850 5671 4328
f 5181 4620 1112 1690
f 5545 2955 5851 5546
f 3871 5405 1566 1565
f 4137 5852 5853 4621
f 5410 5409 3108 3107
f 5189 4625 1119 1692
f 5549 5480 5482 5550
f 4626 2950 5579 4184
f 5412 4597 3640 5413
f 2897 3082 5069 5500
f 5854 4522 5855 278
f 4630 2951 5856 4191
f 2909 4029 5857 5503
f 3889 3888 5758 3920
f 4631 4034 5858 5859
f 3494 5560 5130 3239
f 5418 3133 3136 5419
f 3501 5860 2154 3502
f 96 3446 5490 3503
f 5861 2337 5862 4796
f 5861 5863 5864 2337
f 5861 4796 5115 5863
f 4951 547 1634 5423
f 4848 4847 5139 5138
f 5865 3031 5600 5866
f 3820 5865 5866 5867
f 3820 3033 3031 5865
f 5430 5429 5868 5869
f 5430 5869 5495 5431
f 3508 5474 1710 1709
f 3510 3509 2176 5870
f 3919 5434 5871 4638
f 3519 3518 2182 5872
f 5117 5873 5874 5118
f 5875 2757 5874 5873
f 4174 3191 5694 5876
f 4176 3195 5700 5877
f 5438 5437 2439 3162
f 3529 3163 3166 5878
f 4182 5810 5879 4179
f 4979 4978 5880 5881
f 4179 5879 5880 4978
f 5810 5881 5880 5879
f 5882 3200 2640 5883
f 5882 4762 3201 3200
f 3944 5442 3168 3167
f 5213 4644 1219 2631
f 2637 4648 1235 2638
f 3533 3532 855 5577
f 3957 1684 1687 5447
f 5884 4633 5885 5886
f 3374 3541 5887 5783
f 57 2653 5887 3541
f 4802 5783 5887 2653
f 5588 871 874 5587
f 5553 5711 5710 5554
f 5045 4653 5888 5784
f 4589 4592 5888 4653
f 2707 1782 1785 4867
f 5641 5889 5510 5509
f 5492 1787 1790 5493
f 5594 3226 4659 5595
f 5594 2665 3227 3226
f 4657 5890 5891 4090
f 5223 711 1701 4664
f 5597 5352 4866 5892
f 3982 5462 5893 4661
f 1316 3989 5894 4020
f 5466 3528 2510 5467
f 5603 3451 5491 5895
f 2430 4689 5896 4681
f 3562 3561 2246 5897
f 3864 3863 5722 4410
f 2800 3563 5898 5471
f 4682 3003 5899 4683
f 4683 5899 2175 3983
f 3003 2172 2175 5899
f 3266 4693 5900 5133
f 4694 5473 5900 4693
f 4685 4684 5901 3007
f 3565 3564 2249 5902
f 2679 2678 5142 3254
f 300 5528 5529 3532
f 300 299 5530 5528
f 4223 3256 5726 5903
f 3572 3571 5904 1538
f 3573 5905 5904 3571
f 2449 4125 5539 4697
f 3872 3258 5727 3873
f 3575 3578 1545 1544
f 1555 1552 5906 5907
f 4038 2977 2979 3222
f 2994 3355 5908 5248
f 5909 5777 5910 4655
f 4080 3235 3238 5911
f 5482 5481 3241 3240
f 3586 3585 984 5628
f 3595 3594 5912 5631
f 4193 4697 861 5581
f 4052 3249 3251 5518
f 3555 3557 5913 5160
f 3601 1580 5663 3602
f 5025 5487 5664 5026
f 552 4700 5914 553
f 4704 5915 5916 4705
f 4704 4706 2293 5915
f 3609 5917 5918 3610
f 5917 5919 5555 5918
f 5920 5669 5670 1041
f 5592 5593 5669 5920
f 2851 3619 5921 4923
f 4713 5922 5923 4153
f 4715 4332 5679 3055
f 2671 1816 1819 5131
f 5924 5925 5926 4972
f 446 4175 5927 3585
f 4306 4482 5768 5928
f 5929 659 5930 5931
f 3649 3283 3286 5932
f 5048 3840 5690 1624
f 4727 4726 5933 3088
f 4315 5934 5770 3343
f 4058 5497 3212 3211
f 2893 5498 1831 1830
f 5547 5546 1958 1957
f 4320 5935 5936 4730
f 5937 5574 5576 5938
f 5661 5939 3298 2760
f 4066 5499 3300 3299
f 3651 1689 5695 3192
f 200 5173 5177 705
f 3057 1911 5147 5624
f 5624 5147 5148 5626
f 4740 3106 5697 4355
f 5940 5941 5544 5400
f 3653 3652 5583 5942
f 5942 5583 5584 3628
f 5510 2702 3310 5511
f 5943 3312 3845 5944
f 4110 5943 5944 4111
f 4110 3311 3312 5943
f 5515 5514 5552 3631
f 4675 4677 5945 4142
f 3178 3176 5945 4677
f 3656 5672 5216 3429
f 5519 3316 3319 5520
f 3658 5946 2409 3659
f 2870 5830 5831 2871
f 2870 2872 4210 5830
f 5947 5948 5949 5950
f 4743 5951 5952 4744
f 5712 3641 5596 5953
f 4458 5571 3648 3647
f 2940 5526 5954 3682
f 4581 1035 1891 5229
f 4751 4373 5955 4752
f 3688 3399 5201 5686
f 4062 4117 5840 4063
f 4063 5840 3349 3347
f 3695 3693 5956 5957
f 3699 3404 5205 5688
f 4120 4756 5958 5537
f 3706 3406 5210 4901
f 4285 4537 5799 5652
f 3707 2008 2011 5573
f 4767 4547 5802 5959
f 4300 5960 5961 4301
f 4301 5961 5167 4115
f 5960 5169 5167 5961
f 4344 5962 1197 4771
f 4782 5619 5620 4433
f 4350 5963 1214 4772
f 3123 5658 5964 4235
f 2952 1945 1948 5543
f 1066 5543 1948 1067
f 5659 5965 5725 5660
f 36 3205 5966 37
f 5551 5550 3900 3668
f 3620 2855 5967 3717
f 2854 5554 5967 2855
f 3671 5968 5969 3672
f 4049 5187 5190 3550
f 3719 5970 5634 3720
f 3722 1786 5729 3723
f 2968 5561 5971 3725
f 5677 5829 1264 5678
f 5677 3948 4148 5829
f 4786 3184 5972 4787
f 891 4818 5973 3745
f 2874 2292 5222 5221
f 4057 4056 5833 3439
f 3350 5392 5833 4056
f 5974 3196 5975 4921
f 4921 5975 2303 5219
f 730 4771 5976 4807
f 4809 4808 5977 3198
f 2881 2885 5647 5646
f 738 4772 5978 4812
f 3710 3759 5648 3711
f 923 3765 5653 4820
f 4396 3274 5979 3766
f 3766 5979 1325 3767
f 3274 1322 1325 5979
f 4413 5980 1187 4818
f 4311 4312 5762 5271
f 5505 5271 5762 2343
f 5576 5575 5981 5982
f 5983 3612 5984 5985
f 5983 5985 5986 5987
f 3774 3425 3428 5627
f 5988 5989 5990 3727
f 2969 5991 3435 2970
f 4098 4097 5992 5993
f 4100 4098 5993 5994
f 3194 4820 5995 5699
f 3790 3789 5996 1491
f 3737 3740 5996 3789
f 3791 1838 5767 3334
f 5584 5410 3107 3437
f 5776 5997 5998 5999
f 4821 6000 6001 4822
f 4821 4823 2560 6000
f 843 842 2780 5593
f 4647 5276 2058 1236
f 2710 4330 6002 4851
f 3017 6003 6004 3796
f 3017 3016 5278 6003
f 3796 6004 5673 3797
f 6003 5278 5673 6004
f 3799 3798 5773 1867
f 4834 4833 6005 3252
f 5746 5745 6006 6007
f 5602 3448 3451 5603
f 5609 3452 1266 1265
f 5608 2865 3452 5609
f 5751 5750 6008 6009
f 3817 6010 3462 3461
f 3822 3820 5867 5759
f 4849 6011 6012 4850
f 6013 6014 5601 6015
f 907 3824 5687 3775
f 4469 3510 5870 6016
f 3826 3519 5872 6017
f 3365 1442 5262 5764
f 4853 4852 6018 3275
f 3846 5766 5267 3525
f 4232 5618 2081 2080
f 5620 5438 3162 3484
f 4236 5621 3489 3488
f 4411 5723 5232 3454
f 6019 4599 6020 6021
f 4869 6019 6021 4870
f 4869 2184 4599 6019
f 3019 5626 2193 2192
f 6022 5563 5567 3499
f 6022 6023 6024 5563
f 6022 3499 2839 6023
f 2923 4375 6025 2924
f 5640 5778 5889 5641
f 5819 5706 5707 5814
f 5782 5781 6026 1150
f 4872 3323 6027 4873
f 4501 6028 5890 4657
f 4065 6029 6030 5281
f 3324 3327 6030 6029
f 3093 5645 6031 3875
f 6032 5043 6033 6034
f 4879 6035 6036 4880
f 4882 3412 6037 4883
f 5647 2992 3528 5466
f 4885 4571 5820 3342
f 3099 3884 6038 5651
f 3296 3562 5897 5753
f 6 4888 6039 7
f 2469 2202 5258 5756
f 2998 2499 4580 4579
f 3897 3899 5715 6040
f 4510 3565 5902 6041
f 4892 4891 6042 3358
f 4893 6043 6042 4891
f 4092 5788 5649 4632
f 4303 5657 2156 2155
f 3901 5791 1535 3902
f 3788 3790 5905 3573
f 3907 5794 1540 3908
f 5986 5054 3576 3575
f 3867 5660 2913 3868
f 3321 3921 6044 2826
f 55 3935 6045 56
f 3936 6046 6045 3935
f 59 56 6045 6046
f 5806 3420 6047 5807
f 5811 6048 6049 5812
f 5811 5813 6050 6048
f 3939 4987 5291 3940
f 5668 5667 3552 3551
f 81 80 6051 5815
f 4909 3396 6052 4910
f 5680 4889 6053 5681
f 1254 4936 6054 3956
f 3903 3115 5735 5734
f 3114 5738 5735 3115
f 4920 4919 6055 3405
f 1125 3902 6056 4446
f 6057 5740 5741 6058
f 6057 3906 5742 5740
f 6059 2070 3832 3829
f 6060 5675 5676 1619
f 6059 6060 1619 2070
f 3829 3832 5676 5675
f 6059 3829 5675 6060
f 4496 5779 5922 4713
f 1141 3908 6061 4449
f 3052 5307 1900 2301
f 113 112 6062 4933
f 3978 6063 5760 3979
f 4595 5837 6064 4936
f 4418 3587 3589 6065
f 4380 5982 3591 3590
f 4599 32 3424 6020
f 3074 3073 6066 4939
f 4356 5698 3609 487
f 3403 4006 6067 5204
f 6068 5937 5938 6069
f 38 37 6070 4918
f 4359 2252 2255 5702
f 4009 6071 6072 4010
f 4009 4011 2753 6071
f 179 178 6073 6074
f 4013 4012 5769 5842
f 199 4875 5173 200
f 4308 6075 2366 2365
f 6075 6076 2370 2366
f 4371 516 3623 5705
f 2937 4486 5771 4958
f 4606 3653 5942 6077
f 6077 5942 3628 3627
f 4022 3529 5878 2115
f 999 6078 6079 6080
f 3108 4645 4648 2637
f 4024 5754 2398 2397
f 5413 3640 3641 5712
f 270 3993 6081 271
f 879 5884 5886 6082
f 278 5855 5743 279
f 4029 4028 5329 5857
f 4457 6083 6084 4952
f 6085 4005 6086 6014
f 4034 3681 5334 5858
f 4576 4958 1635 5825
f 4041 4040 6087 2152
f 609 4429 6088 610
f 4431 6089 6088 4429
f 3246 5716 2319 2318
f 305 4967 6090 306
f 6091 6092 2327 2323
f 4402 5717 3651 619
f 3440 5834 5309 3636
f 5391 5721 5309 5834
f 4045 4044 6093 5135
f 4970 2338 2341 5724
f 3210 5374 2359 2358
f 3080 4548 6094 3081
f 5242 5731 6095 5243
f 4981 3507 6096 4982
f 4649 6097 5970 3719
f 5186 6098 6099 6100
f 5186 5185 6101 6098
f 4067 6102 6103 4068
f 400 399 6104 4074
f 399 402 5817 6104
f 6105 6106 6107 6108
f 5744 6105 6108 5745
f 4081 4080 5911 2206
f 420 4989 6109 421
f 4990 6110 6109 4989
f 424 421 6109 6110
f 6111 6112 6113 6114
f 5749 6111 6114 5750
f 3292 4082 6115 5747
f 4084 4083 5821 6116
f 4996 4995 6117 3527
f 4087 4086 5826 6118
f 286 1418 6119 282
f 4090 5891 1824 4091
f 5003 5002 6120 3530
f 288 3914 5748 289
f 4669 5464 6121 4101
f 4101 6121 1826 4102
f 3203 4587 6122 3204
f 3203 2420 2422 4587
f 4747 6123 6124 4748
f 1201 6125 6126 6127
f 4720 5261 6128 4721
f 334 333 6129 4723
f 4132 2264 6130 4133
f 5777 5776 5999 5910
f 5027 3549 6131 5028
f 5377 6132 6133 5092
f 4134 3649 5932 2272
f 528 527 6134 6135
f 6079 3755 3758 6136
f 5034 5033 6137 3560
f 1486 4091 5850 4136
f 1496 4102 5852 4137
f 6138 6139 5854 6140
f 4867 1785 2495 5785
f 589 588 6141 5046
f 5493 1790 3133 5418
f 4153 5923 6142 4154
f 4155 3783 3786 5838
f 1163 6143 756 4471
f 4044 455 3597 6093
f 6144 5947 5950 2286
f 4523 5792 3791 930
f 4806 6145 6146 4804
f 4527 5795 6147 5052
f 5052 6147 2954 5053
f 3264 3263 6148 4170
f 5798 5797 6149 6150
f 4681 5896 6151 5056
f 4538 2526 2529 5800
f 3270 3850 5395 3271
f 5473 6152 6153 5900
f 3079 5065 6154 5057
f 4175 4174 5876 5927
f 3410 3801 3802 5803
f 2441 5803 3802 3278
f 1661 4176 5877 5072
f 5808 5807 2538 2537
f 1554 1553 3809 5813
f 6155 5882 5883 6156
f 6155 4763 4762 5882
f 5081 6157 6158 5080
f 5816 5815 6159 5044
f 5062 4640 6160 6161
f 3304 3303 5378 3417
f 4467 5819 5814 4468
f 705 5177 4613 706
f 4597 2644 2647 3640
f 4186 3635 6162 4187
f 4191 5856 6163 4192
f 5069 1702 1703 623
f 536 535 6164 5070
f 4477 4476 6035 4879
f 5823 6165 6166 5824
f 3310 2849 6165 5823
f 3594 5072 6167 5912
f 4196 2655 2657 6168
f 3313 4196 6168 3314
f 5518 3251 3174 5453
f 5077 5076 6169 3643
f 3319 3318 5412 5411
f 733 5591 6170 734
f 4204 4203 6171 2406
f 3436 5217 2570 2569
f 753 5088 6172 754
f 757 4108 6173 758
f 4585 5832 3853 3852
f 6174 6175 6044 3921
f 6176 5757 148 6177
f 6174 6176 6177 6175
f 6174 3921 5757 6176
f 6175 6177 148 6044
f 4480 3897 6040 4481
f 4480 1511 3898 3897
f 3441 2591 2594 5835
f 4601 4797 6178 5839
f 3349 5389 5392 3350
f 6126 169 6179 6180
f 6181 6182 6183 6184
f 6181 6185 6186 6182
f 6181 6184 6187 6185
f 1909 4223 5903 1910
f 3421 5243 2689 2688
f 4233 2447 6188 4234
f 4235 5964 5439 3937
f 1475 6189 6190 6191
f 5093 3677 6192 5094
f 6193 6194 2629 2626
f 5095 6195 6196 4688
f 5546 5851 2632 1958
f 4730 5936 5403 3862
f 5965 5443 5241 5725
f 5097 6197 6198 4695
f 5550 5482 3240 3900
f 1380 4557 5989 5988
f 4244 5969 6199 4245
f 5968 6200 6199 5969
f 5105 5104 6201 3697
f 3393 6057 6058 3394
f 3393 3395 3906 6057
f 882 4780 5449 883
f 4522 4100 5994 5855
f 6202 3911 3914 288
f 4535 3883 5416 4536
f 914 5456 5458 915
f 6203 6204 6205 6206
f 4545 4714 6207 4546
f 6208 770 4837 5739
f 4807 5976 6063 3978
f 5869 5868 2668 2667
f 5869 2667 2671 5495
f 4812 5978 6209 5116
f 6210 5924 2516 2515
f 6210 6211 5925 5924
f 4638 5871 3943 1178
f 4286 2531 6010 3817
f 3206 5325 6212 5126
f 3693 5424 5426 5956
f 3693 3692 4848 5424
f 5119 3721 6011 4849
f 4307 4306 5928 6213
f 4655 5910 3959 3958
f 3731 3433 5875 6214
f 4314 4313 6215 6216
f 5981 6216 6215 4195
f 4261 4260 5934 4315
f 5990 6217 5909 4200
f 4271 4270 5935 4320
f 4272 6218 5935 4270
f 4633 3970 3973 5885
f 992 991 6219 4206
f 998 6220 6078 999
f 6221 3974 3977 6222
f 4825 5587 6223 4826
f 5587 874 1476 6223
f 3215 6224 6225 5710
f 3717 5967 6225 6224
f 3718 3717 6224 3215
f 5554 5710 6225 5967
f 1021 1020 6226 5127
f 5889 2699 2702 5510
f 1025 1024 6227 4327
f 878 6228 5884 879
f 1041 5670 6229 1037
f 4330 4033 5485 6002
f 886 6230 6231 887
f 5352 2705 2707 4866
f 6033 4297 5948 5947
f 4661 5893 4008 4007
f 3528 2711 2511 2510
f 3451 3450 5492 5491
f 1812 6232 3779 3782
f 1812 1811 6233 6232
f 1290 6234 2323 1295
f 6235 6091 2323 6234
f 3745 5973 6236 4749
f 3563 2714 2717 5898
f 4684 1321 4022 5901
f 299 1829 3363 5530
f 6187 1340 1344 6237
f 5144 4767 5959 6238
f 4343 6239 5962 4344
f 4629 6240 6241 4189
f 4349 6242 5963 4350
f 6243 3575 1544 1543
f 5987 6243 1543 3812
f 5987 5986 3575 6243
f 4353 2635 6244 4354
f 6023 5154 5153 6024
f 6023 2839 2461 5154
f 5149 3818 6245 5150
f 3781 5475 5478 5370
f 3781 3780 5479 5475
f 182 3502 6102 4067
f 3787 4360 6246 5372
f 4367 4366 6247 3828
f 4700 4043 4520 5914
f 4702 4042 4043 4700
f 1002 5161 6248 1003
f 5165 4927 6249 6250
f 4705 5916 3981 3980
f 4375 4084 6116 6025
f 3610 5918 4048 4047
f 5918 5555 4049 4048
f 231 4087 6118 3509
f 3619 2793 2796 5921
f 5925 6251 6252 5926
f 6009 6008 6253 6254
f 435 4347 2616 2615
f 3356 3860 6255 2879
f 2879 6255 6256 5524
f 5931 5930 4071 4070
f 1076 1075 6257 5316
f 1075 1077 6258 6257
f 4408 2687 6259 4409
f 4412 6260 5980 4413
f 4419 4418 6065 2692
f 5938 5576 5982 4380
f 1091 1090 5929 1557
f 1093 5171 6261 1094
f 3668 3900 2918 2917
f 4423 4422 6262 2694
f 4425 6263 3069 3068
f 5400 5544 5547 5401
f 3628 5584 3437 3629
f 3552 5548 5551 3553
f 369 2898 5501 3561
f 5681 6053 6139 6138
f 4911 6264 2201 2200
f 5193 2910 5504 6265
f 4911 5193 6265 6264
f 6264 6265 5504 2201
f 4766 4105 4108 757
f 395 4828 6266 3564
f 3662 2580 2581 5196
f 4446 6056 5559 4150
f 1150 6026 5519 1151
f 6267 6268 2421 3922
f 6267 5565 5564 6268
f 4449 6061 6269 4450
f 6270 6271 4407 1994
f 6270 5608 5607 6271
f 6270 1994 2865 5608
f 1162 6272 6143 1163
f 3682 5954 4130 4129
f 3926 3928 6273 6274
f 4880 6036 5522 4096
f 6275 4131 6276 2336
f 3577 6275 2336 3578
f 3577 1886 4131 6275
f 4752 5955 4132 1522
f 5308 6277 6145 4806
f 5199 6278 6279 4844
f 4456 2723 6083 4457
f 4756 1530 4134 5958
f 6280 6085 6014 6013
f 4470 4469 6016 6281
f 6282 6283 4427 2891
f 6282 6184 6183 6283
f 6282 2891 2892 6184
f 5345 6284 6285 2016
f 2016 6285 6286 5572
f 6284 6214 6286 6285
f 6287 6288 6089 4431
f 6289 5293 4731 5536
f 4433 5620 3484 4144
f 4181 1559 6290 5809
f 1560 5160 6290 1559
f 3604 6155 6156 3605
f 3604 3606 4763 6155
f 37 5966 6291 6070
f 3715 5349 6292 4485
f 1390 1389 6293 5214
f 4244 6294 6295 5969
f 2040 4448 6295 6294
f 2041 2040 6294 4244
f 3672 5969 6295 4448
f 6249 4159 4162 6228
f 4979 5881 170 4976
f 6296 6297 6298 6299
f 6048 6296 6299 6049
f 6050 6300 6298 6297
f 6048 6050 6297 6296
f 80 4026 6301 6051
f 3725 5971 4172 4171
f 1260 5215 6302 1261
f 5216 6303 6302 5215
f 4787 5972 2939 2938
f 3956 6054 6028 4501
f 4064 6304 6029 4065
f 2292 2291 708 5222
f 6082 5886 6305 6306
f 6081 4399 5043 6032
f 4808 4177 4178 5977
f 2885 2989 2992 5647
f 4956 6307 6308 5225
f 5225 6308 6309 4840
f 5227 6310 6311 5228
f 4511 4510 6041 6312
f 3988 6313 5894 3989
f 3988 4227 5617 6313
f 5235 4023 6314 5236
f 5982 5981 4195 3591
f 5985 5055 5054 5986
f 1349 1348 6315 5240
f 3727 5990 4200 3728
f 5244 6316 3366 5245
f 5246 1679 4204 6317
f 154 1475 6191 6318
f 644 3659 5622 4237
f 1485 1484 6319 5249
f 6320 992 4206 4205
f 4939 6066 6195 5095
f 4544 4543 6321 2837
f 5252 5251 6322 4039
f 662 4744 6197 5097
f 5999 5998 2963 2962
f 4822 6001 2967 2966
f 4548 4243 5629 6094
f 178 1380 5988 6073
f 678 4256 5632 3680
f 4017 6323 6324 4018
f 4017 6325 5015 6323
f 6323 5015 5018 6324
f 207 1396 6326 6327
f 5382 5024 2978 2977
f 2126 3767 6328 2124
f 2124 6328 4682 380
f 3767 6329 4682 6328
f 4833 5029 6330 6005
f 6108 6107 363 6331
f 5745 6108 6331 6006
f 6080 6079 6136 6332
f 4855 4219 4222 6251
f 6114 6113 6333 6334
f 5750 6114 6334 6008
f 4993 5256 4542 6335
f 1876 6336 1615 6337
f 2001 6338 1630 4799
f 5258 5257 6339 1466
f 4850 6012 4233 1706
f 4032 4578 415 5484
f 6340 3583 3584 6341
f 6342 6340 6341 6343
f 6342 2142 3583 6340
f 6344 2876 6345 5078
f 5078 6345 6346 5081
f 2876 2878 6346 6345
f 6014 6086 5602 5601
f 282 6210 2515 283
f 282 6119 6211 6210
f 6347 6348 6349 5086
f 6347 6350 3419 6348
f 6347 5086 4931 6350
f 5007 5764 6351 775
f 775 6351 5656 5655
f 5764 5262 5656 6351
f 4852 1736 4240 6018
f 4587 4292 5265 6122
f 5260 5259 6352 6353
f 5012 4307 6213 6354
f 310 1557 6355 6356
f 5270 5269 6357 4075
f 4856 1756 4701 6358
f 3545 1758 1756 4856
f 1797 1800 6359 478
f 5281 6360 6359 1800
f 4558 6068 6069 4559
f 5283 179 6074 5063
f 6361 6362 6363 6364
f 6361 195 198 6362
f 6361 6364 199 195
f 821 3058 5625 3746
f 3746 5625 3019 3018
f 5092 6133 6365 4907
f 838 4606 6077 3749
f 3749 6077 3627 3751
f 5778 3679 2699 5889
f 6366 6367 6368 2935
f 3758 3757 6367 6366
f 5781 3761 3633 6026
f 1606 5273 6369 1607
f 1968 6370 6371 87
f 1616 3764 5680 1617
f 4873 6027 4286 1792
f 6098 3066 5637 6099
f 6098 6101 3067 3066
f 3875 6031 3110 3109
f 6372 4287 4290 6272
f 4068 6103 5638 3072
f 5043 4294 4297 6033
f 4503 6373 4298 875
f 6373 6274 4300 4298
f 3408 6374 6375 2322
f 4883 6037 4302 1806
f 5282 6376 6377 4949
f 1558 4180 6378 611
f 3884 4309 4310 6038
f 6379 5239 6380 6381
f 4635 6382 3470 4636
f 938 5144 6238 4823
f 5056 6151 6239 4343
f 3868 2913 2916 3062
f 4918 6070 3144 3140
f 5433 140 143 4149
f 5433 5432 5691 140
f 5057 6154 6242 4349
f 1682 1681 6383 4639
f 5807 6047 4334 2538
f 4124 4358 5701 5538
f 6125 168 169 6126
f 6050 3664 3665 6300
f 5813 3809 3664 6050
f 5061 6384 6385 5060
f 6384 35 38 6385
f 1694 5289 6386 1695
f 5815 6051 3670 6159
f 4640 4369 5704 6160
f 4929 6387 6388 4930
f 4929 4336 4338 6387
f 5296 5295 6389 4158
f 5297 6390 6389 5295
f 4910 6052 3092 3091
f 527 5665 5668 6134
f 4135 5542 6097 4649
f 4919 3098 3100 6055
f 5453 3174 2873 5305
f 5301 6391 6392 4992
f 6205 6202 288 287
f 4933 6062 4353 1904
f 5721 6393 6394 5309
f 5309 6394 292 291
f 6393 295 292 6394
f 4670 2999 6395 4671
f 5311 4185 39 5312
f 4678 6396 3536 4679
f 4973 4370 4372 6397
f 4170 6148 6260 4412
f 6069 5938 4380 3792
f 4264 4266 6398 5327
f 4687 4686 6399 6400
f 6179 6400 6399 4609
f 4010 6072 3146 3145
f 6074 6073 3726 4382
f 4875 4384 4385 5173
f 18 2628 6075 4308
f 2629 6401 6075 2628
f 4688 6196 813 4689
f 6078 4391 3755 6079
f 4695 6198 6402 4696
f 3993 3992 4399 6081
f 5855 5994 5744 5743
f 4952 6084 4401 4400
f 4005 4004 3768 6086
f 6231 6221 6222 408
f 3914 3913 5749 5748
f 734 6170 270 269
f 4040 4420 4421 6087
f 758 6173 6085 6280
f 4967 2007 4423 6090
f 4714 4470 6281 6207
f 4717 4716 6403 3056
f 3953 5798 6150 3954
f 4723 6129 6404 4724
f 6185 6405 939 6186
f 6185 6187 6237 6405
f 5243 6095 3209 2689
f 1861 5351 6406 1862
f 4982 6096 4453 4452
f 4238 5623 5728 3262
f 4074 6104 4465 4464
f 6104 5817 4467 4465
f 694 6407 6408 695
f 6409 4857 6407 694
f 1870 6410 6411 1871
f 1875 5356 6410 1870
f 2203 529 532 6412
f 4082 3306 3309 6115
f 5780 6413 6304 4064
f 4995 5157 6414 6117
f 6415 5186 6100 6416
f 4251 6415 6416 5630
f 4251 4250 5186 6415
f 5630 6416 6100 6417
f 5002 6418 5134 6120
f 2504 5136 5134 6418
f 2505 2504 6418 5002
f 1284 4511 6312 4011
f 6419 6420 6421 6422
f 6232 6419 6422 3779
f 6232 6233 6420 6419
f 4749 6236 5790 4516
f 5787 1853 616 615
f 1852 617 616 1853
f 5361 4323 331 5362
f 5133 5900 6423 4750
f 4750 6423 5793 4524
f 5900 6153 5793 6423
f 5116 6209 5765 4475
f 6424 5985 5984 6425
f 6424 1335 5055 5985
f 5530 3363 3364 4529
f 5143 6426 6316 5244
f 4758 4757 6427 4329
f 6127 6126 6180 4737
f 1961 4759 6428 1962
f 1834 5371 375 1835
f 4769 4768 6429 3154
f 4770 6430 6429 4768
f 4133 6130 3280 3279
f 5910 5999 2962 3959
f 6240 5805 5808 6241
f 5028 6131 397 5375
f 5376 6431 495 494
f 6135 6134 3880 4505
f 2271 667 6432 6433
f 1967 1966 5816 4036
f 5033 3291 3293 6137
f 1868 5355 6434 684
f 991 525 528 6219
f 6435 712 715 4341
f 6139 4521 4522 5854
f 1007 6436 6336 1876
f 1028 6437 6338 2001
f 5046 6141 4526 4525
f 6438 6439 4053 2140
f 6438 6342 6343 6439
f 6438 2140 2142 6342
f 5682 5681 6138 6440
f 4791 3193 6441 4792
f 6143 4766 757 756
f 5387 2163 4544 6442
f 255 6443 6204 6203
f 4131 4796 5862 6276
f 4797 3409 3411 6178
f 6444 6445 6446 3197
f 6252 4725 6445 6444
f 4335 5683 5836 4594
f 5394 5393 490 4363
f 6150 6149 6325 4017
f 1077 2042 650 6258
f 2044 2043 6447 4817
f 3878 5080 4562 3879
f 5080 6158 4565 4562
f 5044 6159 4498 4499
f 4468 5814 3035 3375
f 5177 5176 4614 4613
f 4187 6162 6448 5404
f 5404 6448 852 851
f 4192 6163 4584 51
f 5421 5218 6220 998
f 5070 6164 586 5405
f 6165 3379 3382 6166
f 2849 2848 3379 6165
f 2074 5423 6449 1006
f 5076 2217 4596 6169
f 5191 6450 6376 5282
f 3318 4104 4597 5412
f 5591 4811 3990 6170
f 4203 85 3443 6171
f 6250 6249 6228 878
f 212 211 6451 2075
f 5088 2243 4602 6172
f 4108 4107 4002 6173
f 4828 4631 5859 6266
f 3921 3920 5758 5757
f 4816 4815 6230 886
f 4840 6309 6452 4841
f 4841 6452 6234 1290
f 6309 6235 6234 6452
f 4844 6279 6382 4635
f 5200 5422 4138 6453
f 5426 2749 2750 2061
f 2025 2024 6454 5208
f 5428 4434 672 5429
f 6180 6179 4609 4608
f 5209 5433 4149 3949
f 4392 4851 1307 5714
f 6184 2892 1340 6187
f 6214 5875 5873 6286
f 5110 1769 4618 4617
f 3936 128 6455 6046
f 131 4141 6455 128
f 6456 6046 6455 4141
f 2107 4854 6457 2108
f 4234 6188 4626 137
f 6191 6190 4629 4628
f 5094 6192 4630 2270
f 1217 804 805 6458
f 5725 5241 3421 2914
f 1229 817 818 6459
f 5104 5246 6317 6201
f 5780 175 6460 6413
f 174 5461 6460 175
f 6461 6413 6460 5461
f 6326 989 992 6320
f 4802 4804 6462 5783
f 6204 6463 6202 6205
f 5737 5736 4835 3495
f 5739 4837 4835 5736
f 4876 3335 6464 4877
f 6461 5461 6465 2088
f 5460 6466 6465 5461
f 6467 2088 6465 6466
f 2169 2168 796 5462
f 4450 6269 5860 3501
f 2175 2174 6468 5463
f 5463 6468 346 5464
f 2174 343 346 6468
f 6211 4855 6251 5925
f 1301 2423 914 913
f 5228 6311 6396 4678
f 5470 5164 6469 6470
f 4887 4886 6471 3346
f 5472 5471 825 4491
f 1743 4245 6472 5166
f 4897 4896 6473 4915
f 5483 1202 6474 5272
f 6475 4650 4986 6476
f 5448 6475 6476 5449
f 5448 204 4650 6475
f 5376 6477 6478 6431
f 5692 6479 6478 6477
f 5693 5692 6477 5376
f 4313 3473 3476 6215
f 4195 6215 3476 3477
f 2198 1218 6480 5487
f 4200 5909 4655 4201
f 1370 5248 5908 6481
f 2117 6482 884 2118
f 6483 881 884 6482
f 1373 6483 6482 2117
f 5478 5477 429 6484
f 4206 6219 6485 4207
f 6220 4212 4391 6078
f 6486 3893 6487 5279
f 4826 6223 4662 344
f 6223 1476 1479 4662
f 6449 4214 4667 6436
f 2127 6488 6489 2128
f 5127 6226 4670 2394
f 4327 6227 4673 354
f 6227 3178 4677 4673
f 6228 4162 4633 5884
f 5294 6490 1134 1133
f 2218 6491 6492 2219
f 5670 2779 6493 6229
f 6230 6494 6221 6231
f 4913 3402 6495 4914
f 5162 388 4685 6496
f 4297 4296 4113 5948
f 3450 3568 1787 5492
f 1811 244 243 6233
f 4924 4923 6497 4540
f 6380 6372 6272 1162
f 4502 6498 6373 4503
f 6498 3926 6274 6373
f 5307 6499 6277 5308
f 3413 3416 6277 6499
f 5266 1069 1072 6500
f 5268 6501 6430 4770
f 4189 6241 3538 3537
f 12 11 1207 2541
f 5317 6502 313 312
f 20 19 313 6502
f 2277 6503 6504 1372
f 4354 6244 6505 4937
f 4937 6505 3962 4938
f 5150 6245 1022 5498
f 5661 6506 6507 5939
f 1488 2203 6412 6508
f 4366 509 4715 6247
f 5161 2490 4717 6248
f 4927 4926 4159 6249
f 5501 5500 622 2247
f 5504 5503 630 5527
f 5707 5515 3631 3036
f 87 6371 6509 88
f 2322 6375 6510 1422
f 4949 6377 5951 4743
f 6251 4222 4725 6252
f 6334 6333 3053 6511
f 6008 6334 6511 6253
f 4953 1425 1428 145
f 101 100 6512 4954
f 5525 2523 4727 6513
f 4352 4351 6307 4956
f 2355 2354 1078 5526
f 4965 4964 6514 6515
f 4317 4965 6515 4318
f 5534 5533 694 696
f 4896 5534 696 6473
f 5535 6409 694 5533
f 1136 6516 4736 4732
f 6474 6127 4737 4325
f 5316 6257 6517 5540
f 5540 6517 6518 5541
f 6257 6258 6518 6517
f 4409 6259 4740 627
f 121 120 6393 5721
f 120 124 295 6393
f 5171 5313 6519 6261
f 6485 6135 4505 4741
f 4422 4973 6397 6262
f 155 154 6318 6520
f 478 6359 6521 479
f 6360 6522 6521 6359
f 5401 5547 1957 3076
f 3553 5551 3668 3667
f 6053 4278 4521 6139
f 208 207 6327 6523
f 210 4961 6524 211
f 5212 4753 4215 6463
f 222 6525 6526 223
f 228 227 6527 4983
f 4922 6528 3701 3700
f 4922 5220 5557 6528
f 6528 5557 3704 3701
f 6026 3633 3316 5519
f 2418 2417 1179 5561
f 4621 5853 5946 3658
f 1620 5678 1264 1263
f 6272 4290 4766 6143
f 1625 6529 6530 2423
f 254 6531 6443 255
f 4169 4991 6532 5570
f 4992 6392 6532 4991
f 6533 5570 6532 6392
f 4994 4993 6335 115
f 274 4998 6534 275
f 2347 2346 6535 5331
f 1918 3695 5957 4357
f 6536 5358 1734 1733
f 5863 6536 1733 5864
f 5863 5115 5358 6536
f 1933 5012 6354 4368
f 311 310 6356 5350
f 6483 4778 882 881
f 6504 4379 4778 6483
f 5014 5013 6537 3540
f 1172 55 6537 5013
f 54 3540 6537 55
f 5505 5507 6538 5271
f 4652 4654 6538 5507
f 6070 6291 4782 3144
f 4485 6292 3722 793
f 5214 6293 4786 801
f 5326 6539 6212 5325
f 5326 1365 1368 6539
f 5326 5325 1369 1365
f 2969 6540 6541 5991
f 5254 6542 6543 6544
f 5255 6545 6546 6547
f 6544 6543 6546 6545
f 5254 6544 6545 5255
f 6542 6547 6546 6543
f 338 337 1492 6548
f 5230 2672 4801 6494
f 2389 6549 6550 2392
f 6051 6301 3671 3670
f 5029 835 4809 6330
f 6551 3386 3389 6552
f 6387 6551 6552 6388
f 6387 4338 3386 6551
f 4459 743 3679 5778
f 5006 763 3761 5781
f 5886 5885 6553 6305
f 6086 3768 3448 5602
f 5328 5599 3185 6554
f 408 6222 6555 409
f 2525 2524 6556 6557
f 2525 6557 6379 2
f 5338 574 6558 5339
f 3624 5383 6559 573
f 5339 6558 6559 5383
f 574 573 6559 6558
f 6560 4316 4319 6561
f 6420 6560 6561 6421
f 6420 1516 4316 6560
f 5342 6562 6043 4893
f 6563 5872 4980 4439
f 1730 6563 4439 1731
f 1730 6017 5872 6563
f 441 5614 6564 442
f 5615 163 6564 5614
f 2542 2541 6565 5021
f 5236 6314 3714 765
f 6318 6191 4628 4441
f 1555 5907 6566 1556
f 466 465 6567 6568
f 5249 6319 1397 5621
f 4543 952 3799 6321
f 6569 6508 4830 4829
f 4266 4708 6570 6398
f 485 484 6571 6572
f 5251 2698 4834 6322
f 6073 5988 3727 3726
f 6573 6268 5564 5563
f 6573 6574 1059 6268
f 6573 5563 6024 6574
f 4018 6324 3734 3733
f 6324 5018 3736 3734
f 6327 6326 6320 6575
f 512 511 1489 6576
f 3624 3626 6577 5383
f 5638 2534 1594 1593
f 4696 6402 1863 5065
f 6336 3762 1616 1615
f 5286 1011 4853 6578
f 2608 2607 6579 5645
f 6338 5051 1631 1630
f 6119 4406 4855 6211
f 560 5084 6580 561
f 5086 6349 3771 3770
f 2617 5651 1456 2618
f 604 603 6581 5386
f 6356 6355 4860 4859
f 5269 5387 6442 6357
f 5275 6582 4864 2792
f 4331 5674 1146 5658
f 5280 1143 1146 5674
f 5367 1666 1667 6583
f 4559 6069 3792 981
f 5063 6074 4382 5064
f 6364 6363 4872 4871
f 6364 4871 4875 199
f 659 658 6584 5930
f 3751 3627 3630 3803
f 6134 5668 3551 3880
f 667 666 6585 6432
f 6367 4884 4885 6368
f 3757 4507 4884 6367
f 5671 570 6586 5672
f 5273 2791 4887 6369
f 2660 2659 6587 5096
f 2659 240 964 6587
f 6370 3813 3816 6371
f 3764 4509 4889 5680
f 684 6434 6588 685
f 5101 5100 6589 6590
f 5103 5101 6590 430
f 6374 5090 6591 6375
f 5300 2805 4892 6592
f 4515 4514 4895 6531
f 698 5420 6593 699
f 1131 6594 4394 1132
f 717 5108 6595 718
f 3114 612 6596 5738
f 611 6378 6596 612
f 6597 6598 4765 4764
f 6597 6058 5741 6598
f 5239 5238 6372 6380
f 3052 4533 6499 5307
f 4534 3413 6499 4533
f 2149 5245 6599 5336
f 4639 6383 4909 1184
f 1944 1943 6600 5398
f 5398 6600 6502 5317
f 1943 20 6502 6600
f 5694 5348 6601 687
f 5695 6602 4913 2833
f 5700 5699 1272 701
f 5060 6385 4916 1192
f 6385 38 4918 4916
f 5289 2844 4920 6386
f 6158 5974 4921 4565
f 6603 3232 3231 713
f 1212 4498 3673 1213
f 6159 3670 3673 4498
f 805 194 1769 5110
f 6401 4842 6604 6075
f 6075 6604 1292 6076
f 4842 1289 1292 6604
f 818 216 1774 6605
f 1976 5126 2663 1977
f 869 6606 1114 870
f 897 5129 6607 898
f 5130 641 6607 5129
f 4671 6395 3918 3917
f 5312 39 42 5716
f 6091 46 48 6092
f 2748 1937 6608 5731
f 1323 5733 6609 1328
f 5327 6398 6609 5733
f 4686 1332 4942 6399
f 4609 6399 4942 4610
f 4615 6424 6425 4616
f 4615 1336 1335 6424
f 5142 854 6426 5143
f 5726 5369 6610 6611
f 6611 6610 6612 5125
f 4618 155 6520 4619
f 5333 6575 4946 4945
f 5727 5373 6613 6614
f 6614 6613 6615 6616
f 5440 94 97 188
f 2774 280 6617 2775
f 5728 2722 1849 1848
f 965 208 6523 5685
f 973 972 6618 5145
f 5152 1982 1981 1060
f 5157 1384 4041 6414
f 2809 2808 6619 5158
f 5993 5992 6106 6105
f 5994 5993 6105 5744
f 4637 4636 6112 6111
f 3913 4637 6111 5749
f 5450 4994 115 114
f 1006 6449 6436 1007
f 2818 5747 6620 2819
f 6170 3990 3993 270
f 5454 5753 133 132
f 1027 6621 6437 1028
f 2308 140 5691 2310
f 2308 5756 141 140
f 1045 1044 6622 6623
f 433 6624 4348 434
f 6623 6622 4348 6624
f 1045 6623 6624 433
f 6173 4002 4005 6085
f 4716 5162 6496 6403
f 1064 5489 165 164
f 5164 5163 4365 6469
f 3954 6150 4017 4016
f 4724 6404 4981 1437
f 4484 4483 6625 2751
f 5166 6472 6625 4483
f 6626 2751 6625 6472
f 5767 225 228 2959
f 5768 1956 230 229
f 4726 1454 4081 5933
f 5770 261 264 5402
f 5351 1465 4996 6406
f 2109 338 6548 6627
f 5355 5785 6628 6434
f 5939 6507 6629 3298
f 6407 6630 554 6408
f 4856 6358 554 6630
f 4857 4856 6630 6407
f 6410 5000 5003 6411
f 5356 5004 5000 6410
f 3893 3895 555 6487
f 6412 532 1967 4035
f 1115 4665 6631 1116
f 6632 1873 1874 2817
f 6229 6493 1873 6632
f 2403 4679 6450 5191
f 5783 6462 6110 4990
f 4899 424 6110 6462
f 5948 4113 4109 5949
f 6233 243 1516 6420
f 2894 5197 6633 2895
f 5362 331 334 3001
f 5201 5200 6453 1087
f 5399 6634 5027 1526
f 5523 6635 6123 4747
f 3938 3941 6123 6635
f 5205 5204 1597 1097
f 4757 5525 6513 6427
f 4737 6180 4608 4738
f 4759 1534 5034 6428
f 5210 5209 3949 1107
f 5371 5800 376 375
f 6241 5808 2537 3538
f 5375 397 400 1450
f 1202 1201 6127 6474
f 5809 411 414 5810
f 6433 6432 4077 4076
f 4036 5816 5044 4703
f 6636 2048 2047 4925
f 6636 6156 5883 2048
f 2456 5062 6161 4706
f 1218 1217 6458 6480
f 1230 1229 6459 6637
f 1232 6638 6639 1233
f 5477 5103 430 429
f 6219 528 6135 6485
f 2946 6640 6641 2947
f 6436 4667 3762 6336
f 65 5502 5580 1244
f 5821 541 445 444
f 6437 5049 5051 6338
f 1256 5824 1921 1257
f 5826 5825 449 448
f 5827 6435 4341 453
f 2225 5827 453 452
f 5517 5452 33 4600
f 4792 6441 6642 5217
f 6443 5212 6463 6204
f 1266 3453 5595 1267
f 5831 578 577 1070
f 2890 486 489 5832
f 6445 4118 4121 6446
f 4725 4122 4118 6445
f 3570 3572 6466 5460
f 6643 6467 6466 3572
f 5393 5835 491 490
f 5524 6256 5058 1638
f 778 6644 497 779
f 2613 494 497 6644
f 2614 2613 6644 778
f 1305 5568 514 513
f 2955 2187 6645 5851
f 5541 6518 647 646
f 6258 650 647 6518
f 4817 6447 4186 1650
f 5232 1404 4495 5233
f 5441 533 536 3084
f 6628 5073 4960 4959
f 5446 1671 5077 6646
f 479 6521 2626 1683
f 6522 6193 2626 6521
f 2983 6647 6648 2984
f 1372 6504 6483 1373
f 5218 1622 4212 6220
f 6649 1156 1155 5194
f 6650 6651 4454 3696
f 6649 6650 3696 1156
f 5194 1155 4454 6651
f 6649 5194 6651 6650
f 5423 1634 4214 6449
f 1697 4746 6594 1131
f 4748 6652 6594 4746
f 4811 4810 3991 3990
f 2950 618 621 5579
f 211 6524 6653 6451
f 5363 6597 4764 5364
f 5363 3394 6058 6597
f 1400 1399 6542 5254
f 1399 1402 6547 6542
f 5503 5857 631 630
f 4815 5230 6494 6230
f 223 6526 2073 2996
f 5560 638 641 5130
f 1415 2579 5591 733
f 5860 642 645 2154
f 1422 6510 6654 1423
f 3446 646 649 5490
f 6208 6655 771 770
f 4977 774 771 6655
f 5866 5600 956 6656
f 5867 5866 6656 6657
f 5429 672 675 5868
f 5474 6658 5093 1710
f 5870 2176 677 676
f 5572 6286 6659 1721
f 5117 1722 3950 5873
f 1721 6659 3950 1722
f 6286 5873 3950 6659
f 5872 2182 2181 4980
f 610 6088 4691 4690
f 6089 6660 4691 6088
f 2957 2956 6661 6662
f 5264 5266 6500 5184
f 4854 1748 5105 6457
f 6516 6663 5107 4736
f 5267 1386 6501 5268
f 3022 3021 6664 6665
f 5878 3166 717 716
f 5271 6538 2099 2098
f 4654 2100 2099 6538
f 2379 831 2110 3220
f 1479 1478 6666 4272
f 4272 6666 6667 6218
f 1478 1481 6667 6666
f 5577 855 858 6668
f 5991 6541 6669 3435
f 3435 6669 6506 5661
f 1489 1488 6508 6569
f 2392 6550 6606 869
f 6463 4215 3911 6202
f 5890 784 787 5891
f 4877 6464 5119 1802
f 1513 5637 5636 1514
f 5462 796 799 5893
f 2423 6530 5456 914
f 5523 5284 6670 6635
f 2236 6671 6670 5284
f 6672 6635 6670 6671
f 925 6673 6674 926
f 5610 6675 6674 6673
f 5611 5610 6673 925
f 4886 5286 6578 6471
f 4888 1823 4314 6039
f 6645 6676 5122 5121
f 5897 2246 820 819
f 5471 5898 826 825
f 5902 2249 837 836
f 5649 6677 6678 5650
f 5030 5032 6678 6677
f 2678 851 854 5142
f 3532 5529 856 855
f 5272 6474 4325 4324
f 1538 5904 6679 1539
f 5905 1494 6679 5904
f 4697 5539 862 861
f 5487 6480 6680 5664
f 465 960 963 6567
f 4207 6485 4741 91
f 1564 1563 6582 5275
f 484 966 969 6571
f 5279 6487 1143 5280
f 5911 3238 897 896
f 6488 5892 5354 6489
f 5628 984 906 905
f 1571 6681 6682 1572
f 6683 6684 6685 5370
f 6686 5478 6484 6687
f 6683 6686 6687 6684
f 6683 5370 5478 6686
f 1575 5290 6688 1576
f 6491 5895 6689 6492
f 2779 2778 3248 6493
f 5631 5912 917 916
f 5016 6690 6691 5017
f 5016 5067 5066 6690
f 6690 5066 6692 6691
f 2482 6693 3835 2483
f 2482 5662 4902 6693
f 3117 6254 6694 3118
f 1137 5913 928 1138
f 3557 925 928 5913
f 1580 929 932 5663
f 4889 4275 4278 6053
f 4914 6495 6695 5298
f 3124 5431 6621 1027
f 4923 5921 5 6497
f 1619 5676 5678 1620
f 1624 5690 6529 1625
f 1627 5300 6592 1628
f 1631 4515 6531 254
f 5304 1314 1313 34
f 6696 6697 6698 6699
f 3582 6696 6699 1552
f 3582 3581 6697 6696
f 1552 6699 6698 5906
f 5310 6700 5149 1913
f 3585 5927 985 984
f 6355 5931 4070 4860
f 5313 1930 4367 6519
f 2541 1207 2364 6565
f 5932 3286 1002 1001
f 6503 4376 4379 6504
f 5934 1012 261 5770
f 1663 5321 74 1664
f 5498 1022 1025 1831
f 1675 1674 2380 6701
f 6508 6412 4035 4830
f 6702 1506 1505 4554
f 6702 2274 2276 1506
f 6702 4554 2277 2274
f 1689 1688 6602 5695
f 4926 1878 4160 4159
f 4961 4386 4389 6524
f 3173 6703 1839 1411
f 5672 6586 6303 5216
f 6371 3816 5165 6509
f 685 6588 210 209
f 5946 3149 2410 2409
f 6375 6591 4813 6510
f 6598 6267 3922 4765
f 6598 5741 5565 6267
f 5329 5328 6554 6704
f 4954 6512 110 5330
f 5571 1073 1076 3648
f 5331 6535 4408 1996
f 5334 425 428 1657
f 3460 6271 5607 5606
f 4230 4231 122 118
f 5526 1078 1081 5954
f 4964 2003 4419 6514
f 5336 6599 6278 5199
f 5686 5201 1087 1086
f 6705 6481 5908 3355
f 6706 3354 1093 1092
f 6705 6706 1092 6481
f 6705 3355 3354 6706
f 5957 5956 2060 1766
f 5341 6707 6562 5342
f 5688 5205 1097 1096
f 4901 5210 1107 1106
f 5573 2011 5179 6708
f 4904 6708 5179 4905
f 6680 5109 5111 5180
f 3151 3150 6709 5941
f 4908 6287 4431 4430
f 3219 3218 6710 6711
f 6712 6636 4925 5113
f 6712 3605 6156 6636
f 6520 6318 4441 4440
f 5348 5347 3963 6601
f 3228 1230 6637 5919
f 3245 3244 233 5349
f 1769 152 155 4618
f 6523 6327 6575 5333
f 1774 512 6576 4623
f 6525 5202 5203 6526
f 5970 1173 1176 5634
f 4983 6527 4456 2065
f 1786 1177 98 5729
f 5561 1179 1182 5971
f 6529 4935 5211 6530
f 6531 4895 5212 6443
f 699 6593 222 221
f 4818 1187 1190 5973
f 4998 5353 304 6534
f 6208 5739 6713 6655
f 5738 6596 6713 5739
f 6378 6655 6713 6596
f 3198 5977 1204 1203
f 1418 2028 4406 6119
f 2888 4938 6310 5227
f 3711 5648 6714 5347
f 4820 5653 6715 5995
f 915 5458 285 1828
f 6092 48 6716 2327
f 2327 6716 6717 5789
f 48 4322 6717 6716
f 5350 6356 4859 2054
f 3288 3287 339 5365
f 6152 384 347 6153
f 5368 5367 6583 6718
f 5627 3428 1260 1259
f 5369 1361 1364 6610
f 6610 1364 308 6612
f 3027 5370 6685 5598
f 5373 5372 6719 6613
f 6613 6719 6720 6615
f 5018 6721 6722 3736
f 5018 5017 6691 6721
f 6721 6691 6723 6722
f 1491 5996 6724 1492
f 3740 6725 6724 5996
f 6548 1492 6724 6725
f 1838 1837 225 5767
f 6549 5221 5224 6550
f 1840 5953 6726 1841
f 1867 5773 273 1320
f 5885 3973 4460 6553
f 4398 4461 4295 4294
f 6222 3977 5231 6555
f 550 6727 725 724
f 6557 6556 5235 5234
f 6557 5234 5239 6379
f 1889 6728 2605 1884
f 6010 1346 1349 3462
f 6729 6632 2817 2815
f 1037 6729 2815 1038
f 1037 6229 6632 6729
f 5386 6581 4531 2144
f 5759 5867 6657 149
f 3775 5687 1362 1361
f 6016 5870 676 157
f 5021 6565 4903 5022
f 5388 2167 5252 6730
f 6731 187 186 6122
f 6731 5264 5184 187
f 6731 6122 5265 5264
f 5766 190 1386 5267
f 5797 6732 6733 6149
f 5797 3877 3876 6732
f 6732 3876 6734 6733
f 6568 6567 4488 4487
f 5621 1397 1400 3489
f 6021 6020 2227 1406
f 4870 6021 1406 1405
f 1937 1455 2542 6608
f 5395 781 780 4374
f 1328 6609 4197 2091
f 6398 6570 4197 6609
f 6572 6571 5486 5381
f 1951 1950 6634 5399
f 3378 3377 6735 6736
f 6737 6738 2502 5004
f 2762 6737 5004 2763
f 2762 6739 6738 6737
f 6575 6320 4205 4946
f 6576 1489 6569 6740
f 5402 264 6390 5297
f 5403 6741 824 823
f 1116 6631 6370 1968
f 3407 5010 6374 3408
f 3333 6099 5637 1513
f 5645 6579 601 6031
f 5051 4512 4515 1631
f 6035 1445 1448 6036
f 2552 3934 6742 6743
f 5084 2232 5270 6580
f 2239 5014 6671 2236
f 5416 5415 144 2030
f 3342 5820 440 1453
f 5651 6038 1457 1456
f 6744 6745 13 1460
f 6744 5396 6746 6745
f 3712 2732 6747 6748
f 5756 5258 1466 141
f 6040 5715 25 1468
f 5789 6717 6749 5788
f 5788 6749 6677 5649
f 6717 5030 6677 6749
f 5791 330 1487 1535
f 3790 1491 1494 5905
f 5794 352 1497 1540
f 2021 2020 6750 5997
f 3432 3431 680 5434
f 2826 6044 2908 2827
f 6720 1562 1564 5274
f 5064 4382 4383 2204
f 6723 6486 5279 5277
f 5930 6584 4558 4071
f 5810 414 6751 5881
f 6432 6585 5283 4077
f 5812 6049 1519 416
f 2048 5883 2640 2051
f 5439 1990 94 5440
f 5294 5291 6752 6490
f 4987 420 6752 5291
f 419 6490 6752 420
f 2057 2056 533 5441
f 5096 6587 6753 5442
f 6587 964 965 6753
f 3396 1521 1524 6052
f 6434 6628 4959 6588
f 1233 6639 1582 1581
f 5100 5446 6646 6589
f 5090 4579 4582 6591
f 5420 5419 6754 6593
f 6755 5849 559 1529
f 5613 6755 1529 438
f 5613 2557 5849 6755
f 4936 6064 2356 6054
f 5108 5447 752 6595
f 5238 769 4287 6372
f 2071 6756 697 1632
f 1591 5053 6391 5301
f 3910 5450 114 5422
f 5452 5304 34 33
f 4006 5454 132 6067
f 6063 2037 160 5760
f 5837 505 1570 6064
f 71 3479 6757 72
f 5469 2351 5296 83
f 5125 6612 4642 4641
f 6758 5864 202 201
f 2333 6758 201 2334
f 2333 2337 5864 6758
f 4556 979 4376 6503
f 5204 6067 1598 1597
f 2095 2094 6658 5474
f 6071 1609 1612 6072
f 6071 2753 1613 1609
f 5842 5769 249 542
f 6605 1774 4623 4622
f 2110 2109 6627 6759
f 4958 5771 265 1635
f 6760 6603 713 4783
f 5847 6760 4783 6761
f 6761 4783 713 712
f 2115 5878 716 2116
f 6194 5226 6762 2629
f 2629 6762 4842 6401
f 5226 4839 4842 6762
f 6606 4663 1115 1114
f 5754 139 5311 2398
f 5857 5329 6704 631
f 6083 1653 1656 6084
f 5485 5484 2448 2089
f 5858 5334 1657 635
f 6747 4230 118 6763
f 6764 5319 1663 1662
f 3132 6764 1662 1666
f 3132 3131 5319 6764
f 5489 2416 4687 165
f 2152 6087 1677 1676
f 5490 649 6707 5341
f 5716 42 1682 2319
f 1267 5595 4659 2159
f 5137 5135 2485 5730
f 5731 6608 5020 6095
f 4619 6520 4440 1113
f 2187 2186 6676 6645
f 2956 1759 1760 6661
f 6616 6615 4646 4645
f 6663 4262 4264 5107
f 4624 6740 5037 1120
f 2191 2190 6765 5481
f 3081 6094 403 1702
f 280 279 6766 6617
f 5685 6523 5333 5332
f 5145 6618 1018 5497
f 3507 1705 1708 6096
f 6097 751 1173 5970
f 5158 6619 1042 5499
f 6102 1713 1716 6103
f 2206 5911 896 1735
f 5747 6115 1063 6620
f 6116 5821 444 2170
f 6621 5346 5049 6437
f 4112 4111 5944 6767
f 6118 5826 448 2177
f 4051 5517 4600 2185
f 5891 787 1825 1824
f 3530 6120 1754 1753
f 5522 2263 1269 1268
f 5464 346 6768 6121
f 6121 6768 1827 1826
f 3933 1278 1277 6769
f 3941 3940 6770 6123
f 6289 6124 6771 5293
f 6123 6770 6771 6124
f 3940 5293 6771 6770
f 5257 5527 3060 6339
f 3004 1949 2901 6772
f 5529 5368 6718 856
f 3613 5537 1102 3614
f 5539 5538 2583 862
f 5259 2829 2830 6352
f 1444 1443 1796 5261
f 5261 1796 1798 6128
f 2259 2258 6700 5310
f 2264 1805 1808 6130
f 1557 5929 5931 6355
f 5785 2495 5073 6628
f 5377 2554 6773 6132
f 2553 4259 6773 2554
f 3298 6629 6774 457
f 457 6774 5078 462
f 6629 6344 5078 6774
f 1563 2271 6433 6582
f 2272 5932 1001 2273
f 6487 555 558 1143
f 4154 6142 748 5542
f 3560 6137 1821 1820
f 4091 1824 567 5850
f 4665 4710 4712 6631
f 6489 5354 1868 390
f 2286 5950 6775 2287
f 1481 590 593 6667
f 4102 1826 597 5852
f 6493 3248 1875 1873
f 2296 6776 6728 1889
f 588 1830 1833 6141
f 5196 2581 1415 1414
f 5559 2251 638 5560
f 5197 2590 4758 6633
f 5923 946 3121 6142
f 5838 3786 1834 507
f 5568 2600 4769 514
f 3928 3929 6777 6273
f 3928 2015 2014 3929
f 3929 2014 2953 6777
f 2336 6276 5862 2337
f 5763 6146 6778 2344
f 6145 6779 6778 6146
f 2345 2344 6778 6779
f 3263 1848 1851 6148
f 5207 6780 1073 5571
f 5207 5208 6454 6780
f 3271 5395 4374 974
f 5927 5876 686 985
f 5072 5877 700 6167
f 3423 5847 6761 5827
f 5827 6761 712 6435
f 2362 5573 6708 2363
f 2364 2363 6708 4904
f 6480 6458 5109 6680
f 6637 6459 6781 5556
f 6782 1892 728 6783
f 6638 6782 6783 6639
f 3305 433 6624 3303
f 1965 5378 6784 436
f 3303 6624 6784 5378
f 433 436 6784 6624
f 6785 1901 736 6786
f 6640 6785 6786 6641
f 5578 5577 6668 250
f 5579 621 4791 2642
f 3635 1903 1906 6162
f 5856 629 1908 6163
f 5582 5581 922 266
f 1572 6682 1232 1231
f 5944 3845 3844 6787
f 6788 6649 1156 1917
f 6299 6788 1917 1916
f 6298 1153 1156 6649
f 6299 6298 6649 6788
f 5824 6166 1922 1921
f 5912 6167 1925 917
f 6168 2657 5394 6789
f 3314 6168 6789 5163
f 3118 6694 2946 1987
f 2406 6171 1304 2407
f 5217 6642 4751 2570
f 754 6172 1946 1945
f 3713 3712 6748 5168
f 5832 489 1951 3853
f 5835 2594 1961 491
f 6309 6790 6791 6235
f 1226 6792 6791 6790
f 5612 322 6675 5610
f 5851 6645 5121 2632
f 707 706 4273 3500
f 6182 6186 1973 1969
f 1910 5903 6793 5146
f 5146 6793 4774 4773
f 6794 1244 5580 2684
f 6795 2683 1976 1975
f 6794 6795 1975 1244
f 6794 2684 2683 6795
f 3150 655 2032 6709
f 5616 5260 6353 6796
f 5617 5616 6796 6797
f 6797 6796 6353 3233
f 5240 6315 1387 5618
f 2447 2446 2948 6188
f 5964 1148 1990 5439
f 3753 6140 277 3754
f 5622 2412 2719 5623
f 6195 1999 889 6196
f 2465 5627 1259 2466
f 770 773 1051 4837
f 6197 6798 901 6198
f 605 608 901 6798
f 5629 5628 905 404
f 3697 6201 2005 2004
f 2473 6007 6681 1571
f 5630 6417 2740 1750
f 3388 5630 1750 5359
f 6524 4389 5421 6653
f 5632 5631 916 426
f 6526 5203 2074 2073
f 5634 1176 4478 5635
f 6799 795 5428 5427
f 6799 5427 3124 2244
f 2497 6800 3050 2498
f 2503 1405 1408 2504
f 6530 5211 2315 5456
f 6510 4813 4816 6654
f 5976 1199 2037 6063
f 6801 6772 5436 5435
f 5868 675 2044 2668
f 5978 1216 2053 6209
f 5648 5470 6470 6714
f 5653 5652 1110 6715
f 2531 2530 1346 6010
f 6662 6661 5444 5443
f 5956 5426 2061 2060
f 2532 2093 3005 6802
f 6665 6664 6803 6200
f 2536 2535 1482 5657
f 6213 5928 987 2068
f 2543 5388 6730 2544
f 4260 5635 1012 5934
f 3220 2110 6759 6804
f 6805 6806 2820 5385
f 6805 5642 6807 6806
f 5663 932 4876 2770
f 6550 5224 4663 6606
f 1841 6726 6488 2127
f 6808 5465 5468 6776
f 1024 3848 6809 6227
f 6227 6809 3179 3178
f 3848 2302 3179 6809
f 6002 5485 2089 1308
f 5679 2801 5472 950
f 6810 1334 1338 6811
f 6810 3047 3048 1334
f 6810 6811 3049 3047
f 5893 799 2095 4008
f 6697 2814 4897 6698
f 3581 2816 2814 6697
f 3455 5233 2845 5683
f 4015 2098 2096 3341
f 5898 2717 2107 826
f 5687 5686 1086 1362
f 3866 3865 521 6189
f 4360 5688 1096 6246
f 5535 2736 4857 6409
f 6565 2364 4904 4903
f 5664 6680 5180 2772
f 6238 5959 1117 2129
f 5907 5906 3807 6566
f 3876 3879 4564 6734
f 6239 2566 1123 5962
f 6567 963 5483 4488
f 3492 5255 6479 5692
f 6242 2568 1139 5963
f 6571 969 2198 5486
f 1955 1954 6812 5696
f 5696 6812 1660 1659
f 1954 24 1660 6812
f 2635 2634 1587 6244
f 5697 6813 6814 5698
f 6813 2387 3228 6814
f 5892 4866 4868 5354
f 6681 6815 6816 6682
f 5701 1765 1768 2584
f 5290 5702 1605 6688
f 5372 6246 6817 6719
f 6719 6817 1562 6720
f 5895 5491 5494 6689
f 6691 6692 6486 6723
f 5703 2852 4924 6818
f 3506 5703 6818 5256
f 6254 6253 6819 6694
f 3828 6247 2161 2160
f 5704 1770 1773 2595
f 2649 5705 1626 2650
f 5298 6695 4882 1083
f 6025 6116 2170 1426
f 5431 5495 5346 6621
f 3847 5604 6491 2218
f 3315 6820 2221 2220
f 3509 6118 2177 2176
f 5921 2796 6 5
f 5690 4934 4935 6529
f 3934 3933 6769 6742
f 4347 5693 5376 2616
f 6821 783 782 2883
f 6821 2428 2427 783
f 6821 2883 2882 2428
f 6745 2245 14 13
f 6745 6746 1623 2245
f 5715 5714 26 25
f 3955 3272 6822 6823
f 2680 50 53 5717
f 2687 2207 2210 6259
f 2020 2261 3151 6750
f 5722 66 69 5723
f 5321 5724 75 74
f 1586 4652 5507 5299
f 6260 2214 1252 5980
f 6807 5509 5512 3687
f 2692 6065 1574 2216
f 6701 2380 3221 5513
f 2693 5469 83 82
f 2694 6262 2241 2240
f 4554 4556 6503 2277
f 6360 6824 6825 6522
f 1046 1049 6825 6824
f 6263 1514 5636 3069
f 6263 2281 2280 1514
f 3377 1672 1675 6735
f 6703 5713 1840 1839
f 3385 6826 3170 2290
f 5729 98 101 2932
f 6588 4959 4961 210
f 3561 5501 2247 2246
f 6591 4582 4814 4813
f 6593 6754 6525 222
f 3564 6266 1318 2249
f 6056 1537 2251 5559
f 5330 110 113 1240
f 6061 1542 2257 6269
f 5954 1081 2259 4130
f 2330 5570 126 125
f 6533 129 126 5570
f 2718 136 139 5754
f 5415 4953 145 144
f 2723 2269 1653 6083
f 5757 5759 149 148
f 6281 6016 157 156
f 2732 2731 4230 6747
f 5760 160 163 5615
f 5941 6709 5545 5544
f 2739 2738 6827 6828
f 3365 5764 173 1378
f 4976 170 173 5764
f 5765 180 183 1920
f 3260 188 190 5766
f 5293 5292 4732 4731
f 1133 1136 4732 5292
f 6711 6710 5549 5548
f 4026 4025 6829 6301
f 5919 6637 5556 5555
f 5349 233 236 6292
f 6306 6830 242 241
f 6306 6305 6831 6830
f 1389 2318 2321 6293
f 5769 5578 250 249
f 6076 1292 6832 2370
f 2370 6832 6540 2969
f 1292 1294 6540 6832
f 2766 6833 6739 2762
f 4623 6576 6740 4624
f 5771 5582 266 265
f 2493 4168 2328 1170
f 5303 2389 1317 1314
f 5303 5306 6549 2389
f 5881 6751 171 170
f 5459 174 171 6751
f 5773 2982 274 273
f 6834 1031 1030 5755
f 6835 6836 6837 6838
f 6834 6835 6838 1031
f 6834 5755 6836 6835
f 5971 1182 2347 4172
f 2797 290 6839 2798
f 3637 291 294 5779
f 6054 2356 1440 6028
f 3324 6029 6840 3325
f 6304 6841 6840 6029
f 1744 3325 6840 6841
f 6416 1751 2741 6100
f 6416 3333 3332 1751
f 6416 6100 6099 3333
f 5353 2945 305 304
f 5977 4178 2362 1204
f 6307 1223 6842 6308
f 6308 6842 6790 6309
f 1223 1226 6790 6842
f 5458 1420 286 285
f 6312 6041 324 323
f 6843 6561 1471 1470
f 6422 6843 1470 5479
f 6422 6421 6561 6843
f 3468 3361 3362 6844
f 5790 327 330 5791
f 5365 339 342 5792
f 6313 6845 3229 5894
f 6313 5617 6797 6845
f 6845 6797 3233 3229
f 6153 347 350 5793
f 5793 350 352 5794
f 4023 2393 2396 6314
f 4085 2018 2021 5775
f 6570 6846 5585 4197
f 6846 2135 5588 5585
f 2824 353 356 5795
f 6612 308 311 4642
f 6316 2401 2404 3366
f 2186 466 6568 6676
f 6331 363 366 6847
f 6006 6331 6847 6815
f 5799 2029 368 367
f 3659 2409 2412 5622
f 6615 6720 5274 4646
f 3736 6722 6848 3014
f 3014 6848 5277 3015
f 6722 6723 5277 6848
f 2189 379 382 5473
f 5473 382 384 6152
f 2190 485 6572 6765
f 2837 6321 386 385
f 5802 2033 394 393
f 5953 5596 5597 6726
f 6094 5629 404 403
f 4578 5812 416 415
f 3680 5632 426 425
f 410 409 6849 3384
f 3512 6850 6800 2497
f 6851 1342 1717 2383
f 6851 357 360 1342
f 6851 2383 361 357
f 6107 1728 364 363
f 6727 4519 2070 725
f 5820 3044 441 440
f 6113 1740 2432 6333
f 2128 6489 390 389
f 5396 5047 5048 6746
f 6728 5008 3407 2605
f 2219 6492 6756 2071
f 5484 415 418 2448
f 6343 6341 1355 1360
f 6348 2451 2454 6349
f 6348 3419 2455 2451
f 5836 502 505 5837
f 2896 5838 507 506
f 6149 6733 5015 6325
f 6733 6734 5016 5015
f 6852 3597 2482 2481
f 5135 6852 2481 2485
f 5135 6093 3597 6852
f 4075 6357 2488 2487
f 6608 2542 5021 5020
f 2899 5839 6853 2900
f 2901 2900 6853 5772
f 5381 5486 5025 5024
f 6736 6735 6854 5818
f 6738 5643 2503 2502
f 6739 5644 5643 6738
f 6740 6569 4829 5037
f 6362 2506 2509 6363
f 4574 5842 542 541
f 6836 1501 1500 6837
f 6836 2444 3094 1501
f 2563 6365 6855 2564
f 6133 6856 6855 6365
f 5285 2564 6855 6856
f 5849 3097 560 559
f 5081 6346 1640 6157
f 2878 1637 1640 6346
f 2935 6368 2521 2520
f 5850 567 570 5671
f 6193 6857 5226 6194
f 4955 4957 5226 6857
f 6631 4712 3813 6370
f 5405 586 589 1566
f 3515 6858 1719 1718
f 2287 6775 6858 3515
f 5852 597 600 5853
f 5010 5089 5090 6374
f 6031 601 604 3110
f 6103 1716 2534 5638
f 5536 3156 3159 6859
f 3113 615 612 3114
f 6376 6860 6861 6377
f 6743 6742 6861 6860
f 5500 5069 623 622
f 2951 626 629 5856
f 6038 4310 2543 1457
f 5859 5858 635 634
f 6767 5944 6787 3459
f 6748 6747 6763 5841
f 6047 6828 5659 4334
f 6382 660 663 3470
f 5997 6750 5940 5998
f 6151 1860 2566 6239
f 5434 680 683 5871
f 6154 1866 2568 6242
f 1681 2569 2572 6383
f 5876 5694 687 686
f 5877 5700 701 700
f 3616 2639 3422 6862
f 5538 5701 2584 2583
f 6863 3499 5567 5566
f 6863 707 3500 3499
f 6458 805 5110 5109
f 2260 652 655 3150
f 6160 5704 2595 1880
f 5442 6753 5684 3168
f 6753 965 5685 5684
f 4158 6389 2598 2597
f 6390 2601 2598 6389
f 6459 818 6605 6781
f 6052 1524 2608 3092
f 6783 728 731 2654
f 6639 6783 2654 1582
f 58 59 6864 2652
f 1894 2652 6864 1895
f 5419 3136 5083 6754
f 6786 736 739 2658
f 6641 6786 2658 1602
f 5542 748 751 6097
f 5447 1687 753 752
f 3832 3831 4342 5676
f 4218 6865 3569 3568
f 6756 6866 698 697
f 4592 778 776 5888
f 2305 2304 2022 5558
f 2997 792 795 6799
f 2997 6799 2244 1056
f 4020 5894 3229 6760
f 6760 3229 3232 6603
f 2999 800 803 6395
f 72 6757 36 35
f 3650 2675 3469 6867
f 6235 6791 46 6091
f 6792 43 46 6791
f 6396 810 807 3536
f 6397 4372 2649 2648
f 4689 813 816 5896
f 3863 823 66 5722
f 3005 3004 6772 6801
f 3007 5901 833 832
f 3071 3070 6868 6869
f 4273 4616 6425 3611
f 6072 1612 2660 3146
f 5903 5726 6611 6793
f 6793 6611 5125 4774
f 3873 5727 6614 5407
f 5407 6614 6616 5409
f 6759 6627 5709 5711
f 6648 5414 5713 6703
f 3030 6870 1815 1813
f 3034 880 6870 3030
f 6196 889 814 813
f 4282 888 1429 4283
f 6198 901 903 6402
f 3709 4472 3511 2712
f 5581 861 864 922
f 6494 4801 3974 6221
f 6763 118 121 5390
f 5915 933 936 5916
f 5915 2293 937 933
f 3049 6808 6776 2296
f 6087 4421 2693 1677
f 6405 6871 940 939
f 6405 6237 6439 6871
f 5922 943 946 5923
f 6207 6281 156 2034
f 3055 5679 950 949
f 3056 6403 2696 2695
f 6095 5020 5023 3209
f 6872 1812 3782 957
f 5600 6872 957 956
f 5600 1814 1812 6872
f 6661 1760 2748 5444
f 6129 1804 2704 6404
f 5481 6765 5380 3241
f 5928 5768 229 987
f 6186 939 942 1973
f 3732 6476 6833 2766
f 3088 5933 1009 1008
f 3090 953 955 6873
f 5497 1018 1021 3212
f 1862 6406 2715 2714
f 6096 1708 2718 4453
f 6218 6667 6874 5935
f 5935 6874 6875 5936
f 6667 593 6875 6874
f 5499 1042 1045 3300
f 3300 1045 433 3305
f 5623 2719 2722 5728
f 1871 6411 2734 2733
f 3106 3105 6813 5697
f 3105 2386 2387 6813
f 6574 5152 1060 1059
f 6574 6024 5153 5152
f 6115 3309 1064 1063
f 6413 2086 6841 6304
f 1741 1744 6841 2086
f 6120 5134 2744 1754
f 2871 5831 1070 1069
f 5425 6876 1938 2749
f 5425 5138 5141 6876
f 4721 6128 6877 3328
f 3328 6877 1942 3329
f 6128 1940 1942 6877
f 4484 2751 1952 3856
f 1276 5952 6878 1277
f 5951 6879 6878 5952
f 6769 1277 6878 6879
f 4011 6312 323 2753
f 3779 6422 5479 3780
f 5787 3339 6880 1853
f 3341 2096 6880 3339
f 1856 1853 6880 2096
f 6236 2106 327 5790
f 6772 2901 5772 5436
f 4373 1082 1085 5955
f 5650 6678 6881 2730
f 2730 6881 3860 3356
f 6678 3858 3860 6881
f 5537 5958 1103 1102
f 5652 5799 367 1110
f 4329 6427 2789 2788
f 1962 6428 2794 2793
f 6882 6883 2278 6283
f 6882 6182 1969 6883
f 6882 6283 6183 6182
f 6883 1969 1972 2278
f 5959 5802 393 1117
f 3154 6429 2803 2802
f 6430 2806 2803 6429
f 6130 1808 2809 3280
f 5962 1123 1126 1197
f 6287 1127 1130 6288
f 1898 1895 6884 3176
f 6582 6433 4076 4864
f 5963 1139 1142 1214
f 6431 4567 3622 495
f 3810 2856 3622 4567
f 5658 1146 1148 5964
f 6806 3686 2821 2820
f 6806 6807 3687 3686
f 5950 5949 6885 6775
f 6682 6816 6638 1232
f 6689 5494 5417 6866
f 3170 1152 3689 2941
f 5914 4520 4519 6727
f 3172 1164 3708 2990
f 6886 2282 2285 4934
f 3838 6886 4934 3839
f 3838 6887 2282 6886
f 5720 5343 2012 3927
f 6776 5468 5008 6728
f 6141 1833 2824 4526
f 5557 6888 5206 3704
f 5557 5558 2022 6888
f 6888 2022 2025 5206
f 3184 1183 1186 5972
f 3193 2832 2835 6441
f 6777 2953 3713 5169
f 6178 3411 5804 6889
f 5496 6889 5804 2440
f 3196 1191 1194 5975
f 5975 1194 1196 2303
f 3197 6446 2842 2841
f 4771 1197 1199 5976
f 5683 2845 502 5836
f 6643 1208 1211 6467
f 3861 70 73 6890
f 4772 1214 1216 5978
f 6891 1546 1545 3578
f 6891 2332 2335 1546
f 6891 3578 2336 2332
f 3205 2532 6802 5966
f 402 6736 5818 5817
f 2043 1239 1242 6447
f 5980 1252 1188 1187
f 5556 6781 5188 5187
f 6892 5822 1256 1255
f 5512 5511 5822 6892
f 3221 3220 6804 5514
f 6522 6825 6857 6193
f 1049 4955 6857 6825
f 6162 1906 2887 6448
f 6448 2887 2889 852
f 4097 1268 1271 5992
f 6163 1908 2890 4584
f 5699 5995 1273 1272
f 6166 3382 2894 1922
f 6000 1279 1282 6001
f 6000 2560 1283 1279
f 6694 6819 6640 2946
f 6893 3388 5359 1936
f 6552 6893 1936 1935
f 6552 3389 3388 6893
f 6171 3443 1305 1304
f 4851 6002 1308 1307
f 6266 5859 634 1318
f 4116 5168 5840 4117
f 5168 6748 5841 5840
f 3767 1325 1327 6329
f 3252 6005 1330 1329
f 6279 2268 660 6382
f 6011 1350 1353 6012
f 4434 2931 673 672
f 706 4613 4616 4273
f 5714 1307 1310 26
f 6709 2032 2955 5545
f 3272 3013 3795 6822
f 2738 2957 6662 6827
f 3275 6018 1382 1381
f 6288 1130 6894 6089
f 6089 6894 2123 6660
f 1130 1986 2123 6894
f 6710 6873 5480 5549
f 5618 1387 1390 2081
f 3277 3020 3800 1379
f 2108 6457 2943 2942
f 6188 2948 2950 4626
f 4504 3803 3805 1395
f 5723 69 1404 5232
f 6140 5854 278 277
f 2075 6451 6895 3806
f 4708 4707 6846 6570
f 4707 2132 2135 6846
f 6201 6317 2405 2005
f 6007 6006 6815 6681
f 4899 6462 6896 4900
f 4804 6146 6896 6462
f 5763 4900 6896 6146
f 2775 6617 1392 1391
f 2924 6025 1426 1425
f 6800 6015 3847 3050
f 4530 3364 2514 6897
f 3916 6898 2517 3542
f 6897 2514 2517 6898
f 4530 6897 6898 3916
f 2798 6839 6820 3315
f 3433 2754 2757 5875
f 3323 1436 1439 6027
f 6028 1440 784 5890
f 3335 2958 2961 6464
f 3412 1449 1452 6037
f 6269 2257 642 5860
f 3938 6635 6899 3939
f 6672 3370 6899 6635
f 3369 3939 6899 3370
f 6311 2376 810 6396
f 5753 5897 819 133
f 3346 6471 1463 1462
f 7 6039 6900 4550
f 4551 4550 6900 5575
f 6802 3005 6801 6901
f 6041 5902 836 324
f 3358 6042 6902 3359
f 6043 6903 6902 6042
f 3362 3359 6902 6903
f 6626 6472 6904 6803
f 4245 6199 6904 6472
f 6200 6803 6904 6199
f 5657 1482 1485 2156
f 6431 6478 6905 4567
f 6479 6906 6905 6478
f 4568 4567 6905 6906
f 6804 6759 5711 5553
f 4025 3022 6665 6829
f 5642 5641 5509 6807
f 6484 429 432 2993
f 5281 6030 6824 6360
f 3327 1046 6824 6030
f 6726 5597 5892 6488
f 6907 6034 6144 6887
f 6908 6805 5385 1515
f 6830 6908 1515 242
f 6830 6831 6805 6908
f 5604 5603 5895 6491
f 3384 6849 6826 3385
f 6490 3337 3905 1134
f 3336 3116 3905 3337
f 3559 5611 925 3557
f 3392 3000 2506 6362
f 3392 6362 198 3395
f 4 3 6909 3997
f 2859 4001 6910 3625
f 6329 1327 3003 4682
f 3402 1525 1528 6495
f 6811 1338 2429 6911
f 6811 6911 6808 3049
f 6496 4685 3007 3006
f 3405 6055 1532 1531
f 3902 1535 1537 6056
f 5779 294 943 5922
f 6643 3572 1538 1208
f 4540 6497 3010 3009
f 3908 1540 1542 6061
f 6912 3582 1552 1551
f 6341 6912 1551 1355
f 6341 3584 3582 6912
f 6189 521 524 6190
f 112 1565 1568 6062
f 3420 2739 6828 6047
f 6065 3589 1575 1574
f 6734 4564 5067 5016
f 6020 3424 2225 2227
f 6913 1578 1580 3601
f 6913 6712 5113 1578
f 6913 3601 3605 6712
f 6244 1587 1590 6505
f 6505 1590 1592 3962
f 3073 1593 1596 6066
f 5698 6814 5917 3609
f 6814 3228 5919 5917
f 3422 3169 3967 6914
f 6915 358 362 5592
f 6916 5920 1041 1040
f 6915 6916 1040 358
f 6915 5592 5920 6916
f 6847 366 2299 6917
f 6815 6847 6917 6816
f 5702 2255 1606 1605
f 6511 3053 2312 6918
f 6253 6511 6918 6819
f 6247 4715 3055 2161
f 4583 1618 6919 3969
f 5705 3623 1627 1626
f 6820 6920 3117 2221
f 6921 6922 1646 1645
f 6921 4930 6388 6922
f 2947 6641 1602 1601
f 6377 6861 6879 5951
f 6742 6769 6879 6861
f 3447 1649 1652 6923
f 3447 6923 2810 1817
f 6746 5048 1624 1623
f 145 1428 3080 146
f 100 3083 3086 6512
f 3459 6787 6271 3460
f 4351 1659 1223 6307
f 5825 1635 1636 449
f 6515 6514 1669 1668
f 4318 6515 1668 2548
f 6823 6822 5574 5937
f 6924 1092 1095 3095
f 6925 6924 3095 2559
f 6925 6481 1092 6924
f 3469 3468 6844 6926
f 306 6090 1685 1684
f 5717 53 1689 3651
f 196 200 705 704
f 6259 2210 3106 4740
f 6750 3151 5941 5940
f 5724 2341 1694 75
f 4908 1699 1127 6287
f 6262 6397 2648 2241
f 248 247 741 740
f 6735 1675 6701 6854
f 5713 5712 5953 1840
f 6826 1149 1152 3170
f 6927 103 3460 6928
f 6927 6929 104 103
f 6928 3460 5606 5605
f 6927 6928 5605 6929
f 6754 5083 5202 6525
f 2984 6648 6703 3173
f 6930 4718 4719 5139
f 4846 6930 5139 4847
f 4846 1704 4718 6930
f 227 1709 1712 6527
f 3511 6931 6850 3512
f 6106 1725 1728 6107
f 2417 3145 1180 1179
f 5853 600 3149 5946
f 6112 1737 1740 6113
f 115 6335 2433 116
f 3527 6117 1746 1745
f 275 6534 3164 3163
f 6291 6901 5619 4782
f 6828 6827 5965 5659
f 4357 5957 1766 1765
f 3204 6122 186 185
f 6301 6829 5968 3671
f 5864 1733 203 202
f 4368 6354 1771 1770
f 192 4069 6932 193
f 4199 3222 3224 79
f 6292 236 1786 3722
f 6305 6553 5639 6831
f 6833 4985 5644 6739
f 6539 2665 2664 6212
f 6539 1368 3227 2665
f 5599 6684 3186 3185
f 5599 5598 6685 6684
f 3741 5709 6725 3740
f 6627 6548 6725 5709
f 333 1801 1804 6129
f 3021 1761 1764 6664
f 5306 2874 5221 6549
f 5755 2445 2444 6836
f 3549 3548 6933 6131
f 3548 2921 2922 6933
f 6330 4809 3198 2424
f 6934 2428 2882 2881
f 6934 6911 2429 2428
f 6934 2881 5646 6911
f 6132 2234 6856 6133
f 2233 5285 6856 2234
f 290 289 6935 6839
f 5612 6936 6937 322
f 5888 776 6937 6936
f 5784 5888 6936 5612
f 319 322 6937 776
f 2524 3211 3214 6556
f 6938 6343 1360 1358
f 6871 6938 1358 940
f 6871 6439 6343 6938
f 6561 4319 2547 1471
f 6562 6939 6903 6043
f 6844 3362 6903 6939
f 3597 3599 5662 2482
f 5792 342 1838 3791
f 442 6564 3236 3235
f 163 162 3236 6564
f 6314 2396 3245 3714
f 5775 2021 5997 5776
f 5795 356 1844 6147
f 6147 1844 1846 2954
f 522 3654 6940 523
f 5896 816 1860 6151
f 6676 6568 4487 5122
f 5800 2529 1861 376
f 5065 1863 1866 6154
f 6765 6572 5381 5380
f 6321 3799 1867 386
f 3070 3294 4085 6868
f 3611 6425 5984 3612
f 6766 5746 6007 2473
f 3617 3616 6862 6941
f 3618 6942 4152 3383
f 409 6555 6943 6849
f 566 565 4157 4156
f 6161 6160 1880 1879
f 4281 6838 1499 3311
f 6850 6013 6015 6800
f 695 6408 2930 692
f 3632 6944 2986 2985
f 4519 3834 3832 2070
f 6402 903 1864 1863
f 623 1703 1909 624
f 4722 3328 2857 6945
f 535 1912 1915 6164
f 6578 4853 3275 2545
f 6492 6689 6866 6756
f 4476 1920 1445 6035
f 2607 3279 3282 6579
f 3643 6169 1928 1927
f 2549 2552 6743 2742
f 459 461 3877 5797
f 553 5914 6727 550
f 561 6580 3284 3283
f 6349 2454 3288 3771
f 6876 6744 1460 1938
f 6876 5141 5396 6744
f 3856 1952 1955 3857
f 4481 6040 1468 1956
f 658 4239 6946 6584
f 670 3650 6867 2042
f 5839 6178 6889 6853
f 5772 6853 6889 5496
f 6583 1667 3313 2785
f 5818 6854 5706 5819
f 530 3657 78 531
f 723 722 86 1157
f 6363 2509 3323 4872
f 401 3378 6736 402
f 6647 5411 5414 6648
f 6368 4885 3342 2521
f 3677 1995 1998 6192
f 6775 6885 6947 6858
f 5936 6875 6741 5403
f 593 595 6741 6875
f 3684 6892 1255 2002
f 3687 5512 6892 3684
f 6590 6589 3352 3351
f 430 6590 3351 431
f 3689 5521 2983 2066
f 6652 6859 6948 6594
f 6594 6948 6949 4394
f 6859 3159 6949 6948
f 718 6595 2009 2008
f 5841 6763 5390 5389
f 4536 5416 2030 2029
f 4546 6207 2034 2033
f 5998 5940 5400 2963
f 6940 2625 3420 5806
f 6467 1211 2039 2088
f 3716 3478 4242 6950
f 777 6951 6952 3717
f 497 496 6952 6951
f 779 497 6951 777
f 3620 3717 6952 496
f 5871 683 2057 3943
f 6953 3386 2050 2049
f 6953 4252 3387 3386
f 6953 2049 4253 4252
f 666 4247 176 6585
f 848 4254 4255 849
f 6383 2572 3396 4909
f 5126 6212 2664 2663
f 3721 2064 1350 6011
f 6862 3422 6914 526
f 883 5449 6476 3732
f 6781 6605 4622 5188
f 3218 3090 6873 6710
f 59 6046 6954 6864
f 6456 6884 6954 6046
f 1895 6864 6954 6884
f 6350 6921 1645 3419
f 6350 4931 4930 6921
f 6865 6206 4284 3569
f 6866 5417 5420 698
f 1020 2080 2083 6226
f 6461 2088 2086 6413
f 6946 6823 5937 6068
f 898 6607 3426 3425
f 641 640 3426 6607
f 6395 803 3432 3918
f 6867 3469 6926 651
f 5973 1190 2106 6236
f 6955 4020 6760 6956
f 5845 6955 6956 5846
f 5845 4021 4020 6955
f 5846 6956 6760 5847
f 2745 2485 2486 4042
f 2747 5730 2485 2745
f 5901 4022 2115 833
f 6869 6868 5774 6217
f 854 853 2782 6426
f 1000 999 6080 6942
f 5409 6616 4645 3108
f 6663 6957 3498 4262
f 5737 3495 3498 6957
f 880 879 6082 6870
f 3806 6895 4274 3504
f 2722 2721 3456 1849
f 888 887 407 1429
f 4451 4997 563 4390
f 972 3461 3464 6618
f 4455 735 1704 4846
f 1054 6945 571 1052
f 3818 2143 2146 6245
f 6414 4041 2152 2151
f 3502 2154 1713 6102
f 2808 2155 2158 6619
f 4472 759 6931 3511
f 5992 1271 1725 6106
f 1003 6248 2165 2164
f 4636 3470 1737 6112
f 3843 6907 6887 3838
f 5916 936 2169 3981
f 2819 6620 3474 3473
f 6237 1344 4053 6439
f 1044 3488 3491 6622
f 6622 3491 3493 4348
f 2757 2759 5796 5874
f 6403 6496 3006 2696
f 6469 4365 3505 2974
f 3860 3859 6958 6255
f 6255 6958 6890 6256
f 3859 3861 6890 6958
f 6404 2704 3507 4981
f 4915 6473 696 4445
f 994 3669 4381 995
f 6476 4986 4985 6833
f 5933 4081 2206 1009
f 6873 955 2191 5480
f 866 6959 3522 867
f 866 870 720 6959
f 6406 4996 3527 2715
f 1094 6261 2230 2229
f 6507 2727 6960 6629
f 6629 6960 2876 6344
f 2727 2729 2876 6960
f 6411 5003 3530 2734
f 6417 6100 2741 2740
f 4679 3536 3534 6450
f 2895 6633 2253 2252
f 1200 6950 6125 1201
f 6036 1448 2263 5522
f 5955 1085 2264 4132
f 3416 3415 6961 6277
f 6277 6961 6779 6145
f 3415 2345 6779 6961
f 6278 2265 2268 6279
f 1087 6453 6962 1088
f 1088 6962 656 1090
f 6634 3546 3549 5027
f 5958 4134 2272 1103
f 1097 1597 1600 1098
f 1098 1600 664 1100
f 6427 6513 3087 2789
f 6428 5034 3560 2794
f 4560 3617 6941 990
f 6456 4141 6963 6884
f 4142 5945 6963 4141
f 3176 6884 6963 5945
f 1136 1135 6964 6516
f 3903 5734 6964 1135
f 5809 6290 6965 411
f 5160 5913 6965 6290
f 1137 411 6965 5913
f 6966 3906 197 196
f 6966 6967 5742 3906
f 6966 196 704 6967
f 6440 6138 6140 3753
f 4706 6161 1879 2293
f 4109 4112 6767 6968
f 5949 4109 6968 6885
f 6917 2299 1892 6782
f 6816 6917 6782 6638
f 3967 2378 3219 5666
f 1152 1151 5521 3689
f 6918 2312 1901 6785
f 6819 6918 6785 6640
f 3969 6919 6944 3632
f 1288 1287 4462 4461
f 1164 1163 4471 3708
f 6887 6144 2286 2282
f 3927 2012 2015 3928
f 1303 256 6969 4517
f 6049 6299 1916 1519
f 4969 6970 2339 2338
f 4972 5926 6970 4969
f 1257 1921 1924 3587
f 6971 6552 1935 1931
f 6922 6971 1931 1646
f 6922 6388 6552 6971
f 1261 6302 2349 2348
f 6303 2352 2349 6302
f 3997 6909 3172 3171
f 5972 1186 2355 2939
f 4001 4000 5720 6910
f 6441 2835 3608 6642
f 6446 4121 3613 2842
f 6256 6890 6972 5058
f 5058 6972 6384 5061
f 6890 73 6384 6972
f 6310 2373 2376 6311
f 1226 1225 6973 6792
f 1227 4940 6973 1225
f 5966 6802 6901 6291
f 6447 1242 3635 4186
f 1404 1403 3638 4495
f 3479 2358 2361 6757
f 5514 6804 5553 5552
f 1348 2397 2400 6315
f 6646 5077 3643 3642
f 5520 3319 5411 6647
f 6317 4204 2406 2405
f 4030 6974 877 4031
f 1484 4999 6975 6319
f 4999 3375 3376 6975
f 6066 1596 1999 6195
f 1423 6654 885 5005
f 4039 6322 2414 2413
f 4744 5952 6798 6197
f 1276 605 6798 5952
f 6001 1282 2418 2967
f 6929 2477 2478 104
f 6929 5605 2479 2477
f 6005 6330 2424 1330
f 6335 4542 2434 2433
f 1466 6339 2443 1467
f 6012 1353 2447 4233
f 6656 956 959 3023
f 6657 6656 3023 4027
f 4027 3023 959 3207
f 1474 3866 6189 1475
f 6658 3675 3677 5093
f 6822 3795 4551 5574
f 6827 6662 5443 5965
f 6018 4240 2465 1382
f 6353 6352 2467 2471
f 1379 3800 4557 1380
f 6829 6665 6200 5968
f 5184 6500 6101 5185
f 6457 5105 3697 2943
f 1386 1385 3039 6501
f 6354 6213 2068 1771
f 4069 3724 4492 6932
f 1395 3805 4561 1396
f 1502 4627 993 510
f 6451 6653 997 6895
f 4651 1251 4573 4572
f 2996 2073 1005 4997
f 6668 858 3710 3189
f 6541 4094 6976 6669
f 6669 6976 6977 6506
f 4094 4093 6977 6976
f 6969 6203 6206 6865
f 6617 6766 2473 1392
f 6015 5601 5604 3847
f 6839 6935 6920 6820
f 1607 6369 2527 2526
f 6027 1439 2531 4286
f 6464 2961 3721 5119
f 6037 1452 2536 4302
f 926 6674 3738 3737
f 6675 3217 3738 6674
f 6471 6578 2545 1463
f 6039 4314 6216 6900
f 5575 6900 6216 5981
f 6901 6801 5435 5619
f 5989 6869 6217 5990
f 5066 5068 3890 6692
f 1539 6679 6978 5036
f 1494 1493 6978 6679
f 1495 5036 6978 1493
f 4823 6238 2129 2560
f 1556 6566 3807 1553
f 1401 3811 4568 1402
f 5087 3770 3773 6979
f 5087 6979 5112 4932
f 1618 1617 5682 6919
f 6034 6033 5947 6144
f 6831 5639 5642 6805
f 4151 6980 2588 2587
f 4152 6332 6980 4151
f 1695 6386 2592 2591
f 6687 6484 2993 3776
f 6684 6687 3776 3186
f 6849 6943 1149 6826
f 1576 6688 3784 3783
f 4157 6337 4583 2645
f 3 6381 1161 6909
f 4165 6981 6907 3843
f 3626 3625 6982 6577
f 3625 6910 3923 6982
f 6495 1528 2610 6695
f 6911 5646 5465 6808
f 1964 2615 2612 4593
f 1584 1964 4593 1585
f 6055 3100 2617 1532
f 6497 5 8 3010
f 1628 6592 3357 3801
f 6533 6392 2620 129
f 6391 2622 2620 6392
f 6190 524 6240 4629
f 4729 4943 10 9
f 1680 783 2427 2426
f 6062 1568 2635 4353
f 6700 3112 3818 5149
f 4185 2641 40 39
f 6519 4367 3828 3119
f 6509 5165 6250 6974
f 3654 1550 2625 6940
f 6148 1851 2214 6260
f 1664 74 77 2655
f 1586 1585 4589 4652
f 6914 3967 5666 5665
f 6854 6701 5513 5706
f 3657 4199 79 78
f 1688 3852 3400 6602
f 6157 1640 6983 6158
f 6158 6983 3196 5974
f 1640 1642 3196 6983
f 6920 6009 6254 3117
f 6586 3345 2352 6303
f 3149 3148 3864 2410
f 4394 6949 3274 4396
f 3159 3161 3274 6949
f 6923 1652 2677 6984
f 6984 2677 2679 3566
f 6923 6984 3566 2810
f 6084 1656 2680 4401
f 6704 6554 2682 2681
f 6512 3086 111 110
f 6787 3844 4407 6271
f 6535 2685 2687 4408
f 1657 428 3872 1658
f 6514 4419 2692 1669
f 6599 3368 2265 6278
f 1766 2060 2063 1767
f 6090 4423 2694 1685
f 6707 6985 6939 6562
f 6926 6844 6939 6985
f 193 6932 153 152
f 6986 6987 6263 4425
f 6986 6283 2278 6987
f 6986 4425 4427 6283
f 6987 2278 2281 6263
f 4239 3955 6823 6946
f 5667 6711 5548 3552
f 4247 4246 177 176
f 239 4257 206 205
f 247 209 212 741
f 6601 3963 3909 3397
f 4781 217 220 3965
f 259 221 224 761
f 3244 3917 234 233
f 279 5743 5746 6766
f 4274 1000 6942 3618
f 289 5748 5751 6935
f 1704 269 272 4718
f 3754 277 280 2774
f 4280 1031 6838 4281
f 6527 1712 2723 4456
f 6931 6280 6013 6850
f 6988 281 284 3363
f 1828 6988 3363 1829
f 1828 285 281 6988
f 3995 6927 103 102
f 6858 3995 102 1719
f 6947 3458 103 6927
f 6858 6947 6927 3995
f 4284 287 290 2797
f 6989 3826 6017 1730
f 5358 6989 1730 1734
f 5358 4474 3826 6989
f 317 316 6284 5345
f 316 3731 6214 6284
f 5655 4722 6945 1054
f 6117 6414 2151 1746
f 6534 304 307 3164
f 19 2365 318 313
f 4938 3962 2373 6310
f 5347 6714 3289 3963
f 5995 6715 3295 1273
f 3233 6353 2471 3234
f 4323 2769 332 331
f 3287 3980 340 339
f 6209 2053 180 5765
f 384 383 348 347
f 79 3224 4026 80
f 6426 2782 2401 6316
f 6718 6583 2785 2784
f 6553 4460 5640 5639
f 4985 4438 4437 5644
f 1835 375 378 2799
f 6555 5231 5782 6943
f 6626 6803 2752 2751
f 6664 1764 2752 6803
f 1837 4007 226 225
f 6990 6306 241 1810
f 6870 6990 1810 1815
f 6870 6082 6306 6990
f 271 6081 6032 6981
f 6131 6933 398 397
f 6933 2922 401 398
f 6137 3293 2818 1821
f 109 108 439 4123
f 6556 3214 4023 5235
f 6581 3302 6991 4531
f 4531 6991 4819 4534
f 3302 3304 4819 6991
f 500 983 464 463
f 6442 4544 2837 2836
f 6730 5252 4039 3307
f 523 6940 5806 5805
f 4361 3716 6950 1200
f 4363 490 493 2850
f 531 78 81 1966
f 6868 4085 5775 5774
f 3865 2912 522 521
f 1950 4047 3546 6634
f 6941 6862 526 525
f 6942 6080 6332 4152
f 4381 2920 530 529
f 565 1876 6337 4157
f 264 263 2601 6390
f 584 2001 4799 4798
f 5383 6559 6992 2138
f 5383 6577 6982 6559
f 2138 6992 6498 4502
f 6559 6982 6498 6992
f 6838 6837 1500 1499
f 595 594 4055 6741
f 6741 4055 4057 824
f 2930 548 551 2518
f 6408 554 548 2930
f 6944 6440 3753 2986
f 4390 563 566 4103
f 6945 2857 572 571
f 4393 582 585 4106
f 6164 1915 587 586
f 2288 4059 591 590
f 6579 3282 602 601
f 6169 4596 2896 1928
f 6450 3534 6860 6376
f 2742 6743 6860 3534
f 6580 5270 4075 3284
f 6672 6671 6993 3370
f 5014 3540 6993 6671
f 3373 3370 6993 3540
f 2030 144 147 2031
f 6172 4602 2899 1946
f 6044 148 151 2908
f 6584 6946 6068 4558
f 2759 456 459 5796
f 6585 176 179 5283
f 2042 6867 651 650
f 6453 4138 4139 6962
f 6962 4139 657 656
f 2061 2750 2923 2062
f 2024 4432 668 6454
f 4432 4144 669 668
f 6994 6366 2935 2934
f 6136 3758 6366 6994
f 3431 2938 681 680
f 722 1968 87 86
f 392 391 246 245
f 2606 3408 2322 1166
f 4444 690 693 2580
f 4445 696 690 4444
f 6516 6964 6957 6663
f 5734 5737 6957 6964
f 6967 6863 5566 5742
f 6967 704 707 6863
f 5459 6751 6995 5460
f 414 413 6995 6751
f 3570 5460 6995 413
f 1990 1989 95 94
f 6192 1998 2951 4630
f 6959 4790 4127 3522
f 6959 720 723 4790
f 2056 4129 534 533
f 6947 6996 3459 3458
f 6968 6767 3459 6996
f 6885 6968 6996 6947
f 2 6379 6381 3
f 6589 6646 3642 3352
f 5521 5520 6647 2983
f 4454 732 735 4455
f 3895 3894 556 555
f 3894 4458 3647 556
f 6064 1570 2357 2356
f 6595 752 755 2009
f 4471 756 759 4472
f 5053 2954 2622 6391
f 5422 114 117 4138
f 4748 6124 6859 6652
f 6289 5536 6859 6124
f 6067 132 135 1598
f 6997 4760 4763 3606
f 6997 5364 4764 4760
f 2037 2036 161 160
f 6950 4242 168 6125
f 2168 2966 797 796
f 73 72 35 6384
f 2049 2051 184 4253
f 849 4255 191 804
f 6470 6469 2974 2973
f 83 5296 4158 84
f 6792 6973 44 43
f 4940 4190 44 6973
f 93 92 213 817
f 4491 825 828 2980
f 526 6914 5665 527
f 4492 3078 3866 1474
f 2094 4171 3675 6658
f 4031 877 880 3034
f 2116 716 719 4177
f 6206 6205 287 4284
f 107 2159 437 108
f 610 4690 904 607
f 6226 2083 2999 4670
f 2084 301 302 2085
f 2084 913 303 301
f 139 138 4185 5311
f 4517 6969 6865 4218
f 631 6704 2681 632
f 2089 2448 2450 2090
f 165 4687 6400 166
f 169 166 6400 6179
f 649 648 6985 6707
f 651 6926 6985 648
f 653 498 501 654
f 6217 5774 5777 5909
f 6660 2123 6998 4691
f 2188 4694 6999 2125
f 4691 6998 6999 4694
f 2123 2125 6999 6998
f 6500 1072 3067 6101
f 6501 3039 2806 6430
f 4557 3071 6869 5989
f 4561 4560 990 989
f 6895 997 1000 4274
f 4570 7000 3042 3041
f 7001 3045 3042 7000
f 4573 7001 7000 4570
f 887 6231 408 407
f 2135 2137 871 5588
f 4997 1005 564 563
f 6618 3464 1019 1018
f 1053 1052 7002 5337
f 5337 7002 574 5338
f 1052 571 574 7002
f 6245 2146 1023 1022
f 1057 1026 583 582
f 747 746 1031 4280
f 7003 1036 1039 3583
f 2141 7003 3583 2142
f 2141 1040 1036 7003
f 6506 6977 2727 6507
f 4093 2724 2727 6977
f 6619 2158 1043 1042
f 759 758 6280 6931
f 5005 885 888 4282
f 6248 4717 3056 2165
f 2247 622 625 2248
f 775 5655 1054 772
f 6620 1063 1065 3474
f 5527 630 633 3060
f 2170 444 447 2171
f 2177 448 451 2178
f 5118 5874 3953 3952
f 5874 5796 5798 3953
f 787 786 4261 1825
f 6128 1798 481 1940
f 1797 478 481 1798
f 2263 2262 3074 1269
f 346 345 4269 6768
f 6768 4269 4271 1827
f 6333 2432 3054 3053
f 6513 4727 3088 3087
f 2354 3091 1079 1078
f 6339 3060 3061 2443
f 5032 4607 7004 6678
f 6678 7004 3064 3858
f 4607 3062 3064 7004
f 856 6718 2784 857
f 3614 1102 1105 3098
f 995 4381 529 2203
f 862 2583 2586 863
f 6352 2830 4912 2467
f 2467 4912 2199 2468
f 870 1114 721 720
f 2258 3109 3112 6700
f 4627 3870 994 993
f 6261 6519 3119 2230
f 6132 6773 7005 2234
f 4259 2491 7005 6773
f 2237 2234 7005 2491
f 6358 4701 552 554
f 2273 1001 1004 4309
f 88 6509 6974 4030
f 6142 3121 749 748
f 7006 3603 4323 5361
f 7006 6997 3606 3603
f 7006 5361 5364 6997
f 6898 2517 2516 5924
f 6898 4971 3543 2517
f 6898 5924 4972 4971
f 1196 1195 3142 6888
f 6888 3142 2023 2022
f 1196 6888 2022 2304
f 2251 2250 639 638
f 6633 4758 4329 2253
f 946 945 3122 3121
f 6274 7007 5960 4300
f 6274 6273 6777 7007
f 7007 6777 5169 5960
f 514 4769 3154 515
f 1090 656 659 5929
f 4180 4179 7008 6378
f 4977 6655 7009 4978
f 6378 7008 7009 6655
f 4179 4978 7009 7008
f 524 523 5805 6240
f 961 4361 1200 962
f 1100 664 667 2271
f 6780 7010 1074 1073
f 6780 6454 668 7010
f 7010 668 671 1074
f 2346 3167 2685 6535
f 967 847 850 968
f 985 686 689 986
f 990 6941 525 991
f 6167 700 703 1925
f 5068 3700 3703 3890
f 220 219 1251 4651
f 5666 3219 6711 5667
f 6293 2321 3184 4786
f 6919 5682 6440 6944
f 1287 1263 744 4462
f 250 6668 3189 251
f 1294 1293 7011 6540
f 6540 7011 4094 6541
f 1293 2326 4094 7011
f 621 620 3193 4791
f 1049 1048 4352 4955
f 256 255 6203 6969
f 260 259 761 760
f 6298 3663 1154 1153
f 6300 3665 3663 6298
f 266 922 924 267
f 6970 6444 3197 2339
f 5926 6252 6444 6970
f 6789 5394 4363 4362
f 5163 6789 4362 4365
f 6909 1161 1164 3172
f 6910 5720 3927 3923
f 2407 1304 1306 4370
f 6642 3608 4373 4751
f 6554 3185 3188 2682
f 318 2369 3731 316
f 123 3733 1345 124
f 322 321 3217 6675
f 7012 7013 150 149
f 7014 6657 4027 7015
f 7012 7014 7015 7013
f 7012 149 6657 7014
f 7013 7015 4027 150
f 7016 2385 2275 1371
f 7016 844 845 2385
f 7016 1371 846 844
f 6653 5421 998 997
f 6757 2361 3205 36
f 4246 3277 1379 177
f 6315 2400 1388 1387
f 2446 4400 2949 2948
f 6974 6250 878 877
f 6319 6975 1398 1397
f 6975 3376 1401 1398
f 2412 2411 2720 2719
f 6654 4816 886 885
f 6322 4834 3252 2414
f 1155 1414 732 4454
f 2466 1259 1262 4420
f 6268 1059 1062 2421
f 404 905 908 405
f 1168 1167 1424 4473
f 426 916 919 427
f 2480 1265 921 920
f 272 271 6981 4165
f 1176 1175 3261 4478
f 2534 2533 3264 1594
f 795 794 4434 5428
f 4283 1429 1430 3249
f 2504 1408 4046 5136
f 7017 3267 1432 1431
f 7017 4173 3270 3267
f 7017 1431 1435 4173
f 6714 6470 2973 3289
f 468 4729 9 469
f 2618 1456 1459 3291
f 6715 1110 1111 3295
f 7018 2462 3612 5983
f 7019 5987 3812 2463
f 7018 7019 2463 2462
f 7018 5983 5987 7019
f 2530 4452 1347 1346
f 603 3299 3302 6581
f 6932 4492 1474 153
f 4322 4321 7020 6717
f 6717 7020 5031 5030
f 4321 4493 5031 7020
f 2535 4464 1483 1482
f 1396 4561 989 6326
f 6357 6442 2836 2488
f 510 993 996 511
f 1250 1249 3045 7001
f 1251 1250 7001 4573
f 2544 6730 3307 3306
f 2574 2573 4477 5071
f 893 2574 5071 894
f 5635 4478 1013 1012
f 4257 4504 1395 206
f 7021 2872 1983 1503
f 7021 4209 4210 2872
f 7021 1503 1506 4209
f 5128 1507 892 4508
f 932 931 3335 4876
f 3327 3326 1047 1046
f 419 422 3337 6490
f 6935 5751 6009 6920
f 570 569 3345 6586
f 6369 4887 3346 2527
f 585 584 4798 4603
f 950 5472 4491 951
f 6592 4892 3358 3357
f 1334 3048 5055 1335
f 6698 4897 4915 3808
f 5906 6698 3808 3807
f 963 962 1202 5483
f 5233 4495 2846 2845
f 5245 3366 3368 6599
f 1362 1086 1089 1363
f 1363 1089 1091 309
f 1366 6925 2559 1367
f 1366 1370 6481 6925
f 6246 1096 1099 6817
f 6817 1099 1101 1562
f 7022 1106 1109 3830
f 6693 7022 3830 3835
f 6693 4902 1106 7022
f 6692 3890 3893 6486
f 4907 6365 1699 4908
f 2563 1696 1699 6365
f 2566 2565 1124 1123
f 5255 6547 6906 6479
f 1402 4568 6906 6547
f 6979 3773 1579 1578
f 6979 1578 5113 5112
f 2568 2567 1140 1139
f 687 6601 3397 688
f 6602 3400 3402 4913
f 2661 1581 217 4781
f 2634 4525 1588 1587
f 701 1272 1275 702
f 6980 6994 2934 2588
f 6332 6136 6994 6980
f 6386 4920 3405 2592
f 2584 1768 4535 2585
f 6943 5782 1150 1149
f 6688 1605 1608 3784
f 6818 4924 4540 4539
f 5256 6818 4539 4542
f 6337 1615 1618 4583
f 727 726 1286 1285
f 2595 1773 4545 2596
f 6381 6380 1162 1161
f 6981 6032 6034 6907
f 6982 3923 3926 6498
f 2603 2606 1166 1165
f 2650 1626 1629 3409
f 4799 1630 253 1302
f 6695 2610 3412 4882
