# IK reachable fitted solid mesh
v -0.566984820 -0.446402805 0.887444423
v -0.550348294 -0.446297187 0.887031611
v -0.549782205 -0.433352442 0.883628199
v -0.567073754 -0.432937747 0.883601664
v 0.067219192 -0.215671629 0.753741094
v 0.066947325 -0.201768111 0.751144945
v 0.062617959 -0.202764275 0.763326497
v 0.062036221 -0.210651041 0.763029767
v 0.055443390 -0.220040717 0.755925233
v 0.050307805 -0.215647045 0.764595680
v 0.050930268 -0.198600992 0.751740426
v 0.050573349 -0.202428983 0.764572064
v -0.416650482 -0.553804987 0.870299278
v -0.399819557 -0.553910324 0.870484466
v -0.399614412 -0.546494946 0.879415617
v -0.416568386 -0.546862330 0.879298599
v -0.399724950 -0.534095567 0.886597252
v -0.416468489 -0.537755972 0.887637971
v -0.487954010 -0.394217310 0.872557252
v -0.483021554 -0.399926190 0.880291445
v -0.479029471 -0.388118821 0.878455790
v -0.483213217 -0.383193791 0.869948481
v -0.462532807 -0.394610644 0.871874940
v -0.466687676 -0.382960103 0.870143866
v -0.470802167 -0.388323441 0.878193673
v -0.466613194 -0.399872449 0.880105612
v -0.517143087 -0.429308008 0.887427546
v -0.516106287 -0.436768966 0.896523983
v -0.499910107 -0.432947015 0.897202475
v -0.504769104 -0.427287642 0.889139940
v -0.516731192 -0.449830879 0.900032268
v -0.499800062 -0.449332851 0.900532113
v 0.016659227 -0.383312304 0.599692261
v 0.016617969 -0.366613685 0.600054781
v 0.033326247 -0.366651686 0.599708650
v 0.033609080 -0.383623906 0.598950171
v -0.050000000 -0.232837556 0.599504224
v -0.049999999 -0.215441992 0.598775325
v -0.033333336 -0.215441992 0.598775335
v -0.033333346 -0.232837556 0.599504236
v -0.516665065 -0.250012346 0.600014793
v -0.516665245 -0.232836784 0.599507223
v -0.500001098 -0.232837489 0.599503387
v -0.500000984 -0.250012591 0.600011484
v -0.160564146 -0.572915849 0.805744261
v -0.148839619 -0.570097901 0.800709870
v -0.149444155 -0.563975507 0.817513573
v -0.161918140 -0.570423388 0.818699383
v 0.102582364 -0.400070191 0.683387636
v 0.101994000 -0.383474476 0.683555945
v 0.104554748 -0.387725594 0.695048968
v 0.104886722 -0.395902271 0.694641132
v -0.032961986 -0.500607615 0.632813764
v -0.028870668 -0.494548568 0.645303211
v -0.033245726 -0.485758203 0.650391334
v -0.038402182 -0.488049425 0.638741349
v -0.019069681 -0.501752151 0.633207966
v -0.011743361 -0.488166771 0.633378423
v -0.016046327 -0.486231245 0.650323924
v -0.020026007 -0.495531742 0.645692414
v -0.200000034 -0.450000629 0.599997381
v -0.200000163 -0.433333186 0.600000039
v -0.183333365 -0.433333360 0.599998218
v -0.183331464 -0.450002589 0.599995200
v -0.100124409 -0.350087582 0.833509775
v -0.084185946 -0.349756779 0.829709669
v -0.083183888 -0.333214560 0.833429211
v -0.099694136 -0.333213433 0.837134269
v -0.282896185 -0.517633589 0.887246678
v -0.279567691 -0.500449287 0.887674127
v -0.286814087 -0.500431908 0.896951116
v -0.287714717 -0.512851066 0.896171816
v -0.299578562 -0.521198537 0.887921646
v -0.299508805 -0.514173736 0.897931954
v -0.299291109 -0.501000508 0.901216327
v -0.333063929 -0.263731436 0.735793452
v -0.332723550 -0.270569092 0.745929054
v -0.316281812 -0.269700822 0.749710887
v -0.316349460 -0.263655669 0.736104549
v -0.334155702 -0.279579919 0.753646879
v -0.321749158 -0.277993599 0.755507060
v -0.266584450 -0.199414407 0.716888678
v -0.266710991 -0.201762632 0.733435154
v -0.250227788 -0.199226425 0.733407870
v -0.250014322 -0.199487452 0.716690492
v -0.333636467 -0.550249543 0.599003125
v -0.333321396 -0.533315487 0.599696242
v -0.316615748 -0.533261306 0.600095851
v -0.316680115 -0.549986609 0.599730016
v -0.150620614 -0.515982915 0.649992129
v -0.132918475 -0.516794190 0.649934975
v -0.134189803 -0.512516716 0.663187721
v -0.150434037 -0.512899907 0.666869841
v -0.133751118 -0.502920884 0.670747863
v -0.145583301 -0.503919393 0.671172238
v 0.020589672 -0.350013783 0.787297535
v 0.020617671 -0.332785842 0.787621253
v 0.013214013 -0.333206496 0.796902117
v 0.013301381 -0.349384676 0.797152494
v 0.000112286 -0.350232652 0.800333208
v 0.000067722 -0.333361696 0.797337807
v -0.550004436 -0.199989415 0.716676415
v -0.549960011 -0.199383050 0.733618420
v -0.533091534 -0.199017432 0.733885888
v -0.533288792 -0.199722830 0.716742421
v -0.113489261 -0.400195510 0.836670723
v -0.100101954 -0.399666638 0.833239223
v -0.100157140 -0.383165125 0.836300735
v -0.111428202 -0.387916765 0.838666975
v -0.463139063 -0.465823296 0.904534125
v -0.450183643 -0.466255486 0.900022739
v -0.450368239 -0.449370587 0.900491230
v -0.466898955 -0.449313635 0.903882925
v -0.200000000 -0.266696192 0.600029525
v -0.200000000 -0.250012546 0.600012546
v -0.183333333 -0.250012546 0.600012546
v -0.183333333 -0.266696192 0.600029525
v -0.466666594 -0.199503628 0.632838912
v -0.466666907 -0.200025884 0.650005984
v -0.449999916 -0.200028832 0.649999363
v -0.449999919 -0.199504953 0.632837818
v -0.266615852 -0.500236078 0.883332256
v -0.249953766 -0.500164910 0.883384987
v -0.250362313 -0.483286048 0.883386590
v -0.267316794 -0.483075241 0.882972692
v -0.533304443 -0.399987550 0.600046673
v -0.533303810 -0.383333173 0.600030244
v -0.516664839 -0.383334392 0.600001453
v -0.516664792 -0.399995214 0.600014587
v -0.599960664 -0.499964359 0.849954217
v -0.600807113 -0.499977284 0.867158156
v -0.600857245 -0.483255049 0.867190661
v -0.600069849 -0.483331780 0.849989925
v -0.500207397 -0.483306881 0.601487767
v -0.500122604 -0.467063704 0.599053575
v -0.483370207 -0.466773213 0.599338909
v -0.483472746 -0.483442367 0.599482424
v -0.483333436 -0.266696190 0.600029424
v -0.483333425 -0.250012557 0.600012421
v -0.466666643 -0.250012544 0.600012570
v -0.466666644 -0.266696191 0.600029550
v -0.079804665 -0.503604610 0.716425386
v -0.067206017 -0.499669632 0.716673037
v -0.066811586 -0.503042817 0.730001125
v -0.078334255 -0.504419858 0.728489072
v -0.166664295 -0.450003813 0.600008135
v -0.166665782 -0.433334972 0.599996686
v -0.149999144 -0.433335766 0.600002874
v -0.150004222 -0.449991899 0.600037104
v -0.195189111 -0.327912168 0.855007487
v -0.200152085 -0.316919797 0.851923767
v -0.204913988 -0.321758184 0.861535099
v -0.199373355 -0.330186350 0.866580741
v -0.216053699 -0.312932269 0.853858679
v -0.216955433 -0.319427627 0.866344477
v -0.211199514 -0.327759933 0.871834511
v -0.344964840 -0.628156780 0.738203902
v -0.350112277 -0.631310793 0.750007795
v -0.354483001 -0.621493909 0.745392958
v -0.349989644 -0.619427568 0.732992545
v -0.333228832 -0.630859811 0.733281719
v -0.333586741 -0.634721707 0.749832223
v -0.338258581 -0.621496266 0.728189234
v -0.283316276 -0.199531642 0.700319802
v -0.283236434 -0.199107662 0.716944024
v -0.266644885 -0.199725169 0.700087460
v -0.166962021 -0.518871480 0.636491224
v -0.149896465 -0.519313277 0.633521122
v -0.167700634 -0.515493193 0.650017766
v -0.338654666 -0.377550667 0.889599095
v -0.333234512 -0.382858797 0.898194972
v -0.328932191 -0.371015028 0.895702941
v -0.333747947 -0.365730422 0.884456376
v -0.316469224 -0.370001816 0.897380133
v -0.316750480 -0.362754001 0.887717529
v -0.317145046 -0.382678764 0.900995290
v -0.216614699 -0.399675570 0.886461279
v -0.216978432 -0.399463368 0.896929858
v -0.216690703 -0.383588298 0.897026011
v -0.216239769 -0.383885361 0.886607837
v -0.199451053 -0.399640423 0.886501302
v -0.199524027 -0.383477599 0.886503642
v -0.204102237 -0.387403737 0.895680022
v -0.203901675 -0.396272509 0.895798048
v -0.233321083 -0.199907101 0.716640129
v -0.233426845 -0.199555814 0.733303444
v -0.216635467 -0.200023329 0.733274888
v -0.216649656 -0.200054846 0.716655886
v -0.567160217 -0.199537849 0.699981280
v -0.567163287 -0.199517031 0.716620861
v -0.549994216 -0.200075517 0.699979609
v -0.299976033 -0.549972550 0.599881079
v -0.299997977 -0.533273096 0.600122728
v -0.283347425 -0.533289427 0.600020556
v -0.283305021 -0.550131735 0.599562399
v 0.100198555 -0.198545495 0.615211782
v 0.100005068 -0.199161428 0.632845078
v 0.117542840 -0.198084026 0.632845859
v 0.117818767 -0.198405886 0.614928004
v -0.237899189 -0.295544669 0.820939302
v -0.238344743 -0.295272105 0.828836161
v -0.233255653 -0.286239385 0.833459353
v -0.233080258 -0.283909649 0.817014485
v -0.216624039 -0.285889715 0.833490993
v -0.216253676 -0.279701462 0.820278553
v -0.099999902 -0.416665118 0.600000802
v -0.100000161 -0.400000425 0.599999289
v -0.083333325 -0.400000823 0.599996793
v -0.083331498 -0.416664676 0.599999119
v -0.516617037 -0.199341243 0.716859527
v -0.516476735 -0.199552797 0.733794508
v -0.500059648 -0.202123377 0.733051598
v -0.500012242 -0.199343961 0.717018694
v -0.433696892 -0.466510367 0.899956756
v -0.416666552 -0.466565922 0.900234901
v -0.416460236 -0.450068576 0.899933091
v -0.433388540 -0.450396338 0.899990956
v -0.216333355 -0.499996854 0.869696263
v -0.212009978 -0.488655327 0.872653112
v -0.216799672 -0.483079399 0.880747900
v -0.221690488 -0.495263762 0.878865969
v -0.228076236 -0.505561029 0.872584203
v -0.233491801 -0.500318998 0.881295729
v -0.233254438 -0.483621714 0.883073907
v -0.449999997 -0.283335158 0.600001827
v -0.449999997 -0.266696192 0.600029528
v -0.433333334 -0.266696192 0.600029525
v -0.433333334 -0.283335158 0.600001824
v -0.584489286 -0.266782435 0.783883565
v -0.567103033 -0.267063777 0.783159728
v -0.567188336 -0.250393599 0.783730146
v -0.584563032 -0.250202114 0.784371761
v -0.184036958 -0.537211078 0.620372971
v -0.166083518 -0.537501211 0.619809311
v -0.167386421 -0.528955055 0.629515475
v -0.184283249 -0.532471437 0.632915008
v -0.179053429 -0.520465085 0.637841458
v -0.116661730 -0.466813635 0.599661193
v -0.116668041 -0.449976663 0.600004406
v -0.099998931 -0.450014072 0.600000010
v -0.100012884 -0.467019808 0.599535237
v -0.601051719 -0.450270370 0.683068204
v -0.600333228 -0.450008110 0.699994575
v -0.599958655 -0.433295210 0.700038308
v -0.600293827 -0.433330478 0.683334449
v 0.016871106 -0.232659141 0.769922785
v 0.033062977 -0.232948894 0.767112635
v 0.033191766 -0.215765865 0.767168260
v 0.016207030 -0.216019004 0.767471080
v -0.549987331 -0.366667130 0.600011831
v -0.549987436 -0.350000048 0.600012425
v -0.533303811 -0.350000036 0.600029477
v -0.533303779 -0.366667121 0.600028905
v -0.461930903 -0.611419403 0.771836778
v -0.466534438 -0.614149052 0.783379647
v -0.471927610 -0.605808188 0.778182247
v -0.466863680 -0.602915172 0.766197593
v -0.449167640 -0.612199088 0.770341986
v -0.450391693 -0.617160438 0.783461763
v -0.450028602 -0.603631373 0.762879775
v -0.598522788 -0.517166061 0.716472230
v -0.601083684 -0.516991426 0.732895748
v -0.600722679 -0.500067247 0.733167293
v -0.600737518 -0.500252115 0.716229397
v -0.400001571 -0.466660609 0.599989404
v -0.400000369 -0.449986649 0.600015866
v -0.383332859 -0.449994937 0.600013048
v -0.383330946 -0.466639618 0.600027382
v 0.016622408 -0.366703472 0.785886092
v 0.032788433 -0.366681622 0.782708189
v 0.033366081 -0.350071019 0.782919980
v 0.087729200 -0.299065832 0.771655089
v 0.099979493 -0.299539217 0.763954649
v 0.100489491 -0.283214869 0.764633558
v 0.083974670 -0.282657520 0.770587454
v -0.466666644 -0.316666564 0.599999920
v -0.466666644 -0.299998999 0.599999022
v -0.449999997 -0.299998999 0.599999002
v -0.449999997 -0.316666564 0.599999900
v -0.380058661 -0.613853321 0.682116631
v -0.378188315 -0.612224662 0.695103036
v -0.383246565 -0.602978809 0.700152093
v -0.386507603 -0.600957292 0.683021526
v -0.367242364 -0.614724994 0.682832777
v -0.366594450 -0.613736230 0.700526467
v -0.371385802 -0.604722552 0.705268303
v -0.183274921 -0.536951284 0.836995254
v -0.166720574 -0.536322897 0.833364489
v -0.166857416 -0.529850100 0.846479040
v -0.183331121 -0.529694970 0.846340720
v -0.166634785 -0.517044605 0.850358232
v -0.183250922 -0.516732235 0.850515932
v -0.449621642 -0.603287038 0.820098149
v -0.438374689 -0.604378436 0.821352985
v -0.436894090 -0.602742784 0.833217130
v -0.450265353 -0.599704842 0.833128088
v -0.150000002 -0.200029536 0.666696172
v -0.150000000 -0.200001750 0.683335283
v -0.133333336 -0.200001767 0.683335265
v -0.133333331 -0.200029544 0.666696174
v -0.399979486 -0.483055659 0.900013882
v -0.383470997 -0.483339930 0.899958996
v -0.383366512 -0.467103728 0.900096822
v -0.399962746 -0.466729372 0.899884132
v -0.016666642 -0.299998981 0.599999164
v -0.016666576 -0.283335170 0.600001724
v 0.000000050 -0.283335134 0.600001432
v 0.000000376 -0.299998847 0.599998166
v 0.134045202 -0.350040572 0.733882147
v 0.133602615 -0.333415097 0.733748327
v 0.129547003 -0.333265432 0.746764966
v 0.130597878 -0.349894540 0.747129495
v 0.121378170 -0.349734865 0.754656711
v 0.117190502 -0.333163894 0.753310045
v -0.599970088 -0.266696236 0.683335751
v -0.599969773 -0.266695619 0.699998495
v -0.599980922 -0.250011983 0.699996211
v -0.599986601 -0.250012108 0.683336298
v -0.049826477 -0.531848590 0.767103722
v -0.045033794 -0.529758969 0.778306116
v -0.049288855 -0.517271317 0.780727821
v -0.049941267 -0.520912649 0.766283179
v -0.037894983 -0.530873384 0.771820269
v -0.033051535 -0.520668935 0.767783351
v -0.033164797 -0.517739190 0.780810132
v -0.037041253 -0.529805750 0.779539833
v -0.433331441 -0.200014725 0.666712761
v -0.433335251 -0.199540574 0.683648631
v -0.416645221 -0.199454300 0.683870921
v -0.416662171 -0.200022763 0.666735703
v 0.002951447 -0.400075873 0.786258755
v 0.015802874 -0.400228010 0.782266047
v 0.015924963 -0.383486249 0.782336498
v 0.003164736 -0.384019577 0.786444681
v -0.599991397 -0.400001231 0.699997587
v -0.600004063 -0.400001226 0.716665186
v -0.600002604 -0.383333354 0.716666520
v -0.600003537 -0.383333823 0.699998345
v -0.600834267 -0.349901829 0.783570128
v -0.601091638 -0.349480068 0.800708159
v -0.598173355 -0.333295165 0.800309345
v -0.600913362 -0.333269997 0.783918815
v -0.300000000 -0.299998999 0.599998999
v -0.300000000 -0.283335158 0.600001824
v -0.283333333 -0.283335158 0.600001824
v -0.283333333 -0.299998999 0.599998999
v 0.004379929 -0.512626891 0.720578444
v 0.003889985 -0.513497825 0.733305212
v -0.003351366 -0.504081994 0.732760356
v 0.000240875 -0.503595963 0.716084906
v 0.011717523 -0.512801975 0.720821885
v 0.016342623 -0.503473562 0.715897536
v 0.021011395 -0.506502894 0.727349042
v 0.016368967 -0.514834797 0.733205752
v -0.599958638 -0.466635231 0.733375678
v -0.599945823 -0.466660276 0.750010020
v -0.599987762 -0.450002083 0.749997289
v -0.599934562 -0.449988423 0.733346246
v 0.050238779 -0.514297651 0.737163945
v 0.067391356 -0.514800570 0.736624579
v 0.067784554 -0.518723092 0.750180889
v 0.050568370 -0.518629207 0.750244835
v 0.049994009 -0.504259924 0.729421355
v 0.067607091 -0.504672383 0.728878410
v -0.601253869 -0.550543171 0.833409430
v -0.601486659 -0.550647696 0.850632806
v -0.600842325 -0.533428168 0.850221945
v -0.600262335 -0.533312541 0.833289496
v -0.083354368 -0.467189236 0.599496552
v -0.083343011 -0.450011434 0.600033472
v -0.066703086 -0.449982917 0.600019283
v -0.066646336 -0.467218027 0.599344237
v -0.033333353 -0.349999961 0.599997434
v -0.033333531 -0.333333159 0.600000173
v -0.016666634 -0.333333331 0.599997469
v -0.016664447 -0.350002230 0.599994392
v -0.266385835 -0.600789608 0.817202144
v -0.262185457 -0.588785140 0.822368093
v -0.266614415 -0.583490370 0.833746492
v -0.271079881 -0.595154377 0.828322299
v -0.282883221 -0.604833697 0.820687663
v -0.283625309 -0.596641206 0.830147744
v -0.283250818 -0.583277502 0.836374718
v -0.433201925 -0.613404358 0.766678829
v -0.416395445 -0.616387533 0.766742425
v -0.416717560 -0.620830774 0.779578228
v -0.433530024 -0.620129493 0.782745454
v -0.366663606 -0.466657340 0.600034929
v -0.366666925 -0.450001751 0.600003580
v -0.350000539 -0.450001430 0.599997144
v -0.350001024 -0.466669173 0.600008913
v -0.584753016 -0.201840434 0.601840435
v -0.584813513 -0.198061659 0.615186485
v -0.567207058 -0.198362605 0.615403557
v -0.567250412 -0.202151362 0.602151365
v -0.584813514 -0.215186486 0.598061662
v -0.567207058 -0.215403555 0.598362599
v -0.166666669 -0.200012546 0.650012544
v -0.166666669 -0.200029604 0.666696174
v -0.150000000 -0.200012545 0.650012542
v -0.066256814 -0.467136501 0.820245344
v -0.062205179 -0.450637297 0.821322290
v -0.069821836 -0.450268026 0.830271445
v -0.071299010 -0.461949012 0.828720834
v -0.083152571 -0.470413384 0.820739781
v -0.083719218 -0.463159828 0.829692520
v -0.083085337 -0.450238083 0.833673640
v -0.150016421 -0.313525358 0.836901303
v -0.133454516 -0.313016139 0.837541633
v -0.132922642 -0.299923027 0.833828011
v -0.150056505 -0.300722140 0.833111725
v 0.033289824 -0.200018266 0.716635734
v 0.033340207 -0.199284089 0.733892510
v 0.050314301 -0.198821215 0.734022811
v 0.049994379 -0.199732920 0.716655459
v 0.100073043 -0.433147537 0.766936471
v 0.117278013 -0.432831582 0.764329001
v 0.117184739 -0.417077385 0.764425967
v 0.100438341 -0.416794101 0.770198996
v 0.037139428 -0.283793769 0.770099059
v 0.049517897 -0.283410418 0.769501769
v 0.049985368 -0.266949029 0.766341465
v 0.037051794 -0.266952147 0.770185050
v -0.383639207 -0.517268546 0.599194715
v -0.383418534 -0.500235554 0.599253060
v -0.366674494 -0.499996385 0.599708182
v -0.366932370 -0.516974908 0.598943604
v -0.516737707 -0.569454168 0.866891025
v -0.499972047 -0.566471223 0.866574489
v -0.500573280 -0.562933082 0.879993320
v -0.516085100 -0.563763050 0.880173062
v -0.499926786 -0.550874795 0.887123240
v -0.516537303 -0.554468423 0.888086816
v -0.383799157 -0.381049074 0.866603746
v -0.383285551 -0.387031319 0.879630979
v -0.366450471 -0.383510636 0.881031805
v -0.371630467 -0.378652039 0.871589912
v -0.383374771 -0.395907895 0.887673052
v -0.366762144 -0.395815548 0.887359718
v -0.049563036 -0.484497578 0.598596927
v -0.049770606 -0.467250764 0.598937935
v -0.032863471 -0.467173861 0.599098912
v -0.033286786 -0.483907486 0.601120091
v -0.299963128 -0.450004983 0.900530218
v -0.283242636 -0.450183824 0.900554936
v -0.283276190 -0.433460254 0.900491525
v -0.300017143 -0.433346940 0.900079676
v 0.000002972 -0.350003623 0.600012814
v 0.000002258 -0.333335414 0.599994567
v 0.016668850 -0.333336137 0.600013392
v 0.016652782 -0.349987677 0.600066457
v -0.601225247 -0.299998895 0.615441670
v -0.600496612 -0.299998902 0.632837490
v -0.600492777 -0.283334754 0.632836783
v -0.601222477 -0.283335444 0.615441332
v -0.333335578 -0.483336492 0.600012616
v -0.333334570 -0.466668566 0.599995731
v -0.316666686 -0.466666620 0.599997799
v -0.316668599 -0.483335536 0.599994432
v -0.186516672 -0.265930704 0.821228856
v -0.179418504 -0.266548532 0.830644364
v -0.178142547 -0.253802419 0.829865060
v -0.182826726 -0.249507344 0.817080902
v -0.163001323 -0.265980664 0.821181157
v -0.167269267 -0.249528589 0.816644016
v -0.171516937 -0.253779421 0.829834505
v -0.170196153 -0.266581606 0.830735183
v 0.016668811 -0.200038671 0.699976296
v 0.016657461 -0.200029916 0.716685139
v 0.033324309 -0.200072151 0.699957646
v -0.199576282 -0.600626514 0.768680723
v -0.182591553 -0.597587314 0.769694818
v -0.181893992 -0.604075549 0.782613724
v -0.193760705 -0.606622224 0.777392815
v -0.200154859 -0.587064334 0.763075563
v -0.182407017 -0.587255858 0.762474046
v -0.349426996 -0.616328300 0.717238842
v -0.332953240 -0.619290521 0.716700282
v -0.138853156 -0.510328921 0.688406493
v -0.133923140 -0.501431797 0.683433181
v -0.129043327 -0.503635571 0.694979305
v -0.133520030 -0.512944937 0.700527482
v -0.150555252 -0.516420301 0.683167254
v -0.149906452 -0.519187777 0.699807720
v -0.145341190 -0.504333392 0.678733724
v -0.428072711 -0.328719761 0.805211376
v -0.430116329 -0.315674346 0.800581213
v -0.436580469 -0.316028571 0.813786790
v -0.433472236 -0.333646823 0.816639125
v -0.449481611 -0.329656947 0.820733517
v -0.449566552 -0.315406046 0.817567423
v -0.250489158 -0.232875954 0.783758484
v -0.237652180 -0.233015864 0.787700339
v -0.237965931 -0.215285049 0.788238806
v -0.250951575 -0.215494815 0.781791816
v -0.316070285 -0.501002428 0.901519179
v -0.299849813 -0.483736508 0.900834660
v -0.316320192 -0.483848217 0.901025235
v -0.545086487 -0.478587077 0.620181094
v -0.544467430 -0.477526163 0.629355614
v -0.549690013 -0.469363478 0.633210718
v -0.550514678 -0.470448932 0.615972515
v -0.533413017 -0.481026330 0.616012529
v -0.533088212 -0.479801471 0.633855233
v -0.538951850 -0.472995875 0.610522102
v -0.537859496 -0.470545909 0.638342510
v -0.266872258 -0.366232475 0.900904101
v -0.250235100 -0.366075029 0.901524806
v -0.250205424 -0.349081743 0.901773356
v -0.266920885 -0.349002959 0.901247370
v -0.399802194 -0.296742841 0.753491740
v -0.400232794 -0.302959621 0.765952935
v -0.383399440 -0.304345845 0.762069253
v -0.383389950 -0.297107565 0.752664634
v -0.395134792 -0.311583005 0.771440263
v -0.382823234 -0.313068842 0.769805612
v 0.071588001 -0.261927626 0.754696813
v 0.066468077 -0.266318660 0.763366725
v 0.082897689 -0.270384537 0.762978450
v 0.083631978 -0.263360294 0.753725714
v 0.066611006 -0.279228533 0.770856299
v -0.169738916 -0.579762470 0.817624901
v -0.166017152 -0.566574928 0.831411166
v -0.170795104 -0.578461314 0.830189285
v -0.183282115 -0.586576993 0.817255312
v -0.182824793 -0.583803128 0.832037992
v -0.182449723 -0.566958373 0.834140088
v -0.112202724 -0.521710355 0.804819042
v -0.099943555 -0.520097361 0.803570921
v -0.100550184 -0.513137950 0.813071695
v -0.113583572 -0.517200627 0.816927814
v -0.099881664 -0.499942606 0.819337410
v -0.111023239 -0.505507663 0.822452265
v -0.499999286 -0.416651789 0.600035405
v -0.500001158 -0.400000113 0.600003302
v -0.483333744 -0.400001327 0.599998649
v -0.483333659 -0.416663504 0.600016480
v -0.466669354 -0.200073247 0.666656971
v -0.466665947 -0.199871945 0.683368712
v -0.450008358 -0.199722845 0.683449040
v -0.450002161 -0.200041073 0.666659766
v -0.533083966 -0.211851948 0.771323324
v -0.532973375 -0.219684054 0.780894543
v -0.516189905 -0.219380801 0.780878710
v -0.515751344 -0.212518417 0.768254038
v -0.532939310 -0.232683990 0.784485864
v -0.516251875 -0.232277482 0.784658499
v -0.333333807 -0.549873845 0.865900536
v -0.316483116 -0.549601068 0.866553855
v -0.316812147 -0.532807149 0.869065336
v -0.333558893 -0.532057331 0.865788864
v -0.350002584 -0.516660520 0.599670176
v -0.349961605 -0.499949246 0.600046718
v -0.333320149 -0.499986208 0.600068771
v -0.333279060 -0.516612597 0.600055094
v -0.601680930 -0.500099770 0.884667880
v -0.598003183 -0.500182809 0.898001749
v -0.597747105 -0.483491849 0.897765709
v -0.601275346 -0.483077332 0.884565456
v -0.584731104 -0.500082798 0.901475528
v -0.584680559 -0.482685621 0.901241012
v -0.395535655 -0.378569848 0.854997629
v -0.399880995 -0.381119932 0.866518454
v -0.387433620 -0.378841294 0.854779307
v -0.333333333 -0.299998999 0.599998999
v -0.333333333 -0.283335158 0.600001824
v -0.316666667 -0.283335158 0.600001824
v -0.316666667 -0.299998999 0.599998999
v -0.080085094 -0.382837234 0.819617659
v -0.066922420 -0.383392892 0.816286237
v -0.067017760 -0.366385061 0.816144725
v -0.080177401 -0.367063252 0.819514481
v -0.354887063 -0.311494586 0.771100315
v -0.349903358 -0.317078585 0.780155779
v -0.345103107 -0.305405690 0.777120691
v -0.349987865 -0.300083092 0.766611474
v -0.332911556 -0.303811298 0.779708783
v -0.333662680 -0.296388027 0.770251336
v -0.333479750 -0.317101577 0.785153505
v -0.150000007 -0.383333297 0.600000037
v -0.150000000 -0.366666666 0.600000010
v -0.133333334 -0.366666656 0.600000011
v -0.133333334 -0.383333307 0.599999971
v 0.131719856 -0.400037171 0.716712864
v 0.131528198 -0.383604347 0.717108243
v 0.134566658 -0.383424798 0.733803449
v 0.134844624 -0.400089917 0.733402063
v 0.122606533 -0.395875122 0.711447345
v 0.122356940 -0.387725199 0.711659938
v -0.433333334 -0.383333330 0.600000086
v -0.433333335 -0.366666668 0.600000001
v -0.416666667 -0.366666665 0.599999998
v -0.416666669 -0.383333338 0.600000010
v -0.349419807 -0.634729160 0.767046179
v -0.333296733 -0.634727072 0.766927196
v -0.333715668 -0.631227007 0.783090807
v -0.349584396 -0.634289487 0.783864274
v -0.366266108 -0.612687561 0.716745920
v -0.370822827 -0.604047351 0.712662141
v -0.349494397 -0.619992939 0.700159266
v -0.500001105 -0.215441672 0.598774752
v -0.483333454 -0.215442008 0.598775233
v -0.483333431 -0.232837583 0.599504089
v -0.167746824 -0.515648435 0.666519042
v -0.166703085 -0.520494502 0.679831611
v -0.233766232 -0.198914009 0.750216265
v -0.234114887 -0.198822550 0.767517697
v -0.216938699 -0.198804607 0.767291549
v -0.216706239 -0.199692536 0.749996106
v -0.144088162 -0.445640003 0.854925631
v -0.144266634 -0.437469320 0.854840574
v -0.149552650 -0.433268530 0.866861578
v -0.149694149 -0.450170250 0.866567033
v -0.166288486 -0.450624639 0.870467293
v -0.161791059 -0.437713808 0.871992595
v 0.100092547 -0.199682010 0.650096783
v 0.100131179 -0.199625829 0.666661002
v 0.116644186 -0.198996011 0.666651613
v 0.117286566 -0.198943613 0.650307483
v -0.366299757 -0.250211337 0.733054914
v -0.349891267 -0.250247046 0.733377254
v -0.349872006 -0.233214771 0.733833624
v -0.366445517 -0.232813316 0.733970944
v 0.113272711 -0.328617559 0.603063529
v 0.114823845 -0.317292948 0.601873482
v 0.118061913 -0.317127565 0.615182067
v 0.114427815 -0.329908862 0.615291986
v 0.101310820 -0.333720523 0.601183456
v 0.104920491 -0.337405479 0.615235400
v 0.101468329 -0.316957641 0.598471395
v -0.233324471 -0.365920763 0.900991477
v -0.215946342 -0.365959563 0.897907440
v -0.216091423 -0.349603330 0.898450462
v -0.232890694 -0.349209735 0.901547496
v -0.366784151 -0.296896107 0.752966060
v -0.366340276 -0.304096736 0.762300463
v -0.354705266 -0.294620182 0.755381536
v -0.367171536 -0.313240705 0.769916894
v -0.294987491 -0.555010663 0.855258898
v -0.282802638 -0.553350201 0.853880795
v -0.283759165 -0.546517851 0.863105881
v -0.299828690 -0.550065359 0.864279789
v -0.283012433 -0.537302293 0.870594834
v -0.299952622 -0.537447524 0.870788903
v -0.183333333 -0.333333356 0.600000023
v -0.183333333 -0.316666564 0.599999897
v -0.166666667 -0.316666564 0.599999897
v -0.166666667 -0.333333356 0.600000023
v -0.567453529 -0.499921480 0.900959360
v -0.549667898 -0.500273899 0.903622449
v -0.550136899 -0.482673807 0.900505744
v -0.567422554 -0.482549824 0.900858781
v -0.383333343 -0.198774334 0.615442986
v -0.383333356 -0.199506517 0.632834413
v -0.366666550 -0.199507274 0.632833931
v -0.366666655 -0.198774557 0.615442515
v -0.066666667 -0.266696192 0.600029525
v -0.066666667 -0.250012546 0.600012546
v -0.050000002 -0.250012546 0.600012548
v -0.050000002 -0.266696192 0.600029529
v 0.030065273 -0.430374909 0.616059287
v 0.036866104 -0.420239581 0.615926872
v 0.036752121 -0.420067346 0.633571926
v 0.030249792 -0.432846550 0.633603815
v 0.020793336 -0.437428491 0.615138408
v 0.021651944 -0.438362110 0.628510463
v 0.095926447 -0.362439373 0.603665390
v 0.097302887 -0.349848062 0.602187868
v 0.100799842 -0.350604852 0.615378569
v 0.098535239 -0.367138817 0.615441668
v 0.084308072 -0.366935920 0.601216353
v 0.089774544 -0.372840737 0.610123958
v 0.084010901 -0.350425642 0.598773955
v 0.000245682 -0.496689594 0.703068248
v 0.016326501 -0.496639682 0.703158899
v 0.000073711 -0.487046242 0.695874484
v 0.016961906 -0.487295607 0.696323194
v -0.599951118 -0.449956592 0.716714968
v -0.599986123 -0.433335617 0.733330531
v -0.599932018 -0.433320796 0.716679357
v -0.249998643 -0.499988998 0.600021651
v -0.249999537 -0.483334118 0.599999243
v -0.233332803 -0.483333871 0.600004763
v -0.233334930 -0.499980178 0.600045960
v -0.466666640 -0.232837560 0.599504240
v -0.449999997 -0.232837557 0.599504226
v -0.449999997 -0.250012545 0.600012550
v -0.350000000 -0.266696192 0.600029525
v -0.350000000 -0.250012546 0.600012546
v -0.333333333 -0.250012546 0.600012546
v -0.333333333 -0.266696192 0.600029525
v -0.383008366 -0.612476489 0.719940924
v -0.366821407 -0.619646984 0.733416837
v -0.383296878 -0.620176434 0.733195466
v -0.382978259 -0.603427193 0.712657297
v -0.599939060 -0.266695485 0.716651898
v -0.599956105 -0.266703269 0.733338445
v -0.600004346 -0.250023891 0.733337325
v -0.599940599 -0.250015862 0.716634528
v -0.533531711 -0.516798073 0.903858416
v -0.516336095 -0.517434750 0.900410712
v -0.516826484 -0.499948707 0.899694638
v -0.533479549 -0.500280276 0.903153967
v -0.600003926 -0.400000053 0.733333358
v -0.600004699 -0.399998374 0.750002355
v -0.599992297 -0.383331336 0.750003374
v -0.600003194 -0.383332585 0.733334937
v -0.149767474 -0.366611059 0.852746789
v -0.133070961 -0.366352508 0.853704507
v -0.133764040 -0.349340577 0.850425648
v -0.150241346 -0.349494250 0.850141578
v 0.000225487 -0.514422351 0.750355242
v 0.016380171 -0.517769069 0.749731833
v 0.016326885 -0.513987652 0.762963951
v 0.000158018 -0.514367786 0.766607245
v 0.016836008 -0.504333675 0.770724015
v 0.004872385 -0.506289942 0.772334156
v -0.349999984 -0.198774807 0.615442361
v -0.349999929 -0.199507275 0.632835731
v -0.333333329 -0.199505542 0.632837513
v -0.333333334 -0.198774830 0.615442449
v -0.599991742 -0.466669268 0.766664354
v -0.600006209 -0.466668278 0.783332407
v -0.600006415 -0.449999578 0.783334950
v -0.600005280 -0.450001574 0.766664941
v 0.132670516 -0.250185536 0.649923574
v 0.133488396 -0.233331665 0.649941153
v 0.132559515 -0.232980043 0.666731936
v 0.135803187 -0.249826955 0.665983998
v -0.598506691 -0.550617737 0.867142257
v -0.596433482 -0.545198013 0.878679234
v -0.598506261 -0.533842807 0.884444462
v -0.601090573 -0.533881011 0.867533256
v -0.584489297 -0.553914988 0.870621726
v -0.584188870 -0.546624917 0.880237707
v -0.585085537 -0.537808764 0.888032407
v -0.216670321 -0.499949784 0.600053752
v -0.216665355 -0.483327763 0.600013077
v -0.199995947 -0.483319586 0.600028192
v -0.200015934 -0.499937546 0.600038720
v -0.584596436 -0.198362618 0.632792936
v -0.584535628 -0.198758389 0.650019693
v -0.567151043 -0.199495348 0.650022414
v -0.567145464 -0.198974580 0.632854504
v -0.166666666 -0.366666669 0.599999999
v -0.166666667 -0.350000003 0.600000002
v -0.150000000 -0.350000004 0.600000002
v -0.499798588 -0.580649363 0.750439323
v -0.487147031 -0.587120470 0.749572351
v -0.488691037 -0.589020233 0.762089689
v -0.499693231 -0.586067085 0.766782917
v -0.350020012 -0.416045021 0.900132149
v -0.333504017 -0.416415196 0.900308684
v -0.333545056 -0.399532587 0.900333011
v -0.349824552 -0.400233506 0.896993601
v -0.199219975 -0.366041754 0.887033169
v -0.211445866 -0.370886886 0.888655330
v 0.033629597 -0.198479682 0.751473398
v 0.033694925 -0.202349755 0.764502788
v -0.316250969 -0.597705711 0.602175388
v -0.299894711 -0.597703562 0.602028792
v -0.299924112 -0.601231512 0.614986222
v -0.316976974 -0.601284338 0.615620572
v -0.317019632 -0.584710113 0.598342942
v -0.299607835 -0.584736942 0.598384564
v -0.383333336 -0.433334369 0.600000115
v -0.366666801 -0.433334185 0.599998561
v -0.004421465 -0.383258493 0.795734172
v -0.004647076 -0.400338343 0.795554246
v -0.017478896 -0.400102916 0.799729406
v -0.017380822 -0.383246803 0.799830757
v 0.044921411 -0.445436622 0.655330841
v 0.049292482 -0.432652979 0.653628650
v 0.054811632 -0.438432505 0.661462955
v 0.050667954 -0.451004824 0.663557782
v 0.032730950 -0.450060913 0.650449431
v 0.038669725 -0.455677122 0.660870164
v 0.036557279 -0.433266259 0.647033705
v -0.166456388 -0.500446280 0.852728002
v -0.150001328 -0.500070830 0.847042977
v -0.149085480 -0.483953770 0.852586737
v -0.161359797 -0.488702922 0.855446489
v -0.033513350 -0.495621906 0.703806499
v -0.016505352 -0.495901370 0.703526779
v -0.016356797 -0.499867148 0.716303308
v -0.033358257 -0.499343065 0.716697269
v -0.033533664 -0.486718202 0.696208130
v -0.016557102 -0.486821959 0.696225214
v -0.046461936 -0.487197605 0.638145098
v -0.046439318 -0.486317382 0.649537034
v -0.316666670 -0.416666675 0.600000005
v -0.316666667 -0.400000001 0.599999994
v -0.300000000 -0.400000000 0.599999999
v -0.300000001 -0.416666668 0.599999989
v -0.383333333 -0.266696192 0.600029525
v -0.383333333 -0.250012545 0.600012546
v -0.366666667 -0.250012546 0.600012546
v -0.366666667 -0.266696192 0.600029525
v -0.599988504 -0.299999016 0.650012580
v -0.599971520 -0.299999020 0.666696186
v -0.599968733 -0.283335196 0.666696254
v -0.599985188 -0.283334933 0.650012337
v -0.597644680 -0.416667447 0.602351115
v -0.601405391 -0.416661745 0.615458066
v -0.601205296 -0.399976455 0.615443204
v -0.597610354 -0.399968346 0.602366808
v -0.584545152 -0.399963257 0.598797051
v -0.584516121 -0.416656704 0.598752025
v -0.116666666 -0.366666657 0.600000001
v -0.116666658 -0.383333374 0.599999953
v -0.317017111 -0.614318385 0.649680708
v -0.300042481 -0.617027022 0.649452242
v -0.300096481 -0.617498599 0.666060960
v -0.316885610 -0.616617751 0.666032507
v 0.016638344 -0.199474782 0.733818810
v 0.016638740 -0.198785041 0.750864446
v -0.598432252 -0.499970892 0.699682037
v -0.600916768 -0.483509825 0.716429325
v -0.601037656 -0.483866902 0.699283548
v -0.150336041 -0.516159081 0.717189834
v -0.133475525 -0.519154306 0.716391167
v -0.138842205 -0.520759722 0.728930805
v -0.150915520 -0.518836103 0.730694338
v 0.066856543 -0.250002067 0.599695836
v 0.066713879 -0.232838929 0.599350469
v 0.083706440 -0.232894757 0.598653063
v 0.083904806 -0.250005953 0.599188873
v -0.253092698 -0.613679814 0.666539958
v -0.245490968 -0.604348177 0.665482894
v -0.243585385 -0.606559110 0.678227283
v -0.249676147 -0.614187940 0.683166958
v -0.266281797 -0.617320012 0.666363761
v -0.266225345 -0.620497978 0.682747498
v -0.316484230 -0.631157132 0.766437737
v -0.311908993 -0.622159214 0.771822977
v -0.316686509 -0.619444637 0.782972910
v -0.321772360 -0.628409471 0.778118082
v -0.328475536 -0.622317292 0.787969178
v -0.548329298 -0.478099067 0.654443390
v -0.532770017 -0.482315040 0.650630555
v -0.537757475 -0.487785341 0.661613082
v -0.549869737 -0.486195263 0.663641898
v -0.549597299 -0.469193438 0.646782656
v -0.537365426 -0.470496423 0.646357155
v -0.233333323 -0.466667736 0.599998239
v -0.233333349 -0.450000009 0.599999785
v -0.216666836 -0.450000258 0.599999461
v -0.216666583 -0.466668547 0.599997731
v -0.044191146 -0.311419264 0.806079053
v -0.049239505 -0.299648256 0.802666257
v -0.054555675 -0.305214907 0.811377046
v -0.049492544 -0.316779719 0.817232754
v -0.061908296 -0.295343964 0.804554023
v -0.067300804 -0.300546461 0.813264051
v -0.065500948 -0.312802448 0.820975477
v -0.216666667 -0.250012546 0.600012546
v -0.216666667 -0.232837556 0.599504223
v -0.200000000 -0.232837557 0.599504223
v -0.466587528 -0.199069248 0.700595470
v -0.466387539 -0.198760942 0.717630757
v -0.449780305 -0.201343280 0.717743864
v -0.449979313 -0.199216363 0.700691244
v -0.599956490 -0.250011538 0.666695540
v -0.600492243 -0.232836261 0.683336019
v -0.600467690 -0.232837586 0.666697679
v -0.200230268 -0.549763065 0.836171249
v -0.183513215 -0.549762598 0.833913979
v -0.195415926 -0.538337239 0.838470916
v -0.233333333 -0.283335158 0.600001824
v -0.233333333 -0.266696192 0.600029525
v -0.216666667 -0.266696192 0.600029525
v -0.216666667 -0.283335158 0.600001824
v -0.478405037 -0.594710766 0.737983157
v -0.479898724 -0.596234985 0.750535241
v -0.483263922 -0.583366679 0.733426012
v -0.467209136 -0.597682501 0.733437511
v -0.466911899 -0.600157558 0.749838851
v -0.472307749 -0.588919268 0.728101055
v -0.161489947 -0.521771873 0.705044093
v -0.163522340 -0.518753108 0.717868581
v -0.132604217 -0.320340115 0.846952128
v -0.115898874 -0.316443847 0.848010280
v -0.120710465 -0.311004691 0.839675652
v -0.132917686 -0.333114144 0.850436246
v -0.116812996 -0.333002770 0.847538159
v -0.567147502 -0.416679971 0.599484014
v -0.567163422 -0.399974631 0.599533837
v -0.549989662 -0.399986774 0.600037073
v -0.549987138 -0.416676591 0.600000066
v -0.516664816 -0.283335184 0.600003596
v -0.516664808 -0.266696240 0.600031267
v -0.500000979 -0.266696213 0.600028482
v -0.500001001 -0.283335157 0.600000825
v -0.433217092 -0.581017535 0.683305551
v -0.416613868 -0.583236241 0.683426382
v -0.421656179 -0.588682304 0.694632189
v -0.433903691 -0.587603125 0.696328708
v -0.429064402 -0.571255216 0.678525237
v -0.420927976 -0.572201363 0.678362651
v 0.100145290 -0.199484766 0.683274559
v 0.100154098 -0.199031086 0.700362796
v 0.117531932 -0.198288130 0.700700857
v 0.117418437 -0.198738694 0.683229530
v 0.113118370 -0.329976402 0.632814192
v 0.117975410 -0.317461120 0.632902588
v 0.120034199 -0.317342403 0.650248521
v 0.112321008 -0.329683438 0.650425676
v 0.104064658 -0.337310783 0.632886125
v 0.102930832 -0.336833829 0.650648823
v -0.421051240 -0.394587213 0.872212845
v -0.417072644 -0.399879971 0.883596211
v -0.412100120 -0.388656023 0.878542370
v -0.416746440 -0.383450974 0.869349979
v -0.399689898 -0.387084173 0.879706856
v -0.400739329 -0.395769681 0.887866824
v -0.087494519 -0.366636336 0.828965171
v -0.087357311 -0.383375508 0.829102117
v -0.100118170 -0.366753373 0.836174839
v -0.396098290 -0.517008885 0.887400996
v -0.403538086 -0.516553874 0.896670167
v -0.405095186 -0.529442479 0.895764453
v -0.416162260 -0.530734856 0.897413692
v -0.416737049 -0.517167470 0.900590772
v 0.016667684 -0.232837576 0.599503875
v 0.016667697 -0.215442069 0.598773958
v 0.033333372 -0.215441962 0.598779915
v 0.033326965 -0.232837319 0.599518042
v -0.321292612 -0.328754174 0.803457156
v -0.321879133 -0.328599376 0.812237779
v -0.316497698 -0.319604990 0.816500594
v -0.316281314 -0.316871647 0.799951022
v -0.299845890 -0.313573840 0.816862430
v -0.304504893 -0.311476127 0.804854262
v -0.383333194 -0.200041154 0.649982953
v -0.383331843 -0.200029883 0.666709424
v -0.366669988 -0.200008572 0.666736399
v -0.366666784 -0.200037306 0.649991497
v 0.100985037 -0.299956636 0.601158198
v 0.096444462 -0.283337908 0.603115631
v 0.102741503 -0.282690488 0.616398627
v 0.105916990 -0.294756497 0.610749712
v 0.083950216 -0.299980672 0.599079816
v 0.083418846 -0.283373765 0.599176873
v -0.433314866 -0.347242786 0.833739477
v -0.433369147 -0.352005525 0.850770686
v -0.417121278 -0.353329782 0.846732044
v -0.416690530 -0.350121557 0.832747995
v -0.428143225 -0.360383471 0.856115308
v -0.415742502 -0.362532238 0.853968399
v -0.184301619 -0.529690712 0.683625233
v -0.167012840 -0.529884214 0.687242360
v -0.167098423 -0.530256018 0.700191568
v -0.184314869 -0.532662272 0.700517762
v -0.179254622 -0.521339865 0.678453440
v 0.100564713 -0.366828567 0.632659371
v 0.100551942 -0.350054363 0.632792654
v 0.099431554 -0.349519740 0.650545608
v 0.099778420 -0.366234219 0.650261049
v -0.133340591 -0.449969711 0.600036829
v -0.133333953 -0.433329607 0.600013322
v -0.116666882 -0.433320460 0.600017117
v -0.113301059 -0.433253522 0.836593342
v -0.100201134 -0.433414575 0.833549370
v -0.100216057 -0.416400210 0.833313930
v -0.113620436 -0.416385402 0.836396842
v -0.600005705 -0.433333193 0.766667556
v -0.600005025 -0.433335144 0.749997903
v -0.200000000 -0.299998999 0.599998999
v -0.200000000 -0.283335158 0.600001824
v -0.183333333 -0.283335158 0.600001824
v -0.183333333 -0.299998999 0.599998999
v -0.589718211 -0.461137165 0.889772446
v -0.584505407 -0.466202802 0.898491723
v -0.579478825 -0.454812722 0.895726565
v -0.584425225 -0.449280718 0.887279261
v -0.566447602 -0.453694354 0.896583061
v -0.567350870 -0.466033115 0.900632349
v -0.115574061 -0.554082316 0.766176952
v -0.099354333 -0.548511939 0.766212052
v -0.099318445 -0.547427263 0.779478702
v -0.113334359 -0.551280527 0.782935476
v -0.099286730 -0.537683473 0.786923465
v -0.111754364 -0.538743520 0.788623170
v -0.049996377 -0.400003526 0.600012386
v -0.049997763 -0.383335602 0.599994363
v -0.033329361 -0.383337078 0.600012658
v -0.033346766 -0.399986668 0.600069784
v 0.067405425 -0.434037531 0.663682897
v 0.072214949 -0.421721098 0.660905281
v 0.084138135 -0.416679024 0.663881208
v 0.083826596 -0.433336919 0.668776765
v -0.416667971 -0.449991291 0.600018196
v -0.416666751 -0.433330208 0.600002376
v -0.399999936 -0.433331950 0.600001765
v -0.383048589 -0.619553823 0.749628127
v -0.367077705 -0.620187583 0.749885084
v -0.369545240 -0.619521013 0.767466257
v -0.383091064 -0.615902458 0.767756585
v -0.483333436 -0.299998999 0.599998897
v -0.483333437 -0.283335156 0.600001725
v -0.466666644 -0.283335158 0.600001847
v -0.399778870 -0.596539827 0.686924648
v -0.399904941 -0.599909850 0.700008076
v -0.400448665 -0.586658467 0.679875662
v -0.388785565 -0.588945797 0.677545623
v 0.121545918 -0.366557671 0.754543325
v 0.113186460 -0.350305171 0.762838645
v 0.113146693 -0.366390869 0.763158424
v 0.100537444 -0.366531572 0.770006908
v 0.099957344 -0.349992557 0.766647772
v -0.333333335 -0.400000005 0.600000002
v -0.333333333 -0.383333334 0.599999997
v -0.316666667 -0.383333333 0.600000000
v -0.600496019 -0.350000023 0.632837594
v -0.599987672 -0.349999953 0.650012542
v -0.599987491 -0.333333343 0.650012543
v -0.600495825 -0.333333343 0.632837563
v 0.146766292 -0.210771040 0.688159386
v 0.146954515 -0.203983546 0.688134380
v 0.146892994 -0.203929408 0.695153016
v 0.146708790 -0.210743342 0.695132144
v 0.136996903 -0.215518702 0.683756320
v 0.137376973 -0.215436727 0.700042285
v 0.134435076 -0.202273432 0.683677335
v 0.134524662 -0.201987663 0.700186301
v -0.197222245 -0.550789183 0.615600911
v -0.195864904 -0.538737399 0.620344848
v -0.195506843 -0.537990176 0.628225690
v -0.197155399 -0.550351424 0.632738302
v -0.266666713 -0.466666887 0.599999552
v -0.266666670 -0.449999976 0.600000016
v -0.250000012 -0.449999977 0.599999992
v -0.250000017 -0.466667102 0.599998893
v -0.150018408 -0.483294415 0.599710456
v -0.150031167 -0.466617905 0.600046363
v -0.133342363 -0.466647353 0.599862322
v -0.133198380 -0.483575301 0.599160966
v -0.321390526 -0.344282057 0.855526397
v -0.316927579 -0.347611252 0.866855992
v -0.311370166 -0.338266240 0.861583326
v -0.317100835 -0.332922577 0.850211158
v -0.299674370 -0.333335646 0.866932457
v -0.305073335 -0.328303088 0.855567717
v -0.304886018 -0.344769725 0.871439622
v -0.337841917 -0.329034753 0.787798845
v -0.332922949 -0.331898523 0.799245036
v -0.327288263 -0.322487746 0.794329244
v -0.321293045 -0.312062033 0.788170098
v -0.270181427 -0.267050170 0.769892221
v -0.262480185 -0.267434510 0.779079248
v -0.262794198 -0.250265153 0.779584977
v -0.270356917 -0.250072944 0.770578647
v -0.249486611 -0.267501088 0.785185360
v -0.249796456 -0.250553022 0.783250017
v -0.550135852 -0.464007815 0.602699343
v -0.533600078 -0.467534882 0.601312385
v -0.549954129 -0.450388703 0.599049494
v -0.533304541 -0.450619130 0.599222456
v -0.433327523 -0.483622927 0.599584217
v -0.433327145 -0.466715041 0.599993302
v -0.416667543 -0.466721421 0.599965864
v -0.416650166 -0.483646427 0.599572905
v -0.599986412 -0.399996463 0.766669415
v -0.599924273 -0.400014256 0.783309915
v -0.599937822 -0.383385397 0.783271913
v -0.599939071 -0.383341853 0.766653755
v -0.399859237 -0.280504053 0.736119971
v -0.400543494 -0.287857734 0.745361249
v -0.383342247 -0.288349460 0.744896633
v -0.383297869 -0.280758701 0.735951900
v -0.549915316 -0.266850713 0.782805923
v -0.533302047 -0.267152708 0.782954039
v -0.533148605 -0.249679676 0.783773779
v -0.550000485 -0.250090909 0.783315878
v -0.466893805 -0.566306839 0.863752593
v -0.450405054 -0.566714823 0.866464380
v -0.450341151 -0.553758129 0.870441944
v -0.466424800 -0.553633776 0.870125692
v -0.350000481 -0.200031994 0.650000571
v -0.350003636 -0.199998079 0.666723359
v -0.333333399 -0.200025051 0.666668639
v -0.333333320 -0.200027653 0.650000644
v -0.016561696 -0.499507440 0.733563067
v -0.600004743 -0.466665790 0.800001271
v -0.599977663 -0.466663633 0.816657650
v -0.599929156 -0.450005326 0.816646409
v -0.599990485 -0.449996902 0.800001859
v -0.598726865 -0.466404684 0.884392817
v -0.600770853 -0.466683849 0.867246627
v -0.133434914 -0.550560093 0.752076928
v -0.117215256 -0.546881610 0.753642537
v -0.127828910 -0.556360054 0.760957952
v -0.133346941 -0.537017260 0.746215039
v -0.116909797 -0.533018153 0.746939272
v -0.345054063 -0.288922806 0.761266459
v -0.349825915 -0.283621415 0.749440286
v -0.333054684 -0.286387578 0.763419713
v -0.099998272 -0.433317471 0.600023146
v -0.083331337 -0.433306870 0.600040066
v -0.433672820 -0.499996139 0.900175160
v -0.416532087 -0.500109084 0.900965423
v -0.416698797 -0.483229956 0.900676567
v -0.433880935 -0.483261410 0.899939508
v 0.050002967 -0.199505517 0.632835326
v 0.050000239 -0.200011270 0.650011902
v 0.066660413 -0.200034447 0.650009280
v 0.066653706 -0.199530304 0.632842635
v -0.166666667 -0.299998999 0.599998999
v -0.166666667 -0.283335158 0.600001824
v -0.150000000 -0.283335158 0.600001824
v -0.150000000 -0.299998999 0.599998999
v -0.429620146 -0.613356657 0.833603855
v -0.428359000 -0.611300468 0.845233573
v -0.433389431 -0.600058637 0.847311957
v -0.416903388 -0.620533608 0.834455868
v -0.416836640 -0.613487524 0.846485974
v -0.416828266 -0.600539177 0.850685232
v 0.132080856 -0.450719257 0.733531902
v 0.135018385 -0.433794882 0.733774744
v 0.132663569 -0.433704447 0.750926345
v 0.130847892 -0.450452746 0.746722879
v 0.117770060 -0.450923873 0.753622421
v 0.123055643 -0.438503939 0.756465319
v -0.016725355 -0.399943825 0.600063601
v -0.016680708 -0.383319377 0.600071912
v -0.000055969 -0.383274758 0.600063382
v -0.000021146 -0.399977990 0.599692288
v 0.033325102 -0.283335032 0.600022159
v 0.033323538 -0.266696671 0.600052127
v 0.050053080 -0.266696040 0.600000916
v 0.050051440 -0.283337572 0.599977818
v -0.584552188 -0.198794278 0.666700548
v -0.584558346 -0.198778058 0.683334654
v -0.567162837 -0.199508032 0.683335752
v -0.567162421 -0.199530588 0.666698075
v -0.510653218 -0.560543200 0.722007570
v -0.516656578 -0.566914214 0.733733865
v -0.520821606 -0.554841388 0.727968108
v -0.516086513 -0.549145918 0.717108820
v -0.499400029 -0.563587926 0.716896872
v -0.499543348 -0.568983415 0.733129314
v -0.505145864 -0.554895906 0.712032199
v -0.300000000 -0.383333333 0.600000000
v -0.283333333 -0.383333333 0.600000000
v -0.283333333 -0.400000000 0.600000000
v -0.162326409 -0.278638725 0.822691826
v -0.166761442 -0.283776467 0.830383979
v -0.150256571 -0.283603264 0.830590413
v -0.154716299 -0.278440914 0.821964931
v -0.167010697 -0.300946032 0.833345519
v -0.116491802 -0.500348147 0.601830801
v -0.100169570 -0.496875935 0.602525709
v -0.099922491 -0.500650308 0.615858592
v -0.112820110 -0.504183463 0.615148912
v -0.116591215 -0.483925559 0.599110948
v -0.100056052 -0.483892126 0.598938432
v -0.200194030 -0.499531642 0.863511805
v -0.199506433 -0.487658607 0.871179867
v -0.479200890 -0.427877770 0.888744953
v -0.483324707 -0.432871930 0.897227414
v -0.466754147 -0.432885849 0.897234389
v -0.470836531 -0.427941700 0.888743401
v -0.482913744 -0.449510153 0.903748312
v -0.066569612 -0.501426426 0.615207891
v -0.049814852 -0.501174602 0.614971212
v -0.050249546 -0.497326943 0.632877253
v -0.066667042 -0.500402717 0.632560828
v 0.104804332 -0.328237685 0.754779702
v 0.103109117 -0.316659710 0.753332941
v 0.096030643 -0.316584426 0.762463026
v 0.099324430 -0.333343269 0.763249797
v 0.087149904 -0.333631431 0.770566127
v 0.086943910 -0.316517173 0.770826461
v -0.584731927 -0.567975609 0.867672164
v -0.567000650 -0.567099039 0.867048643
v -0.566858753 -0.553637428 0.870449972
v -0.466666644 -0.350000004 0.600000037
v -0.466666644 -0.333333357 0.600000044
v -0.449999997 -0.333333356 0.600000025
v -0.449999998 -0.350000005 0.600000003
v -0.366848131 -0.280421663 0.736021776
v -0.366107243 -0.287718404 0.745424071
v -0.354754486 -0.278580758 0.737990693
v -0.516573600 -0.267125095 0.783163570
v -0.499695270 -0.266934004 0.783331838
v -0.499999147 -0.249684488 0.781438025
v -0.516271992 -0.249497694 0.784120931
v -0.029383635 -0.383314512 0.804113821
v -0.016833731 -0.366727410 0.800175857
v -0.029512215 -0.366672530 0.804113861
v -0.033218685 -0.499246526 0.733591993
v -0.016597231 -0.502862971 0.747051965
v -0.032463782 -0.502569406 0.746620602
v -0.266666668 -0.202355283 0.602355262
v -0.266666663 -0.198775317 0.615442022
v -0.250000002 -0.198775310 0.615441974
v -0.250000001 -0.202355275 0.602355261
v -0.266666667 -0.215441992 0.598775324
v -0.250000000 -0.215441992 0.598775325
v -0.116666667 -0.316666564 0.599999897
v -0.116666667 -0.299998999 0.599998999
v -0.100000000 -0.299998999 0.599998999
v -0.100000000 -0.316666564 0.599999898
v -0.466461787 -0.329007268 0.820815226
v -0.466722514 -0.336012631 0.833309102
v -0.450442263 -0.337407301 0.829549484
v -0.461931613 -0.344482196 0.838957447
v -0.449504566 -0.345691428 0.837177898
v -0.599999696 -0.299998981 0.683335530
v -0.600002801 -0.299998889 0.700000533
v -0.599999202 -0.283335067 0.699999392
v -0.599997044 -0.283335218 0.683335669
v -0.449995522 -0.449981655 0.600058027
v -0.450000830 -0.433333536 0.600008816
v -0.433333897 -0.433331165 0.600000785
v -0.433333766 -0.449992193 0.600028248
v -0.549994853 -0.202365241 0.602365243
v -0.549980360 -0.198758396 0.615464402
v -0.533299886 -0.198794835 0.615448086
v -0.533301700 -0.202368983 0.602368976
v -0.549980359 -0.215464406 0.598758361
v -0.533299885 -0.215448116 0.598794802
v -0.600764034 -0.416618599 0.632849733
v -0.600248977 -0.416628977 0.650001816
v -0.600008038 -0.399996612 0.650013620
v -0.600514705 -0.399984197 0.632834852
v -0.316291897 -0.616471621 0.683340127
v -0.299893252 -0.619492052 0.683048545
v -0.303441108 -0.619818218 0.699844317
v -0.316215052 -0.616109157 0.700422121
v -0.400000000 -0.316666564 0.599999897
v -0.400000000 -0.299998999 0.599998999
v -0.383333333 -0.299998999 0.599998999
v -0.383333333 -0.316666564 0.599999897
v -0.116711138 -0.250509622 0.801631037
v -0.104149013 -0.244813261 0.804768806
v -0.099423763 -0.232526426 0.803999263
v -0.116155515 -0.237043429 0.803590916
v -0.600332180 -0.383361459 0.800000775
v -0.601078443 -0.366374488 0.800285689
v -0.600274010 -0.366684724 0.783299216
v -0.334245102 -0.598337790 0.615726155
v -0.316880523 -0.604011829 0.632611366
v -0.333972566 -0.600759176 0.632679200
v -0.450120691 -0.545510846 0.878799679
v -0.466978414 -0.546353030 0.879188426
v -0.449834307 -0.533450877 0.886205943
v -0.466660395 -0.536692122 0.886794396
v -0.600135243 -0.499959263 0.750015704
v -0.599954563 -0.483309493 0.750032339
v -0.600249656 -0.483324091 0.733340606
v -0.500001117 -0.198774707 0.615441671
v -0.500001089 -0.199502280 0.632837907
v -0.483333345 -0.199502534 0.632838508
v -0.483333453 -0.198774893 0.615442065
v -0.249725912 -0.614384885 0.700138657
v -0.244892242 -0.605324214 0.705309875
v -0.247412896 -0.600045062 0.717173265
v -0.252521533 -0.617448781 0.717111656
v -0.262382523 -0.621537825 0.699189871
v -0.261045178 -0.623161978 0.712104531
v -0.083399744 -0.497147089 0.602406642
v -0.066400753 -0.497781562 0.602163254
v -0.083575364 -0.500516763 0.615561373
v -0.083334865 -0.484398179 0.598771508
v -0.066448138 -0.484648237 0.598572833
v -0.333278342 -0.483864649 0.900626608
v -0.316558099 -0.466643100 0.900341558
v -0.333357266 -0.466673517 0.899830116
v -0.229690746 -0.433818348 0.886896852
v -0.228040481 -0.421778339 0.888479625
v -0.233589135 -0.417045668 0.897374481
v -0.236882816 -0.433018472 0.896594196
v -0.249694532 -0.433926188 0.900772283
v -0.249684609 -0.416987469 0.900991955
v 0.067245057 -0.400077805 0.784099903
v 0.084114434 -0.400079490 0.784173014
v 0.084134691 -0.383231070 0.784229010
v 0.067279575 -0.383244123 0.784403597
v -0.495886047 -0.529525856 0.620539688
v -0.495293612 -0.528521661 0.628898315
v -0.497380480 -0.517010659 0.633765947
v -0.497144438 -0.517232302 0.620036275
v -0.484255496 -0.531621166 0.615817411
v -0.483784238 -0.530960663 0.633280924
v -0.488075729 -0.518479945 0.611771598
v -0.488093201 -0.521284274 0.638185358
v -0.366650712 -0.483293391 0.600033715
v -0.349991563 -0.483320799 0.600057597
v 0.021921466 -0.244801519 0.772185991
v 0.011952695 -0.238194815 0.778385341
v 0.017017574 -0.250033883 0.780963420
v 0.004835351 -0.228041649 0.772205822
v -0.000186016 -0.233497173 0.780740875
v 0.000557498 -0.249615839 0.783671739
v -0.600474771 -0.232846344 0.716620495
v -0.600485174 -0.232838133 0.699990494
v -0.433758853 -0.263604163 0.736217517
v -0.416841327 -0.267005127 0.735861717
v -0.416961124 -0.250983710 0.732913005
v -0.433746039 -0.250241654 0.732862557
v -0.233333333 -0.202355276 0.602355268
v -0.233333334 -0.198775349 0.615441971
v -0.216666667 -0.198775350 0.615441992
v -0.216666667 -0.202355268 0.602355270
v -0.233333333 -0.215441992 0.598775326
v -0.216666667 -0.215441991 0.598775325
v -0.462661900 -0.500861441 0.904717294
v -0.449963601 -0.500181900 0.899834320
v -0.450350531 -0.483305029 0.899653181
v -0.462624339 -0.483336445 0.904292612
v -0.350198286 -0.519068726 0.883277728
v -0.333386735 -0.516587036 0.883068041
v -0.333326191 -0.513035566 0.897026523
v -0.350268164 -0.513530538 0.897174362
v -0.333270754 -0.500950659 0.901331576
v -0.350177884 -0.500932844 0.901345688
v -0.578827051 -0.512154848 0.688136572
v -0.584369806 -0.517279459 0.699657465
v -0.589234135 -0.505422599 0.694839821
v -0.584055873 -0.499987982 0.685564714
v -0.566559569 -0.517325238 0.682494918
v -0.572336404 -0.522644505 0.694198856
v -0.570723964 -0.500696356 0.679281346
v -0.217151823 -0.605157738 0.821969941
v -0.199624495 -0.600614592 0.817523954
v -0.199864490 -0.597112706 0.830998671
v -0.216746996 -0.597662176 0.831186783
v -0.199160788 -0.584286207 0.834400968
v -0.216664214 -0.583935412 0.833819272
v -0.482963275 -0.597181074 0.766998861
v -0.483757053 -0.603148547 0.783143603
v -0.237085847 -0.250088286 0.786612942
v -0.229388616 -0.250626575 0.795868349
v -0.229627148 -0.233110522 0.796094040
v -0.216850547 -0.249931006 0.802861385
v -0.217051823 -0.233164446 0.800324085
v -0.516664474 -0.202356010 0.602355990
v -0.516664559 -0.198777550 0.615441308
v -0.500001041 -0.202354827 0.602354777
v -0.516664556 -0.215441331 0.598777524
v -0.366666667 -0.316666564 0.599999897
v -0.366666667 -0.299998999 0.599998999
v -0.350000000 -0.299998999 0.599998999
v -0.350000000 -0.316666564 0.599999897
v -0.433465863 -0.553858742 0.870365241
v -0.433427148 -0.545868215 0.878820527
v -0.433391722 -0.533895403 0.886563634
v 0.100262260 -0.198691832 0.717151885
v 0.100289456 -0.202496637 0.730654299
v 0.116954685 -0.201875975 0.730524250
v 0.117098432 -0.198056637 0.717939414
v 0.100456648 -0.215690704 0.737017021
v 0.117278670 -0.215180420 0.734105623
v -0.279851548 -0.483162198 0.886732944
v -0.278737778 -0.471330428 0.888114959
v -0.283441752 -0.466525948 0.897188602
v -0.287012247 -0.483238107 0.896338824
v -0.299814106 -0.466590868 0.900402268
v -0.584559666 -0.383329961 0.598778131
v -0.584558987 -0.366667838 0.598774679
v -0.567162519 -0.366667428 0.599503403
v -0.567164003 -0.383330521 0.599508126
v -0.316651092 -0.516652169 0.600073504
v -0.316669649 -0.500004516 0.600011022
v -0.300001756 -0.500004239 0.599993088
v -0.300003563 -0.516663503 0.600032827
v -0.083877383 -0.499842048 0.813891369
v -0.083381457 -0.483606349 0.816656610
v -0.096944594 -0.483588205 0.820296363
v -0.322540428 -0.327144464 0.838711992
v -0.311666191 -0.321743417 0.845279930
v -0.316598998 -0.319296652 0.833010989
v -0.299896106 -0.318893614 0.850204954
v -0.299976553 -0.316150896 0.833335505
v -0.516561876 -0.396075346 0.871136765
v -0.516471719 -0.403719493 0.879530488
v -0.499525503 -0.403600052 0.879607695
v -0.500213284 -0.395840922 0.870868623
v -0.516399835 -0.416162230 0.883618263
v -0.499633441 -0.416458102 0.886462100
v -0.099343657 -0.215430368 0.803940260
v -0.103841983 -0.220937601 0.813161496
v -0.099893409 -0.233056490 0.814017350
v -0.116326201 -0.229246191 0.813834768
v -0.116287121 -0.211650161 0.805393982
v -0.116971903 -0.219425201 0.814412717
v -0.171176208 -0.528669818 0.717262848
v -0.162382469 -0.519828706 0.729200001
v -0.166932667 -0.532446470 0.731345464
v -0.184805388 -0.535148850 0.717421539
v -0.179289466 -0.537916973 0.728665583
v -0.579015821 -0.377922298 0.838971810
v -0.566040500 -0.384245824 0.835249992
v -0.567029008 -0.366996401 0.833036834
v -0.584516691 -0.365492572 0.837191743
v -0.246590278 -0.587053009 0.721348286
v -0.246162554 -0.587150181 0.728158615
v -0.246681106 -0.600172090 0.729158880
v -0.050000015 -0.333333342 0.600000267
v -0.049999988 -0.316666577 0.599999911
v -0.033333372 -0.316666549 0.600000152
v 0.067069539 -0.350209814 0.598980513
v 0.066773029 -0.333358409 0.599520336
v 0.084134418 -0.333604768 0.598705220
v -0.445430704 -0.594910429 0.705245962
v -0.450185072 -0.597285141 0.716786398
v -0.455526613 -0.589263248 0.711414518
v -0.450325570 -0.587020872 0.699408400
v -0.432866276 -0.596102295 0.703784900
v -0.433647912 -0.600250939 0.716487034
v -0.433501930 -0.566490885 0.866768824
v -0.116843133 -0.530173146 0.733397916
v -0.111719631 -0.521292093 0.738332022
v -0.112221039 -0.521012111 0.745694664
v -0.133700579 -0.530122973 0.734062844
v -0.333333333 -0.333333356 0.600000023
v -0.333333333 -0.316666564 0.599999897
v -0.316666667 -0.316666564 0.599999897
v -0.316666667 -0.333333356 0.600000023
v -0.216666667 -0.350000003 0.600000003
v -0.216666667 -0.333333356 0.600000023
v -0.200000000 -0.333333356 0.600000023
v -0.200000000 -0.350000003 0.600000003
v -0.149999753 -0.416667489 0.599998374
v -0.150000007 -0.399999956 0.599999727
v -0.133333299 -0.400000292 0.599999495
v -0.133333179 -0.416667952 0.599999780
v -0.599970860 -0.349999973 0.666696163
v -0.599998459 -0.350000003 0.683335136
v -0.599998154 -0.333333376 0.683335153
v -0.599970461 -0.333333357 0.666696180
v -0.196959556 -0.550476004 0.649675434
v -0.195158179 -0.538559844 0.654443814
v -0.197215725 -0.536614503 0.667042453
v -0.200157591 -0.550072506 0.666384411
v -0.598127191 -0.464794999 0.615038775
v -0.595883884 -0.462419303 0.628036643
v -0.598324335 -0.450797335 0.633148256
v -0.601801240 -0.451353060 0.615525424
v -0.584637430 -0.468044336 0.615589795
v -0.584109962 -0.464242405 0.633371962
v -0.589223186 -0.455594951 0.637796376
v -0.066666866 -0.366666459 0.600000153
v -0.066666681 -0.349999984 0.600000248
v -0.050000203 -0.349999799 0.600000159
v -0.050000041 -0.366666631 0.599997443
v -0.333232170 -0.330592453 0.816477548
v -0.334305182 -0.329594625 0.833538285
v -0.329057134 -0.320842089 0.829603860
v -0.328470005 -0.321713559 0.820945612
v -0.433333332 -0.416666776 0.599998214
v -0.433333305 -0.400000019 0.599999947
v -0.416666661 -0.400000091 0.599999969
v -0.416666606 -0.416666708 0.599999551
v -0.596518015 -0.545541759 0.721115046
v -0.597836314 -0.547649847 0.732451815
v -0.601369433 -0.533926236 0.732725167
v -0.597795383 -0.534089305 0.719408869
v -0.584553593 -0.546955838 0.719901318
v -0.584641674 -0.554197850 0.731890071
v -0.584488516 -0.534497447 0.713498193
v -0.283337340 -0.516651000 0.600032925
v -0.283333123 -0.500000814 0.600001257
v -0.266665906 -0.499996090 0.600011577
v -0.266667560 -0.516639836 0.600039362
v -0.000480115 -0.449878888 0.800163604
v 0.017238551 -0.449679478 0.801523729
v 0.017169570 -0.433129904 0.800598123
v -0.000450564 -0.433098424 0.800027601
v -0.449999974 -0.382880180 0.870339996
v -0.433290016 -0.383000859 0.869840292
v -0.433258193 -0.365751727 0.864580016
v -0.449997756 -0.365648222 0.867041807
v -0.599975373 -0.400067273 0.799934969
v -0.600538639 -0.400018670 0.816796077
v -0.601214360 -0.382951254 0.817225698
v -0.350000000 -0.366666666 0.599999999
v -0.350000000 -0.350000003 0.600000003
v -0.333333333 -0.350000003 0.600000003
v -0.333333333 -0.366666666 0.599999999
v -0.050327001 -0.283412147 0.799466790
v -0.066674626 -0.283062881 0.802757724
v -0.349997040 -0.199586504 0.683618800
v -0.349905681 -0.199507069 0.700173024
v -0.333332205 -0.199416588 0.700575455
v -0.333333396 -0.199713011 0.683445147
v -0.120795452 -0.416618779 0.845557781
v -0.120958533 -0.433416090 0.845257851
v -0.132855449 -0.433617621 0.852406136
v -0.129262324 -0.417021711 0.853717269
v -0.470527690 -0.483267783 0.913877948
v -0.470504271 -0.500597040 0.914541110
v -0.483416592 -0.500769237 0.917862295
v -0.482987880 -0.483419511 0.914965524
v 0.116834184 -0.250403236 0.736319826
v 0.133851842 -0.250418114 0.733871826
v 0.134720048 -0.232367322 0.733918589
v 0.117240074 -0.232846465 0.734371828
v -0.116853133 -0.533235492 0.800029097
v -0.119808815 -0.550154018 0.796171854
v -0.129273053 -0.550865616 0.803760913
v -0.127922212 -0.538349712 0.805185505
v -0.228296682 -0.310577624 0.856071118
v -0.233045532 -0.313604033 0.867109126
v 0.033334837 -0.202355527 0.602354404
v 0.033334516 -0.198775175 0.615440136
v 0.050000954 -0.198776414 0.615444992
v 0.049994492 -0.202355586 0.602372081
v 0.049981613 -0.215439728 0.598809315
v 0.050000330 -0.200033302 0.666699091
v 0.049996757 -0.200037710 0.683327003
v 0.066649695 -0.200061771 0.683311560
v 0.066667742 -0.200063362 0.666693579
v -0.416730882 -0.597253765 0.700292791
v -0.399818963 -0.603736628 0.712779904
v -0.416740639 -0.603231915 0.716151689
v -0.433333334 -0.232837559 0.599504221
v -0.433333334 -0.215442004 0.598775314
v -0.416666667 -0.215442012 0.598775315
v -0.416666667 -0.232837560 0.599504220
v -0.584552020 -0.198789920 0.699984361
v -0.584551476 -0.198767265 0.716644031
v -0.567239483 -0.534433225 0.898020692
v -0.550380544 -0.534706044 0.901121306
v -0.549783406 -0.516862055 0.904220362
v -0.567479480 -0.517497852 0.900959210
v 0.033455879 -0.333203335 0.783245663
v 0.050178455 -0.333334802 0.783666432
v 0.050279438 -0.316639306 0.783848605
v 0.033083107 -0.316654130 0.783210999
v -0.579076121 -0.528831049 0.704513400
v -0.589415517 -0.522302539 0.710773111
v -0.566479394 -0.531346040 0.699972722
v -0.567154430 -0.537707400 0.712645627
v -0.287143202 -0.349635150 0.887478326
v -0.279929510 -0.349537683 0.897407285
v -0.278726718 -0.337810363 0.895786766
v -0.283240750 -0.336038754 0.883851243
v -0.267049366 -0.336085049 0.897275476
v -0.267273832 -0.329959564 0.884108943
v -0.287253344 -0.312383785 0.833919002
v -0.288161498 -0.311566510 0.821185018
v -0.250030974 -0.533445829 0.599721300
v -0.250006072 -0.516633876 0.600032274
v -0.233350197 -0.516650315 0.599999212
v -0.233351289 -0.533613630 0.599404021
v -0.082248426 -0.232671212 0.803476290
v -0.082638920 -0.215277090 0.800938974
v -0.053709341 -0.495985375 0.649800766
v -0.044556155 -0.488153901 0.661849109
v -0.050020572 -0.497264487 0.666767872
v -0.067145906 -0.500223862 0.649923366
v -0.066634131 -0.500309568 0.666922929
v -0.283636016 -0.530259842 0.880476919
v -0.299374315 -0.530301388 0.880169226
v -0.116666667 -0.250012546 0.600012546
v -0.116666667 -0.232837557 0.599504223
v -0.100000000 -0.232837557 0.599504223
v -0.100000000 -0.250012546 0.600012546
v -0.183408126 -0.499946853 0.599999764
v -0.183349711 -0.483301525 0.600079858
v -0.166729657 -0.483253444 0.600056130
v -0.166697860 -0.499993269 0.599637817
v -0.599987297 -0.299999384 0.716660170
v -0.599950955 -0.300004924 0.733289257
v -0.599980836 -0.283337921 0.733293381
v -0.599981285 -0.283334870 0.716653367
v -0.400000000 -0.250012545 0.600012546
v -0.400000000 -0.232837560 0.599504219
v -0.383333333 -0.232837560 0.599504219
v -0.180938570 -0.518891007 0.666419079
v -0.200074403 -0.532888419 0.846873563
v -0.200161157 -0.516807653 0.852572829
v -0.250000000 -0.350000003 0.600000003
v -0.250000000 -0.333333356 0.600000023
v -0.233333333 -0.333333356 0.600000023
v -0.233333333 -0.350000003 0.600000003
v -0.601200254 -0.382274991 0.834495149
v -0.598446416 -0.365713521 0.834679243
v -0.601279934 -0.365595372 0.817747936
v -0.599929955 -0.499952356 0.766693115
v -0.599938338 -0.499972355 0.783338575
v -0.599990703 -0.483331028 0.783331630
v -0.599954159 -0.483325866 0.766673517
v 0.062108572 -0.461731056 0.671908010
v 0.066535103 -0.450402771 0.668826918
v 0.072228213 -0.455491590 0.677970875
v 0.066579160 -0.464688801 0.682925003
v 0.049743844 -0.463402600 0.670082532
v 0.050311462 -0.470021833 0.682919947
v -0.500000677 -0.200011576 0.650012598
v -0.500000549 -0.200050337 0.666685448
v -0.483335282 -0.200072887 0.666677020
v -0.483333253 -0.200018325 0.650011370
v -0.533303810 -0.333333346 0.600029565
v -0.516664842 -0.333333347 0.600001859
v -0.516664844 -0.349999982 0.600001812
v -0.254703555 -0.278508645 0.787821001
v -0.250333780 -0.281371386 0.799753047
v -0.244441877 -0.272442517 0.794491642
v -0.233048981 -0.267112683 0.799381819
v -0.238161403 -0.262816205 0.788000895
v -0.237944600 -0.278580110 0.804721188
v -0.266028577 -0.621204028 0.736708315
v -0.249792301 -0.617402678 0.733185566
v -0.249662627 -0.614308376 0.749808480
v -0.266695622 -0.617348020 0.749978021
v -0.083335752 -0.500420796 0.632844455
v -0.083105172 -0.500248794 0.649891634
v 0.080054595 -0.316219402 0.780572573
v 0.079654569 -0.333470151 0.779988507
v 0.067149064 -0.333297294 0.784181788
v 0.067424402 -0.316193549 0.784828267
v -0.036964350 -0.366579936 0.812762627
v -0.036899311 -0.383361964 0.812918074
v -0.049868582 -0.383414293 0.816281825
v -0.049882019 -0.366465835 0.816132945
v -0.533767763 -0.329015317 0.821230745
v -0.533096421 -0.336305642 0.830173139
v -0.516739130 -0.336444153 0.829526495
v -0.516852416 -0.328792731 0.820802136
v -0.533297155 -0.349751883 0.832854640
v -0.516399378 -0.350014056 0.833289933
v -0.166666699 -0.399999915 0.600000077
v -0.166666668 -0.383333331 0.600000038
v -0.600656688 -0.249986832 0.750512244
v -0.601302780 -0.232750067 0.750609306
v -0.600649328 -0.232840265 0.733346926
v -0.350046683 -0.450336406 0.899694184
v -0.333453564 -0.450058420 0.899575545
v -0.333473001 -0.433326175 0.899678135
v -0.349514006 -0.433199349 0.900073658
v -0.217011997 -0.416869707 0.885660483
v -0.199759848 -0.416814628 0.883677361
v -0.488174548 -0.344390296 0.838565235
v -0.482875578 -0.349126147 0.847690525
v -0.479202124 -0.337847143 0.844791175
v -0.483208020 -0.335518588 0.833503013
v -0.471069179 -0.338079641 0.845212796
v -0.466929073 -0.348969425 0.850846733
v -0.233333334 -0.199504034 0.632837526
v -0.233333327 -0.200011477 0.650012903
v -0.216666659 -0.200012062 0.650012494
v -0.216666664 -0.199504272 0.632837525
v -0.017350536 -0.433251790 0.799778011
v -0.000556500 -0.416810660 0.796816449
v -0.017185944 -0.416769931 0.799672006
v -0.266715142 -0.400046583 0.900491726
v -0.250180578 -0.400176652 0.900626000
v -0.250401458 -0.383235263 0.900547720
v -0.266767434 -0.383240917 0.900739079
v 0.049966392 -0.366644983 0.783297094
v 0.067175134 -0.366649540 0.783853393
v 0.066772129 -0.350098235 0.783763401
v 0.049988068 -0.350037297 0.783329094
v -0.550157891 -0.312648558 0.804261681
v -0.533485472 -0.312509672 0.803884766
v -0.533324823 -0.300346294 0.796813132
v -0.549819746 -0.299423142 0.800182063
v -0.366666667 -0.232837560 0.599504220
v -0.350000000 -0.232837559 0.599504221
v -0.516665264 -0.199506781 0.632837012
v -0.516665018 -0.200014006 0.650013392
v -0.149984608 -0.530642951 0.833571759
v -0.146171567 -0.517232073 0.837545570
v -0.153554969 -0.516938775 0.846646591
v -0.154973540 -0.528566883 0.845329073
v -0.099999988 -0.366666663 0.600000027
v -0.099999999 -0.350000002 0.599999991
v -0.083333321 -0.350000011 0.600000018
v -0.083333348 -0.366666636 0.600000251
v -0.033102398 -0.450204598 0.599104164
v -0.033347699 -0.433325666 0.599712577
v -0.016375024 -0.433613457 0.598947519
v -0.015971843 -0.450509457 0.598920514
v -0.099850046 -0.503186226 0.633205316
v -0.232994608 -0.449985030 0.886137506
v -0.217111834 -0.449953184 0.883159219
v -0.216802775 -0.433165413 0.882935128
v -0.033217036 -0.483894183 0.803369083
v -0.016685940 -0.484194533 0.800666440
v -0.016770597 -0.467283526 0.800072222
v -0.029458951 -0.467513115 0.804106422
v -0.316666559 -0.449999835 0.600000116
v -0.316666659 -0.433333323 0.600000152
v -0.300000007 -0.433333345 0.600000009
v -0.299999990 -0.449999972 0.600000242
v -0.233603697 -0.566829396 0.836391799
v -0.216884102 -0.566976052 0.833650697
v -0.216197656 -0.553451029 0.836736430
v -0.228406474 -0.555342003 0.838303156
v -0.383333333 -0.283335158 0.600001824
v -0.366666667 -0.283335158 0.600001824
v -0.266666667 -0.316666564 0.599999897
v -0.266666667 -0.299998999 0.599998999
v -0.250000000 -0.299998999 0.599998999
v -0.250000000 -0.316666564 0.599999897
v -0.598392726 -0.451503041 0.602020226
v -0.602005324 -0.433803117 0.615488371
v -0.598008471 -0.433929365 0.602156180
v -0.584600375 -0.433921115 0.598326603
v -0.584855727 -0.451546374 0.598053382
v -0.450670433 -0.263724167 0.735920231
v -0.450483074 -0.269966911 0.748830844
v -0.434103681 -0.270628072 0.745687174
v -0.445418096 -0.278421968 0.755227971
v -0.432839545 -0.279910990 0.753099886
v -0.166907508 -0.349961798 0.851814001
v -0.150075918 -0.333059291 0.849893140
v -0.167277381 -0.333480873 0.849558433
v -0.450231585 -0.349281635 0.851209474
v 0.104307314 -0.383228164 0.771066078
v 0.095428129 -0.371549008 0.778770286
v 0.097269217 -0.383819918 0.780605610
v 0.088909881 -0.361837318 0.772411236
v 0.083530919 -0.366693148 0.780873272
v -0.444813524 -0.428315666 0.888672141
v -0.432759883 -0.430265834 0.886875162
v -0.433439429 -0.417256084 0.883380779
v -0.449964004 -0.416831644 0.886317739
v -0.066446211 -0.350020844 0.819642918
v -0.049593294 -0.349493023 0.817111061
v -0.048751687 -0.332627270 0.820393399
v -0.060799231 -0.337833321 0.822962374
v -0.395853286 -0.328240274 0.788291431
v -0.400270744 -0.334222421 0.796691908
v -0.383359331 -0.333667131 0.796704161
v -0.387546058 -0.328589381 0.788455917
v -0.399877447 -0.347398968 0.802859556
v -0.383127359 -0.347411913 0.802965432
v -0.516497963 -0.297107867 0.786234419
v -0.516911366 -0.304313982 0.795532564
v -0.500027701 -0.304736935 0.795296550
v -0.500254017 -0.297165685 0.786331100
v -0.516683118 -0.313328318 0.803623929
v -0.499749518 -0.313362206 0.803444400
v -0.597631024 -0.266698300 0.602368977
v -0.601205199 -0.266700115 0.615448118
v -0.601241639 -0.250019641 0.615464408
v -0.597634759 -0.250005147 0.602365241
v -0.584535593 -0.250019641 0.598758361
v -0.584551883 -0.266700115 0.598794802
v -0.133333333 -0.232837557 0.599504223
v -0.133333333 -0.215441992 0.598775325
v -0.116666667 -0.215441992 0.598775325
v -0.599940522 -0.266695939 0.666695916
v 0.012122385 -0.445421321 0.603497783
v 0.017255541 -0.433893733 0.601531338
v 0.013600135 -0.446566430 0.616047009
v 0.000400310 -0.450216288 0.601585197
v 0.003660786 -0.453869187 0.615793255
v 0.000825390 -0.434099747 0.598747076
v -0.600485027 -0.383333977 0.632836420
v -0.601211204 -0.383331610 0.615441091
v -0.600001436 -0.350000005 0.699999257
v -0.600001084 -0.349999884 0.716667842
v -0.600000558 -0.333332871 0.716666945
v -0.600002102 -0.333333364 0.699999459
v 0.049933747 -0.316651792 0.600093009
v 0.049973461 -0.299998464 0.600037166
v 0.066788837 -0.299986183 0.599730855
v 0.066661617 -0.316633369 0.599751926
v -0.400000000 -0.215442016 0.598775302
v -0.200900927 -0.549696513 0.683360223
v -0.197232855 -0.536409349 0.683461149
v -0.197133207 -0.536831602 0.699965533
v -0.200714511 -0.549448041 0.700524199
v -0.199720167 -0.566802350 0.834023171
v -0.595405975 -0.461450270 0.654809088
v -0.598124891 -0.466774909 0.666754619
v -0.600727948 -0.450406021 0.666296069
v -0.597843380 -0.450137531 0.649869056
v -0.583812473 -0.463785399 0.649891803
v -0.584580270 -0.470050924 0.662930119
v -0.589032605 -0.455107080 0.646032900
v -0.350088308 -0.549955663 0.866904017
v -0.349705592 -0.532374684 0.868378680
v -0.283333343 -0.449999982 0.600000045
v -0.283333334 -0.433333333 0.599999994
v -0.266666665 -0.433333327 0.600000011
v -0.233333333 -0.316666564 0.599999897
v -0.233333333 -0.299998999 0.599998999
v -0.216666667 -0.299998999 0.599998999
v -0.216666667 -0.316666564 0.599999897
v -0.148969154 -0.570105512 0.766097986
v -0.132976046 -0.564951005 0.766153922
v -0.131871084 -0.567881791 0.783460354
v -0.145708459 -0.571720713 0.783266327
v -0.598907029 -0.551268208 0.749294445
v -0.601274786 -0.551271644 0.766355039
v -0.600934181 -0.533916103 0.766579297
v -0.601136194 -0.533995105 0.749624977
v -0.601166410 -0.399637529 0.834166070
v -0.598243153 -0.399387219 0.851002373
v -0.597367587 -0.382584644 0.847598321
v -0.584026765 -0.396309988 0.853821677
v -0.584573479 -0.382905793 0.847747181
v -0.111337204 -0.361729290 0.838550157
v -0.113172641 -0.350095462 0.836916606
v -0.120304066 -0.349831567 0.846132741
v -0.116751748 -0.366521196 0.847146223
v -0.567186723 -0.450949391 0.598370770
v -0.567134376 -0.433817074 0.598939816
v -0.549964106 -0.433610088 0.599540821
v 0.121292337 -0.304868069 0.672129877
v 0.133004990 -0.299956674 0.666508081
v 0.133110690 -0.303020492 0.679483165
v 0.120822231 -0.304374540 0.679754371
v -0.395666130 -0.361301972 0.838280834
v -0.399908949 -0.353093372 0.832811797
v -0.404680227 -0.355524009 0.844393547
v -0.399687738 -0.366698661 0.849798069
v 0.130402366 -0.366522351 0.703312220
v 0.134349846 -0.350757752 0.699311884
v 0.133836439 -0.350359949 0.716552112
v 0.133913460 -0.366981331 0.717126005
v 0.119915544 -0.367622250 0.696257873
v 0.122014885 -0.355462345 0.694584065
v -0.549972973 -0.453451909 0.896424344
v -0.533360916 -0.450054960 0.897290098
v -0.538047947 -0.444879335 0.888428108
v -0.550150066 -0.466322523 0.900412151
v -0.533199327 -0.466085268 0.900049460
v -0.516401915 -0.516683496 0.652270284
v -0.516231933 -0.499760910 0.647549501
v -0.504940558 -0.504398494 0.645036001
v -0.499971593 -0.516476233 0.647113240
v -0.355050742 -0.360492442 0.855723458
v -0.350510366 -0.363709424 0.866969094
v -0.344980228 -0.354991041 0.861776335
v -0.350106180 -0.349791578 0.850037207
v -0.332870713 -0.352842763 0.866778658
v -0.334079268 -0.346492003 0.854083447
v -0.338561507 -0.361195027 0.872118105
v 0.033334136 -0.199503431 0.632836836
v 0.033333441 -0.200010740 0.650012786
v 0.049978245 -0.200049500 0.699940007
v 0.066741458 -0.199316278 0.716822965
v 0.066639138 -0.199909307 0.699967011
v -0.361542271 -0.328965789 0.787640204
v -0.366342523 -0.334082631 0.796721023
v -0.349451790 -0.337589782 0.799154808
v -0.349656753 -0.330337314 0.786366702
v -0.366282728 -0.347344139 0.803064271
v -0.354398450 -0.346698366 0.803875375
v -0.584602463 -0.198456016 0.733496211
v -0.584589094 -0.198223219 0.750733388
v -0.567240816 -0.198638789 0.750654758
v -0.567193021 -0.199059513 0.733457546
v -0.363141704 -0.433140152 0.904771005
v -0.366662449 -0.416152284 0.903734152
v -0.567162342 -0.266697188 0.599532650
v -0.567151022 -0.250022435 0.599495459
v -0.549986378 -0.250013622 0.600022940
v -0.549988483 -0.266695360 0.600043931
v 0.083996681 -0.316714579 0.598568765
v -0.116858902 -0.502112625 0.667481128
v -0.099954177 -0.499447552 0.666811958
v -0.100195495 -0.498825790 0.683313361
v -0.117368468 -0.498782827 0.683617330
v -0.166215029 -0.567510789 0.748978400
v -0.150439017 -0.563211767 0.753023411
v -0.160825352 -0.573031875 0.760391084
v -0.161510597 -0.555526446 0.744327522
v -0.149641460 -0.550214704 0.746992679
v -0.295353723 -0.321416911 0.862062025
v -0.283488597 -0.315859993 0.864409107
v -0.287495560 -0.312253256 0.850596760
v -0.284448708 -0.329075267 0.871013049
v -0.050044195 -0.433277120 0.600056744
v -0.050012569 -0.416651878 0.600066317
v -0.033386542 -0.416618962 0.600054999
v 0.119902875 -0.266803537 0.736592586
v 0.111071532 -0.255212522 0.743985127
v 0.112843563 -0.267558595 0.746401020
v 0.105327683 -0.245224965 0.738324608
v 0.099761888 -0.250171567 0.746655487
v 0.100015164 -0.266255182 0.753024536
v -0.300022965 -0.399674389 0.900589938
v -0.283310077 -0.399906301 0.900264135
v -0.283221357 -0.383178019 0.900326685
v -0.300073898 -0.383235210 0.900694737
v -0.050171142 -0.233183085 0.786032646
v -0.033659040 -0.232896595 0.783691393
v -0.033241436 -0.215455805 0.783757661
v -0.049879276 -0.215790477 0.784172311
v 0.110386985 -0.378628606 0.689371934
v 0.112115208 -0.366127758 0.687380939
v 0.116412805 -0.383655808 0.700139368
v 0.102573737 -0.366433288 0.680414387
v -0.383458365 -0.600540226 0.853616626
v -0.366690299 -0.600533391 0.850471518
v -0.366238638 -0.587681841 0.854524190
v -0.378748202 -0.589157178 0.855923755
v -0.187332256 -0.532235663 0.649300629
v -0.180483393 -0.519080072 0.649967550
v -0.188370068 -0.528476470 0.666663831
v -0.316553512 -0.295979198 0.770424699
v -0.299707392 -0.296770725 0.769847239
v -0.299298303 -0.284336508 0.765929121
v -0.316752750 -0.283299565 0.764001930
v 0.016666666 -0.198775293 0.615441718
v 0.016666599 -0.199504210 0.632837631
v 0.146742204 -0.228712902 0.620348061
v 0.148454916 -0.216238846 0.619829007
v 0.149130396 -0.215958918 0.632919112
v 0.147011164 -0.228645037 0.627896376
v 0.134569855 -0.233346033 0.618633790
v 0.137157250 -0.234321047 0.632742225
v 0.135190298 -0.216075352 0.612317870
v 0.140367831 -0.221645827 0.638249180
v -0.233432070 -0.533439767 0.852378519
v -0.228452359 -0.522114958 0.855439965
v -0.233206431 -0.516921720 0.866855197
v -0.238444743 -0.527468167 0.860932311
v -0.249502166 -0.536816634 0.853438124
v -0.250688964 -0.529667564 0.862752597
v -0.249240942 -0.520452937 0.870672367
v -0.266666622 -0.483334387 0.599999106
v -0.148718914 -0.517930430 0.598950517
v -0.149631200 -0.500309588 0.598924369
v -0.132648439 -0.500724863 0.598961639
v -0.132599789 -0.517336510 0.601684550
v -0.250000000 -0.283335158 0.600001824
v -0.250000000 -0.266696192 0.600029525
v -0.516349643 -0.466342491 0.899763003
v -0.499949694 -0.466552693 0.900228987
v -0.600129540 -0.300008032 0.750016022
v -0.601013748 -0.299892001 0.767286879
v -0.600962467 -0.283232685 0.767449384
v -0.600310652 -0.283334818 0.750119100
v 0.016988380 -0.400319809 0.598891238
v 0.034092884 -0.400834900 0.598733573
v 0.102002715 -0.336461394 0.667820924
v 0.098794058 -0.349175692 0.667702393
v -0.533303760 -0.283335192 0.600031267
v -0.533304089 -0.266695911 0.600059611
v -0.100306907 -0.529978229 0.796618778
v 0.078466071 -0.394616526 0.620800388
v 0.084635847 -0.384421145 0.615598969
v 0.087815244 -0.387319472 0.633026698
v 0.079662299 -0.396648571 0.633949493
v 0.067033503 -0.397960099 0.615905199
v 0.067006356 -0.402774713 0.632937784
v 0.072531638 -0.389036564 0.610321327
v -0.599976598 -0.499987867 0.800000380
v -0.599973169 -0.499990890 0.816666413
v -0.599993730 -0.483333485 0.816663634
v -0.600003478 -0.483332528 0.800000481
v -0.267432731 -0.616836453 0.765864145
v -0.250137267 -0.614460370 0.766476639
v -0.250183922 -0.614392961 0.782874029
v -0.267369792 -0.612751098 0.779165664
v -0.254216219 -0.598941583 0.786951705
v -0.266387667 -0.599020296 0.786091275
v -0.055060739 -0.510996413 0.738402674
v -0.050254581 -0.502205374 0.733292791
v -0.045066733 -0.504867378 0.744551062
v -0.050396703 -0.516760365 0.749766380
v -0.067577537 -0.512041557 0.736881830
v -0.066468865 -0.519439405 0.749749102
v -0.083259799 -0.499843009 0.666743092
v -0.066851865 -0.496887426 0.683718843
v -0.083571438 -0.499608811 0.683519532
v -0.183322501 -0.200048481 0.749988127
v -0.183292625 -0.199514342 0.767183281
v -0.166648602 -0.199498086 0.767191064
v -0.166668102 -0.200013812 0.750003007
v -0.150000000 -0.316666564 0.599999897
v -0.150000000 -0.333333356 0.600000023
v -0.233420574 -0.466720544 0.883789770
v -0.250160605 -0.467002913 0.886171399
v -0.483321368 -0.449997582 0.599873393
v -0.466656377 -0.449974007 0.600043877
v -0.466668338 -0.466630785 0.599791950
v -0.180325595 -0.349760958 0.866693395
v -0.186681270 -0.336589069 0.866544502
v -0.187975180 -0.338182370 0.878308872
v -0.186237121 -0.349477098 0.880074121
v -0.199221744 -0.336220677 0.880408414
v -0.198631336 -0.349465881 0.887390824
v -0.549987443 -0.316666574 0.600012424
v -0.549987409 -0.299999016 0.600011484
v -0.533303787 -0.299999021 0.600028481
v -0.533303810 -0.316666563 0.600029425
v -0.601380534 -0.249861885 0.767743444
v -0.597757888 -0.249927538 0.780760085
v -0.597750883 -0.233347573 0.781215767
v -0.601446698 -0.232657091 0.768018849
v -0.584579519 -0.232643808 0.785073651
v 0.000268545 -0.215538272 0.770249447
v -0.004834426 -0.220851854 0.778890522
v -0.011492634 -0.210556189 0.772875070
v -0.016733875 -0.215631029 0.781503489
v -0.016440467 -0.232721249 0.783475134
v -0.344844957 -0.605807355 0.839387482
v -0.332312750 -0.604363799 0.837851512
v -0.333621977 -0.596677613 0.846989831
v -0.349862103 -0.600548588 0.847772667
v -0.333043718 -0.583714356 0.853458692
v -0.349846142 -0.587389139 0.854306324
v -0.483255127 -0.563526132 0.866406934
v -0.478522830 -0.554510262 0.871482868
v -0.483541560 -0.550017017 0.880744344
v -0.488270891 -0.561111867 0.877789666
v -0.133532342 -0.263285129 0.802057809
v -0.133727969 -0.269496810 0.816461802
v -0.116766770 -0.267206567 0.813609871
v -0.121633089 -0.262157203 0.803197807
v -0.128631844 -0.278001064 0.822296569
v -0.116185986 -0.279418009 0.820704226
v 0.044781434 -0.295381178 0.771334159
v 0.049902666 -0.300155142 0.780617187
v 0.054761749 -0.288536793 0.778261846
v 0.067268792 -0.286315504 0.780635543
v 0.067229323 -0.299359164 0.784261147
v -0.233333421 -0.200031238 0.666697311
v -0.233333108 -0.200023892 0.683333764
v -0.216667324 -0.200004234 0.683336517
v -0.216666788 -0.200027604 0.666696515
v -0.162635086 -0.378842047 0.854368229
v -0.166581863 -0.383627458 0.866461341
v -0.150132837 -0.383325812 0.863577362
v -0.154589309 -0.378322509 0.854330937
v -0.162631028 -0.399773754 0.871093355
v -0.149394953 -0.400358079 0.867374740
v -0.100000000 -0.283335158 0.600001824
v -0.083333333 -0.283335158 0.600001824
v -0.083333333 -0.299998999 0.599999000
v -0.033332540 -0.199874332 0.733360959
v -0.033260575 -0.199099558 0.750579408
v -0.016660698 -0.199245494 0.750636674
v -0.016672430 -0.199725168 0.733439024
v 0.045311504 -0.477966285 0.688736320
v 0.055134513 -0.472490972 0.694513560
v 0.050032504 -0.480641598 0.700174655
v 0.032937414 -0.479519163 0.687524919
v 0.033595610 -0.486262890 0.699734001
v 0.033312697 -0.470747238 0.679467144
v -0.483277956 -0.600612715 0.833875330
v -0.478538140 -0.594538215 0.844515560
v -0.483444151 -0.582853979 0.846990694
v -0.487414877 -0.588341035 0.838254721
v -0.466820712 -0.602981842 0.833753007
v -0.466405788 -0.596084114 0.846753798
v -0.466972579 -0.583580007 0.853281917
v -0.516664574 -0.200042087 0.666692938
v -0.516666144 -0.200033382 0.683311144
v -0.500004766 -0.200018222 0.683320499
v -0.029881937 -0.282866585 0.786592505
v -0.016826837 -0.283591898 0.782832810
v -0.017143916 -0.266809873 0.783008296
v -0.033493586 -0.266883760 0.785694714
v -0.353466838 -0.347061294 0.816327339
v -0.346127100 -0.338042523 0.816199477
v -0.099408466 -0.503004979 0.650017705
v -0.499969852 -0.283948209 0.783251605
v -0.516922318 -0.284074423 0.782968182
v -0.266666667 -0.250012546 0.600012546
v -0.266666667 -0.232837556 0.599504223
v -0.250000000 -0.232837556 0.599504223
v -0.250000000 -0.250012546 0.600012546
v -0.233899148 -0.613737871 0.770115649
v -0.217149779 -0.613710063 0.770261481
v -0.216158877 -0.618819405 0.782803900
v -0.233583074 -0.618784137 0.783403957
v -0.233722591 -0.600087157 0.763860074
v -0.217231855 -0.599840502 0.766738914
v -0.116666667 -0.350000001 0.600000003
v -0.116666667 -0.333333357 0.600000024
v -0.100000001 -0.333333356 0.600000022
v -0.450006285 -0.483473550 0.599532844
v -0.449980954 -0.466637956 0.600012754
v -0.600404322 -0.433301025 0.649926785
v -0.600943161 -0.433465709 0.632935337
v -0.400000000 -0.350000003 0.600000003
v -0.400000000 -0.333333356 0.600000023
v -0.383333333 -0.333333356 0.600000023
v -0.383333333 -0.350000003 0.600000003
v -0.438355796 -0.544359574 0.638636720
v -0.433242297 -0.535701682 0.633531222
v -0.429148706 -0.537992620 0.645136700
v -0.433428103 -0.549394586 0.650235252
v -0.449956620 -0.545977607 0.637036216
v -0.450009766 -0.552604319 0.649768022
v -0.449904806 -0.537270780 0.629357507
v -0.266422578 -0.567262466 0.598955814
v -0.266616008 -0.550395349 0.599145685
v -0.250003750 -0.550624000 0.599191803
v -0.249807670 -0.567478571 0.601399841
v -0.050002224 -0.200044246 0.716647378
v -0.050011352 -0.199995924 0.733334219
v -0.033335729 -0.200041898 0.716628058
v 0.098142887 -0.497505606 0.751201618
v 0.103651123 -0.484358100 0.750548380
v 0.096857765 -0.483836154 0.763282635
v 0.096040064 -0.496339871 0.762559683
v 0.088590876 -0.505427825 0.750314578
v 0.084771618 -0.501615624 0.764743069
v 0.084303523 -0.484141076 0.767710485
v -0.338130997 -0.210523868 0.722820629
v -0.333342842 -0.215845537 0.731333258
v -0.328572826 -0.204020121 0.729324835
v -0.333335943 -0.201862581 0.717558138
v -0.316449919 -0.202262806 0.730797985
v -0.316959686 -0.198802502 0.717943871
v -0.316744466 -0.215541875 0.733764249
v -0.120528418 -0.529471700 0.816265124
v -0.133302289 -0.536547269 0.816566555
v -0.466783240 -0.518043177 0.598624665
v -0.466957698 -0.500604603 0.598623049
v -0.450150324 -0.500580803 0.599093531
v -0.450310340 -0.517439171 0.601660857
v 0.087181574 -0.433759918 0.770936961
v 0.088601773 -0.421525047 0.772374687
v 0.083416697 -0.416703747 0.780709271
v 0.079731554 -0.433353863 0.779650459
v 0.066514929 -0.433393172 0.783478096
v 0.066989209 -0.416745978 0.783185446
v -0.000037682 -0.283379540 0.782892579
v 0.016780305 -0.283257214 0.783505587
v 0.017290025 -0.266157631 0.783991969
v 0.000435694 -0.266396660 0.783953529
v -0.383072053 -0.553842142 0.870662763
v -0.383404076 -0.546412256 0.879117174
v -0.383016519 -0.533705839 0.883363700
v 0.003816906 -0.453695799 0.633015615
v 0.016060867 -0.447013210 0.633339160
v 0.016281339 -0.453394941 0.646502411
v 0.004550434 -0.455428145 0.645123120
v -0.599952393 -0.399998993 0.666701643
v -0.599958260 -0.383333811 0.666696612
v -0.599977318 -0.383335294 0.650012991
v -0.599988161 -0.349999863 0.733330123
v -0.599959113 -0.350004800 0.749970529
v -0.599972421 -0.333339101 0.749973758
v -0.599977125 -0.333332473 0.733321472
v -0.601209067 -0.467409615 0.682632591
v -0.601089871 -0.466986337 0.699673996
v -0.163473501 -0.366818301 0.852542773
v -0.172249892 -0.354908365 0.860507308
v -0.170749179 -0.367810216 0.862138098
v -0.178133227 -0.344826701 0.854852426
v -0.179489118 -0.366014954 0.870196029
v -0.083333332 -0.333333358 0.600000007
v -0.066666654 -0.333333369 0.600000033
v -0.333031718 -0.250233904 0.732567515
v -0.333196433 -0.233058974 0.733214282
v -0.601360585 -0.550930723 0.783228378
v -0.600933848 -0.550371946 0.800049281
v -0.600429631 -0.533612926 0.800023556
v -0.600639128 -0.533843671 0.783335093
v -0.132559785 -0.564690294 0.800333720
v -0.136459128 -0.550306377 0.813387252
v -0.137575891 -0.561938119 0.812191670
v -0.149985282 -0.549934232 0.819655297
v -0.399998437 -0.483500557 0.599683382
v -0.299999965 -0.483333732 0.599996397
v -0.283333104 -0.483334062 0.599998664
v -0.366666667 -0.350000003 0.600000003
v -0.366666667 -0.333333356 0.600000023
v -0.350000000 -0.333333356 0.600000023
v -0.411692916 -0.544028769 0.639228143
v -0.416973931 -0.549370968 0.647502874
v -0.420973796 -0.538078382 0.644735876
v -0.416497439 -0.535372881 0.634120736
v -0.398756757 -0.545656312 0.637670317
v -0.400318253 -0.553080081 0.646818591
v -0.399864583 -0.536196927 0.630107220
v -0.561645965 -0.512078820 0.671253274
v -0.562956942 -0.499489129 0.670021742
v -0.549933730 -0.513444628 0.669690232
v -0.550450457 -0.520170283 0.683009438
v -0.549965143 -0.500005276 0.666389870
v -0.533691243 -0.320090045 0.813108904
v -0.516759728 -0.320470604 0.812898861
v -0.066208748 -0.332808737 0.831206739
v -0.071711667 -0.344516503 0.828210000
v -0.078660479 -0.354618295 0.821251751
v -0.395636622 -0.504417421 0.888023380
v -0.388343213 -0.504639394 0.888063293
v -0.383883629 -0.499788278 0.897042414
v -0.399895748 -0.499966375 0.897168548
v 0.033333898 -0.200025466 0.666698394
v 0.033335212 -0.200011614 0.683333884
v 0.067176011 -0.199124940 0.734107117
v -0.161905929 -0.244402056 0.804553703
v -0.150039140 -0.250055891 0.801046433
v -0.150819164 -0.233131286 0.802935618
v -0.167041078 -0.232439551 0.802629339
v -0.433478236 -0.513329786 0.603205859
v -0.416564452 -0.513245026 0.603242205
v -0.417043160 -0.520436835 0.612537393
v -0.432799706 -0.520538360 0.612513665
v -0.433397928 -0.500047785 0.599474810
v -0.416599485 -0.500060248 0.599501656
v -0.383333335 -0.399999985 0.599999966
v -0.383333333 -0.383333321 0.600000011
v -0.366666666 -0.383333332 0.600000010
v -0.366666663 -0.399999963 0.600000031
v -0.589766446 -0.209778599 0.773556801
v -0.584310631 -0.215329930 0.782444922
v -0.580041272 -0.203487637 0.779843107
v -0.584304521 -0.200907394 0.767989522
v -0.562155442 -0.210305560 0.773082965
v -0.567177307 -0.201662116 0.767678283
v -0.571272961 -0.203912428 0.779412103
v -0.567247644 -0.215670768 0.781668248
v -0.432958076 -0.296729712 0.770018210
v -0.433320238 -0.302444026 0.783559045
v -0.417412693 -0.303542713 0.779319341
v -0.416785756 -0.297560455 0.766364766
v -0.428233312 -0.311159406 0.788644822
v -0.416393199 -0.312740860 0.786682450
v -0.299786869 -0.264171201 0.749707512
v -0.298745994 -0.270977123 0.762080852
v -0.282808202 -0.267245492 0.763746935
v -0.288090115 -0.261777849 0.755027256
v -0.282708793 -0.284332713 0.768726858
v -0.579542150 -0.562750482 0.737557911
v -0.584504289 -0.565238601 0.749460955
v -0.589788051 -0.556809213 0.743964790
v -0.566685280 -0.563550032 0.736254593
v -0.567433092 -0.567183051 0.749306634
v -0.567288562 -0.554576120 0.728934258
v 0.096248807 -0.399794341 0.670363327
v 0.096544888 -0.383126651 0.667283320
v 0.086949776 -0.399888804 0.663037553
v 0.088781468 -0.388041694 0.662152278
v -0.033331037 -0.366668944 0.599994219
v -0.019981173 -0.501973209 0.620259947
v -0.015058286 -0.484476152 0.615517992
v -0.032619767 -0.502022145 0.615741434
v -0.027464380 -0.489566031 0.610007717
v -0.050597803 -0.499417499 0.717126674
v -0.245424804 -0.605280027 0.762728116
v 0.016666605 -0.200012404 0.650012668
v 0.016666659 -0.200027161 0.666696836
v -0.599993822 -0.383333702 0.683334568
v -0.599999383 -0.366666732 0.683334967
v -0.599969780 -0.366666653 0.666696055
v -0.132621707 -0.517675283 0.633261032
v 0.016670307 -0.316668524 0.599996104
v 0.033324423 -0.316668234 0.600034978
v 0.033312723 -0.333321158 0.600070662
v -0.299763933 -0.370195500 0.896830006
v -0.300015919 -0.362565037 0.887701294
v 0.103603767 -0.232491709 0.737340044
v 0.094835955 -0.220743351 0.745030924
v 0.096334931 -0.233783495 0.745780120
v 0.088724444 -0.210425877 0.739143864
v 0.083561131 -0.215756733 0.747532226
v 0.083096399 -0.233088397 0.749432397
v -0.272199579 -0.294438764 0.805345823
v -0.266878834 -0.297522811 0.817104263
v -0.261904964 -0.289447910 0.811194377
v -0.266518681 -0.286490600 0.799578951
v -0.249017688 -0.287918286 0.812695036
v -0.250013978 -0.296968689 0.820307338
v 0.038778796 -0.427846676 0.788801556
v 0.050772819 -0.433096084 0.786597513
v 0.049986819 -0.416755960 0.783394810
v 0.033156870 -0.416374039 0.785927850
v 0.083301572 -0.200017685 0.683303398
v 0.083357772 -0.200053724 0.666680374
v -0.266673324 -0.533353327 0.599871977
v -0.400040823 -0.316430209 0.783447220
v -0.383470701 -0.319372275 0.783646109
v -0.466666635 -0.198774807 0.615442366
v -0.449999994 -0.198774760 0.615442519
v 0.081005900 -0.399459981 0.650397399
v 0.087692623 -0.387314611 0.650121043
v -0.599892828 -0.499988489 0.833292849
v -0.599944885 -0.483336920 0.833294887
v -0.112469258 -0.466881954 0.837339622
v -0.112964067 -0.450027421 0.837098734
v -0.120543272 -0.450055235 0.845622527
v -0.119921888 -0.467050728 0.846544860
v -0.132269278 -0.466877684 0.853077646
v -0.132862127 -0.449959322 0.852489449
v -0.150000000 -0.266696192 0.600029525
v -0.150000000 -0.250012546 0.600012546
v -0.133333333 -0.250012546 0.600012546
v -0.133333333 -0.266696192 0.600029525
v 0.138244880 -0.279148736 0.722123345
v 0.138238389 -0.271705231 0.721845486
v 0.133260704 -0.267358605 0.730784572
v 0.133653814 -0.280337535 0.733747409
v 0.121689698 -0.278355491 0.738570769
v -0.066211262 -0.520361101 0.765922432
v -0.064063542 -0.516912637 0.783937420
v -0.050352462 -0.503244012 0.787297282
v -0.062116670 -0.504217327 0.788937812
v 0.070914652 -0.484581072 0.771345505
v 0.083446112 -0.466661070 0.769962378
v 0.072229085 -0.471671391 0.772124932
v -0.083568061 -0.502728815 0.700067127
v -0.067411854 -0.496293209 0.699964773
v -0.494684048 -0.561143763 0.688067337
v -0.496218515 -0.563194439 0.700514319
v -0.503474805 -0.553717785 0.699309068
v -0.500030932 -0.550102521 0.683440096
v -0.483752797 -0.564796610 0.682864228
v -0.483501624 -0.569509099 0.700037464
v -0.489072217 -0.554991997 0.677969971
v -0.183291753 -0.198731213 0.784531267
v -0.183347521 -0.202355831 0.797215957
v -0.166776612 -0.202404388 0.796848575
v -0.166632750 -0.198772466 0.784379540
v -0.183346836 -0.215539248 0.800503012
v -0.167110535 -0.215448357 0.800663436
v -0.532308852 -0.545367019 0.721345518
v -0.533468184 -0.553730125 0.729491276
v -0.532824742 -0.536013173 0.714230360
v -0.521026386 -0.538219025 0.712707361
v -0.549977565 -0.232848978 0.599495459
v -0.533302812 -0.232837658 0.599532650
v -0.533304640 -0.250011517 0.600043931
v -0.433333334 -0.250012546 0.600012546
v -0.416666667 -0.250012546 0.600012546
v -0.416666667 -0.266696192 0.600029525
v -0.145551267 -0.538237232 0.745388243
v -0.154565774 -0.528971087 0.687493727
v -0.154668746 -0.529344873 0.694989289
v -0.286611529 -0.296963409 0.782471974
v -0.283915975 -0.297225395 0.799895201
v -0.277927930 -0.289159024 0.794915860
v -0.278861736 -0.288012818 0.781854492
v -0.266500968 -0.281142323 0.782874885
v -0.537223842 -0.520644417 0.682932974
v -0.537366822 -0.521170487 0.695785895
v -0.545247963 -0.521731680 0.695177633
v -0.499992004 -0.433311834 0.600004515
v -0.483328181 -0.433311890 0.600044343
v 0.100463812 -0.202340137 0.601777439
v 0.117300557 -0.202412438 0.602048689
v 0.100540935 -0.215587630 0.598244349
v 0.117231736 -0.215648763 0.601207190
v -0.283221483 -0.366489984 0.897536880
v -0.016490495 -0.201377556 0.767717591
v -0.021146687 -0.203732199 0.779440555
v -0.033056640 -0.198760682 0.767751394
v -0.033530846 -0.202274860 0.780595018
v -0.566978834 -0.279172689 0.787407528
v -0.566952865 -0.286645207 0.796683536
v -0.550216675 -0.287039977 0.796115282
v -0.549714996 -0.279729460 0.786915733
v -0.567038512 -0.299681875 0.800790379
v -0.078284007 -0.395114608 0.821543671
v -0.066375885 -0.399984478 0.819635174
v -0.533104171 -0.433270240 0.886213587
v -0.353760883 -0.346078416 0.833697016
v -0.345282822 -0.338883770 0.845246460
v -0.346496122 -0.336723692 0.833459999
v -0.333478024 -0.336292453 0.846520633
v -0.366711229 -0.319496712 0.783184218
v -0.099751933 -0.503351968 0.696446093
v -0.545120095 -0.511817129 0.912905289
v -0.545082335 -0.504822260 0.912717823
v -0.538140463 -0.504820906 0.912613921
v -0.538178669 -0.511800857 0.912786068
v -0.233536503 -0.618820597 0.800603802
v -0.216346882 -0.619300955 0.800374593
v -0.216777565 -0.614991350 0.814374302
v -0.233773341 -0.614835457 0.814162386
v -0.234219187 -0.605140130 0.821866476
v 0.050217701 -0.366893559 0.599095002
v 0.050471912 -0.384016247 0.598972832
v 0.100171386 -0.233036566 0.598788412
v 0.100155180 -0.250144757 0.601601468
v -0.183101131 -0.534486672 0.598996316
v -0.183373440 -0.517025650 0.599382986
v -0.166243532 -0.517461947 0.598808043
v -0.165544469 -0.535274367 0.599175174
v -0.155282679 -0.544592197 0.739386202
v -0.150594204 -0.531985845 0.737249673
v -0.167324414 -0.549638387 0.736403982
v -0.512957300 -0.613044989 0.804659985
v -0.513028142 -0.613622334 0.811486806
v -0.517584307 -0.604505558 0.816281953
v -0.517318970 -0.601208943 0.800227490
v -0.500559303 -0.614383797 0.803560068
v -0.500481510 -0.614429459 0.812990529
v -0.501366166 -0.604870548 0.796246011
v -0.501287880 -0.605370202 0.820255641
v -0.250000000 -0.383333333 0.600000000
v -0.250000000 -0.366666666 0.600000000
v -0.233333333 -0.366666666 0.600000000
v -0.233333333 -0.383333333 0.600000000
v 0.095897836 -0.379014778 0.620441373
v 0.097343532 -0.379964978 0.633454007
v -0.600672339 -0.433397773 0.666594244
v -0.049999266 -0.450022014 0.599727939
v -0.516664844 -0.366666959 0.600001332
v -0.379551769 -0.613247314 0.670890160
v -0.379837503 -0.600488657 0.670246728
v -0.372105853 -0.612641850 0.671343481
v -0.366529727 -0.600435412 0.669294706
v -0.362612984 -0.605387514 0.678276745
v -0.049995242 -0.199398160 0.750330306
v -0.049882121 -0.198742245 0.767265642
v -0.466665574 -0.433328894 0.600033738
v -0.333333347 -0.449999999 0.599998328
v -0.038774631 -0.271630586 0.794140448
v -0.037054290 -0.283975586 0.795515529
v -0.044620134 -0.261772461 0.788026430
v -0.050028981 -0.266619990 0.796708189
v -0.400099120 -0.629980842 0.787031687
v -0.382809765 -0.629787655 0.787271696
v -0.382959123 -0.635062539 0.800483643
v -0.400274435 -0.635264693 0.799918148
v -0.399689271 -0.619974667 0.779702402
v -0.383054599 -0.619539981 0.780167655
v -0.183333333 -0.350000003 0.600000003
v -0.029661695 -0.416667156 0.803855091
v -0.029400547 -0.400004774 0.804053906
v -0.036994240 -0.400006197 0.812839833
v -0.037276620 -0.416640716 0.812633356
v -0.049495995 -0.416544629 0.816844348
v -0.049823293 -0.400018909 0.816822945
v -0.533600325 -0.380330326 0.836013483
v -0.521014076 -0.378769516 0.837431338
v -0.516510585 -0.367132111 0.835214580
v -0.532932768 -0.366818942 0.832770578
v -0.600437008 -0.266718414 0.750315852
v -0.599964598 -0.399998139 0.683338106
v -0.600125239 -0.350010140 0.766646627
v -0.600329195 -0.333344053 0.766805128
v 0.079393561 -0.379268402 0.603903632
v 0.066808553 -0.383767626 0.601341206
v 0.067303701 -0.367162678 0.599079563
v 0.049936116 -0.400184781 0.782753113
v 0.049979481 -0.383319976 0.783136103
v -0.601525698 -0.432547587 0.867802335
v -0.597837112 -0.433043341 0.880525899
v -0.596599002 -0.420912648 0.879454216
v -0.598561757 -0.416127449 0.867797624
v -0.584391769 -0.419468197 0.880915348
v -0.585100810 -0.412196492 0.871598867
v -0.584573347 -0.433282853 0.884076598
v -0.266823238 -0.550023755 0.852910287
v -0.250008623 -0.549911307 0.849855873
v -0.261762880 -0.538568876 0.855469354
v -0.600767708 -0.550578177 0.816652947
v -0.600224288 -0.533417495 0.816650507
v -0.049290416 -0.450522896 0.817201663
v -0.049641675 -0.433355146 0.816776121
v -0.061963062 -0.433348908 0.821045642
v -0.216666667 -0.383333333 0.599999999
v -0.216666667 -0.366666666 0.600000000
v -0.200000000 -0.366666666 0.599999999
v -0.200000000 -0.383333334 0.599999994
v -0.100000016 -0.383333386 0.600000088
v -0.083333518 -0.383333319 0.599999951
v -0.166666667 -0.250012546 0.600012546
v -0.166666667 -0.232837557 0.599504223
v -0.150000000 -0.232837557 0.599504223
v 0.117335520 -0.283273437 0.750907140
v 0.134006680 -0.286867900 0.746919873
v 0.116962706 -0.299705724 0.753453678
v 0.134597995 -0.299688018 0.748570460
v -0.233263083 -0.597052943 0.830606075
v -0.233818335 -0.583364474 0.833449748
v -0.300000000 -0.250012546 0.600012546
v -0.300000000 -0.232837556 0.599504224
v -0.283333333 -0.232837556 0.599504223
v -0.283333333 -0.250012546 0.600012546
v -0.533163279 -0.534607411 0.901269238
v -0.516258794 -0.534210563 0.899896804
v -0.583714753 -0.479729801 0.670215688
v -0.566615462 -0.482896063 0.667169945
v -0.572228681 -0.488304295 0.677382618
v -0.584419341 -0.487057863 0.679707205
v -0.571752963 -0.471915747 0.661664442
v -0.033333335 -0.299999011 0.599999036
v -0.033333330 -0.283335159 0.600001821
v -0.584668496 -0.567682767 0.766208721
v -0.567230818 -0.567151817 0.766442103
v -0.567005151 -0.566591912 0.783530378
v -0.584507195 -0.567492531 0.783497612
v -0.584057827 -0.403272119 0.864344551
v -0.566941686 -0.402455261 0.867325668
v -0.566918569 -0.398066771 0.849530574
v -0.572134687 -0.410706018 0.873072780
v 0.104021938 -0.400204141 0.771061306
v 0.097093000 -0.399492475 0.780580658
v 0.095094645 -0.411774745 0.778738583
v -0.366940296 -0.533501086 0.880242270
v -0.366971400 -0.520705074 0.887192120
v -0.383436270 -0.516885522 0.886655172
v -0.597645212 -0.299998960 0.602354788
v -0.597644003 -0.283335525 0.602355997
v -0.584558668 -0.283335444 0.598777523
v -0.584558331 -0.299998895 0.598774751
v -0.246369315 -0.614044385 0.800189065
v -0.245229590 -0.612545582 0.812516318
v -0.250126989 -0.600546422 0.817400612
v -0.253089578 -0.599359871 0.799822201
v 0.055075349 -0.228867078 0.755202647
v 0.049739123 -0.232860532 0.763519353
v 0.050028818 -0.349995402 0.599713531
v 0.049942869 -0.333297351 0.600038409
v -0.600001652 -0.366666476 0.716667399
v -0.600002120 -0.366666669 0.699998967
v 0.016667939 -0.200001909 0.683333015
v -0.450184076 -0.531355571 0.615588391
v -0.433289602 -0.529152901 0.620462729
v -0.445168011 -0.522458669 0.610635537
v -0.328558589 -0.627990154 0.721941713
v -0.316071196 -0.629713446 0.720367086
v -0.316935172 -0.634518203 0.733332006
v -0.316529402 -0.619492921 0.713487277
v 0.083354764 -0.199251625 0.717096084
v 0.083268176 -0.199710890 0.700113643
v -0.178946082 -0.463085307 0.872010365
v -0.166135231 -0.466836085 0.870427605
v -0.179396139 -0.453888460 0.871581331
v -0.536840586 -0.500359216 0.663039674
v -0.233646873 -0.299044378 0.853118479
v -0.238260207 -0.304390067 0.862505866
v -0.250400624 -0.296080657 0.850674529
v -0.251078259 -0.302569923 0.863859591
v -0.250032683 -0.312603860 0.870965715
v -0.166327800 -0.583319277 0.799867472
v -0.183238291 -0.587161616 0.803765240
v -0.053971999 -0.320912363 0.829213020
v -0.053842609 -0.328395334 0.829891179
v -0.066215830 -0.320405395 0.830590195
v 0.137013430 -0.215554769 0.718024934
v 0.130650018 -0.201595680 0.718113998
v 0.129328194 -0.202743134 0.729826563
v 0.134603315 -0.215085132 0.731335905
v -0.366725178 -0.483794753 0.900547437
v -0.366607320 -0.467159813 0.899988415
v 0.016663748 -0.283334930 0.600004729
v 0.016666474 -0.299999162 0.599997204
v -0.600504529 -0.250022434 0.632848972
v -0.601025503 -0.232854537 0.632854519
v -0.601637399 -0.232792941 0.615403555
v -0.216666679 -0.433333283 0.600000155
v -0.486966774 -0.570116504 0.716257239
v -0.488412942 -0.572082236 0.728583776
v -0.532983557 -0.482847039 0.899854047
v -0.266666667 -0.283335158 0.600001824
v -0.567162510 -0.299998902 0.599503386
v -0.567163216 -0.283334755 0.599507223
v -0.549987654 -0.283334935 0.600014793
v -0.160529993 -0.412054945 0.873220887
v -0.170052020 -0.400738545 0.880196659
v -0.166251286 -0.416655833 0.881326118
v -0.182780788 -0.416629410 0.883910193
v -0.182844357 -0.399943679 0.883726365
v -0.400000001 -0.383333325 0.600000006
v -0.400000002 -0.400000081 0.599999926
v -0.405268979 -0.322568002 0.793674283
v -0.417435797 -0.320490103 0.796325500
v -0.416873977 -0.334439719 0.801954061
v -0.032858309 -0.486054088 0.667442786
v -0.016502054 -0.482965004 0.667688542
v -0.016283618 -0.482647902 0.684122440
v -0.033304141 -0.485837819 0.683878436
v -0.211746851 -0.294235615 0.838575312
v -0.222010299 -0.287598147 0.844746118
v -0.216818362 -0.299239865 0.847577929
v -0.233947884 -0.286345179 0.846712496
v -0.299951833 -0.631446921 0.716490521
v -0.282994964 -0.634702161 0.716390046
v -0.283056252 -0.631674357 0.733377026
v -0.299865263 -0.634704978 0.733360570
v -0.516417431 -0.480471021 0.602560105
v -0.505310704 -0.489124950 0.610592837
v -0.517209204 -0.486584334 0.615876954
v -0.516887534 -0.467129392 0.598981426
v -0.283331446 -0.416656388 0.900054881
v -0.299993629 -0.416619643 0.899994537
v 0.111718671 -0.412325952 0.687911390
v 0.111257391 -0.404121246 0.688240124
v 0.116684255 -0.399943751 0.699935663
v 0.116967421 -0.416205520 0.699742838
v 0.103104035 -0.416770390 0.682711907
v 0.106319353 -0.421417530 0.694064284
v -0.411903564 -0.294360265 0.755122028
v -0.416837980 -0.283842182 0.749240047
v -0.421815609 -0.288868955 0.760757648
v -0.434202709 -0.287206807 0.762971168
v -0.503817555 -0.500329580 0.903827474
v -0.500211608 -0.483486494 0.902660735
v -0.516178412 -0.483126067 0.899086163
v 0.029011075 -0.428891356 0.603438421
v 0.033875241 -0.417219107 0.601424650
v 0.017547051 -0.417540891 0.598715006
v -0.254797714 -0.594584919 0.638881969
v -0.249773358 -0.585862573 0.632767308
v -0.244418428 -0.589414859 0.644611789
v -0.249997379 -0.600306564 0.649943924
v -0.267472094 -0.596068668 0.637075072
v -0.265629866 -0.604137196 0.646198256
v -0.266559458 -0.586701459 0.629796724
v 0.096477854 -0.379731818 0.650411253
v 0.099129316 -0.366271452 0.667128262
v -0.050000002 -0.283335157 0.600001826
v -0.033333333 -0.266696191 0.600029531
v -0.445705614 -0.629921465 0.804882135
v -0.445603218 -0.629062756 0.811829443
v -0.450059373 -0.616914345 0.813477950
v -0.450918213 -0.620892773 0.799856107
v -0.433968823 -0.631772201 0.800113768
v -0.433686290 -0.630373729 0.812719005
v -0.439132839 -0.623383523 0.795056786
v -0.434081869 -0.617047873 0.819452952
v -0.166666667 -0.266696192 0.600029525
v -0.266666667 -0.350000003 0.600000003
v -0.266666667 -0.333333356 0.600000023
v -0.133333333 -0.350000003 0.600000004
v 0.148635444 -0.202549528 0.633409172
v 0.146807873 -0.202772403 0.645323036
v 0.146820393 -0.210872399 0.645097780
v 0.136899729 -0.215816139 0.650589734
v 0.135363952 -0.198461271 0.633060800
v 0.134336418 -0.201565158 0.650230334
v -0.400133107 -0.634932265 0.816920832
v -0.382989631 -0.634767465 0.817167875
v -0.383661620 -0.630766508 0.830603162
v -0.399609695 -0.630791411 0.830537461
v -0.383128164 -0.621798546 0.838193038
v -0.400408547 -0.621859698 0.838149485
v -0.483261809 -0.500299585 0.601698699
v -0.466786315 -0.483395822 0.599181238
v 0.137519146 -0.283504992 0.662339314
v 0.137617927 -0.266573222 0.662022785
v 0.151000269 -0.267083838 0.668402600
v 0.151458096 -0.282875109 0.668216989
v -0.177668507 -0.378658665 0.872077589
v -0.186136212 -0.366077204 0.880231927
v -0.183000380 -0.383245769 0.880845673
v -0.549987460 -0.333333344 0.600012584
v -0.598523607 -0.282998510 0.784490468
v -0.597673722 -0.266790028 0.780522162
v -0.601084344 -0.266718067 0.767240804
v -0.584651663 -0.279354991 0.788009521
v -0.477921280 -0.577587100 0.705128931
v -0.479505642 -0.579614852 0.717471820
v -0.466623367 -0.580746085 0.699941975
v -0.467244724 -0.586399044 0.716099743
v -0.472533800 -0.572444264 0.695043335
v -0.598535612 -0.349368566 0.817353074
v -0.596387717 -0.338383568 0.812030682
v -0.584074118 -0.336741846 0.813182628
v -0.584844743 -0.329852083 0.803913448
v -0.584443894 -0.345987371 0.820834783
v -0.046556261 -0.249537728 0.786556531
v -0.055499693 -0.238319197 0.793913624
v -0.053467219 -0.250650998 0.795862562
v -0.061268084 -0.228008236 0.788474609
v -0.066474617 -0.232982865 0.797216042
v -0.065999636 -0.249912570 0.803337031
v -0.350000001 -0.202355151 0.602355336
v -0.333333333 -0.202355207 0.602355298
v -0.350000000 -0.215442001 0.598775316
v -0.333333333 -0.215442003 0.598775315
v -0.416645578 -0.229673565 0.720039888
v -0.399988128 -0.233200851 0.719832516
v -0.400108465 -0.215796000 0.719920269
v -0.417375154 -0.215856527 0.717118028
v -0.144889540 -0.505282320 0.838742868
v -0.132622748 -0.504041327 0.837586946
v -0.133363142 -0.496336443 0.846315925
v -0.132712548 -0.483263009 0.850302558
v -0.599958558 -0.466678694 0.833298224
v 0.130936236 -0.250197173 0.633243380
v -0.083333334 -0.316666563 0.599999896
v -0.554899054 -0.344210372 0.822812667
v -0.549995197 -0.349896487 0.830395656
v -0.545278514 -0.337903171 0.828896267
v -0.550223938 -0.332813139 0.819948681
v -0.483333436 -0.316666564 0.599999794
v -0.550278425 -0.553706928 0.870132401
v -0.538039724 -0.555240490 0.871904241
v -0.533297732 -0.553336883 0.883868075
v -0.550008175 -0.550030069 0.883270305
v -0.417407874 -0.634636214 0.799768771
v -0.417222852 -0.632227491 0.816577144
v -0.316724515 -0.433361186 0.899878125
v -0.316706541 -0.416588505 0.900250517
v -0.288118654 -0.595752462 0.603724094
v -0.282971954 -0.584264289 0.601718920
v -0.279545581 -0.587285335 0.615769306
v -0.286833933 -0.596954065 0.616193477
v 0.111251056 -0.261476177 0.622021335
v 0.116792999 -0.250005881 0.615874888
v 0.121686784 -0.255431898 0.628009956
v 0.116227659 -0.266799236 0.634012703
v 0.102262575 -0.267085022 0.616471889
v 0.104541622 -0.270608846 0.628774109
v 0.105349340 -0.255241769 0.611017488
v -0.567433452 -0.345624441 0.820917651
v -0.566851570 -0.333590957 0.813694217
v -0.433328442 -0.516879488 0.897413191
v -0.433333087 -0.200035446 0.649997958
v -0.299980623 -0.603610233 0.816881069
v -0.300058487 -0.596482078 0.829752529
v -0.299494423 -0.583160657 0.836108058
v -0.499819295 -0.336625144 0.829752651
v -0.499917745 -0.329318621 0.820143631
v -0.500256599 -0.349352491 0.836019596
v -0.433333334 -0.316666564 0.599999897
v -0.433333334 -0.333333356 0.600000023
v -0.599963949 -0.366669373 0.749992110
v -0.599997703 -0.366665962 0.733335737
v -0.195439428 -0.595156178 0.805037713
v -0.182869183 -0.600468023 0.799998977
v -0.195701168 -0.586853101 0.804106216
v -0.595944673 -0.495501241 0.687877816
v -0.598158130 -0.483429539 0.683071822
v -0.096063011 -0.315932337 0.837985008
v -0.103275854 -0.315627943 0.847668078
v -0.105064775 -0.327861680 0.846074494
v -0.111772586 -0.338398568 0.838762321
v -0.066666692 -0.383333517 0.599997375
v -0.254733251 -0.611982134 0.654557920
v -0.266432025 -0.614012467 0.653015762
v -0.316540605 -0.635247593 0.750052500
v 0.083684803 -0.201440602 0.733796491
v 0.079309236 -0.203876813 0.745712296
v -0.399905301 -0.516809123 0.602073437
v -0.399980640 -0.500447371 0.599421133
v 0.016438232 -0.413330997 0.786573179
v 0.032725599 -0.400408941 0.782204758
v 0.087289730 -0.349734518 0.770949419
v -0.183333334 -0.199504222 0.632837559
v -0.183333334 -0.200012612 0.650012546
v -0.166666667 -0.199504219 0.632837557
v -0.437621424 -0.522130945 0.888713556
v -0.445718449 -0.522054217 0.888414511
v 0.165362176 -0.280152270 0.681899911
v 0.165308350 -0.269804560 0.681914820
v 0.165837157 -0.266503418 0.700177221
v 0.165785798 -0.283422776 0.700077016
v 0.155260558 -0.286814707 0.681969477
v 0.154934134 -0.283893966 0.699678299
v 0.154901834 -0.262775599 0.682096708
v 0.154896805 -0.265908104 0.699919509
v -0.599977044 -0.250013633 0.650013579
v -0.600504582 -0.232848996 0.650022432
v -0.133333333 -0.333333357 0.600000023
v -0.133333333 -0.316666564 0.599999897
v 0.130415434 -0.383503909 0.746609709
v 0.130655061 -0.400306508 0.746914591
v 0.120966504 -0.399833667 0.754180942
v 0.120958914 -0.383554785 0.754109367
v -0.354538963 -0.394766770 0.889053642
v -0.344925788 -0.388082237 0.895431267
v -0.350324403 -0.383159790 0.886739592
v -0.600613992 -0.316682856 0.767013141
v -0.599991898 -0.316687191 0.749997199
v -0.416973776 -0.587521012 0.854562611
v -0.404544119 -0.589083736 0.855936295
v -0.399735759 -0.583175127 0.863673209
v -0.416385823 -0.579271363 0.862811106
v -0.399899057 -0.566663584 0.866808752
v -0.416587973 -0.566038226 0.866538799
v -0.416666667 -0.333333356 0.600000023
v -0.416666667 -0.316666564 0.599999897
v -0.300000000 -0.350000003 0.600000003
v -0.300000000 -0.333333356 0.600000023
v -0.283333333 -0.333333356 0.600000023
v -0.283333333 -0.350000003 0.600000003
v -0.033333332 -0.198775326 0.615441990
v -0.033333333 -0.199504235 0.632837544
v -0.016666665 -0.199504233 0.632837543
v -0.016666667 -0.198775327 0.615442002
v -0.217088004 -0.586314078 0.763269929
v -0.233333333 -0.416666666 0.600000001
v -0.233333334 -0.400000001 0.599999999
v -0.216666666 -0.400000001 0.599999992
v -0.216666657 -0.416666663 0.600000021
v -0.516663617 -0.416639433 0.600038583
v -0.200221881 -0.232828725 0.800366979
v -0.200468360 -0.215657911 0.800770271
v -0.217529417 -0.215385190 0.801152850
v -0.286845227 -0.630117295 0.749845787
v -0.279894753 -0.620741333 0.750337664
v -0.283770356 -0.619882904 0.766557564
v -0.288369242 -0.628505916 0.761787742
v -0.299810385 -0.634419572 0.750156236
v -0.299920496 -0.630187649 0.763382685
v -0.299495957 -0.620985260 0.770398601
v -0.012544468 -0.328786764 0.787697993
v -0.013212374 -0.316781345 0.786352283
v -0.020631812 -0.317614759 0.795418832
v -0.016441171 -0.333412622 0.796926680
v -0.029357319 -0.333229554 0.803785240
v -0.032753038 -0.316392347 0.802706561
v -0.433333334 -0.350000003 0.600000000
v -0.416666667 -0.350000003 0.600000003
v -0.566402742 -0.468473820 0.650183900
v 0.033291275 -0.349956096 0.600049496
v -0.428404289 -0.345148845 0.821263533
v -0.416697393 -0.348094365 0.816005931
v 0.083587599 -0.250119893 0.749925724
v -0.050000000 -0.202355268 0.602355268
v -0.050000000 -0.198775325 0.615441992
v -0.033333332 -0.202355268 0.602355270
v 0.038198610 -0.421465575 0.645249915
v -0.161515158 -0.544773673 0.821355265
v -0.149832798 -0.537356155 0.820360355
v -0.162114609 -0.537562243 0.821374006
v -0.104467113 -0.545080348 0.755305175
v -0.100540354 -0.532912803 0.752535474
v -0.094134328 -0.539104503 0.761633668
v 0.032831397 -0.514075795 0.737214986
v 0.033162783 -0.518217945 0.750390801
v 0.033410569 -0.504229580 0.729245438
v -0.316666681 -0.198774796 0.615442390
v -0.316666666 -0.202355252 0.602355237
v -0.316666666 -0.215442005 0.598775312
v -0.234153551 -0.582228332 0.720234493
v -0.229039442 -0.570357015 0.721225148
v -0.229254738 -0.570211383 0.728930793
v -0.234533630 -0.582036887 0.733523176
v -0.133333333 -0.283335158 0.600001824
v -0.133333333 -0.299998999 0.599998999
v -0.601221216 -0.215441046 0.683334128
v -0.601205317 -0.215447891 0.666700331
v -0.601225110 -0.350000083 0.615442013
v -0.601224716 -0.333333343 0.615442008
v -0.066666666 -0.232837557 0.599504223
v -0.178685447 -0.311702847 0.838263739
v -0.166432655 -0.313354790 0.836855151
v -0.183442442 -0.300286871 0.836127323
v -0.266666667 -0.383333333 0.600000000
v -0.266666667 -0.400000000 0.600000000
v 0.054076441 -0.404108192 0.615207844
v 0.055255430 -0.405327798 0.628387207
v -0.004540655 -0.328336974 0.788279303
v 0.004717812 -0.321639974 0.795057318
v 0.000157393 -0.316656860 0.786116470
v 0.016611375 -0.316448340 0.786596385
v 0.012633682 -0.321100298 0.795484491
v -0.333333333 -0.232837558 0.599504222
v -0.450149065 -0.433463997 0.896940951
v -0.600249734 -0.466718821 0.850078808
v -0.500006414 -0.450136491 0.599562979
v -0.266488649 -0.416772572 0.900658826
v -0.450302629 -0.587300761 0.854795709
v -0.433343382 -0.587807119 0.854537643
v -0.433420001 -0.579373621 0.863096644
v -0.449780755 -0.579731149 0.863238415
v 0.135791693 -0.232897503 0.683410136
v 0.138085952 -0.244465059 0.678105343
v -0.221149798 -0.594762060 0.671344879
v -0.218534060 -0.583613061 0.666329558
v -0.215491174 -0.583835189 0.683410476
v -0.219284255 -0.597000694 0.684172100
v -0.232462909 -0.597809576 0.666897704
v -0.232168499 -0.604036167 0.683469452
v -0.227907741 -0.588532225 0.661357123
v 0.066643963 -0.198782601 0.615473488
v 0.129522735 -0.445615867 0.721572039
v 0.130943660 -0.432825963 0.719912723
v 0.120678133 -0.450828574 0.715698118
v 0.124149967 -0.456427561 0.728015161
v 0.121287222 -0.433897140 0.712706433
v 0.045273429 -0.412239303 0.603458111
v 0.050090476 -0.400453491 0.601712382
v 0.046634607 -0.413168525 0.616082278
v -0.050167734 -0.497577554 0.602042596
v -0.433094402 -0.437233831 0.896055150
v -0.416542634 -0.433536012 0.896937190
v -0.421732703 -0.429035740 0.888254747
v 0.049973080 -0.232835766 0.599540924
v -0.316666667 -0.266696192 0.600029525
v 0.112119259 -0.462364951 0.704908967
v 0.113160931 -0.450060308 0.703661877
v 0.115040244 -0.467637057 0.716181730
v 0.100435098 -0.463517826 0.702886886
v 0.101386611 -0.470971396 0.712406649
v 0.100607923 -0.450146723 0.697247558
v -0.433393878 -0.199131387 0.700381139
v -0.183333331 -0.383333339 0.600000000
v -0.183333333 -0.366666667 0.599999997
v -0.461747577 -0.545353923 0.637579746
v -0.466635931 -0.550592921 0.646782614
v -0.471434149 -0.538723286 0.644350269
v -0.466744722 -0.537036048 0.632474679
v -0.566936132 -0.547241782 0.883385412
v -0.561937368 -0.545272444 0.895207969
v -0.572163119 -0.539396212 0.889275777
v -0.549636815 -0.546838553 0.896783741
v -0.233333333 -0.232837556 0.599504223
v 0.049628073 -0.419510778 0.647234435
v -0.066666665 -0.316666565 0.599999881
v -0.066666667 -0.299998999 0.599998998
v -0.050000000 -0.299999001 0.599998986
v 0.016495577 -0.202678828 0.763470477
v -0.599949894 -0.366690905 0.766619779
v -0.182725644 -0.503534006 0.853678384
v -0.596289209 -0.579525305 0.821065731
v -0.597968869 -0.581318175 0.834031769
v -0.601644409 -0.567951388 0.833490458
v -0.598747865 -0.567694432 0.816462428
v -0.584458460 -0.581822087 0.816167984
v -0.584664960 -0.585075848 0.833253209
v -0.589721776 -0.573044761 0.811149681
v -0.183333303 -0.200029677 0.666696145
v -0.183333259 -0.200001212 0.683335174
v -0.166666627 -0.200001863 0.683335261
v -0.411745768 -0.577676292 0.672531479
v -0.416950674 -0.569258066 0.666863864
v -0.399086032 -0.579272617 0.670217515
v -0.400458424 -0.569958822 0.663328995
v 0.005044368 -0.371580770 0.788402869
v -0.533341330 -0.416389448 0.883659772
v 0.066636979 -0.215435837 0.598763907
v 0.083482574 -0.215464047 0.598360350
v -0.597675827 -0.316381786 0.797147644
v -0.601310234 -0.316521807 0.783954775
v -0.584291142 -0.316223974 0.800978544
v -0.033333333 -0.200012527 0.650012524
v -0.033333319 -0.200029011 0.666696558
v -0.016666678 -0.200029089 0.666696672
v -0.016666660 -0.200012506 0.650012573
v -0.200000000 -0.215441992 0.598775325
v -0.412506608 -0.346004753 0.804543528
v -0.422263643 -0.339355491 0.811211458
v -0.600214430 -0.516622329 0.849986956
v -0.599892922 -0.516599257 0.833271280
v -0.016666861 -0.316666379 0.599999935
v -0.554402462 -0.396267282 0.836683394
v -0.553986242 -0.396678883 0.849562605
v -0.546502172 -0.387850899 0.849001728
v -0.549990423 -0.384544239 0.835102231
v -0.533109126 -0.383912074 0.849441022
v -0.350000009 -0.433333327 0.599999116
v -0.300000000 -0.316666564 0.599999897
v -0.499937002 -0.383465520 0.864451445
v -0.566964689 -0.583682556 0.815995993
v -0.550082234 -0.583495674 0.816344137
v -0.550077044 -0.584139092 0.833603089
v -0.566937921 -0.584712772 0.833247086
v 0.122838390 -0.412152650 0.755995172
v 0.113595163 -0.400452390 0.763222673
v -0.450000317 -0.416667981 0.599996695
v -0.200347918 -0.433242172 0.883116801
v 0.049466257 -0.249932048 0.766114980
v 0.033881554 -0.249815387 0.769981975
v -0.383337064 -0.483333233 0.599849743
v -0.050000000 -0.199504234 0.632837554
v -0.050000003 -0.200012578 0.650012512
v -0.311823716 -0.527957839 0.877919422
v -0.316665705 -0.519541052 0.883476524
v -0.321860836 -0.521037881 0.871075664
v 0.117044445 -0.300250499 0.633047718
v 0.121292989 -0.300729399 0.646620598
v -0.561896852 -0.396397310 0.836882652
v -0.316666213 -0.200026158 0.650005931
v -0.316666726 -0.199503811 0.632839182
v 0.000000725 -0.316666596 0.599996676
v -0.600467345 -0.266697187 0.632837659
v -0.601246106 -0.215455938 0.716655440
v -0.601219352 -0.215446129 0.699988117
v -0.199997470 -0.466669255 0.599997272
v -0.283333333 -0.316666564 0.599999897
v -0.455436587 -0.562564881 0.654016729
v -0.445697589 -0.555721204 0.660922889
v -0.450220727 -0.567475447 0.663408032
v -0.467734199 -0.563928913 0.652722225
v -0.466973786 -0.570667337 0.665650418
v -0.597124803 -0.463845267 0.603462031
v -0.584771545 -0.464884305 0.602012515
v -0.116666737 -0.416666376 0.600001134
v -0.596322162 -0.478453247 0.671572813
v -0.600004190 -0.416664221 0.766669975
v -0.600004981 -0.416666716 0.750000245
v -0.255928076 -0.210105726 0.772684029
v -0.246136124 -0.203536397 0.779323924
v -0.250797622 -0.201080677 0.767268935
v -0.233733291 -0.201376038 0.784551192
v -0.450229526 -0.596408012 0.846876249
v -0.166130901 -0.432820076 0.881537961
v -0.166709338 -0.450384564 0.881167247
v -0.183633219 -0.450530943 0.881066132
v -0.183419862 -0.433059541 0.883713493
v -0.399999981 -0.416667102 0.599999564
v -0.250296945 -0.335891740 0.897957363
v -0.250147876 -0.328460780 0.888056912
v -0.166581498 -0.549888129 0.830498858
v 0.017172303 -0.467243558 0.801180366
v 0.034192534 -0.466853643 0.801141775
v 0.034200638 -0.449676227 0.801143994
v -0.062873680 -0.215095734 0.787659774
v -0.069890833 -0.215670844 0.796687189
v -0.333497447 -0.519217514 0.869262208
v -0.549670025 -0.545791191 0.721142558
v -0.550002861 -0.553669575 0.729156678
v -0.549593473 -0.537007774 0.713611662
v -0.216674574 -0.516675398 0.599860624
v -0.596253505 -0.471027457 0.896173409
v 0.137725831 -0.244798590 0.704814464
v 0.135684578 -0.233327796 0.700081254
v 0.136987395 -0.232608380 0.713783506
v 0.138268002 -0.245065120 0.712910304
v -0.218957958 -0.597326101 0.700413514
v -0.215384359 -0.583906610 0.700333259
v -0.220308213 -0.582894146 0.713641571
v -0.221110703 -0.594900591 0.711714799
v -0.232440145 -0.603964139 0.700182034
v -0.233513332 -0.596181518 0.713423948
v -0.266512626 -0.533488296 0.866694603
v -0.261519901 -0.522771702 0.872439284
v -0.266558654 -0.517189896 0.881207844
v -0.271459030 -0.528603674 0.877991886
v 0.134710403 -0.366727525 0.733849878
v -0.349432637 -0.370195283 0.879900069
v -0.229147946 -0.395961962 0.887860836
v -0.229396436 -0.387105855 0.887689116
v -0.584558003 -0.350000186 0.598775211
v -0.567162365 -0.350000127 0.599504056
v -0.182892742 -0.487385531 0.870805129
v -0.183476343 -0.480382995 0.880695121
v -0.200076751 -0.480128499 0.880666334
v -0.183191310 -0.466889529 0.881362607
v -0.200307051 -0.466905090 0.883797490
v -0.217340156 -0.578991334 0.751489405
v -0.200339904 -0.579026624 0.754147109
v -0.212618385 -0.570949855 0.745583538
v -0.199777593 -0.570361004 0.746559417
v 0.049101241 -0.413134070 0.633649504
v -0.584540157 -0.286546498 0.797460769
v -0.584649308 -0.299489664 0.800790397
v -0.584338544 -0.352952048 0.830506380
v -0.567001283 -0.353293011 0.829494014
v -0.154496850 -0.578935559 0.770981583
v -0.152744174 -0.580063093 0.783105989
v -0.165771067 -0.584231332 0.766128830
v -0.161959754 -0.587447747 0.782830750
v -0.272131236 -0.327075346 0.872963798
v -0.199892648 -0.279883233 0.820138264
v -0.200093259 -0.266962705 0.816535314
v -0.216340628 -0.266895534 0.813626623
v -0.237826445 -0.612165164 0.687594992
v -0.238004718 -0.612178857 0.696076036
v -0.210400016 -0.344031811 0.890200647
v -0.215877842 -0.332192021 0.884655678
v -0.220940169 -0.337768096 0.895891787
v -0.232905263 -0.328606631 0.888310439
v -0.233484359 -0.336167988 0.897887897
v -0.199911333 -0.534429939 0.599082275
v -0.200033997 -0.516798950 0.599676044
v -0.083031625 -0.433574207 0.834094483
v -0.083152803 -0.416457469 0.833379817
v 0.163728589 -0.254894728 0.705041490
v 0.163648259 -0.254172219 0.713133812
v 0.163670577 -0.261832710 0.712021154
v 0.150907227 -0.266522293 0.717183646
v 0.150267930 -0.249912559 0.700785076
v 0.150859631 -0.250068417 0.717345907
v -0.367378544 -0.363156963 0.853921886
v -0.366184002 -0.369531406 0.866832082
v 0.104651060 -0.467958202 0.754280256
v 0.117800553 -0.467236027 0.747530224
v 0.105367313 -0.454967208 0.755972328
v -0.116665404 -0.200030995 0.733308854
v -0.116674940 -0.200026592 0.750005582
v -0.100022384 -0.200012783 0.749989130
v -0.100002515 -0.200051537 0.733301066
v -0.050044867 -0.486715123 0.687542557
v -0.050638615 -0.486281140 0.696420202
v 0.004492136 -0.411845953 0.788128462
v 0.016023330 -0.420430104 0.796312568
v -0.066420624 -0.266706797 0.803287161
v -0.095567636 -0.471700740 0.821547700
v -0.100251075 -0.466704907 0.830146181
v -0.103816219 -0.482786206 0.829389534
v -0.112754512 -0.484017240 0.837488633
v -0.528813958 -0.478760129 0.603962116
v -0.598308640 -0.581686173 0.851029372
v -0.596852523 -0.580122197 0.863022752
v -0.598194720 -0.567939185 0.864254543
v -0.601995436 -0.568174099 0.850760991
v -0.584879511 -0.585432861 0.851287212
v -0.584740341 -0.581227943 0.864357675
v -0.062419934 -0.529690337 0.753983359
v -0.066105732 -0.531292183 0.766860811
v -0.053855901 -0.529609163 0.754126130
v -0.183333700 -0.199995487 0.700000073
v -0.183335251 -0.199999447 0.716665543
v -0.166666953 -0.200000220 0.716664192
v -0.166666540 -0.199997771 0.699999881
v -0.483333435 -0.349999991 0.599999936
v -0.483333436 -0.333333358 0.599999922
v -0.350295336 -0.566731247 0.601767396
v -0.350818462 -0.550698345 0.598798615
v -0.334044887 -0.567391933 0.598929605
v 0.147138631 -0.249230623 0.683148046
v -0.133333409 -0.200001125 0.716664229
v -0.133332440 -0.200024693 0.733308310
v -0.116666092 -0.200000153 0.716664864
v -0.479571735 -0.550100726 0.653090701
v -0.486027402 -0.550450365 0.666063314
v -0.488051879 -0.538253729 0.661769486
v -0.483519327 -0.533397450 0.649644452
v -0.148758302 -0.535001918 0.602342561
v -0.316689914 -0.449980701 0.900038610
v -0.033333306 -0.200001325 0.683336455
v -0.033333667 -0.200012015 0.699992549
v -0.016666546 -0.200014051 0.699986694
v -0.016666760 -0.200002632 0.683335268
v -0.316963510 -0.583333486 0.847495354
v -0.315867926 -0.570529983 0.854130410
v -0.328076218 -0.572616248 0.856483863
v 0.133053442 -0.215955854 0.666716919
v 0.067630847 -0.501350745 0.770620704
v 0.063247541 -0.483646379 0.779842102
v 0.061947039 -0.495819663 0.778421243
v 0.050579454 -0.504870458 0.771262129
v 0.050169414 -0.496897691 0.779961314
v 0.050438461 -0.484087898 0.786759187
v -0.482922947 -0.537552839 0.887147094
v -0.601599418 -0.517462423 0.884818162
v -0.601222224 -0.516925873 0.867303760
v -0.503343806 -0.502989595 0.633413752
v -0.500300215 -0.500104365 0.616284724
v -0.489577331 -0.505297579 0.610253412
v -0.483048979 -0.304272701 0.796044398
v -0.483149324 -0.296766986 0.786877288
v -0.483582918 -0.313185685 0.803477115
v -0.100000000 -0.215441992 0.598775325
v -0.428828536 -0.227969412 0.721775879
v -0.433669296 -0.233922236 0.730121171
v -0.417195187 -0.236714325 0.729606285
v -0.567085445 -0.584857775 0.851200941
v -0.549654201 -0.584395553 0.851187489
v -0.549604898 -0.579941542 0.863517631
v -0.567140179 -0.580541934 0.863905313
v -0.549573779 -0.566569983 0.866850878
v -0.449999998 -0.366666663 0.600000042
v -0.250000000 -0.433333322 0.600000034
v -0.049999999 -0.200029179 0.666696248
v -0.049999890 -0.200000238 0.683336100
v 0.118885503 -0.316465268 0.667337027
v 0.119557669 -0.315924934 0.680309573
v -0.466666732 -0.400000616 0.599998003
v -0.466666620 -0.383333271 0.599999785
v -0.449999984 -0.383333266 0.600000115
v -0.449999970 -0.400000048 0.599999151
v -0.029788677 -0.433301691 0.803642735
v -0.316669384 -0.199862208 0.683349644
v -0.316663298 -0.200069655 0.666650947
v -0.000000012 -0.200002953 0.683333825
v 0.000002145 -0.200019360 0.699986838
v -0.599956028 -0.266695361 0.650011498
v -0.272757114 -0.227698331 0.755273436
v -0.270000147 -0.232649207 0.767910313
v -0.264885950 -0.215682423 0.767440539
v -0.269397711 -0.215529243 0.750271691
v -0.601445751 -0.215336793 0.750666024
v -0.601418441 -0.215420648 0.733475613
v -0.597639349 -0.383330456 0.602356416
v -0.016662919 -0.366670640 0.600012675
v -0.000013707 -0.366653284 0.600069937
v -0.083333333 -0.232837557 0.599504223
v -0.083333333 -0.215441992 0.598775325
v -0.066666667 -0.215441992 0.598775325
v -0.195791906 -0.588320264 0.812103295
v -0.527482921 -0.577306123 0.789021692
v -0.533578721 -0.582854356 0.800185104
v -0.537555093 -0.570964007 0.795174897
v -0.532757906 -0.567758845 0.784017868
v -0.516412815 -0.582788348 0.783350811
v -0.522198663 -0.588643208 0.794729932
v -0.521211196 -0.570660549 0.779365644
v -0.600313109 -0.466674370 0.716669686
v 0.028533060 -0.254496144 0.778596828
v 0.029703337 -0.266998909 0.779770990
v -0.600000217 -0.433330413 0.783337556
v -0.599955287 -0.433333206 0.799990762
v -0.599925811 -0.416686453 0.799958065
v -0.599976071 -0.416662981 0.783333040
v -0.267164782 -0.315924878 0.870223632
v -0.449826192 -0.516909379 0.896955811
v -0.562811062 -0.528970206 0.687947122
v -0.554231133 -0.528753226 0.688500943
v -0.549616231 -0.530207469 0.700469768
v 0.129638857 -0.300417000 0.654297908
v 0.129797190 -0.283522969 0.653597280
v 0.120368695 -0.283672969 0.646718458
v -0.316350231 -0.233303719 0.733202677
v -0.400321963 -0.351039014 0.815672296
v -0.516715134 -0.450375045 0.599150872
v -0.516663453 -0.433358508 0.599866163
v -0.000000125 -0.200028931 0.666696526
v -0.221306763 -0.322067839 0.878371264
v -0.233618821 -0.319739354 0.879958552
v -0.367108444 -0.550424064 0.601554415
v -0.367426390 -0.534178364 0.598755888
v -0.350345600 -0.533666876 0.598873315
v -0.287890430 -0.227929422 0.738469412
v -0.282892343 -0.233564247 0.749536186
v -0.278065302 -0.221280501 0.744622262
v -0.283085368 -0.215626387 0.735800682
v -0.271566319 -0.211069590 0.738188906
v -0.145357676 -0.262160223 0.803299828
v -0.155498340 -0.254902181 0.810852678
v -0.150123785 -0.267216821 0.816466102
v -0.088341969 -0.528146865 0.755528780
v -0.083827939 -0.518473152 0.749606660
v -0.078649004 -0.521746631 0.761700802
v -0.082546130 -0.534313752 0.766834161
v -0.100157810 -0.519898951 0.746427598
v -0.299996789 -0.200081279 0.666665756
v -0.299991743 -0.199996479 0.683354996
v -0.283333154 -0.200003400 0.683359220
v -0.283334525 -0.200058547 0.666682761
v -0.233333333 -0.250012546 0.600012546
v 0.083807261 -0.483751236 0.716105915
v 0.100658148 -0.480898790 0.719867843
v 0.101463266 -0.487076805 0.733487263
v 0.089477991 -0.489874982 0.727371540
v 0.088673209 -0.472623494 0.710716471
v 0.000318740 -0.416982401 0.598895246
v -0.600494014 -0.366667333 0.632837526
v -0.601223951 -0.366667365 0.615441816
v 0.016667014 -0.202355283 0.602354300
v -0.116700787 -0.199576879 0.767104645
v -0.116647567 -0.199070797 0.784063199
v -0.099761978 -0.198661565 0.784268752
v -0.100015594 -0.199356286 0.767146694
v -0.299967379 -0.233320876 0.735714234
v -0.299755395 -0.215749915 0.733992153
v -0.316931910 -0.567275170 0.598715572
v 0.037274126 -0.295826246 0.771027043
v 0.033249891 -0.300215336 0.779823049
v -0.100125433 -0.282848588 0.819773993
v -0.099928708 -0.266776633 0.816752526
v 0.083253888 -0.199540777 0.632861071
v 0.083277949 -0.198758238 0.615456913
v -0.379782706 -0.546517074 0.616476564
v -0.382909068 -0.549315062 0.633657859
v -0.388013076 -0.538597374 0.628286935
v -0.386836802 -0.536707078 0.615776941
v -0.370276798 -0.553674577 0.615339419
v -0.371665826 -0.555185631 0.628577690
v -0.597031435 -0.370374233 0.846437877
v -0.589250369 -0.370680731 0.846482539
v -0.168977916 -0.597737054 0.782467498
v -0.170696115 -0.595550326 0.794410555
v 0.000000529 -0.250012537 0.600011884
v 0.000000377 -0.232837563 0.599503685
v 0.016665414 -0.250012607 0.600013696
v 0.078396103 -0.477856807 0.705737223
v 0.083547620 -0.466952311 0.700107283
v 0.066077724 -0.479682754 0.703626809
v 0.066834713 -0.486892859 0.713332578
v 0.067433887 -0.470515129 0.696213798
v -0.519875829 -0.486674231 0.633208226
v -0.521014694 -0.487740260 0.645740201
v -0.316666667 -0.366666666 0.600000000
v -0.183334914 -0.200041657 0.733303906
v -0.166668854 -0.200028081 0.733304589
v 0.147408233 -0.249574622 0.730538705
v 0.145342226 -0.262465508 0.728630151
v -0.133329670 -0.200007134 0.750009162
v -0.133330144 -0.199575416 0.767113275
v -0.533286338 -0.433458829 0.599746927
v -0.262055115 -0.321387359 0.878771043
v -0.249395326 -0.319732152 0.880471995
v -0.500001001 -0.316666565 0.599998896
v -0.500001002 -0.299998998 0.599998002
v -0.550066999 -0.233193346 0.784001006
v -0.083233816 -0.198988716 0.767291156
v -0.082843026 -0.198591135 0.784557533
v -0.066494847 -0.201675764 0.784319113
v -0.066573349 -0.199054997 0.767433409
v -0.016666633 -0.200008708 0.716633738
v -0.232555647 -0.570404543 0.615377567
v -0.216145574 -0.568024084 0.615516625
v -0.215617054 -0.570392268 0.632772489
v -0.227743945 -0.572389530 0.627847310
v -0.069560517 -0.530696588 0.783914318
v -0.082830265 -0.537321307 0.783903195
v 0.033317655 -0.250012949 0.600031301
v 0.049986402 -0.250011702 0.600021182
v -0.300000000 -0.366666666 0.600000000
v -0.283333333 -0.366666666 0.600000000
v -0.572003106 -0.328325241 0.805020920
v 0.113405202 -0.232663090 0.602421835
v 0.123236429 -0.221150149 0.609288359
v 0.121161192 -0.234446158 0.611859755
v -0.438347645 -0.354279073 0.862376850
v -0.450081096 -0.353019095 0.863773944
v -0.049999749 -0.200004701 0.699998255
v -0.387615304 -0.555089301 0.645257862
v -0.254494904 -0.585887829 0.787458981
v -0.261056762 -0.585659182 0.787344493
v -0.016624064 -0.350342486 0.800473426
v -0.029389470 -0.349985415 0.804228051
v -0.183333333 -0.232837557 0.599504223
v -0.183333333 -0.215441992 0.598775325
v -0.166666667 -0.215441992 0.598775325
v 0.000004654 -0.199991664 0.716682504
v -0.000013783 -0.199562493 0.733615862
v -0.316757821 -0.199090057 0.700621266
v -0.244630327 -0.455347510 0.888699049
v -0.250488530 -0.583449572 0.830849310
v -0.249611961 -0.570281668 0.837385886
v -0.596328793 -0.220357902 0.779979161
v -0.599081722 -0.215352113 0.767990620
v -0.454154298 -0.394648973 0.871858001
v -0.400000000 -0.283335158 0.600001824
v -0.599924707 -0.433364498 0.816601739
v -0.600282840 -0.433363922 0.833342755
v -0.600879912 -0.416578878 0.833559414
v -0.600120167 -0.416724617 0.816593185
v -0.316926450 -0.613428786 0.799522921
v -0.312473869 -0.604618550 0.804480419
v -0.312833899 -0.603922306 0.817096269
v -0.320293444 -0.612576758 0.816101983
v -0.332900329 -0.619812482 0.800193060
v -0.333572766 -0.616822730 0.816429493
v -0.471771273 -0.571457795 0.855011719
v -0.483908797 -0.569591085 0.853281753
v -0.233332673 -0.399861882 0.897336329
v -0.229116098 -0.587704830 0.762304148
v -0.413036641 -0.416672806 0.896669889
v -0.420450874 -0.416688118 0.886920267
v -0.400702304 -0.432950683 0.900519358
v -0.400203913 -0.415519348 0.900733281
v -0.483045462 -0.320461489 0.812535791
v -0.466296625 -0.316344231 0.814221877
v -0.471369731 -0.311408273 0.805311682
v -0.483168336 -0.329457061 0.820439484
v -0.300031226 -0.199314111 0.700545853
v -0.300165201 -0.198603846 0.717630455
v -0.350015294 -0.483864819 0.900522463
v -0.216897855 -0.466944673 0.883305627
v -0.200577106 -0.450183018 0.883413291
v -0.129008665 -0.399846424 0.854402919
v -0.128962078 -0.382547066 0.854968549
v -0.136901669 -0.383013443 0.863473007
v -0.136557118 -0.399963723 0.863515043
v -0.383207000 -0.533559538 0.601919525
v 0.000176114 -0.484291038 0.800661222
v -0.000228982 -0.467250074 0.800535211
v -0.230282632 -0.215373599 0.797640638
v -0.550258797 -0.219656646 0.780515899
v -0.549638301 -0.211945159 0.771514148
v -0.567278175 -0.232757906 0.784599602
v -0.429171666 -0.394672698 0.871519974
v -0.350000000 -0.283335158 0.600001824
v -0.482908755 -0.283598597 0.783395164
v 0.096307180 -0.466891041 0.763507950
v -0.036829273 -0.349665393 0.812686809
v -0.599985673 -0.366667002 0.650012593
v 0.083313077 -0.200044362 0.650019817
v 0.103529464 -0.337623382 0.679279946
v 0.102422014 -0.349616171 0.680445802
v 0.130217843 -0.202472304 0.666703539
v -0.317065518 -0.563151333 0.863532487
v -0.333090957 -0.567048583 0.864306414
v -0.311619848 -0.272678415 0.761162658
v -0.200000000 -0.316666564 0.599999897
v -0.366481392 -0.550552964 0.869833335
v -0.361525932 -0.537983769 0.871326554
v -0.371175494 -0.545015791 0.877878841
v -0.346602359 -0.596399445 0.633791019
v -0.347297363 -0.600112151 0.650345515
v -0.353650767 -0.586788910 0.650019097
v -0.352630174 -0.583470081 0.633311509
v -0.334468624 -0.604408716 0.646180366
v -0.478332830 -0.228108250 0.738176821
v -0.466992973 -0.233462514 0.735586252
v -0.466719522 -0.215772127 0.733654764
v -0.482965913 -0.215508587 0.736478840
v -0.116666667 -0.266696192 0.600029525
v -0.116666667 -0.283335158 0.600001824
v 0.131904488 -0.416530095 0.716354946
v 0.135397753 -0.416829755 0.733476364
v -0.599998607 -0.316666569 0.683335209
v -0.599970531 -0.316666570 0.666696153
v -0.189077674 -0.544753030 0.722480061
v -0.183334644 -0.550159870 0.731289206
v -0.198039785 -0.549438795 0.717243294
v -0.195189480 -0.554452060 0.728859821
v -0.195771195 -0.537999475 0.712799024
v -0.533120673 -0.566088099 0.767343895
v -0.519522393 -0.569230285 0.766963225
v -0.133357980 -0.199101324 0.784071604
v -0.133525523 -0.202359079 0.797237541
v -0.116389745 -0.202297119 0.797225727
v -0.133961272 -0.211916026 0.805486281
v -0.534108733 -0.516993330 0.666163604
v -0.120537466 -0.399669853 0.845943845
v -0.488403084 -0.478345004 0.905781077
v -0.479211168 -0.466191333 0.913810251
v -0.486500993 -0.465602435 0.904437844
v -0.470300530 -0.465977314 0.913749718
v -0.500000999 -0.349999972 0.599999033
v -0.500001003 -0.366666702 0.599998712
v -0.510918120 -0.494437495 0.621347318
v -0.512681968 -0.495615249 0.634329853
v -0.133541358 -0.251087259 0.798410987
v -0.134052138 -0.237445707 0.802874555
v -0.233614172 -0.383600135 0.897521171
v -0.100180815 -0.450248560 0.833394622
v -0.500329708 -0.517502905 0.903314123
v -0.495280994 -0.512379536 0.912851983
v -0.496416498 -0.500810507 0.914076010
v -0.483314506 -0.520989479 0.904696480
v -0.483403989 -0.514024817 0.914717912
v -0.350018108 -0.466841574 0.899469839
v -0.099237876 -0.202390668 0.797288094
v -0.082900406 -0.202117789 0.797241460
v -0.233300594 -0.580282771 0.633640213
v -0.232498284 -0.586050353 0.649278680
v 0.116416161 -0.316519596 0.750586541
v 0.104844536 -0.304830462 0.755241337
v 0.111868898 -0.444869819 0.761874089
v 0.099421728 -0.449745209 0.763760717
v -0.000096464 -0.199135060 0.750337493
v -0.000211304 -0.202855584 0.763756419
v 0.147747584 -0.299917280 0.683022297
v 0.150654683 -0.299839548 0.700148807
v -0.249999929 -0.200012414 0.650013361
v -0.250000288 -0.200039073 0.666694330
v -0.462411469 -0.595077352 0.721335008
v -0.450561348 -0.603364422 0.733170568
v -0.596660311 -0.353666335 0.829474891
v 0.016178091 -0.466659294 0.667251576
v 0.033403870 -0.464578523 0.666375714
v 0.016404779 -0.470440172 0.679820915
v -0.533304575 -0.200042554 0.650012313
v -0.533303871 -0.200062404 0.666697273
v -0.516664844 -0.316666563 0.600001725
v -0.601264945 -0.433069595 0.850654058
v -0.601139764 -0.416070354 0.851021107
v 0.115496356 -0.332843494 0.681153478
v 0.133689973 -0.316302268 0.683439573
v 0.134203940 -0.333583606 0.683827797
v -0.550169894 -0.416272200 0.883457240
v -0.260930176 -0.585912781 0.794041230
v -0.266289963 -0.599695504 0.799674227
v -0.278874453 -0.604865399 0.787116170
v -0.278453062 -0.605601252 0.795656901
v -0.183088486 -0.332573679 0.852769581
v -0.183681155 -0.317191184 0.846521107
v -0.480266715 -0.517891783 0.601819077
v -0.362994076 -0.630316830 0.767208609
v -0.366042789 -0.631203640 0.783856629
v -0.371078659 -0.621290073 0.779089066
v -0.421795390 -0.606037779 0.727595205
v -0.434503343 -0.604882550 0.729372458
v -0.466911620 -0.529774028 0.896324807
v -0.483338198 -0.530622047 0.896542388
v -0.466210340 -0.517569286 0.903505400
v -0.382973073 -0.583195610 0.666579461
v -0.366217704 -0.586283077 0.663165178
v -0.504719260 -0.361982071 0.838359574
v -0.499581178 -0.367075906 0.849835070
v -0.494844986 -0.354714454 0.844993675
v -0.484200695 -0.362460621 0.854305349
v -0.116666667 -0.198775325 0.615441992
v -0.116666667 -0.199504222 0.632837557
v -0.100000000 -0.199504222 0.632837558
v -0.100000000 -0.198775325 0.615441992
v -0.449999999 -0.202355222 0.602355293
v -0.433333340 -0.198774669 0.615442463
v -0.433333334 -0.202355160 0.602355333
v -0.449999997 -0.215442006 0.598775315
v -0.017251390 -0.450008611 0.799464817
v -0.029510162 -0.450210627 0.803620609
v -0.032964832 -0.513157341 0.753977510
v -0.399999988 -0.198774278 0.615443030
v -0.400000089 -0.199506645 0.632834176
v -0.116666674 -0.400000461 0.599999558
v 0.029820246 -0.283803572 0.779295307
v 0.016759501 -0.299973548 0.783176298
v -0.399770955 -0.530364867 0.616341834
v -0.433287528 -0.400296550 0.879638130
v -0.449997316 -0.400070384 0.879957467
v -0.400399619 -0.402677577 0.897232785
v -0.383696374 -0.402933799 0.896973244
v -0.383613195 -0.415738865 0.904170117
v -0.597848636 -0.232749588 0.602151364
v -0.584596444 -0.232792942 0.598362599
v -0.316273207 -0.250881169 0.732195262
v -0.133333333 -0.202355268 0.602355268
v -0.133333333 -0.198775325 0.615441992
v -0.116666667 -0.202355268 0.602355268
v -0.016666684 -0.232837557 0.599504207
v -0.016666704 -0.215441990 0.598775356
v 0.000000053 -0.215441999 0.598775036
v -0.599994889 -0.316665887 0.716666016
v -0.600002923 -0.316666387 0.700000042
v 0.066974555 -0.283347817 0.599539796
v -0.416666662 -0.202355122 0.602355409
v -0.416666668 -0.198774368 0.615442597
v -0.399999997 -0.202355146 0.602355430
v -0.345158234 -0.520619954 0.870709859
v -0.199121768 -0.615788603 0.782651908
v -0.198767957 -0.618586444 0.800283822
v -0.600133306 -0.516662528 0.766691034
v -0.600599957 -0.516745628 0.749893515
v -0.016023282 -0.512837376 0.754524912
v -0.015907616 -0.517141367 0.767325910
v -0.004897272 -0.505307470 0.745456399
v -0.066664585 -0.400002812 0.599994312
v -0.016666572 -0.266696191 0.600029376
v 0.066775055 -0.233152998 0.753235819
v -0.516664843 -0.299998999 0.600000825
v -0.350000000 -0.383333336 0.600000000
v -0.349999999 -0.399999996 0.600000038
v -0.296106693 -0.630278625 0.699936246
v -0.305005018 -0.621521148 0.711766551
v -0.283254858 -0.634527830 0.699226305
v -0.083256400 -0.266652388 0.813926659
v -0.082771739 -0.250213500 0.814519291
v -0.099171028 -0.249734698 0.814210627
v -0.200666373 -0.303674151 0.845989766
v -0.199362640 -0.296630013 0.836913876
v -0.488331635 -0.606455499 0.822400269
v -0.500106880 -0.597975417 0.833975374
v -0.495648670 -0.587769053 0.838153189
v -0.567247814 -0.463914138 0.602298516
v -0.567241292 -0.467990403 0.615794522
v -0.366390614 -0.403161934 0.896405583
v -0.366680743 -0.450395970 0.903333888
v -0.383302690 -0.450399688 0.903500085
v -0.288251813 -0.361535828 0.889256233
v 0.000000130 -0.266696189 0.600028987
v 0.016663609 -0.266696239 0.600033113
v -0.049906453 -0.202323011 0.780557725
v -0.601637399 -0.215403562 0.632792942
v -0.601938338 -0.215186487 0.615186485
v 0.116008668 -0.350155398 0.686415798
v -0.333333330 -0.416666659 0.600000090
v 0.147995008 -0.203932867 0.620944371
v 0.135058179 -0.201384808 0.615182974
v -0.599971761 -0.416649796 0.683355174
v -0.600125566 -0.416658925 0.666701138
v 0.150564690 -0.299948720 0.716663157
v 0.151076585 -0.284001553 0.717204336
v 0.146960918 -0.287097207 0.734237445
v 0.148479499 -0.299900049 0.734579705
v -0.250001042 -0.200026450 0.683320803
v -0.249996820 -0.199906199 0.699985676
v -0.233326888 -0.200033164 0.699988446
v -0.450257154 -0.603474771 0.749636910
v -0.066679125 -0.433292194 0.600079948
v -0.171385314 -0.561843960 0.738968454
v -0.183926803 -0.562998733 0.737004364
v -0.183093110 -0.570620547 0.746482691
v -0.416666667 -0.283335158 0.600001824
v -0.400000000 -0.266696192 0.600029525
v -0.533305855 -0.200064396 0.683323534
v -0.533314899 -0.200059043 0.699961357
v -0.516666371 -0.199869145 0.699992245
v -0.500001000 -0.333333354 0.599999032
v -0.316666667 -0.232837557 0.599504223
v 0.128795926 -0.245931858 0.621133208
v -0.078472210 -0.311246297 0.822564321
v -0.083233815 -0.299719764 0.819063902
v -0.266964376 -0.469934131 0.886578256
v 0.133460534 -0.333344549 0.716975013
v 0.135631400 -0.316507236 0.716614078
v 0.136745090 -0.316980587 0.733741733
v -0.529440559 -0.529226691 0.684313228
v -0.533107043 -0.529691854 0.700820814
v -0.516867917 -0.536063134 0.683108042
v -0.519944521 -0.536239603 0.700500473
v -0.433333334 -0.299998999 0.599998999
v -0.416666667 -0.299998999 0.599998999
v -0.416573942 -0.630344020 0.786876882
v -0.002980968 -0.479707998 0.633686152
v -0.000025951 -0.466563734 0.633216489
v 0.002585442 -0.466587601 0.650414263
v -0.003750318 -0.479431970 0.650396932
v -0.495128710 -0.539040218 0.889175445
v -0.350219431 -0.631269206 0.799759772
v -0.345011849 -0.622466549 0.804943518
v -0.349421484 -0.620122115 0.817432328
v -0.354808873 -0.628774262 0.811996578
v -0.366075914 -0.634161551 0.800389398
v -0.366688623 -0.631393587 0.816954075
v -0.361332879 -0.622922543 0.822410277
v -0.266190302 -0.433775429 0.901222805
v -0.566976121 -0.570378926 0.796537302
v -0.584409583 -0.570403727 0.799539463
v -0.016814106 -0.249885139 0.783350649
v -0.033540039 -0.250198175 0.783233687
v -0.116666666 -0.200012548 0.650012545
v -0.116666667 -0.200029571 0.666696170
v -0.100000004 -0.200029576 0.666696147
v -0.100000000 -0.200012555 0.650012542
v -0.433333359 -0.199506798 0.632835987
v -0.300000000 -0.215442005 0.598775321
v -0.283333334 -0.215441995 0.598775325
v -0.383702596 -0.211618391 0.721641251
v -0.383044633 -0.219264701 0.730429253
v -0.366644298 -0.219626040 0.730766812
v -0.366596749 -0.211763783 0.721504998
v -0.383555092 -0.233417864 0.730686775
v -0.066666679 -0.200029493 0.666696179
v -0.066666646 -0.200000681 0.683335688
v -0.400000423 -0.200043438 0.649980962
v -0.399998084 -0.200030498 0.666709850
v -0.250000000 -0.416666667 0.600000001
v -0.233333327 -0.433333298 0.600000047
v -0.445566027 -0.612363646 0.737642687
v -0.445053561 -0.611926096 0.745488608
v -0.433433749 -0.613446414 0.736940387
v -0.433332174 -0.613661946 0.750309468
v -0.438359423 -0.605057126 0.754546157
v -0.254402635 -0.586054351 0.794075374
v -0.533302460 -0.416639880 0.600042827
v -0.183333333 -0.198775322 0.615441992
v -0.166666667 -0.198775325 0.615441992
v -0.183167327 -0.232702872 0.802472833
v 0.163399163 -0.278701918 0.669809120
v 0.163252933 -0.271358352 0.669865893
v -0.238441103 -0.445425536 0.895021151
v -0.249649087 -0.450299612 0.897717191
v -0.445253187 -0.294695669 0.771679396
v -0.449871573 -0.283768599 0.766669386
v -0.455006765 -0.288621826 0.777749466
v -0.449956629 -0.297201709 0.783486366
v -0.461354993 -0.278450722 0.772024075
v -0.466735867 -0.283906178 0.780927218
v -0.466394115 -0.296221017 0.787136575
v -0.133333333 -0.199504223 0.632837557
v -0.133333333 -0.200012547 0.650012543
v -0.233228850 -0.549675265 0.846769740
v -0.238272857 -0.561098426 0.844509294
v -0.250660048 -0.562829125 0.846160272
v -0.037046319 -0.450445924 0.812809256
v -0.036626749 -0.467150534 0.813247282
v -0.049381048 -0.467175163 0.817161594
v -0.146194654 -0.228382526 0.812201448
v -0.146066704 -0.221036829 0.812895662
v -0.150668281 -0.215950990 0.803803097
v -0.133896914 -0.229081120 0.813568396
v -0.133866332 -0.219906477 0.814514739
v -0.528339170 -0.438803192 0.894854977
v -0.599951679 -0.316669209 0.733312428
v -0.416666859 -0.199507289 0.632833758
v -0.416667074 -0.200043268 0.649988444
v -0.136488182 -0.416499973 0.863163097
v -0.138107164 -0.428648450 0.861231065
v -0.149403652 -0.417163995 0.870156963
v -0.016666680 -0.202355267 0.602355304
v -0.350241695 -0.212071969 0.721261518
v -0.349819149 -0.219664914 0.730384687
v -0.599989177 -0.516679232 0.800006358
v -0.599985974 -0.516683883 0.783354203
v 0.054573912 -0.450067694 0.788065998
v 0.067202597 -0.450224033 0.783469833
v -0.299999851 -0.466666418 0.600000123
v -0.283333322 -0.466666671 0.600000004
v -0.200000008 -0.416666641 0.600000162
v -0.082775349 -0.316966705 0.831278701
v -0.300092827 -0.350153658 0.880974719
v -0.278220108 -0.622452793 0.738368500
v -0.216897103 -0.569155508 0.717245457
v -0.217330883 -0.568354118 0.733407558
v -0.383333333 -0.366666666 0.600000001
v -0.366666667 -0.366666667 0.599999999
v -0.482904529 -0.370090151 0.863599593
v -0.466761489 -0.366153303 0.864617883
v -0.471986080 -0.360546506 0.856075521
v -0.566675567 -0.466821244 0.633371068
v -0.355134449 -0.527980272 0.877590501
v -0.377646613 -0.577267286 0.655585688
v -0.387914798 -0.571664304 0.661354624
v -0.383092206 -0.566370614 0.650578908
v -0.365646393 -0.580132389 0.650678070
v -0.370985211 -0.571059430 0.645420406
v -0.000000057 -0.202355258 0.602355256
v -0.000000043 -0.198775327 0.615442061
v -0.316666667 -0.350000003 0.600000003
v -0.601241679 -0.215464399 0.650019705
v -0.597645078 -0.350000138 0.602355217
v -0.597644701 -0.333333338 0.602355287
v -0.584557959 -0.333333334 0.598775351
v -0.000190127 -0.479647403 0.684081520
v 0.016481136 -0.479295705 0.687147563
v 0.004440071 -0.471509557 0.679219910
v -0.499964310 -0.582914298 0.846957315
v -0.505156375 -0.594627228 0.844556282
v -0.517372967 -0.600937483 0.833854205
v -0.517410851 -0.596952321 0.847098256
v -0.516823723 -0.583789117 0.853234714
v -0.599986973 -0.416668752 0.716664243
v -0.599944492 -0.416658993 0.700007308
v 0.062274518 -0.395572961 0.603848915
v -0.333799716 -0.620417538 0.683677995
v -0.333348458 -0.620042607 0.700101231
v 0.050483426 -0.487077311 0.712876462
v -0.115795978 -0.299654108 0.836828869
v -0.283415633 -0.600217772 0.632918481
v -0.278196343 -0.605929228 0.644175237
v -0.278352934 -0.588656656 0.628229185
v -0.199981554 -0.200085854 0.733295059
v -0.199953635 -0.200038563 0.749963950
v -0.119747466 -0.563981201 0.783631791
v -0.121456213 -0.562711969 0.795192274
v 0.066636719 -0.202352544 0.602391322
v -0.466729560 -0.266753814 0.767011812
v -0.471141834 -0.271606021 0.778858837
v -0.477891198 -0.261356415 0.772689252
v -0.483283311 -0.267159089 0.781382885
v -0.383547115 -0.583351478 0.863760296
v -0.383348543 -0.567051820 0.867054070
v -0.533279039 -0.547388692 0.897084592
v -0.216709938 -0.533310200 0.849701860
v -0.216181682 -0.520353864 0.853602966
v -0.412180485 -0.629455167 0.828880456
v -0.421996159 -0.622815345 0.822401283
v -0.003837552 -0.478948283 0.667635041
v 0.003196384 -0.470108298 0.667143319
v -0.143882521 -0.471799838 0.855838320
v -0.328578735 -0.355653808 0.878378582
v -0.316047207 -0.353416227 0.879593915
v -0.567162434 -0.333333344 0.599504254
v -0.077134048 -0.244703638 0.806647000
v -0.299775725 -0.604685950 0.629271559
v -0.199998984 -0.200022281 0.716666301
v -0.088446600 -0.304712376 0.828442487
v -0.094889699 -0.294644594 0.822630634
v -0.099882157 -0.299758271 0.833934266
v -0.399962603 -0.450280384 0.900324047
v -0.116666687 -0.200001766 0.683335224
v -0.116666676 -0.199997548 0.699999838
v -0.099999853 -0.199996940 0.700000426
v -0.100000012 -0.200001526 0.683335255
v -0.254677903 -0.578617612 0.603996178
v -0.244874639 -0.572542180 0.610654082
v -0.250376994 -0.580717742 0.616058474
v -0.266967344 -0.580281760 0.602606301
v -0.266388744 -0.583560527 0.615850011
v -0.567007435 -0.316366062 0.803232621
v -0.066666299 -0.199998669 0.699999762
v -0.066666670 -0.200022612 0.716653605
v -0.399988844 -0.199470709 0.683877654
v -0.400029800 -0.198860929 0.700917264
v -0.383351273 -0.199076385 0.700809330
v -0.383328864 -0.199532110 0.683835457
v -0.350375190 -0.579750884 0.863350711
v -0.366762727 -0.579842137 0.863172972
v -0.349795856 -0.566992081 0.866597596
v -0.366597145 -0.566523910 0.867009121
v -0.500042614 -0.533554228 0.897235602
v -0.504771156 -0.545443207 0.895603893
v -0.516994970 -0.547262419 0.897406689
v -0.383171664 -0.267730007 0.732292461
v -0.400290066 -0.267597070 0.732743510
v -0.172035524 -0.388588831 0.877830627
v -0.437829214 -0.604505960 0.762356307
v -0.466666643 -0.215442014 0.598775326
v -0.254390669 -0.588575317 0.821814457
v -0.261792085 -0.572267936 0.838999324
v 0.111888479 -0.287250053 0.762007482
v 0.111465821 -0.295474695 0.762146151
v 0.105872847 -0.278031192 0.756175052
v -0.333333281 -0.433333209 0.600000078
v -0.199850243 -0.551384882 0.601676327
v -0.183022597 -0.547914498 0.602343382
v -0.183377343 -0.547319811 0.612162413
v -0.250000000 -0.400000000 0.599999999
v -0.433218862 -0.215863149 0.719946212
v -0.438458944 -0.221208370 0.728460652
v -0.444840909 -0.210652312 0.722731561
v -0.450279688 -0.215786636 0.730980323
v -0.450372045 -0.233410308 0.732651786
v -0.549987702 -0.383332271 0.600015347
v -0.000308642 -0.300087256 0.782942270
v -0.016772322 -0.300312292 0.785221829
v 0.070070708 -0.250106301 0.753447533
v 0.060928463 -0.238174881 0.761031663
v 0.062626186 -0.250892284 0.762206234
v -0.083333336 -0.200001260 0.683335489
v -0.083333165 -0.199997520 0.700000819
v -0.533091002 -0.566564093 0.869384910
v -0.528326774 -0.561959945 0.878834176
v -0.466678373 -0.416619484 0.886671858
v -0.483202464 -0.416392517 0.886721748
v -0.599947340 -0.516632618 0.816658003
v 0.049843633 -0.496122386 0.720375031
v 0.066508299 -0.496611184 0.720091118
v -0.062491400 -0.416384834 0.820876811
v -0.366672508 -0.199543768 0.683797092
v -0.366630729 -0.199340106 0.700512880
v -0.349934816 -0.267003621 0.735342650
v -0.366313781 -0.267444880 0.732954093
v -0.150000000 -0.215441992 0.598775325
v -0.499821252 -0.320799764 0.812533012
v -0.566294308 -0.579527515 0.803637478
v -0.549579448 -0.579199085 0.803452782
v -0.550037501 -0.569538002 0.796386726
v -0.153379809 -0.547683779 0.604012404
v -0.148885079 -0.534382751 0.615941909
v -0.153523729 -0.547155208 0.611221782
v -0.165806659 -0.548416673 0.602912410
v -0.166082019 -0.548155945 0.612030822
v -0.083333338 -0.200029563 0.666696149
v -0.154626271 -0.421021764 0.879346270
v -0.154783939 -0.428953894 0.878705787
v 0.054721039 -0.467397918 0.788014218
v 0.046904160 -0.450499895 0.797051865
v 0.047143178 -0.466827935 0.797423059
v 0.114787379 -0.300557965 0.615945450
v -0.022441099 -0.305109192 0.793669355
v -0.028033171 -0.295125284 0.787956464
v -0.033508479 -0.299956056 0.796912312
v -0.378330373 -0.372492513 0.861310887
v -0.383461284 -0.367038199 0.849466057
v 0.033169013 -0.514175523 0.762826916
v 0.033133164 -0.504426096 0.770398038
v -0.000000022 -0.199504258 0.632837585
v -0.000000007 -0.200012577 0.650012592
v -0.311360567 -0.305634250 0.794634403
v -0.316517303 -0.302738447 0.782747251
v -0.299361526 -0.302945611 0.799224655
v -0.299951692 -0.300548675 0.782566316
v -0.188079027 -0.244000654 0.805434602
v -0.178842081 -0.237815460 0.811270906
v -0.170827298 -0.237623845 0.811174655
v -0.597913187 -0.299577385 0.797505494
v -0.601451469 -0.299475388 0.784570455
v -0.183455150 -0.579900140 0.753456109
v -0.529594490 -0.579645552 0.737168243
v -0.528476560 -0.579877329 0.744553064
v -0.533056904 -0.569832779 0.749271403
v -0.533195822 -0.567281055 0.735966484
v -0.521589097 -0.579399749 0.737954346
v -0.517052465 -0.570175949 0.749620548
v -0.516455687 -0.580247326 0.749631388
v -0.528919606 -0.595110541 0.804534588
v -0.530441955 -0.597134820 0.817019639
v -0.537413987 -0.587316252 0.816237838
v -0.600004822 -0.416668479 0.733331376
v -0.250372826 -0.198970572 0.750413257
v -0.461668115 -0.605183338 0.822102629
v -0.104727978 -0.370950764 0.845119648
v -0.104809957 -0.379030640 0.845116793
v -0.116465629 -0.382919754 0.847172223
v -0.066663855 -0.416665136 0.600015256
v -0.316888611 -0.399428405 0.901083132
v -0.199976290 -0.199341276 0.767169563
v -0.200198071 -0.198509995 0.784659361
v -0.510982726 -0.209985710 0.755734971
v -0.516700645 -0.202130811 0.750314894
v -0.521016804 -0.204157485 0.762346480
v -0.532866849 -0.199313681 0.750587045
v -0.533584603 -0.202914806 0.763505273
v -0.387623320 -0.361332295 0.838168437
v -0.366666670 -0.416666652 0.599999713
v -0.349999983 -0.416666589 0.600000055
v -0.188024590 -0.278710580 0.822001388
v -0.150041445 -0.198906729 0.784225916
v -0.150360389 -0.202681276 0.797130386
v -0.070062463 -0.416967609 0.829928563
v -0.069790528 -0.433524586 0.830247605
v 0.127975372 -0.378710607 0.705621938
v -0.146105974 -0.271776849 0.828479385
v -0.137742831 -0.272007956 0.828599468
v -0.133376695 -0.283192970 0.830747857
v -0.300000008 -0.198774923 0.615442141
v -0.300000121 -0.199502354 0.632838708
v -0.283333317 -0.199502967 0.632838002
v -0.283333321 -0.198775226 0.615442025
v -0.462578581 -0.421759621 0.895015663
v -0.454311666 -0.421801072 0.895126717
v -0.083333333 -0.250012546 0.600012546
v -0.400000000 -0.366666664 0.600000001
v 0.033052773 -0.497065836 0.716872756
v 0.038179688 -0.488738052 0.711430098
v -0.561183631 -0.476712884 0.656512761
v -0.584558001 -0.316666541 0.598775238
v -0.567162419 -0.316666566 0.599504092
v -0.149991297 -0.199498940 0.767152747
v -0.512779192 -0.546008941 0.701121148
v 0.121038038 -0.468374994 0.733236718
v -0.099999274 -0.200004647 0.716665219
v -0.433540135 -0.202994792 0.713639460
v -0.104709263 -0.288190742 0.828483883
v -0.117039277 -0.286579303 0.829942089
v -0.066673324 -0.200028971 0.733292872
v -0.066671517 -0.199679855 0.750119774
v -0.149472878 -0.466158445 0.866665576
v -0.154278939 -0.478791103 0.861894751
v -0.166823242 -0.483810475 0.866766171
v -0.033333344 -0.250012546 0.600012562
v 0.066999079 -0.266682679 0.599541504
v 0.083424033 -0.266649285 0.599181120
v -0.383064550 -0.351353264 0.815809576
v -0.366068749 -0.350608588 0.815978798
v -0.296005622 -0.571440525 0.838361485
v -0.300063981 -0.566206117 0.849761225
v -0.305073290 -0.577776308 0.844417378
v -0.311420996 -0.588701587 0.838529756
v -0.104346439 -0.529790481 0.720016840
v -0.099583638 -0.520291303 0.716074445
v -0.099882641 -0.519498026 0.733120951
v -0.105074519 -0.528765395 0.728612537
v -0.115895765 -0.530483344 0.720034134
v -0.115966493 -0.521349105 0.712821340
v 0.028549601 -0.494564231 0.705031692
v 0.097924350 -0.433248925 0.682854316
v 0.103663332 -0.434003397 0.695820314
v -0.316666667 -0.250012546 0.600012546
v -0.188781384 -0.544683417 0.637021196
v -0.189049635 -0.544866392 0.645410241
v 0.144973983 -0.254539628 0.671102018
v -0.333944351 -0.584511115 0.600999056
v -0.133333392 -0.199998159 0.699999803
v -0.083333306 -0.200013166 0.716661101
v -0.083338933 -0.200053704 0.733286388
v -0.416688974 -0.198872044 0.700716464
v -0.417015850 -0.202913320 0.712790492
v -0.400269118 -0.202731633 0.713529355
v -0.267301742 -0.462886245 0.896283946
v -0.266117177 -0.450182567 0.900598192
v -0.550492885 -0.396585789 0.867561940
v -0.545287945 -0.388349313 0.862086461
v -0.533459400 -0.387038541 0.863366788
v -0.533930324 -0.395215172 0.871636076
v -0.279249288 -0.578166999 0.845073806
v -0.283514210 -0.566697147 0.847098216
v -0.287649964 -0.571862482 0.838216887
v -0.266852405 -0.566472307 0.847339304
v -0.270876080 -0.578240192 0.844899231
v -0.066685930 -0.483072405 0.813985801
v -0.299869174 -0.567293914 0.598786204
v -0.283072162 -0.567454304 0.598894822
v -0.561832198 -0.322365849 0.810605058
v -0.549703749 -0.320691839 0.812713960
v 0.113276027 -0.383359146 0.763022211
v -0.455395053 -0.529182411 0.603888780
v -0.467369927 -0.531244751 0.602062231
v -0.467329234 -0.534691018 0.615508783
v -0.516936081 -0.381175411 0.849472610
v -0.516768055 -0.386896696 0.863048665
v -0.504998515 -0.378282044 0.854684802
v -0.183333422 -0.416666519 0.600000110
v -0.166666684 -0.416666613 0.599999126
v 0.104090012 -0.278817327 0.628870825
v -0.266884146 -0.299706167 0.833584206
v -0.267554073 -0.298931083 0.851027472
v -0.250169955 -0.296699706 0.833801375
v -0.530231054 -0.597210082 0.833759144
v -0.528552773 -0.596426232 0.846447402
v -0.533288668 -0.587127211 0.851184539
v -0.537416257 -0.588064642 0.833988102
v -0.449852582 -0.583772583 0.683081058
v -0.597678384 -0.563705867 0.783260627
v -0.597394166 -0.563947795 0.800023259
v 0.067034699 -0.467059706 0.780564163
v -0.283811679 -0.614270936 0.783057352
v 0.130654290 -0.366652994 0.746890164
v -0.300000011 -0.200019241 0.650009393
v -0.283333616 -0.200014150 0.650011163
v -0.000330642 -0.366663566 0.797266903
v -0.279828944 -0.304046138 0.833541563
v -0.282801821 -0.303132492 0.816424899
v -0.133043209 -0.529877189 0.829843139
v -0.132864732 -0.517332112 0.834039269
v -0.154806841 -0.578412241 0.795081993
v 0.096531987 -0.416397803 0.670201515
v -0.217378608 -0.198395967 0.784840405
v -0.217329963 -0.201997700 0.798045570
v -0.200461137 -0.202230724 0.797699424
v -0.567341179 -0.546947334 0.720045504
v -0.404702912 -0.372096394 0.861019413
v -0.417148895 -0.370109900 0.863123856
v -0.383333333 -0.215442015 0.598775303
v -0.366666667 -0.215442008 0.598775317
v -0.597645964 -0.366667622 0.602354899
v -0.361626103 -0.372473060 0.877765665
v -0.378495804 -0.545356572 0.603687924
v 0.083375184 -0.202343950 0.602210663
v -0.378521047 -0.355698289 0.844189508
v -0.383324565 -0.353071243 0.832865487
v -0.366046506 -0.353375083 0.846443199
v -0.366766979 -0.350255909 0.832901097
v -0.170415738 -0.595301404 0.771158627
v 0.078270418 -0.411275717 0.655219481
v 0.066329209 -0.416110665 0.650930649
v 0.071571223 -0.405183600 0.645567578
v 0.130319953 -0.266520831 0.650432914
v 0.121483218 -0.271236354 0.645585615
v -0.597642451 -0.202356662 0.683334729
v -0.597631112 -0.202368757 0.666698254
v -0.600495909 -0.316666568 0.632837584
v -0.601224756 -0.316666544 0.615441997
v -0.200395235 -0.563823267 0.733668753
v -0.216548175 -0.534017432 0.598966346
v -0.183041171 -0.283989844 0.830193054
v -0.266666667 -0.366666666 0.600000000
v -0.143676866 -0.522998256 0.621261633
v -0.154249209 -0.527885768 0.627533083
v -0.083343787 -0.199876117 0.750003755
v -0.078611468 -0.279388098 0.804568209
v -0.078111489 -0.270910143 0.805364038
v -0.233058805 -0.564004160 0.602622888
v -0.216274595 -0.563978567 0.602297396
v -0.233235827 -0.550466916 0.598877846
v -0.216161708 -0.551269111 0.598632469
v -0.596576040 -0.529096618 0.896411168
v -0.597989898 -0.517070120 0.897971799
v -0.584384871 -0.530732446 0.897784683
v -0.584754002 -0.517147196 0.901173992
v -0.428981281 -0.629157738 0.788420823
v -0.212086000 -0.571026997 0.666509191
v -0.211714583 -0.570850254 0.683326207
v -0.487801330 -0.521063645 0.646160158
v -0.549899950 -0.367090289 0.832153881
v 0.122877425 -0.421270803 0.710448263
v -0.400365943 -0.613860420 0.847347770
v -0.399904676 -0.600565914 0.853682513
v -0.204278032 -0.561944823 0.717405427
v -0.511179986 -0.372307456 0.844420344
v -0.204169342 -0.353591274 0.896201106
v -0.204406490 -0.361937071 0.895670433
v 0.096173239 -0.266682098 0.603186292
v -0.437423722 -0.554721984 0.661920686
v -0.433429998 -0.566708711 0.666789013
v 0.033818212 -0.433024961 0.797785567
v 0.113597155 -0.433196092 0.703147271
v -0.266666667 -0.416666667 0.600000000
v -0.450579778 -0.250773502 0.732613353
v -0.263211492 -0.233381291 0.780046490
v -0.261882868 -0.220458625 0.779040070
v -0.066666667 -0.283335158 0.600001825
v -0.200000000 -0.198775325 0.615441994
v -0.200000000 -0.199504271 0.632837558
v 0.017008509 -0.484119183 0.798222882
v -0.199999994 -0.400000007 0.600000005
v -0.183333337 -0.399999992 0.600000094
v -0.271915668 -0.612320360 0.805049325
v -0.271381844 -0.612999667 0.813211452
v -0.283651719 -0.614430746 0.800162669
v -0.282762986 -0.614526717 0.813540534
v -0.483333452 -0.383333604 0.599998909
v -0.222103239 -0.261916471 0.805053429
v -0.212136488 -0.255516244 0.811220114
v -0.199351993 -0.253695577 0.812672266
v -0.200746552 -0.246302537 0.803478844
v 0.147117300 -0.316818289 0.686518401
v 0.146996811 -0.316684310 0.695804857
v 0.136710072 -0.316572483 0.703435339
v 0.137985227 -0.304759377 0.703827894
v -0.533701243 -0.402859932 0.880642333
v -0.279006994 -0.304172783 0.862472269
v -0.280129737 -0.302772386 0.850880701
v -0.267169548 -0.302980861 0.864047596
v -0.399473187 -0.250216318 0.729859569
v -0.200000000 -0.202355267 0.602355269
v -0.316193476 -0.513701453 0.897221433
v -0.166628590 -0.466830112 0.881510469
v -0.154202049 -0.454160215 0.879463814
v -0.153758003 -0.463210678 0.879866503
v -0.495676612 -0.232057010 0.771513867
v -0.499407119 -0.218610055 0.767444290
v -0.504185643 -0.220909715 0.779501911
v -0.502928838 -0.232528021 0.781298760
v -0.495161456 -0.372244217 0.861075336
v -0.300806225 -0.616604872 0.783076249
v -0.300698840 -0.613296456 0.799539861
v -0.100000000 -0.266696192 0.600029525
v -0.237732418 -0.612570730 0.737752541
v -0.237311239 -0.599381902 0.737109766
v -0.236279905 -0.600182416 0.750577481
v -0.237999680 -0.611694084 0.745573724
v -0.245150010 -0.605406850 0.754658782
v 0.113202097 -0.282888598 0.634312353
v -0.379592060 -0.629551281 0.736898869
v -0.378536341 -0.629254396 0.745006445
v -0.371529424 -0.629365806 0.738086569
v -0.366701424 -0.630432162 0.749682035
v 0.033425665 -0.496809247 0.780000965
v 0.016467454 -0.497628778 0.783579841
v 0.034389841 -0.487660104 0.787813221
v 0.021646390 -0.489169081 0.789148689
v -0.386953915 -0.432994380 0.905118591
v -0.379346576 -0.433226676 0.914169521
v -0.378651555 -0.420829242 0.913268275
v -0.371403345 -0.420954151 0.913166874
v -0.370635995 -0.433244490 0.914122640
v 0.079778743 -0.350278345 0.779801915
v -0.304362875 -0.262235407 0.737505017
v -0.528541619 -0.295386936 0.787904217
v -0.345352146 -0.595330508 0.620653958
v -0.348126876 -0.584192491 0.615787494
v -0.339299674 -0.589564211 0.610196926
v -0.597666339 -0.202353820 0.716705282
v -0.597639201 -0.202363300 0.699998759
v 0.129076705 -0.412240853 0.704816431
v 0.128873475 -0.404097825 0.705162342
v -0.599987565 -0.316666576 0.650012555
v -0.016687911 -0.416657167 0.599693522
v -0.083333333 -0.266696192 0.600029525
v -0.283333333 -0.416666667 0.599999999
v -0.071423670 -0.203539923 0.795758693
v -0.020707498 -0.478783773 0.603907379
v -0.016171170 -0.466651444 0.601327131
v -0.010760917 -0.472155199 0.610180458
v -0.212257742 -0.570512111 0.700351679
v -0.070087621 -0.516627379 0.797160337
v -0.071294874 -0.528905333 0.795464975
v -0.082643242 -0.530371874 0.796812347
v -0.083008745 -0.517620686 0.803631777
v 0.132010350 -0.416975739 0.750809568
v 0.129380090 -0.421174034 0.762491022
v 0.129777967 -0.429321869 0.762664045
v -0.494799370 -0.594336666 0.772219494
v -0.499681922 -0.597366111 0.783849643
v -0.504818962 -0.588244446 0.778758844
v -0.238172713 -0.578044978 0.621069829
v -0.084025379 -0.283573674 0.813320883
v -0.083607997 -0.399913614 0.830033971
v 0.145659831 -0.295019373 0.670709070
v -0.249999982 -0.199503877 0.632837747
v 0.028315995 -0.461537711 0.655431625
v 0.015582171 -0.462978555 0.654143438
v -0.199999985 -0.200012634 0.650012510
v -0.199999968 -0.200028893 0.666696092
v -0.533302815 -0.199532446 0.632837648
v -0.304838277 -0.560939811 0.861310374
v -0.454592632 -0.528231132 0.894366153
v -0.316437285 -0.600584079 0.833647956
v -0.321669292 -0.611541151 0.828702963
v -0.333432339 -0.613454980 0.830434210
v 0.127616013 -0.261653325 0.638783311
v 0.143828498 -0.238163855 0.687216800
v 0.144144478 -0.238460085 0.695924949
v 0.144986462 -0.311564869 0.720899060
v 0.145509189 -0.311697480 0.730010182
v 0.138052525 -0.305211769 0.711827048
v 0.140131170 -0.304969377 0.739677429
v -0.149947217 -0.320827232 0.846034860
v -0.300088275 -0.202402220 0.730201250
v -0.283011034 -0.202917441 0.729909737
v -0.483333426 -0.366666616 0.599999894
v -0.579486086 -0.578936229 0.804821737
v -0.428159645 -0.528752729 0.895448934
v -0.302962062 -0.250779847 0.735543328
v -0.100000000 -0.202355268 0.602355268
v 0.033321111 -0.300000607 0.600017433
v -0.183329173 -0.466668937 0.600015585
v -0.166677890 -0.466651017 0.600062057
v -0.066666667 -0.198775324 0.615441992
v -0.066666666 -0.199504225 0.632837557
v -0.383333334 -0.202355150 0.602355420
v -0.394928825 -0.528364764 0.604457510
v -0.404566172 -0.521889183 0.610892230
v -0.466666640 -0.366666634 0.600000099
v 0.078796688 -0.287113027 0.779713627
v 0.080177956 -0.299289942 0.781025053
v -0.036510325 -0.333390346 0.813154540
v -0.188438394 -0.305639142 0.844200255
v -0.237933782 -0.511917105 0.878671810
v -0.250357761 -0.513597623 0.880448954
v -0.353106117 -0.599881087 0.666539041
v -0.354929846 -0.588071334 0.662092383
v -0.261837470 -0.203937447 0.762586090
v -0.263249697 -0.202862073 0.749565886
v -0.597761954 -0.202096800 0.749974980
v -0.597807136 -0.202199332 0.733524267
v -0.083333333 -0.202355268 0.602355268
v -0.083333333 -0.198775325 0.615441992
v -0.066666667 -0.202355268 0.602355268
v -0.549884483 -0.199140202 0.750245353
v -0.550077378 -0.202824767 0.763805826
v -0.204304798 -0.612383827 0.771101906
v -0.366666669 -0.202355134 0.602355402
v -0.294608862 -0.628636663 0.687682418
v -0.283389994 -0.630671217 0.686127847
v -0.283204699 -0.621291897 0.679053869
v -0.223143676 -0.576240837 0.739034939
v -0.230397835 -0.585595987 0.750604100
v -0.478080236 -0.454088050 0.912815793
v -0.471300586 -0.453905547 0.912897658
v 0.027456820 -0.444419354 0.638989027
v -0.598159565 -0.215246984 0.601840435
v -0.512161540 -0.594771473 0.788490117
v -0.111143899 -0.255422584 0.810697729
v -0.121200982 -0.512240011 0.603688343
v -0.119777137 -0.513522921 0.615964449
v -0.132193644 -0.520118358 0.615719933
v -0.467182984 -0.617391721 0.800004724
v -0.467014221 -0.614570147 0.816631710
v -0.379327216 -0.322157898 0.794649043
v -0.370872686 -0.322148925 0.794579656
v -0.254840130 -0.629730099 0.721572912
v -0.253973527 -0.629731065 0.728941567
v -0.266044330 -0.632089927 0.716583295
v -0.266299524 -0.630803891 0.729437591
v -0.200000323 -0.199999202 0.683335440
v -0.200001464 -0.199998306 0.700001312
v -0.283116038 -0.614763901 0.649678624
v -0.283009064 -0.617525569 0.665527954
v -0.533325233 -0.283593291 0.785775503
v -0.116448260 -0.500662613 0.834133620
v -0.119886745 -0.517081187 0.830000512
v -0.345612289 -0.579417807 0.603737611
v -0.353849144 -0.570834550 0.615171978
v -0.149999973 -0.199998279 0.699999912
v -0.150000013 -0.200002166 0.716664053
v -0.483341507 -0.199987157 0.683347485
v -0.483326121 -0.199391236 0.700338938
v 0.137093453 -0.333689704 0.702997367
v -0.528190190 -0.528065748 0.670811482
v -0.516760946 -0.531475745 0.666034733
v -0.522546470 -0.522516866 0.660724901
v 0.147340498 -0.233106674 0.721672450
v 0.147832489 -0.232771695 0.731011134
v -0.186791419 -0.613748857 0.787681825
v -0.185852669 -0.614712759 0.800621927
v -0.004545994 -0.478292940 0.620475703
v -0.002148657 -0.466938962 0.615650747
v -0.411932972 -0.278626330 0.738240692
v -0.421656728 -0.272552093 0.744062969
v -0.567145466 -0.232854534 0.598974492
v -0.478313295 -0.612187427 0.788378181
v -0.483486963 -0.614827826 0.800678476
v -0.488361129 -0.606607974 0.794740843
v -0.270089331 -0.631198487 0.699921399
v -0.071119826 -0.254006764 0.812685696
v -0.071655527 -0.262434760 0.812110366
v -0.288451311 -0.611877227 0.638279695
v -0.299931601 -0.613853997 0.636667654
v -0.567104646 -0.416125930 0.881320763
v -0.217237688 -0.546158682 0.845557193
v -0.033441665 -0.504243174 0.787840377
v -0.066666668 -0.200012586 0.650012531
v -0.571773688 -0.389083187 0.844154478
v -0.183333333 -0.202355268 0.602355268
v -0.166666667 -0.202355269 0.602355268
v -0.266666667 -0.266696192 0.600029525
v -0.400618519 -0.617155917 0.732782813
v -0.400301600 -0.617020863 0.750057543
v -0.466667238 -0.416668532 0.600001770
v -0.463301311 -0.580345558 0.683082804
v -0.471030034 -0.571527183 0.682089686
v 0.147281389 -0.346165776 0.687454143
v 0.148244690 -0.334508473 0.686706617
v 0.147754091 -0.334182239 0.694966369
v 0.146697106 -0.346476806 0.693946916
v 0.134230831 -0.347161381 0.687386980
v -0.279458961 -0.250669531 0.763273136
v -0.286272636 -0.249643209 0.753452586
v -0.083333333 -0.199504222 0.632837557
v -0.083333333 -0.200012562 0.650012536
v -0.199304979 -0.614559813 0.813625991
v 0.000209634 -0.503540436 0.784269963
v -0.004627092 -0.512211164 0.778599547
v -0.016604710 -0.514037042 0.780212171
v -0.016231474 -0.504477672 0.787876644
v 0.128470959 -0.312907454 0.654350359
v 0.128393407 -0.312122935 0.662258057
v -0.462048794 -0.262190892 0.737034955
v -0.463574631 -0.263560457 0.749397001
v -0.416333961 -0.528832569 0.620757284
v -0.411955742 -0.611812928 0.721691321
v -0.417034475 -0.614420059 0.733141322
v -0.399669052 -0.612701633 0.720219980
v -0.204454976 -0.563218942 0.603427374
v -0.203662713 -0.563923766 0.615510880
v -0.411924734 -0.404480847 0.895188003
v -0.354610708 -0.605364284 0.678319440
v -0.512709314 -0.579652467 0.767252856
v -0.145342779 -0.371634964 0.861445974
v -0.137320044 -0.371024207 0.862337006
v -0.295921685 -0.251040653 0.745663532
v -0.229200881 -0.203177177 0.796517409
v -0.405023981 -0.305798723 0.777532878
v 0.086890705 -0.449902327 0.770549344
v -0.527927106 -0.512180601 0.655614168
v -0.528733319 -0.498697782 0.654172100
v 0.146263760 -0.287768561 0.746267545
v 0.146688955 -0.294789376 0.746535978
v -0.333576656 -0.617308305 0.666243183
v -0.116224662 -0.513950060 0.633439158
v -0.116089268 -0.514254168 0.649999610
v 0.095710220 -0.271941465 0.761893161
v 0.033690783 -0.480608375 0.797409755
v -0.199619615 -0.287068211 0.829566322
v -0.121074921 -0.563157113 0.771061920
v -0.150000167 -0.200026693 0.733305510
v -0.149997877 -0.199997983 0.750005406
v -0.483261535 -0.198924871 0.717049471
v -0.483361398 -0.202859244 0.730079395
v -0.466941873 -0.202476877 0.730064517
v -0.495157875 -0.545304420 0.671528314
v -0.505127787 -0.539372194 0.677894453
v -0.500067040 -0.535931434 0.666246326
v 0.130158343 -0.316489261 0.746346129
v -0.300000000 -0.266696192 0.600029525
v -0.283333333 -0.266696192 0.600029525
v -0.337936373 -0.578537334 0.862246050
v -0.205027625 -0.544311392 0.844247174
v -0.483479409 -0.614777770 0.816653437
v -0.479154940 -0.612318646 0.828571942
v -0.471080230 -0.612560371 0.828713061
v -0.216665192 -0.200024717 0.700000539
v 0.113926090 -0.480955127 0.733329653
v 0.113166880 -0.479841077 0.745260913
v -0.494710527 -0.488677514 0.912323942
v 0.032693067 -0.383425495 0.782008672
v -0.105635865 -0.495444992 0.828390144
v -0.463987185 -0.250765807 0.735920517
v -0.379028344 -0.511334846 0.894951096
v -0.366529680 -0.513465588 0.897305686
v -0.367033729 -0.500518708 0.900710846
v -0.399686721 -0.615728637 0.767359956
v -0.478218507 -0.562371543 0.654332363
v -0.480140077 -0.563873647 0.665917474
v -0.436789512 -0.303053135 0.800498007
v -0.438431741 -0.303626943 0.812938232
v -0.449799161 -0.299280482 0.800872204
v -0.448888046 -0.302375825 0.814342778
v -0.399800640 -0.233679950 0.729793509
v -0.395688621 -0.220594225 0.729184462
v -0.388394573 -0.237951629 0.721188442
v -0.596427998 -0.404733487 0.862467718
v -0.500001075 -0.383334171 0.599997575
v -0.321342136 -0.594906006 0.844683470
v -0.549844362 -0.402892934 0.880587426
v -0.416754977 -0.616604123 0.749970962
v -0.203586407 -0.563806583 0.632745214
v -0.203123501 -0.563453729 0.649831992
v -0.212397482 -0.570745821 0.649797402
v -0.004275403 -0.462371175 0.603623385
v -0.295078999 -0.338683733 0.878200013
v 0.113079589 -0.305125911 0.603513657
v 0.111573995 -0.329310427 0.667693631
v -0.445852678 -0.388577275 0.877940217
v -0.437413002 -0.388664583 0.877767090
v -0.245279769 -0.286738238 0.846753650
v -0.244830009 -0.287832776 0.838296443
v -0.550370276 -0.566951521 0.749617129
v -0.549732561 -0.565661052 0.766976032
v 0.079401491 -0.449570598 0.779592574
v 0.078054118 -0.461868023 0.778172900
v -0.362014546 -0.561823721 0.603673975
v -0.363303762 -0.563388134 0.616159020
v -0.299999997 -0.202355307 0.602355234
v -0.283333333 -0.202355308 0.602355255
v -0.600629695 -0.450025531 0.850275091
v -0.599991758 -0.450041374 0.833318701
v -0.016666587 -0.250012544 0.600012476
v -0.478372624 -0.245081206 0.754734516
v -0.480558861 -0.232932465 0.749464843
v -0.486232371 -0.233233397 0.763277536
v -0.483020999 -0.249504228 0.767586394
v -0.494023342 -0.244745423 0.773007750
v -0.087227147 -0.237781303 0.812814996
v -0.550392511 -0.563528745 0.736316681
v 0.111502691 -0.338134072 0.761314482
v -0.511096638 -0.544735276 0.688196906
v -0.037439833 -0.433378490 0.812529009
v -0.383333348 -0.416667020 0.599999514
v -0.383504019 -0.202448723 0.713790163
v 0.050556229 -0.514884681 0.763395450
v 0.095179598 -0.428946078 0.671609542
v 0.088826838 -0.438984132 0.678021972
v -0.266666623 -0.199503722 0.632837905
v -0.266666713 -0.200012990 0.650012223
v -0.597848636 -0.202151366 0.632749587
v -0.598159564 -0.201840435 0.615246984
v -0.062020953 -0.488790294 0.805270942
v -0.049505622 -0.487063591 0.804017200
v -0.049835821 -0.480292792 0.813376552
v -0.549977576 -0.199495514 0.632848910
v -0.549986355 -0.200022025 0.650013698
v -0.349783007 -0.614557529 0.833945277
v -0.072301405 -0.288729438 0.810151446
v -0.119634988 -0.483617952 0.846938608
v -0.120990469 -0.495230875 0.845164552
v -0.366522400 -0.203002246 0.713384152
v -0.349711948 -0.203161787 0.713577697
v -0.498710367 -0.528902962 0.653951941
v 0.081101938 -0.515546378 0.750436987
v 0.079826251 -0.513633987 0.762209975
v 0.067448702 -0.514804634 0.763609441
v -0.470101225 -0.250840490 0.748769157
v -0.203932034 -0.562882889 0.666556770
v -0.204121227 -0.562615505 0.683315886
v -0.499332632 -0.570026645 0.853334345
v -0.511813770 -0.572055089 0.855785324
v 0.111621884 -0.245248577 0.604426288
v -0.245569549 -0.594928441 0.828122033
v -0.033502612 -0.496036768 0.796381960
v -0.050838848 -0.495949407 0.796267268
v 0.011570033 -0.361743785 0.795106385
v -0.438512131 -0.578240474 0.671964556
v -0.450500362 -0.580368307 0.669969737
v -0.116305310 -0.512772289 0.703044333
v -0.116397804 -0.502692895 0.696290165
v -0.597730077 -0.564237228 0.766812415
v -0.549340233 -0.565519687 0.783980054
v -0.000249941 -0.497008549 0.796949527
v -0.016361622 -0.496966054 0.797002332
v -0.254580283 -0.461479283 0.894966306
v -0.597566413 -0.449660182 0.880805846
v -0.601178392 -0.449828581 0.867113541
v -0.088037746 -0.511332796 0.704805730
v -0.086552470 -0.512836769 0.716765458
v -0.099530878 -0.513082889 0.703617142
v 0.129345184 -0.210678339 0.602927336
v 0.129676952 -0.202636188 0.603128906
v -0.266667889 -0.200043642 0.666686638
v -0.266667868 -0.200003686 0.683321136
v -0.597634809 -0.202365216 0.650005148
v -0.597644767 -0.316666552 0.602355223
v -0.383199158 -0.613786669 0.847320107
v -0.549988106 -0.200041116 0.666696731
v -0.549987460 -0.200026875 0.683334246
v -0.500013162 -0.199691241 0.700132505
v -0.171204442 -0.494678892 0.861258825
v -0.183726397 -0.496486399 0.862586683
v -0.219981006 -0.579802787 0.650370438
v -0.345157006 -0.629849744 0.688483986
v -0.345055846 -0.630101527 0.695342059
v -0.350154115 -0.617966592 0.683469684
v -0.338216181 -0.630002806 0.688312206
v -0.338113616 -0.629659161 0.695252553
v -0.204221199 -0.562350719 0.700313292
v -0.354745581 -0.611367114 0.845017197
v -0.366243447 -0.620410824 0.834636179
v -0.366981291 -0.613259208 0.846329038
v -0.486983000 -0.219906751 0.749423827
v -0.495163237 -0.210775759 0.738321730
v -0.499384149 -0.212920199 0.750542130
v -0.037862343 -0.496496867 0.603477252
v -0.395214798 -0.245273882 0.720698189
v -0.383274078 -0.250132207 0.729823522
v -0.387245316 -0.246171408 0.720924870
v -0.150000000 -0.198775325 0.615441992
v -0.150000000 -0.199504223 0.632837557
v -0.483333447 -0.202355253 0.602355188
v -0.466666643 -0.202355269 0.602355254
v -0.416312529 -0.562249590 0.654342341
v -0.399774496 -0.563274623 0.653493765
v -0.478865233 -0.530276295 0.603437524
v -0.150000000 -0.202355268 0.602355268
v -0.083359192 -0.512898209 0.733333657
v 0.045296433 -0.437755315 0.795190556
v 0.111043571 -0.288061508 0.621964410
v -0.346826290 -0.613228000 0.666853723
v -0.596666605 -0.287715086 0.796251220
v -0.195253621 -0.505045874 0.854841030
v -0.305048792 -0.605005917 0.804864746
v -0.071774235 -0.404805308 0.828131672
v -0.595683278 -0.511984138 0.704561423
v 0.028764547 -0.421852751 0.794982188
v -0.461003587 -0.304625109 0.812161375
v -0.466259801 -0.302383849 0.800497051
v -0.066561925 -0.499954578 0.800290856
v -0.078056984 -0.505390424 0.805765706
v -0.495121596 -0.494848377 0.604542057
v -0.295184054 -0.612391286 0.811610943
v -0.154759188 -0.554369802 0.828944125
v -0.154128890 -0.562799567 0.829592090
v -0.062486364 -0.487655857 0.688600768
v -0.062839547 -0.487165451 0.695418754
v -0.170510400 -0.479508529 0.879531242
v -0.037881857 -0.479077983 0.812095349
v -0.271159707 -0.279362947 0.771192437
v -0.462036373 -0.578197187 0.861610520
v -0.271598524 -0.544094938 0.861359430
v -0.205217034 -0.510698576 0.860412075
v -0.217446212 -0.512635449 0.862722069
v -0.504814918 -0.204378664 0.745138194
v 0.088804641 -0.455542449 0.694449848
v -0.037910123 -0.495115063 0.671778881
v -0.037782941 -0.494828163 0.679496762
v -0.050258959 -0.496012110 0.680045004
v 0.078504322 -0.461571842 0.688243377
v 0.083881349 -0.450628615 0.682931240
v -0.395659326 -0.595440093 0.862147239
v -0.387663437 -0.595451508 0.862139231
v 0.061543447 -0.427939555 0.655739354
v -0.271951907 -0.629320656 0.687642865
v -0.494171145 -0.577705414 0.738820008
v -0.504060229 -0.571356981 0.745479963
v -0.088108472 -0.511873787 0.811675928
v 0.163675076 -0.294857867 0.704806427
v 0.163650535 -0.288459104 0.711616986
v 0.163527949 -0.296102365 0.712621881
v -0.311658503 -0.612215903 0.638138057
v -0.322070826 -0.605951689 0.644407634
v 0.146452888 -0.220339028 0.723102241
v 0.146900980 -0.220036166 0.729993501
v -0.461827448 -0.579972060 0.670517674
v -0.596330188 -0.203377151 0.762959494
v -0.338186607 -0.628756104 0.795125540
v -0.228004932 -0.272276783 0.810956151
v 0.045746264 -0.479028846 0.795957350
v -0.495710897 -0.421426424 0.895214096
v -0.487482164 -0.421622322 0.895016335
v -0.050942321 -0.495150223 0.703624150
v -0.167140082 -0.320541988 0.845374337
v 0.061403335 -0.410967097 0.639089060
v -0.333787378 -0.613780636 0.653160478
v -0.110914261 -0.505750462 0.628177413
v -0.355711906 -0.572178797 0.628120426
v 0.130334978 -0.462919290 0.738354691
v 0.129569683 -0.462717310 0.745786671
v -0.185798001 -0.600950300 0.817377496
v -0.186920741 -0.613553701 0.812907302
v -0.488114828 -0.254997963 0.778756564
v 0.112385258 -0.478971065 0.721440206
v -0.471597264 -0.512998330 0.913149611
v 0.095053250 -0.445416047 0.687685305
v -0.371178505 -0.629165221 0.829106483
v -0.104882931 -0.511703837 0.637808385
v -0.104583385 -0.511955247 0.646147531
v -0.110980489 -0.505535315 0.655321769
v -0.329420179 -0.596251007 0.603641649
v -0.186999299 -0.596483579 0.830275323
v -0.428528636 -0.560963553 0.655670657
v -0.454494706 -0.203701740 0.729162170
v 0.078902513 -0.445630675 0.671913619
v -0.455496116 -0.272627749 0.761471353
v -0.071943028 -0.494820844 0.810969087
v -0.087697328 -0.545943757 0.771090771
v -0.087528288 -0.546448895 0.779350508
v -0.121270656 -0.511592058 0.661504029
v -0.128150170 -0.528522560 0.721983217
v -0.037672450 -0.321094380 0.812030055
v -0.411680249 -0.594284453 0.688838462
v -0.361355549 -0.577629673 0.638711528
v -0.365977693 -0.566459997 0.633222275
v -0.596859642 -0.203140358 0.603140358
v -0.111092034 -0.304487242 0.846618537
v -0.103417206 -0.304182692 0.846225565
v 0.079581277 -0.513029294 0.738026788
v 0.084335803 -0.501381866 0.732864405
v -0.027379459 -0.514432246 0.620771907
v -0.027453609 -0.514204568 0.628081185
v -0.020865817 -0.514456979 0.621661405
v -0.020695487 -0.514514632 0.628308687
v -0.221355122 -0.412227155 0.895306548
v -0.561927883 -0.404938125 0.879128551
v 0.011824041 -0.494955584 0.795362297
v -0.596283619 -0.562886296 0.754295668
v -0.461759535 -0.354091481 0.862317107
v -0.278115227 -0.237963331 0.761609599
v -0.138112536 -0.561393825 0.755067825
v -0.345038317 -0.272517501 0.743897968
v -0.294002769 -0.238541410 0.743993606
v -0.287634640 -0.295884947 0.770532497
v -0.377195048 -0.560817382 0.639363284
v -0.378565303 -0.445413294 0.912673647
v -0.371413392 -0.445395192 0.912663261
v 0.079081068 -0.495022808 0.721440228
v -0.221326849 -0.577757843 0.638083163
v -0.472402978 -0.255251970 0.761838247
v -0.511994785 -0.528009503 0.655246723
v 0.096138076 -0.496462614 0.738212409
v -0.136584171 -0.529611695 0.603015748
v -0.136812288 -0.529527599 0.611103283
v -0.533667756 -0.579996724 0.863645968
v -0.294638343 -0.305527674 0.811381886
v -0.345037502 -0.611713946 0.654996357
v -0.170837750 -0.578589214 0.754625395
v -0.538083275 -0.288921239 0.794363873
v -0.137689826 -0.454077565 0.861292353
v -0.137254077 -0.462658934 0.861711202
v -0.488587341 -0.221650855 0.761658916
v -0.237768218 -0.595105933 0.654697927
v -0.438164202 -0.339152418 0.827431353
v -0.121741088 -0.528270096 0.828459110
v -0.521607121 -0.578968424 0.862589603
v -0.472207075 -0.238576052 0.744307192
f 1 2 3 4
f 5 6 7 8
f 9 5 8 10
f 11 12 7 6
f 10 8 7 12
f 13 14 15 16
f 16 15 17 18
f 19 20 21 22
f 23 24 25 26
f 22 21 25 24
f 20 26 25 21
f 27 28 29 30
f 31 32 29 28
f 33 34 35 36
f 37 38 39 40
f 41 42 43 44
f 45 46 47 48
f 49 50 51 52
f 53 54 55 56
f 57 58 59 60
f 53 57 60 54
f 54 60 59 55
f 61 62 63 64
f 65 66 67 68
f 69 70 71 72
f 73 69 72 74
f 74 72 71 75
f 76 77 78 79
f 80 81 78 77
f 82 83 84 85
f 86 87 88 89
f 90 91 92 93
f 93 92 94 95
f 96 97 98 99
f 100 99 98 101
f 102 103 104 105
f 106 107 108 109
f 110 111 112 113
f 114 115 116 117
f 118 119 120 121
f 122 123 124 125
f 126 127 128 129
f 130 131 132 133
f 134 135 136 137
f 138 139 140 141
f 142 143 144 145
f 146 147 148 149
f 150 151 152 153
f 154 155 152 151
f 156 153 152 155
f 157 158 159 160
f 157 161 162 158
f 157 160 163 161
f 164 165 82 166
f 167 168 90 169
f 170 171 172 173
f 173 172 174 175
f 171 176 174 172
f 177 178 179 180
f 181 182 183 184
f 177 181 184 178
f 180 179 183 182
f 178 184 183 179
f 185 186 187 188
f 189 190 102 191
f 192 193 194 195
f 196 197 198 199
f 200 201 202 203
f 203 202 204 205
f 206 207 208 209
f 210 211 212 213
f 214 215 216 217
f 218 219 220 221
f 222 218 221 223
f 223 221 220 224
f 225 226 227 228
f 229 230 231 232
f 233 234 235 236
f 236 235 167 237
f 238 239 240 241
f 242 243 244 245
f 246 247 248 249
f 250 251 252 253
f 254 255 256 257
f 254 258 259 255
f 254 257 260 258
f 261 262 263 264
f 265 266 267 268
f 269 270 271 96
f 272 273 274 275
f 276 277 278 279
f 280 281 282 283
f 280 284 285 281
f 281 285 286 282
f 287 288 289 290
f 290 289 291 292
f 293 294 295 296
f 297 298 299 300
f 301 302 303 304
f 305 306 307 308
f 309 310 311 312
f 313 312 311 314
f 315 316 317 318
f 319 320 321 322
f 323 324 325 326
f 319 323 326 320
f 319 322 324 323
f 320 326 325 321
f 327 328 329 330
f 331 332 333 334
f 335 336 337 338
f 339 340 341 342
f 343 344 345 346
f 347 348 349 350
f 351 352 353 354
f 347 351 354 348
f 347 350 352 351
f 355 356 357 358
f 359 360 361 362
f 359 363 364 360
f 365 366 367 368
f 369 370 371 372
f 373 374 375 376
f 377 378 379 380
f 381 377 380 382
f 382 380 379 383
f 384 385 386 387
f 388 389 390 391
f 392 393 394 395
f 396 392 395 397
f 398 399 297 400
f 401 402 403 404
f 405 401 404 406
f 406 404 403 407
f 408 409 410 411
f 412 413 414 415
f 416 417 418 419
f 420 421 422 423
f 424 425 426 427
f 428 429 430 431
f 431 430 432 433
f 434 435 436 437
f 438 439 436 435
f 440 441 442 443
f 444 445 446 447
f 448 449 450 451
f 452 453 454 455
f 456 457 458 459
f 460 461 462 463
f 464 465 466 467
f 463 462 466 465
f 461 467 466 462
f 468 469 412 470
f 471 472 473 474
f 471 475 476 472
f 477 478 163 160
f 479 480 481 482
f 483 479 482 484
f 483 485 480 479
f 486 487 488 489
f 490 489 488 491
f 492 493 494 495
f 496 75 497 498
f 499 500 501 502
f 499 503 504 500
f 499 502 505 503
f 500 504 506 501
f 507 508 509 510
f 511 512 513 514
f 515 516 513 512
f 517 518 519 520
f 521 275 519 518
f 522 48 523 524
f 525 522 524 526
f 526 524 523 527
f 528 529 530 531
f 531 530 532 533
f 534 535 536 537
f 538 539 540 541
f 542 543 544 545
f 546 547 544 543
f 548 549 550 551
f 552 553 554 555
f 556 557 558 559
f 557 560 561 558
f 562 563 434 564
f 565 566 567 568
f 569 570 571 572
f 573 574 575 576
f 576 575 577 578
f 574 579 577 575
f 580 581 582 583
f 584 585 586 587
f 588 589 585 584
f 590 591 592 593
f 594 595 596 597
f 285 598 599 286
f 285 600 477 598
f 43 601 602 603
f 93 95 485 483
f 604 93 483 605
f 606 607 608 609
f 610 611 612 613
f 614 613 612 615
f 616 617 618 619
f 620 621 622 623
f 624 625 626 627
f 628 624 627 629
f 628 630 625 624
f 631 632 633 634
f 635 636 576 637
f 638 573 576 636
f 639 640 641 642
f 642 641 643 644
f 645 646 647 648
f 649 650 651 652
f 653 654 655 656
f 657 658 659 660
f 661 662 663 664
f 665 661 664 666
f 667 668 669 670
f 671 667 670 672
f 671 673 668 667
f 674 675 352 350
f 674 676 677 675
f 678 358 679 680
f 681 682 683 684
f 140 685 686 687
f 688 689 690 691
f 692 598 693 694
f 692 695 599 598
f 696 697 698 699
f 700 701 702 703
f 704 705 706 707
f 708 709 710 711
f 712 713 714 715
f 715 714 716 717
f 718 719 720 721
f 722 723 724 725
f 726 727 728 729
f 730 731 732 733
f 730 734 735 731
f 731 735 736 732
f 737 738 739 740
f 741 742 743 744
f 745 746 747 581
f 748 749 750 751
f 752 753 754 755
f 180 182 756 757
f 758 759 12 11
f 248 10 12 759
f 760 761 762 763
f 760 764 765 761
f 267 766 767 389
f 331 334 768 769
f 770 769 768 771
f 772 773 774 775
f 776 772 775 777
f 776 778 773 772
f 779 780 781 782
f 783 784 785 786
f 783 787 788 784
f 789 56 55 790
f 791 792 793 794
f 795 796 797 798
f 799 800 801 802
f 803 804 805 806
f 803 806 807 808
f 583 582 809 810
f 811 812 813 814
f 815 816 758 413
f 817 264 818 819
f 820 821 822 823
f 824 825 826 827
f 828 829 830 831
f 832 828 831 833
f 834 835 836 837
f 595 834 837 596
f 596 837 836 838
f 839 840 841 842
f 839 843 844 840
f 845 846 847 848
f 849 850 851 852
f 853 854 851 850
f 855 852 851 854
f 856 857 858 115
f 859 860 861 862
f 863 318 864 865
f 866 867 287 868
f 869 870 871 872
f 873 874 749 875
f 873 876 877 874
f 873 875 878 876
f 879 484 820 880
f 409 881 882 883
f 884 885 882 881
f 886 887 888 889
f 890 891 892 893
f 894 895 896 897
f 894 898 899 895
f 900 901 902 903
f 904 905 906 907
f 908 904 907 909
f 910 911 912 913
f 913 912 914 563
f 911 915 914 912
f 569 572 916 917
f 108 917 916 918
f 17 919 920 921
f 18 17 921 922
f 922 921 920 923
f 924 925 926 927
f 928 929 930 931
f 931 930 932 933
f 934 935 936 937
f 938 939 940 941
f 942 943 939 938
f 944 945 946 947
f 948 949 946 945
f 950 951 952 953
f 950 954 605 951
f 955 956 957 958
f 959 960 961 239
f 962 963 964 965
f 357 725 966 967
f 968 969 970 971
f 972 973 974 975
f 975 974 976 1
f 973 977 976 974
f 978 979 980 981
f 981 980 982 983
f 984 985 986 987
f 988 989 990 991
f 992 993 994 266
f 995 996 997 998
f 999 1000 1001 277
f 1002 283 282 1003
f 1002 1004 1005 283
f 1006 313 1007 1008
f 1009 1008 1007 1010
f 1011 1012 1013 792
f 1014 1015 1016 1017
f 1018 1019 1020 1021
f 1022 1018 1021 1023
f 1024 1025 1020 1019
f 1022 1024 1019 1018
f 1023 1021 1020 1025
f 1026 1027 1028 1029
f 1030 1031 1032 1033
f 1034 1035 1036 1037
f 95 94 480 485
f 1038 1039 1040 1041
f 1041 1040 1042 1043
f 1039 1044 1042 1040
f 1045 1046 1047 579
f 579 1047 931 1048
f 1046 928 931 1047
f 1049 1050 1051 1052
f 1050 1053 1054 1051
f 1055 1056 505 502
f 1055 1057 1058 1056
f 1059 1060 1061 1062
f 1063 1064 1065 1066
f 1067 1068 1069 1070
f 511 514 1069 1068
f 1071 1072 1073 1074
f 1075 1076 1077 1078
f 1079 1080 1081 1082
f 785 350 349 1083
f 1084 1085 1086 1087
f 132 559 1088 1089
f 1090 1091 978 1092
f 1090 1093 1094 1091
f 637 576 1095 1096
f 1096 1095 1097 80
f 576 578 1097 1095
f 240 1098 1099 370
f 1100 1101 1102 1103
f 1104 1105 1106 1107
f 1108 1109 1110 1111
f 1112 1113 1114 295
f 1112 1115 1116 1113
f 1113 1116 1117 1114
f 1118 1119 1120 1121
f 1122 1121 1120 1123
f 1124 1125 1126 1127
f 1128 1129 1130 1131
f 1132 1133 1134 1135
f 1136 1137 1138 1139
f 1136 1140 1141 1137
f 1136 1139 1142 1140
f 793 1143 1144 1145
f 1146 1147 1148 1149
f 1150 411 1148 1147
f 1151 1152 1153 1154
f 1151 1155 1156 1152
f 218 1157 1158 219
f 1159 1160 1161 1162
f 1163 113 1161 1160
f 1164 1165 1166 1167
f 1168 1169 1170 1171
f 1172 1171 1170 1173
f 1174 1175 1176 734
f 1177 1178 1179 1180
f 1181 1182 1096 1183
f 635 637 1096 1182
f 1184 1185 1186 1187
f 1188 771 1189 1190
f 1191 1083 1192 1193
f 1194 1195 1196 1197
f 1198 1194 1197 1199
f 1200 1201 1202 1203
f 1204 1205 1206 490
f 1207 1208 1206 1205
f 1209 1210 1211 1212
f 1213 1214 1215 1216
f 1217 1218 1219 1220
f 1221 1217 1220 1222
f 1223 1224 1225 1226
f 1227 1228 1229 1230
f 1231 1232 1233 1234
f 1235 1236 1237 1238
f 1065 1239 1240 1241
f 1242 763 1243 1244
f 1078 1077 1245 1246
f 1246 1245 1247 1248
f 263 1249 1250 1251
f 1252 1253 1254 1255
f 1256 1257 1258 1259
f 1260 1256 1259 1261
f 1262 1263 1164 1264
f 1262 1265 1266 1263
f 1267 498 1268 1269
f 1270 1271 1272 1273
f 1274 1273 1272 1275
f 1276 1277 1278 1279
f 1280 1281 1282 1283
f 1280 1284 1285 1281
f 1280 1283 1286 1284
f 1281 1285 1287 1282
f 426 1288 1289 553
f 1290 246 1291 1292
f 1293 1294 1291 246
f 1295 1292 1291 1294
f 317 699 1296 1297
f 1298 1299 1300 1301
f 1302 1303 1304 1305
f 1306 1302 1305 1307
f 1308 1309 1310 1311
f 1312 1313 1314 1315
f 1315 1314 1316 1317
f 1318 1319 1320 1321
f 1318 1322 1323 1319
f 1318 1321 1324 1322
f 1325 1326 1327 1328
f 1328 1327 1329 1330
f 1331 257 256 1332
f 1333 1334 1335 493
f 1334 1336 1337 1335
f 1338 1339 1252 1340
f 1341 1338 1340 601
f 1342 1343 1344 1345
f 1346 13 16 1347
f 1347 16 18 1348
f 1349 1350 1351 1352
f 1353 1354 1351 1350
f 1355 1356 1357 1358
f 497 1358 1357 1359
f 1360 1361 1362 1363
f 1364 1365 1366 1367
f 532 1368 1369 1370
f 1371 1041 1372 1373
f 1373 1372 1374 1375
f 1041 1043 1374 1372
f 1376 1377 1378 1379
f 1380 1381 1378 1377
f 1237 1382 1383 1384
f 1238 1237 1384 1385
f 1386 1387 1383 1382
f 1385 1384 1383 1387
f 1388 880 1389 1390
f 1391 1388 1390 1392
f 1393 1394 1395 1396
f 1258 1397 1398 1399
f 1400 1401 1402 374
f 1403 1404 1405 673
f 1406 1407 1408 1409
f 1406 1410 1411 1407
f 1406 1409 897 1410
f 1076 1412 1346 1077
f 1413 1414 1415 1094
f 1416 1413 1094 1093
f 1417 1418 1419 1420
f 1421 1422 1423 1424
f 1425 1426 1427 1428
f 1429 1430 1431 1432
f 1433 1434 1435 1436
f 1437 1438 1439 1440
f 1437 1441 1442 1438
f 1438 1442 1443 1439
f 1444 1445 1446 1447
f 1448 1449 1450 1451
f 1451 1450 1373 930
f 1448 1451 930 929
f 1449 1371 1373 1450
f 1452 1453 1454 1455
f 1456 1457 1458 1459
f 1456 1460 1461 1457
f 1456 1459 1462 1460
f 1463 1464 1465 1466
f 1467 1468 1469 1470
f 892 44 139 138
f 1471 1472 1473 1474
f 501 506 844 843
f 1475 1476 1477 1239
f 1478 1479 1480 1481
f 853 850 1482 1483
f 1484 1485 1486 1487
f 962 965 1488 1489
f 1490 1489 1488 1491
f 1308 1311 1492 1493
f 1494 1493 1492 1495
f 1496 1497 1498 1499
f 981 983 1500 1501
f 1502 1501 1500 1503
f 1504 1505 155 154
f 1506 1507 1508 1509
f 926 1506 1509 1510
f 1511 1512 1513 1514
f 1515 1003 1516 1517
f 1518 1519 1520 1521
f 1522 1523 190 189
f 1524 1525 1526 1527
f 1528 1529 1530 1531
f 1532 1462 1533 1319
f 1532 1534 1535 1462
f 1532 1319 1323 1534
f 1536 1537 1538 1539
f 1539 1538 1540 1541
f 1537 510 1540 1538
f 932 1375 1542 1543
f 1544 1545 1546 1547
f 1237 1548 1549 1382
f 1550 790 1551 1552
f 1553 1550 1552 1554
f 1027 233 236 1028
f 644 643 1555 1556
f 1556 1555 69 73
f 1557 1558 1559 1560
f 1561 1562 1563 1564
f 1565 1566 1567 1568
f 1569 1570 1571 796
f 1572 604 605 954
f 868 287 290 1573
f 1573 290 292 1574
f 1575 1576 1577 1578
f 669 629 908 956
f 1477 1579 1580 1581
f 1582 1583 1584 1585
f 1586 1587 1588 1589
f 1590 1586 1589 1591
f 1590 775 1587 1586
f 1592 1593 1594 1595
f 252 1596 1597 1598
f 1599 1600 1601 1053
f 1053 1601 1602 1603
f 1600 1604 1602 1601
f 1605 1606 1607 1608
f 1609 1167 1553 1610
f 508 631 634 509
f 1172 1173 1611 1612
f 1613 1612 1611 1614
f 1188 1190 1615 1616
f 1617 1616 1615 1618
f 1619 1620 1621 1622
f 1623 1624 1621 1620
f 1625 1626 580 1426
f 698 1627 1628 1629
f 1630 1631 1632 1633
f 1634 1635 181 177
f 1636 1637 1638 1639
f 1207 1205 1640 1641
f 1639 1638 1640 1205
f 1637 1641 1640 1638
f 1642 1643 1644 1645
f 1646 1470 1647 1648
f 1649 1650 1651 1652
f 1653 1654 1655 1656
f 1657 1658 1659 1660
f 797 1661 1662 689
f 1663 1664 1592 1253
f 1665 1666 1667 1668
f 288 1665 1668 289
f 289 1668 1667 291
f 1669 1670 1671 1672
f 1673 1674 1675 1676
f 1153 1264 1609 1677
f 1678 1679 1680 1270
f 1681 1682 1683 1684
f 1685 1686 1687 1688
f 1689 1690 1691 1692
f 1233 1693 1694 1343
f 1695 1696 1697 1698
f 1699 1440 1700 1701
f 1699 1701 1702 1703
f 1704 1705 1706 1298
f 1707 1708 1706 1705
f 1709 711 1710 1711
f 1208 1712 945 944
f 1713 1009 1714 1715
f 1716 1717 1714 1009
f 1278 1715 1714 1717
f 1718 1719 1720 1721
f 1722 1723 1724 1725
f 1726 1727 1728 1729
f 1730 1731 1728 1727
f 1732 1733 1734 1735
f 1736 1737 1734 1733
f 1738 1739 1740 1741
f 1738 1741 1742 1743
f 1744 1745 1746 1558
f 801 1212 315 1747
f 1748 1749 665 1750
f 1751 1748 1750 1752
f 1751 1753 1749 1748
f 805 1226 1754 1755
f 1756 1757 1758 1759
f 1760 1761 1762 1763
f 1521 1520 1764 1570
f 1765 1766 1767 1768
f 1329 526 527 1769
f 1770 1771 1772 1773
f 1770 1774 1775 1771
f 1770 1773 1776 1774
f 1777 548 551 1778
f 1779 1780 1781 1031
f 1782 1783 1784 1785
f 1786 1787 1788 1789
f 1790 1791 1792 1793
f 1794 1795 1796 1579
f 1795 1797 1798 1796
f 1799 1800 1801 1802
f 709 1802 1801 710
f 1803 1804 1805 1057
f 1806 1807 1808 1809
f 1810 1811 1812 1813
f 947 946 1812 1811
f 949 1813 1812 946
f 1814 1815 1816 1817
f 1818 1819 1815 1814
f 2 1820 1821 1822
f 1823 1824 1821 1820
f 1825 1826 1827 1828
f 1829 1830 1831 1832
f 1832 1831 1833 1834
f 1830 1835 1833 1831
f 1836 1837 1105 1104
f 1838 415 1839 1840
f 1841 1842 1843 1844
f 1845 1846 1843 1842
f 1847 1848 1849 1850
f 1851 1633 752 1852
f 1853 1854 1855 1856
f 1405 1857 630 628
f 1858 1859 1860 1861
f 1862 1863 1786 1864
f 1862 1865 1866 1863
f 560 649 652 561
f 1043 1042 1867 1374
f 1374 1867 1868 1869
f 1042 1870 1868 1867
f 1871 1872 1873 1674
f 1874 1496 1875 1876
f 1877 1878 1875 1496
f 1879 1876 1875 1878
f 1880 1881 1882 1883
f 1884 1885 1886 1887
f 1888 1889 1818 1890
f 50 1888 1890 51
f 50 1891 1889 1888
f 1892 1893 1894 1895
f 1896 1897 1572 1898
f 1434 1896 1898 1435
f 1899 1900 1901 1902
f 1903 1904 1836 1507
f 1905 1906 1907 1908
f 1909 1905 1908 1910
f 1909 1911 1906 1905
f 1910 1908 1907 1912
f 1913 1914 1915 1916
f 1917 1913 1916 1918
f 1918 1916 1915 1919
f 1465 1920 682 681
f 1921 1922 1923 1924
f 1925 1926 870 869
f 1927 1928 32 31
f 1929 1930 1931 1932
f 1933 33 36 1934
f 957 909 1935 1936
f 1937 1938 891 890
f 983 982 1939 1500
f 1500 1939 529 528
f 1940 1941 1942 1943
f 1944 1940 1943 1945
f 1944 1946 1941 1940
f 1947 1948 1949 1950
f 1951 1952 1953 1954
f 1954 1953 1955 1956
f 1957 1958 1959 1960
f 1961 1957 1960 1962
f 1961 144 1958 1957
f 1963 1554 1964 1965
f 1966 1967 1968 1969
f 648 647 1970 1971
f 124 224 1972 1973
f 136 1974 1975 1976
f 1977 1978 1979 1980
f 153 1981 1979 1978
f 1982 1980 1979 1981
f 1983 1984 1985 1986
f 1987 1988 1989 1990
f 1988 232 1991 1989
f 1293 1992 1993 1294
f 1994 1995 1993 1992
f 1996 1294 1993 1995
f 1997 1998 1999 2000
f 2000 1999 2001 2002
f 2003 2004 2005 2006
f 429 2003 2006 430
f 430 2006 2005 432
f 2007 2008 2009 2010
f 2011 2012 2009 2008
f 2013 2014 2015 421
f 421 2015 2016 521
f 2014 2017 2016 2015
f 2018 2019 2020 2021
f 2022 2023 2024 2025
f 2026 2027 2024 2023
f 1202 2028 2029 2030
f 2031 2032 2033 2034
f 2035 1591 2036 2037
f 2038 2035 2037 2039
f 2038 2040 1591 2035
f 2041 2042 2043 2044
f 2041 2045 2046 2042
f 2042 2046 2047 2043
f 2048 2049 2050 1593
f 2051 2052 2053 2054
f 1846 2055 2056 1843
f 1843 2056 1448 1046
f 2057 1610 1963 1859
f 1732 1735 2058 2059
f 2060 2061 2062 2063
f 2064 2065 2066 2067
f 2064 2068 2069 2065
f 2070 2071 2072 1670
f 2073 2074 1060 1059
f 1439 1773 2075 2076
f 1439 1443 1776 1773
f 2077 2078 2079 2080
f 2081 2082 2083 2084
f 2085 2081 2084 2086
f 2085 2087 2082 2081
f 2088 2089 2090 2091
f 2092 2093 2031 2094
f 2095 2096 2097 2098
f 2099 2095 2098 2100
f 2100 2098 2097 2101
f 2102 2103 2104 2105
f 2105 2104 2106 2107
f 2103 2108 2106 2104
f 1500 528 531 2109
f 1503 1500 2109 2110
f 2111 2112 2113 2114
f 2115 2116 2117 2118
f 2119 2118 2117 2120
f 2121 2122 2123 2124
f 1211 1568 696 316
f 14 2125 2126 15
f 15 2126 2127 17
f 2128 2129 2130 2131
f 1225 2132 2133 2134
f 2135 2136 2137 2138
f 1037 1036 238 1155
f 2139 2140 243 242
f 2141 1709 2142 2143
f 2144 1977 2142 1709
f 2145 2143 2142 1977
f 1671 2146 2147 1445
f 621 2148 2149 622
f 2150 2151 2152 2153
f 2154 1502 2155 2156
f 46 2154 2156 47
f 47 2156 2155 2157
f 1062 1061 265 2158
f 1366 2159 2160 1464
f 2161 2162 2163 1479
f 2164 2165 2166 2167
f 2164 2168 2169 2165
f 2164 2167 2170 2168
f 2171 1322 1324 2172
f 2171 2173 2174 1322
f 2171 2172 2175 2173
f 1658 2176 2177 1736
f 1619 1622 2177 2176
f 1722 1725 2178 2179
f 2180 1722 2179 66
f 66 2179 2178 67
f 2181 2182 2183 2184
f 2184 2183 302 301
f 2185 2186 1512 1511
f 414 11 6 2187
f 808 807 887 886
f 2188 2189 2190 2191
f 2192 2193 2194 2195
f 2192 2196 2197 2193
f 2198 2199 2200 2201
f 2202 2203 2204 2205
f 2206 2207 2208 2209
f 2205 2204 2208 2207
f 2203 2209 2208 2204
f 2210 2211 2212 2213
f 2214 2215 2212 2211
f 2216 2217 2218 2219
f 1901 2220 2218 2217
f 2221 2222 2223 1461
f 2221 2224 2225 2222
f 2221 1461 2226 2224
f 2227 2228 50 49
f 2229 2230 2228 2227
f 1447 1446 373 2231
f 2232 2233 58 57
f 2234 2235 2233 2232
f 143 2236 1958 144
f 1952 2064 2067 1953
f 1952 2237 2068 2064
f 1766 950 953 1767
f 2238 2239 2185 1837
f 2133 2240 2241 2242
f 168 2243 91 90
f 450 2244 2245 2246
f 175 174 2247 2248
f 176 1883 2247 174
f 2249 1353 2250 2251
f 2252 2253 2250 1353
f 2254 2251 2250 2253
f 2255 2256 2257 2258
f 2258 2257 2259 1600
f 2256 2260 2259 2257
f 2261 2262 2263 2264
f 1514 1513 2265 2266
f 195 194 2267 2089
f 515 2268 2269 516
f 1726 1729 2269 2268
f 2270 118 121 2271
f 2272 2273 2230 2229
f 2274 130 133 2275
f 2276 2277 2278 2279
f 2280 2279 2278 2281
f 2282 2283 2284 2285
f 2286 2287 2288 2289
f 2290 2289 2288 1874
f 2291 322 321 2292
f 2292 321 2293 2294
f 2295 2101 2296 2297
f 2298 2299 143 142
f 2300 2301 2302 2303
f 2300 2304 2305 2301
f 2300 2303 2306 2304
f 2307 2308 2309 2310
f 2311 2312 2309 2308
f 2313 1139 1138 2314
f 2313 2315 2316 1139
f 1855 2317 2318 2319
f 227 2320 2321 2322
f 1866 2323 1093 1090
f 2324 483 484 2325
f 951 2324 2325 952
f 951 605 483 2324
f 952 2325 484 879
f 2326 2327 2328 2329
f 2329 2328 2258 2330
f 2327 2255 2258 2328
f 2174 2331 2332 2333
f 2334 534 537 2335
f 2336 196 199 2337
f 2338 2336 2337 2339
f 1882 1652 507 2340
f 1994 2341 2342 1995
f 2343 2344 2342 2341
f 1886 1995 2342 2344
f 2345 2346 2347 2348
f 2349 1660 2347 2346
f 2350 2351 570 569
f 2 1822 2352 3
f 2353 1832 2354 2355
f 2355 2354 2356 1449
f 1832 1834 2356 2354
f 638 2357 574 573
f 1841 1844 574 2357
f 1860 1965 2298 2358
f 1526 2359 2360 650
f 700 703 2361 2362
f 1526 700 2362 2359
f 650 2360 2361 703
f 2359 2362 2361 2360
f 32 1163 1160 29
f 2363 2364 2365 2366
f 2366 2365 1325 2367
f 36 35 2368 2369
f 827 826 2370 2371
f 2372 2373 2374 2375
f 2376 2377 2323 1866
f 2378 2376 1866 1865
f 2378 1390 2377 2376
f 2379 2380 2381 2382
f 2379 2383 2384 2380
f 2379 2382 2385 2383
f 2380 2384 2386 2381
f 2387 2388 2389 2390
f 2391 670 955 2392
f 1941 2391 2392 1942
f 1941 672 670 2391
f 1772 242 245 2393
f 372 371 2394 441
f 127 253 2395 128
f 2396 280 283 2397
f 2398 2399 2400 284
f 2396 2398 284 280
f 2396 2397 2399 2398
f 2401 2402 2343 2032
f 1975 2403 1214 1213
f 391 390 2404 457
f 2051 2054 2405 2406
f 2407 2408 2405 2054
f 1482 2406 2405 2408
f 2409 2410 2411 2412
f 2409 2413 2414 2410
f 2415 645 648 746
f 2416 2417 2418 2419
f 2420 2419 2418 2421
f 2422 2423 2424 2425
f 1567 1932 2426 697
f 2427 335 338 2240
f 2428 339 342 2429
f 2430 671 672 1941
f 2431 2430 1941 1946
f 2431 2432 671 2430
f 1584 1950 1084 723
f 2433 1276 1279 2434
f 2435 2436 2437 2438
f 2438 2437 2439 2440
f 2436 2441 2439 2437
f 2442 2443 1917 2444
f 2445 365 368 2446
f 402 2447 2448 2449
f 2450 2451 2452 2453
f 207 2454 2455 208
f 2456 2457 2458 2283
f 2290 2459 2460 2289
f 2461 2462 2460 2459
f 2367 1325 1328 2463
f 2463 1328 1330 2464
f 470 412 415 1838
f 2465 2466 2467 2468
f 2469 2470 701 700
f 2471 2472 2473 2474
f 2471 1775 2475 2472
f 2022 2025 708 2141
f 2476 2477 306 305
f 2478 2479 2480 2481
f 1797 2482 2483 2484
f 2440 2485 2483 2482
f 419 2486 2487 2488
f 2116 419 2488 2117
f 2117 2488 2487 1277
f 568 567 344 343
f 2127 2489 2490 2491
f 2492 452 455 2493
f 2492 2493 2494 2495
f 2496 2497 2498 2499
f 2496 2363 2366 2497
f 2497 2366 2367 2498
f 2500 9 10 2501
f 247 2501 10 248
f 2502 2503 1404 1403
f 338 337 2504 2505
f 2506 468 470 2186
f 2507 2508 2082 2087
f 2507 2509 2195 2508
f 270 1653 1656 271
f 2510 161 163 478
f 2510 2511 2512 161
f 2510 478 2513 2511
f 1840 1839 2514 2515
f 2516 2517 614 2518
f 2175 842 841 2519
f 1504 2520 2521 1505
f 2522 2523 2521 2520
f 2524 1505 2521 2523
f 2525 45 48 522
f 2526 2525 522 525
f 1724 852 2527 2528
f 1725 1724 2528 2178
f 855 2529 2527 852
f 2178 2528 2527 2529
f 119 538 541 120
f 2530 2531 2532 2533
f 1352 1351 2532 2531
f 1354 2533 2532 1351
f 302 2534 2535 303
f 308 307 2536 2537
f 1740 2538 2539 2540
f 847 2541 62 61
f 1140 2542 2543 1141
f 650 703 2544 651
f 346 345 2545 1696
f 2546 2547 2548 1984
f 2549 2026 2550 2551
f 2552 2551 2550 2553
f 1454 593 2554 2555
f 683 845 848 738
f 197 616 619 198
f 1726 2268 2556 1727
f 2215 2557 2556 2268
f 2558 1727 2556 2557
f 2559 2560 2561 2562
f 2563 204 2564 2565
f 202 2566 2564 204
f 2520 2565 2564 2566
f 2567 2568 2569 2570
f 70 122 125 1355
f 2571 134 2572 2573
f 2571 2574 135 134
f 447 446 2575 2576
f 2577 2578 2579 2580
f 2581 2577 2580 2582
f 49 52 2579 2578
f 2581 49 2578 2577
f 2583 2584 2585 2213
f 1708 2586 2585 2584
f 2210 2213 2585 2586
f 702 2587 2588 2589
f 2590 2591 662 661
f 1749 2590 661 665
f 1749 2592 2591 2590
f 2593 2594 2595 2596
f 2597 2593 2596 2598
f 2597 2599 2594 2593
f 2600 958 2601 2228
f 2273 2600 2228 2230
f 2602 660 2603 2477
f 2604 2605 2606 2607
f 2604 2608 2609 2605
f 2604 2607 2610 2608
f 2605 2609 2611 2606
f 740 739 1562 1561
f 970 117 2612 1109
f 2613 2614 1576 1575
f 581 747 2615 582
f 1907 2616 2617 2618
f 1912 1907 2618 2619
f 2620 2621 2617 2616
f 2619 2618 2617 2621
f 2622 2623 2624 2625
f 2625 2624 2626 2627
f 2628 137 2629 2112
f 2630 2631 2632 2633
f 2634 2145 2635 2636
f 182 2636 2635 756
f 251 2637 1596 252
f 1931 2638 2639 2640
f 2638 2641 229 2639
f 2642 2643 2542 2305
f 2642 2644 2645 2643
f 2642 2305 2646 2644
f 336 704 707 337
f 340 2647 2648 341
f 341 2648 2649 2650
f 2647 2651 2649 2648
f 2652 1884 2653 2654
f 2655 2656 2653 1884
f 2657 2654 2653 2656
f 549 642 644 550
f 2658 718 721 2659
f 2660 2658 2659 2661
f 2662 2663 2664 2665
f 2666 2667 2668 780
f 780 2668 2669 781
f 1949 2275 2670 1085
f 2671 1910 727 726
f 2072 1203 2672 2146
f 2673 2674 2675 2676
f 2676 2675 1620 1619
f 2674 1623 1620 2675
f 366 730 733 367
f 2677 999 277 276
f 2678 2679 2680 2681
f 393 741 744 394
f 2682 2412 2622 2683
f 1564 1563 1034 1922
f 1102 301 304 215
f 413 758 11 414
f 1632 2684 2685 753
f 2686 2687 2688 2689
f 761 2686 2689 762
f 761 765 2687 2686
f 2690 2691 2692 2693
f 2694 2690 2693 2695
f 2694 2696 2691 2690
f 2697 2673 2676 2698
f 2699 923 1101 1100
f 120 541 327 2700
f 2701 381 382 2702
f 2702 382 383 2703
f 1622 1621 2704 2705
f 1624 2706 2704 1621
f 1179 279 2707 2708
f 453 799 802 454
f 469 815 413 412
f 707 706 2709 2710
f 2711 2712 2526 2713
f 2714 817 819 2715
f 2714 1321 1320 817
f 2714 2715 2474 1321
f 68 2716 2717 2718
f 2719 68 2718 885
f 885 2718 2717 882
f 2455 1672 1444 2720
f 2721 2596 829 828
f 2722 2721 828 832
f 2722 2598 2596 2721
f 162 2723 834 595
f 2252 2724 2725 2253
f 2187 6 2725 2724
f 5 2253 2725 6
f 2726 2727 425 424
f 2728 2264 2729 332
f 2730 1010 1171 1172
f 2731 2732 398 2733
f 1247 1348 2734 2735
f 2736 2737 2738 2739
f 2740 2736 2739 2741
f 2742 2743 2738 2737
f 2741 2739 2738 2743
f 2744 863 865 2745
f 2746 2747 1200 2071
f 376 375 449 448
f 587 586 2748 2749
f 2750 2749 2748 2751
f 2752 755 2753 2754
f 2754 2753 171 170
f 755 754 171 2753
f 2137 2429 2755 2756
f 2757 2758 2759 2760
f 2760 2759 2761 2762
f 2763 2764 1231 2078
f 2765 2766 2767 2768
f 2769 2770 2771 2772
f 2069 2773 475 471
f 2774 2775 2776 2777
f 987 986 1125 1124
f 617 900 903 618
f 2778 129 535 534
f 1337 2779 2780 2781
f 2782 2783 2784 2785
f 2786 2782 2785 2787
f 2787 2785 2784 2788
f 427 426 553 552
f 1743 1742 1854 1853
f 792 1013 1143 793
f 2789 2790 2791 2792
f 2793 2792 2791 2794
f 591 2795 2796 592
f 439 2752 2754 436
f 1774 2797 2475 1775
f 34 451 2798 35
f 1070 1069 1182 1181
f 514 635 1182 1069
f 2799 944 947 2800
f 520 1879 1878 2801
f 2802 2803 2769 2804
f 38 2802 2804 39
f 664 663 2805 778
f 2806 2157 2807 2808
f 2809 2810 2811 979
f 1091 2809 979 978
f 1091 1094 2810 2809
f 354 2812 2813 713
f 354 353 2814 2812
f 2659 721 2815 2816
f 2661 2659 2816 2817
f 2249 1499 1354 1353
f 2818 2819 2820 2821
f 1397 2818 2821 1398
f 1111 1110 2822 2823
f 865 864 2824 2825
f 1127 1126 33 1933
f 2826 1014 1017 2827
f 658 2828 37 659
f 87 555 1364 88
f 2829 2830 1150 2831
f 1145 1144 2832 2833
f 2834 1944 1945 2835
f 2836 101 2837 2838
f 97 2839 2840 98
f 2838 2837 2840 2839
f 101 98 2840 2837
f 689 1662 2841 690
f 113 112 2842 1161
f 705 1063 1066 706
f 133 132 1089 2843
f 135 2844 1974 136
f 2575 2845 1649 1881
f 2846 2847 2848 2849
f 2849 2848 1412 1076
f 139 603 685 140
f 729 728 2850 2851
f 2852 2853 2854 2855
f 2856 2852 2855 2857
f 2856 2858 2853 2852
f 1508 1104 1107 2859
f 2860 2861 1119 1118
f 2862 2860 1118 2863
f 2862 2864 2861 2860
f 742 1132 1135 743
f 2865 2866 2834 2867
f 2591 2865 2867 662
f 2591 1934 2866 2865
f 2789 2836 2838 2790
f 1263 2868 1165 1164
f 1263 1266 440 2868
f 1719 2869 2870 2871
f 217 216 2870 2869
f 927 926 1510 2872
f 786 785 1083 1191
f 566 691 2873 567
f 2874 2875 2862 2876
f 2877 2874 2876 2878
f 2877 2879 2875 2874
f 540 862 2880 328
f 790 55 2559 1551
f 2881 2882 745 1626
f 2883 2884 2885 2886
f 2883 2085 2086 2884
f 2883 2886 2087 2085
f 2887 2888 1524 2889
f 2887 2681 2890 2888
f 2888 2890 1525 1524
f 2062 1199 1306 2891
f 778 2805 2892 773
f 239 961 1098 240
f 2893 2894 2895 1401
f 816 2896 759 758
f 249 248 759 2896
f 1066 1065 1241 2897
f 2318 1222 1341 42
f 264 263 1251 818
f 266 994 766 267
f 277 1001 225 278
f 1345 1344 565 1418
f 292 291 779 2898
f 2899 2900 2901 2902
f 2899 2903 2904 2900
f 2899 2902 2905 2903
f 2906 2907 2908 399
f 2909 895 899 2910
f 2909 2911 1004 895
f 2909 2910 2912 2911
f 318 317 1297 864
f 334 333 269 2913
f 2352 27 1380 2914
f 825 2915 2916 826
f 342 341 2917 2918
f 341 2650 2919 2917
f 2920 2921 2922 2923
f 857 1307 2924 858
f 2925 2558 2926 2800
f 486 489 2926 2558
f 2799 2800 2926 489
f 874 1331 750 749
f 874 877 257 1331
f 368 367 2927 2928
f 374 1402 2929 375
f 2930 2931 2932 2933
f 2933 2932 2934 2422
f 389 767 2935 390
f 1420 1419 2936 2766
f 1379 19 22 2937
f 2938 2939 2940 2941
f 2942 2750 2943 418
f 419 418 2943 2486
f 1214 2944 1452 1215
f 1680 2945 1635 1634
f 423 422 2946 2947
f 425 2948 1288 426
f 2949 2950 2920 2770
f 550 2951 2952 2953
f 550 644 1556 2951
f 2951 1556 73 2952
f 905 2954 2955 906
f 2956 2930 2933 1394
f 720 1082 2957 2958
f 449 2959 2244 450
f 455 454 2960 1739
f 1297 1296 2961 2962
f 738 848 2963 739
f 1015 1429 1432 1016
f 2767 2964 1695 2614
f 2965 2086 2966 2967
f 2968 2965 2967 2969
f 2968 2884 2086 2965
f 2970 1437 1440 1699
f 2970 2971 1441 1437
f 2970 1699 1703 2971
f 960 1428 2972 961
f 2973 2715 2139 1771
f 2973 2471 2474 2715
f 2973 1771 1775 2471
f 967 966 2974 2975
f 2976 495 2977 2978
f 2978 2977 2979 607
f 495 494 2979 2977
f 2045 296 2980 2046
f 2046 2980 2846 2047
f 498 497 1359 1268
f 614 615 2981 2982
f 2518 614 2982 2983
f 2983 2982 2981 2984
f 993 1455 2985 994
f 1541 1540 2986 2987
f 510 509 2986 1540
f 527 523 2988 867
f 2989 2990 2991 1468
f 2655 2992 2993 2656
f 1548 2656 2993 1549
f 551 550 2953 2994
f 2995 2313 2314 2996
f 2995 2997 2315 2313
f 553 1289 456 554
f 1546 684 737 2998
f 559 558 2999 1088
f 1088 2999 973 972
f 558 561 973 2999
f 3000 3001 3002 3003
f 3004 3005 3006 3007
f 3008 3004 3007 3009
f 3009 3007 3006 2818
f 3010 3011 3012 3013
f 643 3010 3013 1555
f 1555 3013 3012 69
f 585 1817 3014 586
f 1105 1511 1514 1106
f 1830 3015 173 1835
f 2754 170 173 3015
f 3016 177 180 3017
f 1361 3018 3019 1362
f 1158 3020 3021 3022
f 3022 3021 3023 3024
f 1133 1522 189 1134
f 3025 3026 475 2773
f 3025 3027 3028 3026
f 663 3029 2892 2805
f 2641 3030 2346 2345
f 3031 2349 2346 3030
f 2651 3032 3033 2697
f 1396 1395 3033 3032
f 3034 1786 1789 3035
f 3036 3034 3035 3037
f 3036 1864 1786 3034
f 1870 1539 1541 3038
f 1166 789 790 1550
f 1167 1166 1550 1553
f 1114 1117 2757 2847
f 205 3039 3040 3041
f 3042 2857 3008 3043
f 831 3042 3043 1256
f 831 830 2857 3042
f 1256 3043 3008 1257
f 3044 3045 3046 633
f 3047 3048 3046 3045
f 634 633 3046 3048
f 3049 3050 2373 2372
f 963 3051 3052 964
f 652 651 1823 977
f 2738 3053 3054 3055
f 2743 2738 3055 3056
f 3057 3058 3054 3053
f 2743 3057 3053 2738
f 3056 3055 3054 3058
f 3059 3060 1830 1829
f 3061 3062 1122 3063
f 3064 3065 3066 3067
f 3068 2562 787 3069
f 1897 169 604 1572
f 668 628 629 669
f 673 1405 628 668
f 3070 1647 3071 2728
f 1470 1469 3071 1647
f 1239 1477 1581 1240
f 1483 1482 2408 3072
f 682 1033 845 683
f 1370 3073 3074 3075
f 3076 3075 3074 2276
f 1424 1423 645 2415
f 3077 503 505 1056
f 3077 2571 2573 503
f 3077 1056 2574 2571
f 3078 3079 3080 3081
f 3078 3082 3083 3079
f 3079 3083 1174 3080
f 3084 3085 2291 1962
f 3086 1960 322 319
f 3084 3086 319 3085
f 3084 1962 1960 3086
f 3085 319 322 2291
f 1264 1164 1167 1609
f 3087 3088 3089 3090
f 3091 3092 1178 1177
f 3093 3094 86 3095
f 2742 3096 3057 2743
f 699 698 1629 1296
f 3097 3098 3064 3099
f 3100 3101 3102 3103
f 3100 3103 2885 2884
f 2375 2374 1921 3104
f 711 710 884 1710
f 1269 1268 3105 1631
f 3106 3107 3108 3109
f 2001 3110 3111 3112
f 727 2619 3113 728
f 3114 2295 3115 3116
f 3117 3114 3116 3118
f 3118 3116 3115 3119
f 2004 1078 1246 2005
f 2005 1246 1248 3120
f 733 732 3121 3122
f 1283 1282 3123 3124
f 1283 3124 3125 1286
f 2808 2807 1665 288
f 1735 1734 3126 3127
f 1737 3128 3126 1734
f 1152 1262 1264 1153
f 1152 1156 1265 1262
f 746 648 1971 747
f 1558 1746 3129 1559
f 3130 3131 3132 2662
f 1301 1300 3132 3131
f 3133 3134 3135 3136
f 3136 3135 3137 1175
f 3138 1180 2795 591
f 1031 1781 3139 1032
f 3140 3141 3106 2921
f 3142 1806 1809 3143
f 3144 3145 3146 3147
f 3148 1646 1648 2416
f 1081 1487 3149 3150
f 3151 3152 468 2506
f 802 801 1747 3153
f 3154 3155 3156 3157
f 1629 1628 3158 3159
f 806 805 1755 3160
f 806 3160 1360 807
f 1125 3161 3162 1126
f 1430 1756 1759 1431
f 3163 3164 3165 2828
f 2713 2526 525 3166
f 3167 3168 3169 3170
f 3167 3171 3172 3168
f 3167 3170 3173 3171
f 819 818 3174 2140
f 423 2947 3175 3176
f 1290 1292 3175 2947
f 2123 3176 3175 1292
f 3177 3178 3179 3180
f 1457 1790 1793 1458
f 1457 1461 2223 1790
f 1870 3038 3181 1868
f 2735 2734 2699 3182
f 3182 2699 1100 1309
f 3183 1534 1323 1322
f 3184 2174 2333 3185
f 3183 3184 3185 1534
f 3183 1322 2174 3184
f 3186 3187 2630 1807
f 2955 3188 3187 3186
f 2149 3189 2108 2103
f 2800 947 1811 3190
f 3191 3192 2334 2844
f 2922 3109 3151 3193
f 156 155 3194 3045
f 1505 3195 3194 155
f 3047 3045 3194 3195
f 3196 3197 3198 3094
f 2495 2494 2547 2546
f 1507 1836 1104 1508
f 1512 1838 1840 1513
f 3199 3200 3201 3202
f 3202 3201 3157 3203
f 3200 3154 3157 3201
f 3204 2189 3205 3206
f 2188 465 3205 2189
f 464 3206 3205 465
f 3207 3208 3209 3210
f 2810 3207 3210 2811
f 2810 3211 3208 3207
f 3212 3213 3214 3215
f 870 3216 856 871
f 2214 487 2557 2215
f 486 2558 2557 487
f 891 41 44 892
f 1375 1374 1869 1542
f 3217 3218 3219 3220
f 3217 3221 2878 3218
f 236 237 1897 1896
f 1753 3222 2592 1749
f 1755 1754 3223 3224
f 3225 1903 1507 1506
f 925 3225 1506 926
f 3226 3227 3228 3229
f 3230 3199 3202 3231
f 3095 86 89 3232
f 3233 3234 2014 2013
f 1531 1530 2014 3234
f 2012 3235 3236 2009
f 2859 1107 3237 3238
f 3239 3240 3241 3242
f 3239 3243 3244 3240
f 956 908 909 957
f 965 964 107 106
f 1731 1845 1842 1728
f 1311 1310 111 110
f 1579 1796 3245 1580
f 1393 1396 3246 1798
f 1580 3245 3246 1396
f 1796 1798 3246 3245
f 3247 3037 2525 3248
f 473 3247 3248 2712
f 2712 3248 2525 2526
f 985 1447 2231 986
f 198 619 2621 2620
f 3249 3250 924 3251
f 3252 3253 3221 3217
f 3254 3252 3217 3255
f 3254 3256 3253 3252
f 504 840 844 506
f 504 3257 3258 840
f 1012 1481 3259 1013
f 3260 1966 1969 3261
f 1035 149 959 1036
f 3056 3058 3262 3263
f 2287 3056 3263 2288
f 2288 3263 3262 1497
f 3264 3265 3226 3065
f 775 774 988 1587
f 1057 1805 3266 1058
f 1060 1216 992 1061
f 3038 1541 3267 3181
f 3181 3267 3268 2524
f 1541 2987 3268 3267
f 3269 3270 999 2677
f 1074 1073 546 3271
f 3272 3273 3274 3275
f 2094 2031 2034 3276
f 2850 1022 1023 3001
f 3277 3278 3279 3280
f 1844 1843 1046 1045
f 3085 2291 2292 3281
f 3210 3085 3281 3282
f 3210 3209 2291 3085
f 1129 3283 3284 1130
f 1143 3285 3286 1144
f 1926 2063 3216 870
f 2650 2649 2698 3287
f 2651 2697 2698 2649
f 1445 2147 1400 1446
f 3288 2339 3289 3290
f 2370 2338 2339 3288
f 2158 265 268 2948
f 1885 1996 1995 1886
f 948 945 3291 1473
f 1712 3292 3291 945
f 1474 1473 3291 3292
f 3293 2092 2094 3107
f 1178 276 279 1179
f 2168 3240 3294 2169
f 2168 2170 3241 3240
f 1956 1955 3295 3296
f 1190 1189 3297 3298
f 3299 3300 3301 2457
f 3302 3303 815 469
f 1486 2105 2107 3304
f 1973 1972 1678 3305
f 3306 2464 1689 3307
f 1212 1211 316 315
f 1990 1989 3308 3309
f 3309 3308 2203 2202
f 1989 1991 2203 3308
f 1226 1225 2134 1754
f 3070 2728 332 331
f 23 3310 1471 24
f 1757 2135 2138 1758
f 1232 3311 1693 1233
f 1241 1240 340 339
f 1251 1250 356 355
f 3312 3313 3314 3315
f 610 2281 1490 611
f 3316 3317 3318 3319
f 3320 3316 3319 3321
f 1791 2150 2153 1792
f 2043 2047 3322 3323
f 1275 1272 3324 1650
f 1279 1278 1717 1654
f 3108 3276 3302 3152
f 2068 3325 2773 2069
f 2871 2870 3326 3327
f 2870 3328 3329 3326
f 1837 2185 1511 1105
f 415 414 2187 1839
f 3128 3330 3331 3332
f 3333 1204 3331 3330
f 3334 3335 165 164
f 1317 1316 1267 3336
f 3337 3024 3338 1679
f 3339 3340 3341 3342
f 2027 3342 3341 2024
f 1321 2474 2473 1324
f 1330 1329 1769 1690
f 3343 424 427 3197
f 1682 3344 3345 1683
f 493 1335 3346 494
f 1335 1337 2781 3346
f 2206 2209 3347 3348
f 3349 3271 3347 2209
f 1688 1687 1780 1779
f 3350 910 913 1472
f 1343 1694 3351 1344
f 1735 3127 3352 2058
f 2096 3061 3353 2097
f 2101 2097 3353 2296
f 1365 459 2159 1366
f 1898 1572 954 950
f 1435 1898 950 1766
f 1190 3298 3354 1615
f 1618 1615 3354 1723
f 2080 2079 2162 2161
f 2134 2133 2242 3355
f 1904 2238 1837 1836
f 1036 959 239 238
f 1106 1514 2266 3356
f 1936 1935 3357 3358
f 1404 1763 1857 1405
f 1652 1651 508 507
f 3113 3359 1024 1022
f 618 903 1024 3359
f 3112 3111 3360 3361
f 3361 3360 549 548
f 2351 2421 1617 570
f 81 1902 3362 78
f 78 3362 2217 2216
f 1902 1901 2217 3362
f 1422 1785 3363 1423
f 3364 3365 2489 3366
f 2125 3364 3366 2126
f 2126 3366 2489 2127
f 1844 1045 579 574
f 3367 3368 3369 3370
f 3367 1244 3371 3368
f 3372 3373 3374 3375
f 2822 2285 3376 3377
f 3378 584 587 3379
f 1967 2307 2310 1968
f 1432 1431 3380 3381
f 3382 1391 1392 3383
f 3384 3382 3383 3385
f 3384 3386 1391 3382
f 3387 3388 3173 3170
f 2368 2502 1403 2432
f 3389 3390 3391 3227
f 3392 1386 3391 3390
f 1464 2160 1920 1465
f 1479 2163 1417 1480
f 2389 1578 1421 2451
f 2173 3393 2331 2174
f 2173 2175 2519 3393
f 965 106 3394 1488
f 1491 1488 3394 3339
f 3395 1495 3396 3397
f 1311 110 3398 1492
f 1495 1492 3398 3396
f 2032 2343 2341 2033
f 1499 1498 2533 1354
f 2395 1598 3399 3400
f 3401 3402 3257 2573
f 3401 3124 3123 3402
f 3401 2573 2572 3124
f 2055 2353 2355 2056
f 2056 2355 1449 1448
f 2189 3403 3404 2190
f 180 757 632 179
f 3017 180 179 3405
f 3405 179 632 631
f 3073 405 406 3074
f 3074 406 407 3406
f 3407 3408 3409 2587
f 3407 3410 3411 3408
f 3408 3411 1494 3409
f 2534 3336 3412 2535
f 1893 2000 2002 1894
f 3228 3413 3414 3273
f 1382 1549 3414 3413
f 2453 2452 2882 2881
f 2594 3415 3416 2595
f 2093 2401 2032 2031
f 1169 3417 2461 3418
f 1122 1123 417 3419
f 3063 1122 3419 3420
f 3420 3419 417 416
f 3421 3422 2896 816
f 1992 249 2896 3422
f 2076 2075 1224 1223
f 3423 2740 2741 3424
f 3425 3426 2018 1643
f 1568 1567 697 696
f 3427 876 878 2645
f 3427 1407 3428 876
f 3427 2645 1408 1407
f 2089 2267 1544 2090
f 516 2269 2357 638
f 1581 1580 3429 2647
f 2647 3429 3032 2651
f 1580 1396 3032 3429
f 3430 3431 2040 3432
f 3433 3434 2048 1664
f 1585 1584 723 722
f 1596 1986 3435 1597
f 3436 2435 2438 3437
f 2151 2445 2446 2152
f 3438 3143 3439 3440
f 3 2352 2914 3441
f 1956 3296 3442 3443
f 3444 1956 3443 3445
f 150 3446 3447 151
f 1626 745 581 580
f 2034 2033 3421 3303
f 3448 1286 3125 2628
f 3448 2628 2112 2111
f 2186 470 1838 1512
f 2052 2121 2124 2053
f 3449 3450 3451 997
f 3449 594 597 3450
f 3070 331 769 1647
f 1648 1647 769 770
f 1411 1517 3452 3453
f 3120 1248 3454 3455
f 3455 3454 3456 3410
f 2222 2225 2479 2478
f 1670 2072 2146 1671
f 2397 283 1005 3457
f 2397 3457 3458 2399
f 1270 1680 1634 1271
f 3459 3460 3461 2706
f 2706 3461 1637 1636
f 3460 3462 1637 3461
f 3463 3464 3465 3466
f 3467 2271 3468 3469
f 3470 3467 3469 1519
f 1684 1683 3471 3472
f 1696 2545 1925 1697
f 1953 2496 2499 1955
f 1953 2067 2363 2496
f 27 30 1381 1380
f 1960 3473 324 322
f 1960 1959 1193 3473
f 3474 3475 654 653
f 1767 953 1391 3386
f 3476 810 2454 207
f 2239 2506 2186 2185
f 2240 338 2505 2241
f 1984 2548 1937 1985
f 2555 2554 2199 2198
f 3233 420 3477 3234
f 3478 3234 3477 2122
f 1513 1840 2515 2265
f 3479 3242 3241 2170
f 1721 1720 3480 3481
f 1023 1025 2531 2530
f 902 1352 2531 1025
f 915 3482 3483 438
f 3329 3484 3483 3482
f 1741 1740 2540 3485
f 1741 3485 3486 1742
f 76 79 3487 2148
f 3488 3489 3463 3490
f 1745 3488 3490 1746
f 3491 3492 3493 3250
f 2301 1140 1142 2302
f 2301 2305 2542 1140
f 1759 1758 3494 3495
f 1761 1131 3496 1762
f 1769 527 867 866
f 3497 3498 3474 3499
f 1520 3497 3499 1764
f 1778 551 2994 3500
f 1783 869 872 1784
f 2066 3501 3502 2364
f 1793 1792 3503 3504
f 3505 712 715 3506
f 3505 1192 3507 712
f 208 2455 2720 3508
f 2477 2603 3509 306
f 3510 2254 2253 5
f 2283 2458 1744 2284
f 3511 890 893 3270
f 2201 2200 3512 3513
f 55 59 2560 2559
f 3514 2567 3515 1229
f 3514 3516 2568 2567
f 3236 3517 3518 3519
f 2320 1518 1521 2321
f 2563 2565 3520 3521
f 154 151 3520 2565
f 2386 3522 2041 3523
f 3523 2041 2044 3524
f 2971 3525 3526 1441
f 2971 1703 1803 3525
f 439 3527 755 2752
f 1852 752 755 3527
f 2392 955 958 2600
f 1942 2392 2600 2273
f 1872 984 987 1873
f 303 2535 3528 3529
f 2248 2247 2340 3530
f 1883 1882 2340 2247
f 307 3531 3532 2536
f 2402 3533 2344 2343
f 1887 1886 2344 3533
f 2540 2539 3534 3535
f 1889 3536 1819 1818
f 1891 3358 3536 1889
f 3537 1011 792 791
f 1906 3538 2616 1907
f 3539 2620 2616 3538
f 1911 3539 3538 1906
f 2412 2411 2623 2622
f 1922 1034 1037 1923
f 2393 245 3540 3541
f 3542 3543 3544 3545
f 2286 2289 3544 3543
f 2511 2567 2570 2512
f 2511 2513 3515 2567
f 3546 3547 3548 2019
f 1932 1931 2640 2426
f 877 3549 260 257
f 371 3550 1871 2394
f 2684 447 2576 2685
f 2196 1059 1062 2197
f 3551 2378 1865 1862
f 3552 3551 1862 3553
f 3552 3383 2378 3551
f 3554 2322 3555 3311
f 3556 3557 3558 2049
f 3399 3559 3092 3091
f 1950 1949 1085 1084
f 2841 2661 2817 3560
f 3561 1909 1910 2671
f 2691 3561 2671 2692
f 2691 3290 1909 3561
f 3562 855 854 3563
f 1355 125 3564 1356
f 1970 1111 2823 2747
f 3565 3566 3567 310
f 3568 3569 2332 2331
f 3568 3570 3571 3569
f 2705 2704 1639 3333
f 2706 1636 1639 2704
f 1974 2335 2403 1975
f 2707 3572 3573 2764
f 3574 2409 2412 2682
f 3574 386 2413 2409
f 3575 3576 3577 3578
f 58 3575 3578 59
f 432 2005 3120 3579
f 3580 3581 3582 3583
f 3584 3580 3583 3585
f 3585 3583 3582 3586
f 2264 2263 2433 2729
f 446 3587 2845 2575
f 2481 2480 3588 3589
f 2054 2053 3590 3591
f 282 286 599 695
f 117 116 2456 2612
f 3592 3593 3594 3595
f 121 120 2700 3596
f 2466 3597 3598 2467
f 2071 1200 1203 2072
f 3599 3600 3601 3602
f 3603 623 3601 3600
f 3604 3605 3141 3140
f 3606 3607 935 934
f 337 707 2710 2504
f 2078 1231 1234 2079
f 3139 3608 2774 3609
f 3610 3611 3549 3428
f 3610 3612 3613 3611
f 3610 3428 3453 3612
f 3611 3613 3614 3549
f 161 2512 2723 162
f 1839 2187 2724 2514
f 3296 3295 3615 3442
f 3266 3616 2778 3192
f 3617 2731 2733 3618
f 2779 3619 2311 2780
f 2112 2629 2073 2113
f 3620 3621 2737 2736
f 2633 3620 2736 2740
f 2632 2742 2737 3621
f 2633 2632 3621 3620
f 1678 1270 1273 3622
f 3305 1678 3622 3623
f 3623 3622 1273 1274
f 2120 2117 1277 1276
f 3624 3625 3626 3627
f 3628 3629 3626 3625
f 3630 3627 3626 3629
f 2538 2744 2745 2539
f 2124 2123 1292 1295
f 3631 3632 3592 3464
f 1689 1692 3633 3634
f 3307 1689 3634 3635
f 3635 3634 3633 2443
f 1684 3472 3636 3637
f 3638 3637 3636 2447
f 2190 3639 3640 3641
f 2190 3404 3642 3639
f 3641 3640 3643 3392
f 3639 3642 3643 3640
f 17 2127 2491 919
f 1822 1821 3644 2352
f 2352 3644 28 27
f 1821 31 28 3644
f 2138 2137 2756 3645
f 3646 3647 3606 3475
f 1490 1491 3648 3649
f 611 1490 3649 612
f 612 3649 3648 3650
f 2146 2672 2893 2147
f 2804 2769 2772 3651
f 39 2804 3651 3492
f 3652 3653 2103 2102
f 622 2149 2103 3653
f 2153 2152 3654 3655
f 1502 1503 2110 2155
f 2157 2155 2110 2807
f 3656 3657 2119 2262
f 3323 3322 1075 2003
f 2003 1075 1078 2004
f 2159 3658 3659 2160
f 1390 1389 823 2377
f 2162 1342 1345 2163
f 2541 2777 3660 62
f 2172 1324 2473 2472
f 2172 2472 842 2175
f 651 2544 1824 1823
f 3562 3661 2529 855
f 67 2178 2529 3661
f 2248 3530 1536 3662
f 2562 2561 788 787
f 2569 3663 2783 2782
f 2570 2569 2782 2786
f 2819 3664 3665 2820
f 88 1364 1367 193
f 2191 2190 3641 2312
f 2199 3666 3667 2200
f 3462 3668 3669 3670
f 22 24 3669 3668
f 1442 1774 1776 1443
f 1442 3671 2797 1774
f 1778 3500 1312 3672
f 3365 1778 3672 2489
f 2489 3672 1312 2490
f 3673 3457 3674 3675
f 3673 3676 3458 3457
f 3673 3675 3677 3676
f 2228 2601 1891 50
f 3678 3679 1903 3225
f 3493 3678 3225 925
f 3680 1420 2766 2765
f 2745 865 2825 3681
f 3682 2826 2827 3683
f 3682 3683 3684 3018
f 2747 2823 1201 1200
f 3685 3686 677 676
f 3685 3687 3432 3686
f 3523 3524 3688 3689
f 3690 3523 3689 3691
f 3691 3689 3688 3692
f 244 680 3693 3694
f 3695 2431 1946 1944
f 2866 3695 1944 2834
f 2866 2369 2431 3695
f 2723 2786 2787 834
f 834 2787 2788 835
f 85 84 186 185
f 3696 1227 1230 3697
f 3403 1235 1238 3404
f 2643 875 2543 2542
f 2643 2645 878 875
f 194 1463 1466 2267
f 2037 3254 3255 3698
f 2037 2036 3256 3254
f 409 883 3699 410
f 2775 2390 2450 2776
f 3700 2597 2598 3701
f 3700 3702 2599 2597
f 3703 3704 1966 3260
f 105 104 211 210
f 111 214 217 112
f 2275 133 2843 2670
f 2277 962 1489 2278
f 2281 2278 1489 1490
f 1874 2288 1497 1496
f 3705 981 1501 3706
f 1788 3705 3706 2154
f 2154 3706 1501 1502
f 1509 1508 2859 3707
f 1510 1509 3707 2915
f 3628 3708 3709 3629
f 3710 3711 3709 3708
f 3352 3629 3709 3711
f 2759 3712 3713 2761
f 2681 2680 3714 2890
f 2890 3714 2469 1525
f 1913 3715 3716 1914
f 2768 2767 2614 2613
f 2683 3717 1115 3718
f 2683 2622 2625 3717
f 3717 2625 2627 1115
f 3719 3720 3687 3685
f 2560 3719 3685 2561
f 781 2669 2280 3721
f 1835 173 3722 1833
f 1833 3722 3723 1039
f 173 175 3723 3722
f 3019 3724 2637 251
f 3725 2657 2656 1548
f 3530 2340 1537 1536
f 2340 507 510 1537
f 2689 2688 3702 3700
f 762 2689 3700 3726
f 188 187 3703 3727
f 3562 3563 3728 3661
f 3729 3730 3728 3563
f 2716 3661 3728 3730
f 215 304 3731 216
f 3732 3733 3734 3735
f 541 540 328 327
f 35 2798 2502 2368
f 1176 2678 2681 2887
f 826 2916 2338 2370
f 2373 1561 1564 2374
f 3736 2091 3737 3738
f 3739 3736 3738 3740
f 3739 2088 2091 3736
f 2919 3741 2349 3031
f 3742 3743 2092 3293
f 3744 3745 3746 3747
f 1894 2002 3748 3749
f 3749 3748 3750 3751
f 2388 1575 1578 2389
f 432 3579 3752 3753
f 433 432 3753 3754
f 3754 3753 3752 2470
f 706 1066 2897 2709
f 2812 359 362 2813
f 2812 2814 363 359
f 1067 1070 3755 3756
f 858 2924 3300 3299
f 2026 2023 3757 2550
f 2634 2636 3757 2023
f 2553 2550 3757 2636
f 253 252 1598 2395
f 258 384 387 259
f 258 260 3758 384
f 603 602 3759 685
f 378 3760 3306 379
f 379 3306 3307 3761
f 2461 2459 3762 3763
f 3418 2461 3763 273
f 3764 274 3762 2459
f 273 3763 3762 274
f 390 2935 3765 2404
f 2732 2906 399 398
f 3766 3767 3768 1026
f 3766 3049 2372 3767
f 1026 3768 233 1027
f 2833 2832 2387 3769
f 3130 3770 3771 3131
f 3772 3773 3771 3770
f 3774 3131 3771 3773
f 2425 2424 1624 1623
f 300 299 3732 3593
f 2945 2984 2552 1635
f 888 3775 127 126
f 2429 342 2918 2755
f 2790 2838 3776 3777
f 3778 3510 3779 3780
f 2500 2501 3779 3510
f 2946 3780 3779 2501
f 3462 3670 1641 1637
f 3781 3782 3742 3605
f 330 329 3744 3607
f 3783 3784 2680 2679
f 3783 428 431 3784
f 3784 431 433 2680
f 3471 1467 1470 1646
f 2434 1279 1654 1653
f 1159 1162 3785 3786
f 2770 2920 2923 2771
f 2446 368 2928 3787
f 3788 3789 364 363
f 3788 3698 3255 3789
f 2449 2448 2420 3790
f 3791 3792 1485 1484
f 2454 1669 1672 2455
f 1181 1183 3793 3794
f 2457 3301 3795 2458
f 1737 3796 3330 3128
f 2705 3333 3330 3796
f 2464 1330 1690 1689
f 3797 3798 2939 2938
f 3797 3588 3799 3798
f 3800 3104 3801 3802
f 3803 3800 3802 3804
f 3803 2375 3104 3800
f 3804 3802 3801 234
f 961 2972 206 1098
f 3594 3735 3781 3805
f 612 3650 3806 3807
f 615 612 3807 2981
f 2549 2551 3806 3650
f 2981 3807 3806 2551
f 2803 2949 2770 2769
f 3808 3656 3809 3810
f 2990 3810 3809 2991
f 626 3811 2954 905
f 2790 3777 3812 2791
f 3813 3814 3812 3777
f 2794 2791 3812 3814
f 564 434 3815 3816
f 3816 3815 3060 3059
f 434 437 3060 3815
f 713 2813 3817 714
f 714 3817 3818 716
f 721 720 2958 2815
f 3819 3820 2238 1904
f 1048 931 3821 3822
f 3822 3821 3823 3824
f 931 933 3823 3821
f 2493 455 1739 1738
f 2493 1738 1743 2494
f 864 1297 2962 2824
f 3146 3138 591 590
f 3825 463 3826 3619
f 2188 2191 3827 465
f 3619 3826 3827 2191
f 463 465 3827 3826
f 2505 2504 1757 1756
f 2918 2917 3828 3829
f 2917 2919 3031 3828
f 3026 3830 476 475
f 3026 3028 3553 3830
f 3831 3832 3833 3834
f 3835 1137 3836 3837
f 3831 3835 3837 3832
f 3831 3834 1137 3835
f 3832 3837 3836 3833
f 3838 3839 3840 3168
f 3838 2382 2381 3839
f 3838 3168 3172 2382
f 679 967 2975 3841
f 3842 2978 607 606
f 3843 293 296 2045
f 1577 1782 1785 1422
f 108 918 3844 3845
f 109 108 3845 3846
f 1799 1802 3844 918
f 3846 3845 3844 1802
f 1099 209 3847 3550
f 753 2685 3848 754
f 517 520 2801 3778
f 2911 3457 1005 1004
f 2911 2912 3674 3457
f 3849 3850 2307 1967
f 3851 3852 3853 545
f 3854 3855 3853 3852
f 542 545 3853 3855
f 3663 1605 1608 2783
f 1810 1813 3816 3856
f 562 564 3816 1813
f 767 3857 3858 2935
f 3039 3859 460 3040
f 2772 2771 3819 3679
f 2855 2854 3005 3004
f 2857 2855 3004 3008
f 3860 3861 3390 3389
f 3641 3392 3390 3861
f 2449 3790 3862 3863
f 3051 3863 3862 3052
f 3864 1814 1817 585
f 1890 3864 585 589
f 1890 1818 1814 3864
f 578 577 3822 1899
f 579 1048 3822 577
f 1149 1148 3865 3206
f 2011 2008 3866 3867
f 3206 3865 3866 2008
f 1148 3867 3866 3865
f 3868 3869 3870 3871
f 1162 1161 3872 3785
f 1718 1721 3873 2842
f 3785 3872 3873 1721
f 1161 2842 3873 3872
f 3874 3163 2828 658
f 2867 2834 2835 3029
f 662 2867 3029 663
f 593 592 3875 2554
f 3876 3788 363 2814
f 3876 3877 3698 3788
f 3878 2472 2475 2797
f 3878 839 842 2472
f 3878 2797 843 839
f 609 608 3849 3704
f 2574 3191 2844 135
f 2290 1874 1876 2459
f 3764 2459 1876 1879
f 2576 2575 1881 1880
f 3879 2495 2546 3880
f 1968 2310 3860 3881
f 3882 1139 2316 3571
f 3882 2302 1142 1139
f 2876 2862 2863 3883
f 3099 3064 3067 3884
f 862 861 3885 2880
f 3772 3770 3885 861
f 1146 1149 3206 464
f 3729 3235 3886 3730
f 2012 3887 3886 3235
f 3699 3730 3886 3887
f 237 167 169 1897
f 2592 1933 1934 2591
f 3888 3889 2401 2093
f 1268 1359 444 3105
f 781 3721 3890 3891
f 782 781 3891 3892
f 3892 3891 3890 2517
f 660 659 3893 2603
f 3496 3894 3895 943
f 1731 3896 3897 1845
f 2703 3898 3899 3900
f 3901 2703 3900 3110
f 3110 3900 3899 3111
f 3902 3903 3904 3905
f 3906 3902 3905 1413
f 3906 3907 3903 3902
f 1413 3905 3904 1414
f 2806 2808 288 2988
f 867 2988 288 287
f 3908 2039 3877 3876
f 675 3908 3876 352
f 675 677 2039 3908
f 3909 2581 2582 3910
f 2606 2611 294 293
f 691 690 3911 2873
f 2900 3078 3081 2901
f 2900 2904 3082 3078
f 2907 3087 3090 2908
f 2614 1695 1698 1576
f 747 1971 2746 2615
f 3912 236 1896 3913
f 1029 3912 3913 1433
f 1029 1028 236 3912
f 1433 3913 1896 1434
f 137 136 1976 2629
f 2632 3914 3096 2742
f 729 2851 3096 3914
f 2631 729 3914 2632
f 2145 1977 1980 2635
f 756 2635 1980 1982
f 3915 3095 3232 764
f 3916 3097 3099 3733
f 2637 1983 1986 1596
f 2795 2708 2763 2796
f 3590 1295 1294 1996
f 2688 3740 2599 3702
f 3917 3918 3888 3743
f 3919 3920 3921 3745
f 2665 2664 3921 3920
f 2084 2083 2166 2165
f 2921 3106 3109 2922
f 1910 1912 2619 727
f 367 733 3122 2927
f 1356 3564 3922 1357
f 1357 3922 3923 445
f 2931 3924 3925 2932
f 2932 3925 3926 2934
f 3924 3927 3926 3925
f 383 3928 3929 3930
f 379 3761 3931 3932
f 383 379 3932 3928
f 3928 3932 3931 3929
f 1369 3933 401 405
f 1 976 1820 2
f 977 1823 1820 976
f 2941 2940 3134 3133
f 809 2070 1670 1669
f 3579 3120 3455 3752
f 3752 3455 3410 3407
f 765 3934 3935 2687
f 3734 3884 3917 3782
f 1033 1032 846 845
f 1799 918 65 1800
f 1053 1603 1333 1054
f 2950 3140 2921 2920
f 3287 2698 3936 3741
f 3741 3936 3937 1657
f 2698 2676 3937 3936
f 3189 3230 3231 2108
f 1082 1081 3150 2957
f 3193 3151 2506 2239
f 2703 383 3930 3898
f 2750 2751 3938 2943
f 2486 2943 3938 1713
f 3939 2114 2509 2507
f 3940 3939 2507 3941
f 3940 2111 2114 3939
f 3094 3198 87 86
f 454 802 3153 2960
f 3942 3943 2937 3944
f 1376 1379 2937 3943
f 63 3945 3946 147
f 1296 1629 3159 2961
f 940 2694 2695 3947
f 23 26 3481 3310
f 3785 1721 3481 26
f 2710 2709 2136 2135
f 3948 3949 2522 3950
f 3951 3952 3953 3954
f 3951 3690 3691 3952
f 3952 3691 3692 3953
f 2715 819 2140 2139
f 966 3177 3180 2974
f 3955 894 897 1409
f 2727 2158 2948 425
f 3956 3957 2151 2150
f 3956 2481 3589 3957
f 2295 2297 3958 3115
f 3119 3115 3958 3808
f 3122 3121 556 131
f 2784 1951 1954 3959
f 3959 1954 1956 3444
f 848 847 61 2963
f 2925 2800 3190 1730
f 2923 2922 3193 3820
f 375 2929 2959 449
f 586 3014 3960 2748
f 2751 2748 3960 1006
f 156 3045 1981 153
f 3044 1982 1981 3045
f 2500 3510 5 9
f 2762 2761 14 13
f 3961 3212 3215 3962
f 1189 3963 100 3297
f 2766 2936 2964 2767
f 1543 1542 3964 3965
f 3965 3964 3948 2256
f 2807 2110 3966 1665
f 1665 3966 3967 1666
f 872 871 114 969
f 3350 3480 911 910
f 1720 3327 911 3480
f 986 2231 3161 1125
f 3035 1789 46 3968
f 3037 3035 3968 2525
f 2525 3968 46 45
f 3969 2227 49 2581
f 990 2229 2227 3969
f 3970 3971 3972 3850
f 2781 2780 3972 3971
f 3973 2995 2996 2226
f 3973 1535 2997 2995
f 1013 3259 3285 1143
f 562 1813 3974 563
f 949 3975 3974 1813
f 913 563 3974 3975
f 1571 3976 3977 1661
f 3160 1755 3224 3978
f 3160 3978 1361 1360
f 437 436 3979 3060
f 3060 3979 3015 1830
f 436 2754 3015 3979
f 3065 3226 3229 3066
f 3980 3239 3242 3343
f 3980 3196 3243 3239
f 3980 3343 3197 3196
f 3707 2859 3238 3981
f 2915 3707 3981 2916
f 3275 3274 3533 2402
f 2992 1887 3533 3274
f 3856 3816 3982 3983
f 3983 3982 3984 3985
f 3816 3059 3984 3982
f 3986 3036 3037 3247
f 472 3986 3247 473
f 472 476 3036 3986
f 975 1 4 2441
f 3150 3149 3213 3212
f 1094 1415 3211 2810
f 199 198 2620 3539
f 1309 1100 1103 1310
f 3987 2272 2229 990
f 3988 3987 990 989
f 3988 3989 2272 3987
f 3187 3990 2631 2630
f 3188 3991 3990 3187
f 503 2573 3257 504
f 2825 2824 3992 3993
f 3993 3992 1133 1132
f 3114 2100 2101 2295
f 1126 3162 34 33
f 3088 3260 3261 3089
f 2827 1017 3994 3995
f 3284 2872 825 824
f 3996 3552 3553 3028
f 3996 3385 3383 3552
f 3997 2998 3050 3049
f 2831 1150 1147 3998
f 1144 3286 3999 2832
f 3000 3003 3058 3057
f 3098 3264 3065 3064
f 3216 2891 857 856
f 3801 4000 168 4001
f 234 3801 4001 235
f 235 4001 168 167
f 1363 1362 250 3775
f 4002 3272 3275 3889
f 3190 1811 3983 3896
f 1810 3856 3983 1811
f 2844 2334 2335 1974
f 3107 2094 3276 3108
f 4003 1483 3072 4004
f 1072 1184 1187 1073
f 728 3113 1022 2850
f 4005 4006 3278 3277
f 4005 4007 4008 4006
f 732 4009 4010 3121
f 732 736 4011 4009
f 4009 4011 4012 4010
f 4013 2608 2610 387
f 4013 3574 2682 2608
f 4013 387 386 3574
f 2853 4014 4015 2854
f 1282 1828 1827 3123
f 1282 1287 4016 1828
f 1394 2933 4017 1395
f 2861 3378 3379 1119
f 2864 4018 3378 2861
f 1115 2627 4019 1116
f 1116 4019 4020 1117
f 4021 3384 3385 3996
f 3664 4021 3996 3665
f 2423 3942 4022 2424
f 2424 4022 3460 3459
f 3942 3944 3460 4022
f 756 1982 4023 4024
f 757 756 4024 632
f 3044 633 4023 1982
f 632 4024 4023 633
f 4025 2371 2696 2694
f 3895 827 2371 4025
f 2967 2966 4026 4027
f 3067 3066 4002 3918
f 1156 241 369 1265
f 3141 3293 3107 3106
f 1468 2991 4028 1469
f 3813 2051 2406 3814
f 850 3814 2406 1482
f 2875 4029 2864 2862
f 2879 3910 4029 2875
f 3152 3302 469 468
f 1487 1486 3304 3149
f 2882 2415 746 745
f 1781 4030 3608 3139
f 149 148 960 959
f 1704 1298 1301 4031
f 1197 1196 1303 1302
f 1199 1197 1302 1306
f 3238 3237 197 196
f 1204 490 491 3331
f 3155 4032 4033 3156
f 3156 4033 495 2976
f 4032 492 495 4033
f 1628 1990 3309 3158
f 2516 2518 2983 3023
f 3024 3023 2983 3338
f 2894 4034 2602 2895
f 1805 889 3616 3266
f 2897 1241 339 2428
f 4035 4036 2731 3617
f 1220 1219 1339 1338
f 1222 1220 1338 1341
f 421 521 518 422
f 3344 4037 2989 3345
f 3348 3347 543 542
f 3271 546 543 3347
f 818 1251 355 3174
f 3178 3312 3315 3179
f 2263 2120 1276 2433
f 1344 3351 566 565
f 838 836 3316 3320
f 1255 1254 118 2270
f 2902 2901 365 2445
f 3761 3307 3635 3931
f 3931 3635 2443 2442
f 4038 2453 2881 4039
f 4040 3443 377 4041
f 4042 4040 4041 4043
f 4042 3445 3443 4040
f 4043 4041 377 381
f 2612 2456 2283 2282
f 1534 3185 2997 1535
f 536 4044 3145 3144
f 1293 246 249 1992
f 4045 3041 4046 1336
f 1336 4046 4047 4048
f 3041 3040 4047 4046
f 3109 3108 3152 3151
f 1284 3941 2886 1285
f 4049 3423 3424 4050
f 3439 1808 3423 4049
f 4051 4050 3424 4052
f 3927 4053 1377 1376
f 2914 1380 1377 4053
f 3213 3334 164 3214
f 2082 2167 2166 2083
f 1869 1868 4054 4055
f 4055 4054 4056 3949
f 1868 3181 4056 4054
f 1299 3756 4057 1300
f 1305 1304 4035 4058
f 1307 1305 4058 2924
f 1559 3129 3164 3163
f 1313 2952 4059 1314
f 1314 4059 496 1316
f 2517 4060 2982 614
f 3890 613 4061 4062
f 2517 3890 4062 4060
f 614 2982 4061 613
f 4060 4062 4061 2982
f 4063 4064 4065 4066
f 545 544 4065 4064
f 547 4066 4065 544
f 3298 3297 2792 2793
f 3944 2937 4067 3460
f 3460 4067 3668 3462
f 2937 22 3668 4067
f 3959 3444 3445 4042
f 4068 3959 4042 4069
f 3377 3376 4070 2028
f 4071 4072 4073 4074
f 1606 4071 4074 1607
f 1606 1399 4072 4071
f 1607 4074 4073 4075
f 2944 3147 1453 1452
f 2947 2946 2501 247
f 1754 2134 3355 3223
f 3311 3555 795 1693
f 3227 3391 3413 3228
f 1386 1382 3413 3391
f 2948 268 388 1288
f 1107 1106 3356 3237
f 2954 4076 3188 2955
f 4077 4078 995 694
f 4079 693 996 4080
f 4077 4079 4080 4078
f 4077 694 693 4079
f 4078 4080 996 995
f 3304 2107 3335 3334
f 716 3818 4081 4082
f 4082 4081 4083 4084
f 2115 416 419 2116
f 2619 2621 3359 3113
f 619 618 3359 2621
f 4085 4086 4087 3484
f 1851 1852 4088 4089
f 3484 4087 4088 1852
f 4086 4089 4088 4087
f 3016 3017 3405 3324
f 1650 3324 3405 1651
f 1716 2730 4090 1717
f 1654 1717 4090 1655
f 79 78 2216 4091
f 686 3470 1519 1518
f 4092 1659 1733 1732
f 1658 1736 1733 1659
f 4093 3367 3370 4094
f 4093 1242 1244 3367
f 4093 4094 4095 1242
f 2962 2961 4096 4097
f 4097 4096 1523 1522
f 4098 4099 584 3378
f 2580 4098 3378 4018
f 2579 588 584 4099
f 2580 2579 4099 4098
f 1016 1432 3381 4100
f 3833 3836 3388 3387
f 1428 1427 3476 2972
f 1675 4101 3222 1753
f 2975 2974 1063 705
f 2029 4102 657 4034
f 3265 3389 3227 3226
f 2839 1531 3234 3478
f 1455 1454 2555 2985
f 1687 794 4103 1780
f 1694 798 688 3351
f 2992 3274 4104 2993
f 3273 3414 4104 3274
f 1549 2993 4104 3414
f 2058 3352 3711 1185
f 684 683 738 737
f 3001 1023 2530 3002
f 4105 4106 4107 2233
f 443 4105 2233 2235
f 443 442 4106 4105
f 3005 4108 3664 3006
f 2818 3006 3664 2819
f 3328 4085 3484 3329
f 3281 2292 4109 4110
f 3282 3281 4110 4111
f 4111 4110 4109 4112
f 3018 3684 3724 3019
f 2416 1648 770 2417
f 1120 4113 4114 4115
f 1123 1120 4115 417
f 2942 418 4114 4113
f 417 4115 4114 418
f 4116 4117 4118 751
f 4116 1331 1332 4117
f 4116 751 750 1331
f 3898 3930 3929 3899
f 3899 3929 640 639
f 3431 1590 1591 2040
f 3431 777 775 1590
f 2895 2602 2477 2476
f 3435 3511 3270 3269
f 3229 3228 3273 3272
f 734 1176 2887 735
f 735 2887 2889 736
f 4119 3277 3280 3415
f 3738 4119 3415 2594
f 3738 3737 3277 4119
f 4003 4004 3517 4120
f 3235 4120 3517 3236
f 964 3052 4121 107
f 3381 3380 1209 800
f 3303 3421 816 815
f 1700 2076 1223 804
f 3532 3251 3283 1129
f 4122 2633 2740 3423
f 1807 4122 3423 1808
f 1807 2630 2633 4122
f 4123 3425 1643 1642
f 3356 2266 617 616
f 2160 3659 1030 1920
f 1240 1581 2647 340
f 4124 776 777 3431
f 4125 4124 3431 3430
f 4125 2130 776 4124
f 2407 2652 2654 2408
f 3072 2408 2654 2657
f 4126 4127 2906 2732
f 4128 3433 1664 1663
f 3899 639 642 4129
f 3111 3899 4129 3360
f 3360 4129 642 549
f 2276 3074 3406 2277
f 1247 2735 3182 4130
f 1248 1247 4130 3454
f 3454 4130 3182 3456
f 1250 1585 722 356
f 3313 3436 3437 3314
f 1423 3363 646 645
f 106 109 3846 3394
f 3339 3394 3846 3340
f 3319 3318 4131 4132
f 3321 3319 4132 4133
f 4133 4132 4131 1998
f 4134 2671 726 3990
f 2693 4134 3990 3991
f 2693 2692 2671 4134
f 3373 3774 3773 3374
f 4017 2425 1623 2674
f 1595 1594 538 119
f 3081 3080 730 366
f 3080 1174 734 730
f 3092 2677 276 1178
f 3765 3537 791 1686
f 3096 4135 4136 3057
f 2850 3001 4136 4135
f 2851 2850 4135 3096
f 3000 3057 4136 3001
f 3276 2034 3303 3302
f 2144 1709 1711 3446
f 4137 3542 3545 4138
f 3566 4137 4138 3567
f 3566 4139 3542 4137
f 3567 4138 3545 4140
f 408 4141 881 409
f 1710 884 881 4141
f 4080 3449 997 996
f 4080 158 594 3449
f 4080 996 159 158
f 3335 4142 4143 165
f 3231 3202 4143 4142
f 1631 3105 2684 1632
f 3400 3399 3091 4144
f 1645 1644 4126 4036
f 1410 1515 1517 1411
f 1410 897 896 1515
f 4145 2903 2905 3589
f 4145 3797 2938 2903
f 4145 3589 3588 3797
f 1348 4146 2699 2734
f 1348 18 922 4146
f 4146 922 923 2699
f 79 4091 4147 3487
f 3490 3463 3466 4148
f 1746 3490 4148 3129
f 2245 4149 1761 1760
f 3336 1267 1269 3412
f 1175 3137 2678 1176
f 4150 64 146 4151
f 4152 4153 2949 2803
f 3499 3474 653 4154
f 1764 3499 4154 3976
f 1698 1697 1783 1782
f 3508 2720 985 984
f 1986 1985 3511 3435
f 4155 3479 4156 2726
f 4155 3343 3242 3479
f 4155 2726 424 3343
f 2260 3950 201 200
f 3145 4157 3138 3146
f 3513 3512 1012 1011
f 272 275 4158 4159
f 521 2016 4158 275
f 2017 4159 4158 2016
f 903 902 1025 1024
f 3298 2793 4160 3354
f 1723 3354 4160 1724
f 2829 2831 4161 3447
f 3521 3520 4161 2831
f 151 3447 4161 3520
f 1915 222 223 4162
f 1919 1915 4162 4163
f 4163 4162 223 123
f 3368 4164 4165 3369
f 3157 3156 4166 4167
f 4167 4166 2978 3842
f 3156 2976 2978 4166
f 3159 3158 4168 4169
f 4169 4168 1848 1847
f 1431 1759 3495 3380
f 3379 587 2749 4113
f 2942 4113 2749 2750
f 1046 1448 929 928
f 4170 4171 4152 4172
f 3164 4170 4172 3165
f 4173 4174 3855 3854
f 3348 542 3855 4174
f 1763 1762 942 1857
f 3180 3179 1475 1064
f 1529 1613 1614 1530
f 3285 2765 2768 3286
f 4175 471 474 3501
f 2065 4175 3501 2066
f 2065 2069 471 4175
f 1458 1793 3504 262
f 4176 656 718 2658
f 3977 4176 2658 2660
f 1785 1784 968 3363
f 1873 987 1124 4101
f 4177 3514 1229 1228
f 4177 4178 3516 3514
f 4177 1228 4179 4178
f 1336 4048 2779 1337
f 4180 3665 3027 3025
f 2821 4180 3025 4181
f 2821 2820 3665 4180
f 3197 427 552 3198
f 2934 3926 3943 3942
f 3927 1376 3943 3926
f 3402 1826 3258 3257
f 3402 3123 1827 1826
f 1824 1927 31 1821
f 1850 1849 4173 103
f 40 39 3492 3491
f 3397 3396 4182 1163
f 110 113 4183 3398
f 1163 4182 4183 113
f 3396 3398 4183 4182
f 2345 2348 1071 230
f 4184 664 778 776
f 2129 4184 776 2130
f 2129 666 664 4184
f 3560 2817 3597 2466
f 1877 1496 1499 2249
f 3473 3505 3506 324
f 3473 1193 1192 3505
f 3485 2540 3535 4185
f 3485 4185 396 3486
f 3222 1127 1933 2592
f 3224 3223 1014 2826
f 89 88 193 192
f 3495 3494 1565 1210
f 1131 1130 3894 3496
f 4186 2382 3172 3171
f 4186 4117 2385 2382
f 4186 3171 4118 4117
f 2075 2393 3541 1224
f 4103 1145 2833 4030
f 4052 3424 3542 4139
f 2010 2009 4187 1235
f 1235 4187 3519 1236
f 2009 3236 3519 4187
f 3426 3546 2019 2018
f 2265 2515 901 900
f 876 3428 3549 877
f 4188 1151 1154 4189
f 1924 4188 4189 4190
f 1924 1923 1151 4188
f 4191 2607 2606 4192
f 4192 2606 293 3843
f 3504 3503 1582 1249
f 1729 1728 4193 2269
f 1841 2357 4194 1842
f 2269 4193 4194 2357
f 1728 1842 4194 4193
f 4195 1259 1606 4196
f 4197 4195 4196 4198
f 4197 1261 1259 4195
f 4198 4196 1606 1605
f 4199 4200 3087 2907
f 3434 3556 2049 2048
f 4201 2722 832 4202
f 4201 3701 2598 2722
f 2193 2726 4156 2194
f 2193 2197 2727 2726
f 438 3483 3527 439
f 3484 1852 3527 3483
f 3587 1274 1275 2845
f 3250 3493 925 924
f 4092 1732 2059 4203
f 531 533 4204 4205
f 3967 4205 4204 2667
f 4206 4094 4207 3093
f 4206 3915 4095 4094
f 4206 3093 3095 3915
f 4208 4209 3097 3916
f 4210 4211 859 539
f 1481 1480 3680 3259
f 4212 4051 3566 3565
f 4213 3568 2331 3393
f 4213 4214 3570 3568
f 4213 3393 4215 4214
f 2467 3598 1198 2061
f 2880 3885 3920 3919
f 3770 2665 3920 3885
f 3058 4216 4217 3262
f 3003 3002 4216 3058
f 1497 3262 4217 1498
f 4218 473 2712 4219
f 3501 4218 4219 3502
f 3501 474 473 4218
f 2033 2341 3422 3421
f 1994 1992 3422 2341
f 4220 4221 3576 3575
f 2233 4220 3575 58
f 2233 4107 4221 4220
f 4222 1299 4223 2584
f 1298 1706 4223 1299
f 1708 2584 4223 1706
f 4224 397 1221 2317
f 1216 1215 993 992
f 2007 2010 1235 3403
f 3270 893 1000 999
f 4225 4226 4227 1332
f 4225 255 4191 4226
f 4225 1332 256 255
f 3450 597 3580 3584
f 4228 1260 1261 4197
f 3516 4228 4197 2568
f 3072 2657 4229 4230
f 4004 3072 4230 3517
f 3725 3518 4229 2657
f 3517 4230 4229 3518
f 2021 2020 4199 4127
f 4231 3700 3701 4201
f 4232 4231 4201 812
f 4232 3726 3700 4231
f 2904 2941 3133 3082
f 2908 3090 4208 298
f 3358 3357 3438 3536
f 3283 927 2872 3284
f 4 3 3441 4233
f 3464 3592 3595 3465
f 2271 121 3596 3468
f 1692 1691 4234 3633
f 3633 4234 3715 1913
f 4039 2881 1626 1625
f 2063 2062 2891 3216
f 321 325 4235 2293
f 4236 3604 3140 2950
f 3475 3606 934 654
f 2147 2893 1401 1400
f 3383 1392 1390 2378
f 2956 1394 4237 2484
f 1393 1798 4237 1394
f 1797 2484 4237 1798
f 2319 2318 42 41
f 3318 2701 2702 4131
f 4131 2702 2703 3901
f 2091 4005 3277 3737
f 2091 2090 4007 4005
f 2163 1345 1418 1417
f 62 3660 3945 63
f 4238 3617 3618 4239
f 3300 4238 4239 3301
f 2545 4240 1926 1925
f 2411 3584 3585 2623
f 4241 694 995 4242
f 2335 537 4243 2403
f 3489 3631 3464 3463
f 2548 1856 1938 1937
f 4244 2644 2646 4245
f 4244 3955 1409 2644
f 4246 4247 4248 4249
f 4250 4246 4249 1815
f 4250 3440 4247 4246
f 1815 4249 4248 4212
f 3624 3627 2211 2210
f 24 1471 1474 3669
f 1758 2138 3645 3494
f 1449 2356 1041 1371
f 1834 1038 1041 2356
f 2219 2218 4251 4252
f 2218 1049 1052 4251
f 3498 3646 3475 3474
f 4253 4254 4236 4153
f 3315 3314 1794 1476
f 2364 3502 4255 2365
f 2365 4255 1326 1325
f 4070 1560 3874 4102
f 1792 2153 3655 3503
f 715 717 4256 4257
f 3506 715 4257 4258
f 4258 4257 4256 4259
f 125 124 1973 3564
f 655 937 1079 719
f 4260 3186 1807 4261
f 906 4260 4261 3142
f 906 2955 3186 4260
f 3142 4261 1807 1806
f 4262 4263 1705 1704
f 4264 3479 2170 2167
f 4264 2194 4156 3479
f 1412 2762 13 1346
f 4265 4266 3452 1517
f 4265 4267 4241 4266
f 4265 1517 1516 4267
f 4268 3766 1026 4269
f 4006 4268 4269 3278
f 4006 4008 3766 4268
f 147 3946 1425 148
f 3327 3326 4270 911
f 911 4270 3482 915
f 3326 3329 3482 4270
f 2588 3395 3397 1928
f 2399 4164 4271 2400
f 2399 3458 4165 4164
f 693 160 159 996
f 1679 3338 2945 1680
f 4272 3171 3173 3388
f 4272 751 4118 3171
f 2025 2024 4273 708
f 3340 709 4274 3341
f 708 4273 4274 709
f 2024 3341 4274 4273
f 1441 3526 3671 1442
f 4091 2216 4275 4147
f 2216 2219 4252 4275
f 1690 1769 866 1691
f 3466 3465 4253 4171
f 1683 3345 1467 3471
f 494 3346 4276 2979
f 2979 4276 3971 3970
f 3346 2781 3971 4276
f 1460 3973 2226 1461
f 1460 1462 1535 3973
f 515 512 4277 2268
f 2213 2212 4277 512
f 2215 2268 4277 2212
f 948 1473 3975 949
f 1472 913 3975 1473
f 3061 3063 3420 3353
f 2296 3353 3420 4278
f 224 220 3337 1972
f 226 687 2320 227
f 4073 4181 3325 2068
f 4075 4073 2068 2237
f 1895 1894 3749 3712
f 3712 3749 3751 3713
f 459 458 3658 2159
f 2539 2745 3681 3534
f 2443 3633 1913 1917
f 2236 786 1191 1958
f 4279 3393 2519 4280
f 4279 1825 4215 3393
f 4279 4280 1826 1825
f 232 231 3349 1991
f 2079 1234 1342 2162
f 3355 2242 1429 1015
f 3645 2756 1929 1566
f 2381 2386 3523 3690
f 245 244 3694 3540
f 1039 3723 3662 1044
f 175 2248 3662 3723
f 2512 2570 2786 2723
f 3545 3544 4281 4282
f 4140 3545 4282 2462
f 2289 2460 4281 3544
f 2462 4282 4281 2460
f 3547 85 185 3548
f 2514 2724 1350 1349
f 2252 1353 1350 2724
f 2672 2030 2894 2893
f 4283 814 1227 3696
f 2243 4284 4285 91
f 96 271 1528 97
f 3655 3654 1947 1583
f 3764 1879 4286 274
f 520 519 4286 1879
f 275 274 4286 519
f 1600 2259 203 1604
f 2260 200 203 2259
f 3727 3703 3260 3088
f 3557 105 210 3558
f 4084 4083 4287 4037
f 4037 4287 2990 2989
f 1547 1546 2998 3997
f 570 1617 1618 571
f 3039 4288 3998 3859
f 3521 2831 3998 4288
f 4289 978 981 3705
f 1787 4289 3705 1788
f 1787 1092 978 4289
f 4290 4291 3264 3098
f 4292 4293 4294 860
f 3375 3374 4294 4293
f 304 303 3529 3731
f 4295 2303 4296 4297
f 4295 3101 2306 2303
f 4295 4297 3102 3101
f 2285 2284 1557 3376
f 306 3509 3531 307
f 310 3567 4298 311
f 314 311 4298 3417
f 3569 3571 2316 2315
f 2426 2640 1987 1627
f 2322 2321 1569 3555
f 344 4299 4300 345
f 3578 3577 3720 3719
f 59 3578 3719 2560
f 2001 3112 3361 4301
f 2002 2001 4301 3748
f 3748 4301 3361 3750
f 2377 1416 1093 2323
f 2377 823 822 1416
f 866 868 1573 4302
f 1691 866 4302 4234
f 4234 4302 1573 3715
f 1834 1833 1039 1038
f 1578 1577 1422 1421
f 4303 4304 2041 3522
f 4192 3843 2045 4305
f 4303 4192 4305 4304
f 4304 4305 2045 2041
f 4306 188 3727 4200
f 1598 1597 3559 3399
f 813 4202 4179 1228
f 3089 3261 4290 4209
f 3406 407 3051 963
f 3593 3732 3735 3594
f 4307 3883 3062 4308
f 3219 4307 4308 2096
f 2096 4308 3062 3061
f 2537 2536 1128 4149
f 2587 3409 4309 2588
f 2588 4309 1495 3395
f 3409 1494 1495 4309
f 2535 3412 1630 3528
f 1707 3625 2586 1708
f 3624 2210 2586 3625
f 3605 3742 3293 3141
f 3607 3744 3747 935
f 2729 2433 2434 4310
f 532 1370 3075 4311
f 533 532 4311 4204
f 4204 4311 3075 3076
f 2452 1424 2415 2882
f 736 2889 1524 4011
f 4011 1524 1527 4012
f 441 2394 1673 442
f 4262 1704 4031 4312
f 2458 3795 1745 1744
f 2491 4313 2183 2182
f 2491 2490 4314 4313
f 4313 4314 4315 2183
f 2407 2054 3591 2652
f 4144 3091 1177 4157
f 4316 998 2414 2413
f 457 2404 1685 458
f 3632 300 3593 3592
f 2267 1466 1545 1544
f 4317 4318 3101 3100
f 4317 2968 2969 4318
f 4317 3100 2884 2968
f 487 4319 4320 488
f 4321 4322 4320 4319
f 491 488 4320 4322
f 2663 4323 4324 2664
f 2663 4325 3603 4323
f 2664 4324 3600 3599
f 4323 3603 3600 4324
f 3805 3781 3605 3604
f 3647 330 3607 3606
f 4027 2910 899 898
f 3437 2438 4326 1795
f 1795 4326 2482 1797
f 2438 2440 2482 4326
f 3526 502 501 3671
f 535 4327 4044 536
f 4131 3901 3110 4328
f 1998 4131 4328 1999
f 1999 4328 3110 2001
f 2152 2446 3787 3654
f 936 3791 1484 1080
f 572 571 1722 2180
f 3143 1809 1808 3439
f 3924 4329 4053 3927
f 3441 2914 4053 4329
f 919 2491 2182 2181
f 1845 3897 2055 1846
f 4330 4242 4316 385
f 4331 1029 1433 4332
f 3279 4331 4332 4333
f 4334 1751 1752 4221
f 4106 4334 4221 4107
f 4106 1676 1751 4334
f 2798 2246 2503 2502
f 2053 2124 1295 3590
f 3658 1688 1779 3659
f 3595 3594 3805 4254
f 1044 3662 4335 1042
f 1042 4335 1539 1870
f 3662 1536 1539 4335
f 3602 3601 3653 3652
f 623 622 3653 3601
f 625 4336 3811 626
f 938 941 3811 4336
f 630 938 4336 625
f 4337 3142 3143 3438
f 1935 4337 3438 3357
f 4243 3144 3147 2944
f 2484 2483 3924 2931
f 3679 3819 1904 1903
f 2579 1890 589 588
f 52 51 1890 2579
f 3472 3471 1646 3148
f 646 971 1108 647
f 1899 3822 3824 1900
f 1955 2499 3615 3295
f 3747 3746 3792 3791
f 810 809 1669 2454
f 1070 1181 3794 3755
f 2241 2505 1756 1430
f 2755 2918 3829 1930
f 2114 2192 2195 2509
f 2114 2113 2196 2192
f 2601 1936 3358 1891
f 717 716 4082 4256
f 680 679 3841 3693
f 2554 3875 3666 2199
f 420 423 3176 3477
f 2122 3477 3176 2123
f 724 1087 3178 3177
f 84 3842 606 186
f 3697 1230 2513 478
f 685 3759 3470 686
f 3787 2928 2274 1948
f 3310 3481 4338 1471
f 3350 1472 4339 3480
f 1471 4338 4339 1472
f 3481 3480 4339 4338
f 3950 2522 4340 4341
f 4341 4340 2566 202
f 3950 4341 202 201
f 2522 2520 2566 4340
f 3704 3849 1967 1966
f 104 3854 3852 211
f 4342 3833 3387 4343
f 2148 3487 3189 2149
f 3651 2772 3679 3678
f 3492 3651 3678 3493
f 2296 4278 4344 4345
f 2297 2296 4345 3958
f 3958 4345 4344 3657
f 3881 3860 3389 3265
f 4346 4347 3243 3196
f 4346 3093 4207 4347
f 4346 3196 3094 3093
f 2838 2839 3478 3776
f 1207 1641 1712 1208
f 3204 3206 2008 2007
f 4348 3868 3871 4349
f 3597 4348 4349 3598
f 703 702 2589 2544
f 919 2181 2184 920
f 923 920 2184 1101
f 2561 3685 676 788
f 2670 2843 4350 4351
f 2603 3893 4352 3509
f 193 1367 1463 194
f 4353 4354 4355 4356
f 4357 4356 4355 4063
f 2200 3667 1478 3512
f 2873 3911 2465 4299
f 187 609 3704 3703
f 1236 3519 1384 1237
f 3725 1548 4358 3518
f 1237 1384 4358 1548
f 3519 3518 4358 1384
f 3798 3168 3840 2939
f 3798 3799 3169 3168
f 2224 4359 4342 2225
f 2224 2226 2996 4359
f 3676 3369 4165 3458
f 1969 1968 3881 4291
f 313 314 4360 1007
f 1168 1171 4360 314
f 1010 1007 4360 1171
f 2629 1976 2074 2073
f 4361 3882 3571 3570
f 4361 2303 2302 3882
f 4361 3570 4296 2303
f 1703 1702 1804 1803
f 764 3232 3934 765
f 3733 3099 3884 3734
f 3472 3148 4362 3636
f 2447 3636 4362 2448
f 766 4363 3857 767
f 3740 3738 2594 2599
f 3743 3888 2093 2092
f 3745 3921 4364 3746
f 2664 3599 4364 3921
f 1719 2871 3327 1720
f 2813 362 4365 3817
f 3817 4365 3117 3818
f 2815 2958 3869 3868
f 4366 3969 2581 3909
f 991 4366 3909 4367
f 991 990 3969 4366
f 259 387 2610 2607
f 3531 3249 3251 3532
f 4368 4369 3425 4123
f 3535 3534 4370 4371
f 4371 4370 741 393
f 4372 4373 4374 3933
f 3933 4374 3638 401
f 2777 2776 4038 3660
f 4300 2468 2060 4240
f 3577 4125 3430 3720
f 3577 2131 2130 4125
f 4375 4376 3433 4128
f 3541 3540 2427 2132
f 299 3916 3733 3732
f 3582 3321 4133 4377
f 4377 4133 1998 1997
f 2304 4245 2646 2305
f 3550 3847 1872 1871
f 2685 2576 1880 3848
f 2655 1884 1887 2992
f 2687 3739 3740 2688
f 2687 3935 2088 3739
f 3782 3917 3743 3742
f 329 3919 3745 3744
f 3559 3269 2677 3092
f 2935 3858 3537 3765
f 846 3609 2541 847
f 3290 3289 1911 1909
f 1657 3937 2176 1658
f 2676 1619 2176 3937
f 853 1483 4378 854
f 4003 4120 4378 1483
f 3563 854 4378 4120
f 2444 1917 1918 3010
f 3010 1918 1919 3011
f 4204 3076 4379 4380
f 2667 4204 4380 2668
f 2668 4380 4379 2669
f 3792 4381 4382 1485
f 3602 3652 4382 4381
f 4383 3103 3102 4297
f 4383 1828 4016 3103
f 4384 2099 2100 4385
f 361 4384 4385 4386
f 4386 4385 2100 3114
f 4262 4312 4387 4263
f 3871 3870 4368 1195
f 3572 228 3554 3573
f 3985 3984 1832 2353
f 3059 1829 1832 3984
f 4388 1436 1765 4389
f 4014 4388 4389 4015
f 3576 2128 2131 3577
f 394 744 4375 1218
f 3692 3688 4390 4391
f 887 1363 3775 888
f 3735 3734 3782 3781
f 4392 3288 3290 2691
f 2371 4392 2691 2696
f 2371 2370 3288 4392
f 3591 3590 1996 1885
f 2963 61 64 4150
f 116 3299 2457 2456
f 572 2180 66 916
f 918 916 66 65
f 3820 3193 2239 2238
f 1736 2177 3796 1737
f 1622 2705 3796 2177
f 2498 4393 3306 3760
f 2498 2367 2463 4393
f 4393 2463 2464 3306
f 2293 4235 4394 4395
f 4395 4394 1681 4373
f 939 4025 2694 940
f 943 3895 4025 939
f 269 96 99 4396
f 2913 269 4396 3963
f 3963 4396 99 100
f 2504 2710 2135 1757
f 2256 3948 3950 2260
f 3839 3951 3954 3840
f 3839 2381 3690 3951
f 3608 3769 2775 2774
f 969 114 117 970
f 1086 4351 3313 3312
f 4397 4027 898 894
f 4398 4397 894 3955
f 4398 2967 4027 4397
f 482 4399 3907 821
f 482 481 4400 4399
f 4401 3956 2150 1791
f 4401 2478 2481 3956
f 3011 1919 4163 3012
f 3012 4163 123 122
f 3616 126 129 2778
f 2927 3122 131 130
f 1000 138 141 1001
f 3850 3972 2308 2307
f 2780 2311 2308 3972
f 2783 1608 1951 2784
f 849 2794 3814 850
f 4402 3170 3169 3799
f 2771 2923 3820 3819
f 4151 146 149 1035
f 216 3731 3328 2870
f 3869 3961 3962 3870
f 754 3848 176 171
f 219 1158 3022 220
f 220 3022 3024 3337
f 1491 3339 3342 3648
f 3650 3648 3342 2027
f 2327 3965 2256 2255
f 4259 4256 4403 4404
f 4404 4403 3344 1682
f 1973 3305 3623 4405
f 3564 1973 4405 3922
f 3922 4405 3623 3923
f 1089 1088 4406 4407
f 1088 972 975 4406
f 3751 3750 1777 3364
f 231 1074 3271 3349
f 2262 2119 2120 2263
f 1098 206 209 1099
f 1103 1102 215 214
f 1109 2612 2282 1110
f 608 3970 3850 3849
f 2940 3954 3953 3134
f 4408 2298 142 4409
f 4410 4408 4409 3903
f 4410 2358 2298 4408
f 2479 4343 4402 2480
f 278 225 228 3572
f 2310 2309 3861 3860
f 2312 3641 3861 2309
f 2641 2345 230 229
f 3666 2080 2161 3667
f 2832 3999 2388 2387
f 1155 238 241 1156
f 3824 3823 2327 2326
f 3889 3275 2402 2401
f 333 4310 270 269
f 1169 3418 273 1170
f 1173 1170 273 272
f 3896 3983 3985 3897
f 2957 3150 3212 3961
f 352 3876 2814 353
f 4411 4412 3539 1911
f 2339 4411 1911 3289
f 2337 199 3539 4412
f 2339 2337 4412 4411
f 4357 4063 4066 1186
f 1187 1186 4066 547
f 3790 2420 2421 2351
f 4413 4414 3546 3426
f 3681 2825 3993 4415
f 4415 3993 1132 742
f 3683 2827 3995 4416
f 3683 4416 3879 3684
f 2823 2822 3377 1201
f 2929 305 308 2959
f 2627 2626 4417 4019
f 4019 4417 1892 4020
f 4418 4419 3556 3434
f 3694 3693 336 335
f 2369 2368 2432 2431
f 3573 3554 3311 1232
f 1666 3967 2667 2666
f 2050 4420 4211 4210
f 2011 3867 3887 2012
f 410 3699 3887 3867
f 2390 2389 2451 2450
f 779 782 3892 4421
f 2898 779 4421 4422
f 4422 4421 3892 3020
f 3918 4002 3889 3888
f 1265 369 372 1266
f 1718 2842 2869 1719
f 112 217 2869 2842
f 1730 3190 3896 1731
f 128 2395 3400 4327
f 4423 4333 4014 2853
f 3416 4423 2853 2858
f 1288 388 391 1289
f 3486 396 397 4224
f 4424 4425 600 4426
f 4427 3696 3697 4428
f 4424 4427 4428 4425
f 4424 4426 3696 4427
f 4425 4428 3697 600
f 3204 2007 3403 2189
f 3962 3215 4413 4369
f 2761 3713 2125 14
f 1525 2469 700 1526
f 4429 1768 3384 4021
f 4108 4429 4021 3664
f 743 1135 4418 4376
f 4315 1317 3336 2534
f 3724 3880 1983 2637
f 4377 1997 2000 4430
f 4431 4377 4430 4432
f 4432 4430 2000 1893
f 3372 3375 4433 4354
f 4434 4435 4433 3375
f 3884 3067 3918 3917
f 2440 2439 4233 2485
f 2441 4 4233 2439
f 4436 443 2235 2234
f 2868 4436 2234 1165
f 2868 440 443 4436
f 1168 314 3417 1169
f 1359 1357 445 444
f 4214 4297 4296 3570
f 3162 448 451 34
f 3995 3994 453 452
f 3941 2507 2087 2886
f 1370 1369 405 3073
f 554 456 459 1365
f 3981 3238 196 2336
f 2916 3981 2336 2338
f 582 2615 2070 809
f 2470 3752 3407 701
f 1800 65 68 2719
f 2709 2897 2428 2136
f 3949 4056 2523 2522
f 3181 2524 2523 4056
f 4437 4057 4438 4439
f 3756 3755 4438 4057
f 4058 4035 3617 4238
f 2924 4058 4238 3300
f 2952 73 74 4059
f 4059 74 75 496
f 1401 2895 2476 1402
f 4350 4407 2435 3436
f 592 2796 2077 3875
f 4440 4441 3631 3489
f 3957 2902 2445 2151
f 3957 3589 2905 2902
f 4442 1255 2270 4443
f 602 4442 4443 3759
f 3121 4010 557 556
f 4010 4012 560 557
f 1418 565 568 1419
f 3536 4250 1815 1819
f 3536 3438 3440 4250
f 2960 3153 2744 2538
f 4444 4445 2912 2910
f 4444 2165 2169 4445
f 3208 1962 2291 3209
f 3468 3596 3646 3498
f 1426 580 583 1427
f 4446 1284 1286 3448
f 4446 3940 3941 1284
f 4446 3448 2111 3940
f 1635 2552 2553 181
f 3775 250 253 127
f 1453 590 593 1454
f 3777 3776 2121 2052
f 44 43 603 139
f 2508 4264 2167 2082
f 2508 2195 2194 4264
f 3786 3785 26 20
f 1542 1869 4055 3964
f 3964 4055 3949 3948
f 2994 2953 2952 1313
f 2933 2422 2425 4017
f 3818 3117 3118 4081
f 4081 3118 3119 4083
f 3794 3793 621 620
f 4239 3618 4440 4447
f 3301 4239 4447 3795
f 3851 545 4064 4435
f 3014 309 312 3960
f 1006 3960 312 313
f 2788 2784 3959 4068
f 4029 2580 4018 2864
f 3910 2582 2580 4029
f 3904 4448 3208 3211
f 1527 1526 650 649
f 2936 343 346 2964
f 2972 3476 207 206
f 4034 657 660 2602
f 2985 2555 2198 4363
f 1545 681 684 1546
f 3656 2262 4449 3809
f 2261 4028 4449 2262
f 2991 3809 4449 4028
f 141 140 687 226
f 3811 4450 4076 2954
f 940 3947 4076 4450
f 941 940 4450 3811
f 3149 3304 3334 3213
f 4352 3491 3250 3249
f 166 82 85 3547
f 2824 2962 4097 3992
f 3992 4097 1522 1133
f 4451 4426 4271 4164
f 4451 4283 3696 4426
f 1017 1016 4100 3994
f 1570 1764 3976 1571
f 3829 3828 4452 2638
f 2638 4452 3030 2641
f 3828 3031 3030 4452
f 3834 2314 1138 1137
f 1574 292 2898 4453
f 191 102 105 3557
f 3841 2975 705 704
f 836 4068 4069 3316
f 3316 4069 4454 3317
f 480 1861 4400 481
f 209 208 3508 3847
f 213 212 4293 4292
f 4434 3375 4293 212
f 3778 2801 2254 3510
f 3934 192 195 3935
f 3185 3569 2315 2997
f 3185 2333 2332 3569
f 2987 2986 3048 3047
f 509 634 3048 2986
f 1173 272 4159 1611
f 1614 1611 4159 2017
f 3857 2201 3513 3858
f 4048 4047 463 3825
f 3040 460 463 4047
f 2998 737 740 3050
f 2608 2682 2683 2609
f 2609 2683 3718 2611
f 2854 4015 4108 3005
f 3790 2351 4455 3862
f 2350 4121 4455 2351
f 3052 3862 4455 4121
f 3214 164 166 4414
f 1119 3379 4113 1120
f 1633 1632 753 752
f 3665 3996 3028 3027
f 3548 185 188 4306
f 1134 189 191 4419
f 268 267 389 388
f 1661 3977 2660 1662
f 1666 2666 780 1667
f 291 1667 780 779
f 3558 210 213 4420
f 1674 1873 4101 1675
f 3066 3229 3272 4002
f 829 2856 2857 830
f 1686 791 794 1687
f 1693 795 798 1694
f 4100 3381 800 799
f 1701 1700 804 803
f 1701 803 808 1702
f 1427 583 810 3476
f 1196 4123 1642 1303
f 3237 3356 616 197
f 4456 261 264 817
f 4456 1319 1533 261
f 4456 817 1320 1319
f 3105 444 447 2684
f 659 37 40 3893
f 3894 824 827 3895
f 4036 4126 2732 2731
f 1219 4128 1663 1339
f 2261 2264 4457 4028
f 2728 3071 4457 2264
f 1469 4028 4457 3071
f 690 2841 3560 3911
f 871 856 115 114
f 400 297 300 3632
f 1254 1595 119 118
f 2901 3081 366 365
f 1971 1970 2747 2746
f 1816 3565 310 309
f 3332 3331 4458 4459
f 4459 4458 4322 4321
f 3331 491 4322 4458
f 1747 315 318 863
f 2292 2294 4460 4109
f 4112 4109 4460 4461
f 3137 3783 2679 2678
f 2700 327 330 3647
f 2708 2707 2764 2763
f 1285 3103 4016 1287
f 1285 2886 2885 3103
f 3174 355 358 678
f 1780 4103 4030 1781
f 3351 688 691 566
f 1800 2719 885 1801
f 710 1801 885 884
f 1804 886 889 1805
f 1304 1645 4036 4035
f 3613 384 3758 3614
f 3613 4330 385 384
f 4462 3124 2572 134
f 4462 2628 3125 3124
f 4462 134 137 2628
f 445 3923 3587 446
f 2733 398 400 4441
f 3929 3931 2442 640
f 2350 569 917 4121
f 107 4121 917 108
f 3127 3126 4459 3630
f 3128 3332 4459 3126
f 4069 4463 2701 4454
f 4069 4042 4043 4463
f 4463 4043 381 2701
f 3130 2662 2665 3770
f 4439 4438 3603 4325
f 4438 620 623 3603
f 4172 4152 2803 2802
f 3165 4172 2802 38
f 1857 942 938 630
f 4391 4390 429 428
f 514 513 636 635
f 516 638 636 513
f 1032 3139 3609 846
f 47 2157 4464 4465
f 48 47 4465 523
f 2806 2988 4464 2157
f 523 4465 4464 2988
f 3363 968 971 646
f 1054 1333 493 492
f 561 652 977 973
f 4466 3068 3069 4467
f 3892 2517 4060 4468
f 3020 3892 4468 3021
f 2516 3023 4060 2517
f 3021 4468 4060 3023
f 1058 3266 3192 3191
f 2524 3268 3195 1505
f 2987 3047 3195 3268
f 2107 2106 4142 3335
f 2108 3231 4142 2106
f 4048 3825 3619 2779
f 1073 1187 547 546
f 2751 1006 1008 3938
f 1713 3938 1008 1009
f 3198 552 555 87
f 3945 4039 1625 3946
f 3203 3157 4167 83
f 83 4167 3842 84
f 2961 3159 4169 4096
f 4096 4169 1847 1523
f 1681 1684 3637 4469
f 4373 1681 4469 4374
f 4374 4469 3637 3638
f 1920 1030 1033 682
f 600 3697 478 477
f 4470 2330 1050 1049
f 2330 1599 1053 1050
f 4437 4439 4325 2663
f 103 4173 3854 104
f 1290 2947 247 246
f 2974 3180 1064 1063
f 1938 2319 41 891
f 2348 4203 1072 1071
f 2047 4471 1075 3322
f 2047 2846 2849 4471
f 4471 2849 1076 1075
f 1459 1458 262 261
f 1459 261 1533 1462
f 3808 3958 3657 3656
f 131 556 559 132
f 2442 2444 3010 4472
f 640 2442 4472 641
f 641 4472 3010 643
f 241 240 370 369
f 647 1108 1111 1970
f 2422 2934 3942 2423
f 158 162 595 594
f 165 4143 83 82
f 3202 3203 83 4143
f 284 4426 600 285
f 284 2400 4271 4426
f 4117 1332 4227 2385
f 169 90 93 604
f 2789 2792 101 2836
f 3297 100 101 2792
f 2220 4470 1049 2218
f 2830 408 411 1150
f 1574 4453 1157 4473
f 3716 1574 4473 4474
f 4474 4473 1157 218
f 186 606 609 187
f 190 1850 103 102
f 2028 4070 4102 2029
f 2231 373 376 3161
f 4434 212 4475 4435
f 211 3852 4475 212
f 3851 4435 4475 3852
f 3253 2877 2878 3221
f 3253 4476 2879 2877
f 2059 2058 1185 1184
f 2847 2757 2760 2848
f 2848 2760 2762 1412
f 2417 770 771 1188
f 3259 3680 2765 3285
f 1257 3008 3009 1258
f 1258 3009 2818 1397
f 4154 653 656 4176
f 3976 4154 4176 3977
f 2061 1198 1199 2062
f 4477 2559 2562 4478
f 1552 4477 4478 4479
f 1552 1551 2559 4477
f 4479 4478 2562 3068
f 3978 3224 2826 3682
f 3978 3682 3018 1361
f 3380 3495 1210 1209
f 2074 1213 1216 1060
f 2317 1221 1222 2318
f 3233 2013 421 420
f 243 678 680 244
f 2266 2265 900 617
f 255 259 2607 4191
f 262 3504 1249 263
f 4127 4199 2907 2906
f 1310 1103 214 111
f 1316 496 498 1267
f 296 295 1114 2980
f 2980 1114 2847 2846
f 3990 726 729 2631
f 4480 4481 4476 3253
f 1589 4480 3253 3256
f 1589 1588 4481 4480
f 298 4208 3916 299
f 1594 4210 539 538
f 316 696 699 317
f 2872 1510 2915 825
f 3127 3630 3629 3352
f 4020 4482 2759 2758
f 1892 1895 3712 4483
f 4020 1892 4483 4482
f 4482 4483 3712 2759
f 328 2880 3919 329
f 3859 3998 461 460
f 1146 464 467 1147
f 3998 1147 467 461
f 3286 2768 2613 3999
f 348 712 3507 349
f 348 354 713 712
f 2891 1306 1307 857
f 3456 3182 1309 1308
f 356 722 725 357
f 4484 3988 989 988
f 773 4484 988 774
f 773 2892 3988 4484
f 1362 3019 251 250
f 362 361 4386 4365
f 4365 4386 3114 3117
f 1061 992 266 265
f 42 1341 601 43
f 4485 833 1260 4228
f 4178 4485 4228 3516
f 4178 4179 833 4485
f 1644 2021 4127 4126
f 4007 1547 3997 4008
f 4076 2693 3991 3188
f 3947 2695 2693 4076
f 2903 2938 2941 2904
f 2697 3033 2674 2673
f 1395 4017 2674 3033
f 68 67 3661 2716
f 399 2908 298 297
f 4486 748 4487 1141
f 4486 875 749 748
f 4486 1141 2543 875
f 70 1355 1358 71
f 75 71 1358 497
f 807 1360 1363 887
f 1117 4020 2758 2757
f 4112 4461 1368 4488
f 529 4112 4488 530
f 530 4488 1368 532
f 4153 4236 2950 2949
f 2650 3287 3741 2919
f 115 858 3299 116
f 3317 4454 2701 3318
f 1446 1400 374 373
f 2432 1403 673 671
f 2294 2293 4395 4460
f 4460 4395 4373 4372
f 1480 1417 1420 3680
f 2410 3450 3584 2411
f 2410 2414 3451 3450
f 4267 692 694 4241
f 4267 1516 695 692
f 4489 2739 4490 4491
f 3424 4489 4491 3542
f 2741 3543 4490 2739
f 3424 2741 2739 4489
f 3542 4491 4490 3543
f 4030 2833 3769 3608
f 148 1425 1428 960
f 4492 811 4493 1243
f 4492 4232 812 811
f 4492 1243 3726 4232
f 4031 1301 3131 3774
f 4216 4494 4495 4217
f 2530 2533 4495 4494
f 3002 2530 4494 4216
f 1498 4217 4495 2533
f 4496 4244 4245 2969
f 4496 4398 3955 4244
f 4496 2969 2967 4398
f 3158 3309 4497 4168
f 4168 4497 2205 1848
f 3309 2202 2205 4497
f 2244 2537 4149 2245
f 484 482 821 820
f 3338 2983 2984 2945
f 889 888 126 3616
f 517 3778 3780 518
f 422 518 3780 2946
f 4171 4253 4153 4152
f 893 892 138 1000
f 3345 2989 1468 1467
f 3179 3315 1476 1475
f 539 859 862 540
f 656 655 719 718
f 563 914 435 434
f 915 438 435 914
f 4044 4144 4157 3145
f 4181 3025 2773 3325
f 596 838 3320 4498
f 597 596 4498 3580
f 3580 4498 3320 3581
f 598 477 160 693
f 3837 4272 3388 3836
f 3837 748 751 4272
f 3837 3836 4487 748
f 4437 2663 4323 4057
f 2662 3132 4323 2663
f 1300 4057 4323 3132
f 4148 3466 4171 4170
f 3129 4148 4170 3164
f 607 2979 3970 608
f 1849 2207 4174 4173
f 2206 3348 4174 2207
f 271 1656 1529 1528
f 2583 2213 512 511
f 2090 1544 1547 4007
f 1604 203 4499 1602
f 1602 4499 3041 4045
f 203 205 3041 4499
f 3119 3808 3810 4500
f 4083 3119 4500 4287
f 4287 4500 3810 2990
f 627 626 905 904
f 629 627 904 908
f 3376 1557 1560 4070
f 30 29 4501 1381
f 1159 3786 4502 1160
f 1381 4501 4502 3786
f 29 1160 4502 4501
f 324 3506 4258 325
f 325 4258 4259 4235
f 4072 2821 4181 4073
f 1399 1398 2821 4072
f 654 934 937 655
f 4503 783 786 2236
f 4503 3069 787 783
f 3147 3146 590 1453
f 3223 3355 1015 1014
f 3494 3645 1566 1565
f 3555 1569 796 795
f 670 669 956 955
f 2829 3447 4504 2830
f 3446 1711 4504 3447
f 358 357 967 679
f 4505 1945 3989 3988
f 3029 4505 3988 2892
f 3029 2835 1945 4505
f 2515 2514 1349 901
f 4506 811 814 4283
f 4506 3371 4493 811
f 4189 1154 4507 4284
f 4190 4189 4284 2243
f 3503 3655 1583 1582
f 370 1099 3550 371
f 4200 3727 3088 3087
f 4202 832 833 4179
f 2403 4243 2944 1214
f 1651 3405 631 508
f 2730 1172 1612 4090
f 1655 4090 1612 1613
f 4094 3370 4508 4207
f 4209 4290 3098 3097
f 4211 4292 860 859
f 4008 3997 3049 3766
f 2417 1188 1616 2418
f 2421 2418 1616 1617
f 402 2449 3863 403
f 407 403 3863 3051
f 2741 2743 3056 3543
f 2286 3543 3056 2287
f 697 2426 1627 698
f 411 410 3867 1148
f 4453 2898 4422 1157
f 1157 4422 3020 1158
f 4101 1124 1127 3222
f 4509 1118 1121 4510
f 3883 4509 4510 3062
f 3883 2863 1118 4509
f 3062 4510 1121 1122
f 3412 1269 1631 1630
f 4219 2712 4511 4512
f 3502 4219 4512 4255
f 2711 1326 4511 2712
f 4255 4512 4511 1326
f 4102 3874 658 657
f 719 1079 1082 720
f 784 674 350 785
f 784 788 676 674
f 723 1084 1087 724
f 794 793 1145 4103
f 4226 4191 4192 4303
f 798 797 689 688
f 3710 4356 4513 3711
f 4357 1186 4513 4356
f 1185 3711 4513 1186
f 2568 4197 4198 2569
f 2569 4198 1605 3663
f 2020 4306 4200 4199
f 442 1673 1676 4106
f 812 4201 4202 813
f 2611 1112 295 294
f 2611 3718 1115 1112
f 3082 3133 3136 3083
f 3083 3136 1175 1174
f 3090 3089 4209 4208
f 3684 3879 3880 3724
f 458 1685 1688 3658
f 1215 1452 1455 993
f 1234 1233 1343 1342
f 4514 2876 3883 4307
f 3218 4514 4307 3219
f 3218 2878 2876 4514
f 763 762 3726 1243
f 2141 708 711 1709
f 3456 1308 1493 4515
f 3410 3456 4515 3411
f 3411 4515 1493 1494
f 1762 3496 943 942
f 4516 3909 3910 2879
f 4481 4516 2879 4476
f 4481 4367 3909 4516
f 2486 1713 1715 2487
f 1277 2487 1715 1278
f 567 2873 4299 344
f 3585 3586 4431 4517
f 2623 3585 4517 2624
f 2624 4517 4431 2626
f 800 1209 1212 801
f 4242 995 998 4316
f 804 1223 1226 805
f 3251 924 927 3283
f 2503 1760 1763 1404
f 814 813 1228 1227
f 4518 1677 2057 4519
f 4284 4518 4519 4285
f 4284 4507 1677 4518
f 4285 4519 2057 4520
f 4521 1242 4095 3915
f 4521 760 763 1242
f 4521 3915 764 760
f 2644 1409 1408 2645
f 4511 525 526 4522
f 1326 4511 4522 1327
f 1326 3166 525 4511
f 1327 4522 526 1329
f 3659 1779 1031 1030
f 2214 2211 4319 487
f 3627 4321 4319 2211
f 1340 1252 1255 4442
f 601 1340 4442 602
f 833 831 1256 1260
f 4254 3805 3604 4236
f 2277 3406 963 962
f 4523 4027 4026 2084
f 4523 4444 2910 4027
f 4523 2084 2165 4444
f 3314 3437 1795 1794
f 3340 3846 1802 709
f 3525 1055 502 3526
f 3525 1803 1057 1055
f 4222 2584 1068 1067
f 2583 511 1068 2584
f 3772 861 4524 3773
f 860 4294 4524 861
f 3374 3773 4524 4294
f 4525 991 4367 4481
f 1587 4525 4481 1588
f 1587 988 991 4525
f 937 936 1080 1079
f 1707 1705 4526 3625
f 4263 3708 4526 1705
f 3628 3625 4526 3708
f 4460 4372 3933 4527
f 4461 4460 4527 1368
f 1368 4527 3933 1369
f 345 4300 4240 2545
f 4266 4241 4242 4330
f 4269 1026 1029 4331
f 3278 4269 4331 3279
f 1379 1378 20 19
f 1381 3786 20 1378
f 4528 3210 3282 4529
f 979 4528 4529 980
f 979 2811 3210 4528
f 980 4529 3282 982
f 3500 2994 1313 1312
f 2547 1853 1856 2548
f 2711 2713 3166 1326
f 880 820 823 1389
f 3465 3595 4254 4253
f 901 1349 1352 902
f 4012 1527 649 560
f 907 906 3142 4337
f 909 907 4337 1935
f 2956 2484 2931 2930
f 3487 4147 3230 3189
f 4149 1128 1131 1761
f 930 1373 1375 932
f 935 3747 3791 936
f 1958 1191 1193 1959
f 64 63 147 146
f 1466 1465 681 1545
f 1697 1925 869 1783
f 2242 2241 1430 1429
f 2589 2588 1928 1927
f 2756 2755 1930 1929
f 952 879 880 1388
f 953 952 1388 1391
f 958 957 1936 2601
f 2720 1444 1447 985
f 725 724 3177 966
f 1985 1937 890 3511
f 4285 4520 1858 4530
f 91 4285 4530 92
f 92 4530 1858 94
f 4531 1416 822 821
f 4531 3906 1413 1416
f 4531 821 3907 3906
f 3654 3787 1948 1947
f 4157 1177 1180 3138
f 3512 1478 1481 1012
f 998 997 3451 2414
f 1003 282 695 1516
f 739 2963 4150 1562
f 4280 2519 841 840
f 4280 840 3258 1826
f 4359 3834 3833 4342
f 4359 2996 2314 3834
f 2793 2794 4532 4160
f 849 852 4532 2794
f 1724 4160 4532 852
f 123 223 224 124
f 4291 3881 3265 3264
f 2640 2639 1988 1987
f 2639 229 232 1988
f 1064 1475 1239 1065
f 334 2913 3963 768
f 771 768 3963 1189
f 1530 1614 2017 2014
f 1080 1484 1487 1081
f 1083 349 3507 1192
f 1085 2670 4351 1086
f 571 1618 1723 1722
f 1784 872 969 968
f 1203 1202 2030 2672
f 4533 1515 896 895
f 4533 1002 1003 1515
f 4533 895 1004 1002
f 205 204 4288 3039
f 2563 3521 4288 204
f 796 1571 1661 797
f 4534 3676 3677 4535
f 4534 3370 3369 3676
f 4534 4535 4508 3370
f 3261 1969 4291 4290
f 1563 4151 1035 1034
f 1137 1141 4487 3836
f 1154 1153 1677 4507
f 2113 2073 1059 2196
f 1603 1602 1334 1333
f 1602 4045 1336 1334
f 230 1071 1074 231
f 2816 2815 3868 4348
f 2817 2816 4348 3597
f 1195 4368 4123 1196
f 4185 3535 4371 4536
f 4536 4371 393 392
f 4185 4536 392 396
f 279 278 3572 2707
f 1130 3284 824 3894
f 1210 1565 1568 1211
f 1218 4375 4128 1219
f 1224 3541 2132 1225
f 1230 1229 3515 2513
f 1244 1243 4493 3371
f 1923 1037 1155 1151
f 3581 3320 3321 3582
f 4318 2304 2306 3101
f 4318 2969 4245 2304
f 2022 2141 2143 2023
f 2634 2023 2143 2145
f 1249 1582 1585 1250
f 883 882 4537 3699
f 2716 3730 4538 2717
f 3699 4537 4538 3730
f 882 2717 4538 4537
f 1253 1592 1595 1254
f 1672 1671 1445 1444
f 1259 1258 1399 1606
f 332 2729 4310 333
f 2197 1062 2158 2727
f 2845 1275 1650 1649
f 3671 501 843 2797
f 3667 2161 1479 1478
f 4203 2059 1184 1072
f 2451 1421 1424 2452
f 4051 4052 4139 3566
f 4539 4540 2099 4384
f 360 4539 4384 361
f 360 364 4540 4539
f 4349 3871 1195 1194
f 3598 4349 1194 1198
f 1972 3337 1679 1678
f 3333 1639 1205 1204
f 3897 3985 2353 2055
f 1702 808 886 1804
f 385 4316 2413 386
f 4332 1433 1436 4388
f 4333 4332 4388 4014
f 4221 1752 2128 3576
f 1303 1642 1645 1304
f 395 394 1218 1217
f 397 395 1217 1221
f 1991 3349 2209 2203
f 2764 3573 1232 1231
f 1339 1663 1253 1252
f 129 128 4327 535
f 4541 4542 53 2234
f 4543 2232 57 4544
f 4541 4543 4544 4542
f 4541 2234 2232 4543
f 4542 4544 57 53
f 1742 3486 4224 1854
f 1634 177 178 4545
f 1271 1634 4545 1272
f 3016 3324 178 177
f 1272 4545 178 3324
f 2485 4233 4546 2483
f 2483 4546 4329 3924
f 4233 3441 4329 4546
f 2284 1744 1558 1557
f 3746 4364 4381 3792
f 3599 3602 4381 4364
f 1052 1051 4032 3155
f 1051 1054 492 4032
f 451 450 2246 2798
f 2490 1312 1315 4314
f 4314 1315 1317 4315
f 3848 1880 1883 176
f 1877 2249 2251 1878
f 2801 1878 2251 2254
f 4082 4084 4037 4547
f 4256 4082 4547 4403
f 4403 4547 4037 3344
f 1087 1086 3312 3178
f 1407 1411 3453 3428
f 4548 4401 1791 1790
f 4548 2222 2478 4401
f 4548 1790 2223 2222
f 2928 2927 130 2274
f 3660 4038 4039 3945
f 4240 2060 2063 1926
f 1110 2282 2285 2822
f 4343 3387 3170 4402
f 537 536 3144 4243
f 3619 2191 2312 2311
f 555 554 1365 1364
f 1856 1855 2319 1938
f 228 227 2322 3554
f 1436 1435 1766 1765
f 4347 4535 3244 3243
f 4347 4207 4508 4535
f 4247 4049 4050 4248
f 3440 3439 4049 4247
f 4212 4248 4050 4051
f 3670 3669 4549 1641
f 1641 4549 3292 1712
f 3669 1474 3292 4549
f 3404 1238 1385 3642
f 3392 3643 1387 1386
f 3642 1385 1387 3643
f 4252 4251 4550 3200
f 3200 4550 3155 3154
f 4251 1052 3155 4550
f 4551 1090 1092 1787
f 1863 4551 1787 1786
f 1863 1866 1090 4551
f 1476 1794 1579 1477
f 4222 1067 3756 1299
f 1560 1559 3163 3874
f 1485 4382 2105 1486
f 3652 2102 2105 4382
f 2843 1089 4407 4350
f 1881 1649 1652 1882
f 1183 1096 4552 3793
f 3793 4552 77 76
f 1096 80 77 4552
f 3741 1657 1660 2349
f 2939 3840 3954 2940
f 2394 1871 1674 1673
f 2225 4342 4343 2479
f 1914 3716 4474 1915
f 1915 4474 218 222
f 3946 1625 1426 1425
f 1523 1847 1850 190
f 1201 3377 2028 1202
f 1928 3397 1163 32
f 1934 36 2369 2866
f 3524 2044 2043 3688
f 3688 2043 3323 4390
f 3767 3803 3804 3768
f 3767 2372 2375 3803
f 3768 3804 234 233
f 4147 4275 4553 3230
f 3230 4553 3200 3199
f 4275 4252 3200 4553
f 4520 2057 1859 1858
f 1367 1366 1464 1463
f 3769 2387 2390 2775
f 1900 3824 2326 4554
f 4555 3675 3294 3240
f 4555 4535 3677 3675
f 4555 3240 3244 4535
f 1266 372 441 440
f 1554 1552 4479 1964
f 1964 4479 3068 4466
f 2958 2957 3961 3869
f 4278 3420 416 2115
f 1976 1975 1213 2074
f 3529 4556 4086 4085
f 3528 1851 4089 4557
f 3529 3528 4557 4556
f 4556 4557 4089 4086
f 687 686 1518 2320
f 4235 4259 4404 4394
f 4394 4404 1682 1681
f 4369 4413 3426 3425
f 3713 3751 3364 2125
f 3534 3681 4415 4370
f 4370 4415 742 741
f 4558 3217 3220 4540
f 3789 4558 4540 364
f 3789 3255 3217 4558
f 3148 2416 2419 4362
f 2448 4362 2419 2420
f 1566 1929 1932 1567
f 3720 3430 3432 3687
f 4376 4418 3434 3433
f 1676 1675 1753 1751
f 3540 3694 335 2427
f 4399 4410 3903 3907
f 4399 4400 2358 4410
f 2030 2029 4034 2894
f 994 2985 4363 766
f 97 1528 1531 2839
f 1583 1947 1950 1584
f 1591 1589 3256 2036
f 1593 2050 4210 1594
f 1001 141 226 225
f 1607 4075 2237 1952
f 1608 1607 1952 1951
f 1610 1553 1554 1963
f 2776 2450 2453 4038
f 4559 3279 4333 4423
f 3415 4559 4423 3416
f 3415 3280 3279 4559
f 3731 3529 4085 3328
f 2144 3446 1978 1977
f 150 153 1978 3446
f 3509 4352 3249 3531
f 3567 4140 2462 4298
f 3417 4298 2462 2461
f 4263 4387 4560 3708
f 4353 4356 4560 4387
f 3710 3708 4560 4356
f 1627 1987 1990 1628
f 3870 3962 4369 4368
f 4390 3323 2003 429
f 2321 1521 1570 1569
f 4389 1765 1768 4429
f 4015 4389 4429 4108
f 4299 2465 2468 4300
f 2680 433 3754 3714
f 3714 3754 2470 2469
f 1643 2018 2021 1644
f 3750 3361 548 1777
f 744 743 4376 4375
f 3715 1573 1574 3716
f 3586 3582 4377 4431
f 1402 2476 305 2929
f 1664 2048 1593 1592
f 1597 3435 3269 3559
f 1677 1609 1610 2057
f 1419 568 343 2936
f 3729 3563 4120 3235
f 4561 4214 4215 1825
f 4561 4383 4297 4214
f 4561 1825 1828 4383
f 4416 3995 452 2492
f 4416 2492 2495 3879
f 1440 1439 2076 1700
f 2536 3532 1129 1128
f 3528 1630 1633 1851
f 4310 2434 1653 270
f 4351 4350 3436 3313
f 3549 3614 3758 260
f 4562 3219 2096 2095
f 4540 4562 2095 2099
f 4540 3220 3219 4562
f 4312 4031 3774 3373
f 3793 76 2148 621
f 4447 4440 3489 3488
f 3795 4447 3488 1745
f 2183 4315 2534 302
f 2959 308 2537 2244
f 2652 3591 1885 1884
f 2626 4431 4432 4417
f 4417 4432 1893 1892
f 1739 2960 2538 1740
f 2404 3765 1686 1685
f 4448 1961 1962 3208
f 4448 145 144 1961
f 3469 3468 3498 3497
f 1519 3469 3497 1520
f 1750 665 666 2129
f 1752 1750 2129 2128
f 2964 346 1696 1695
f 4563 1924 4190 4564
f 3104 4563 4564 3801
f 3104 1921 1924 4563
f 3801 4564 4190 4000
f 1768 1767 3386 3384
f 1771 2139 242 1772
f 3880 2546 1984 1983
f 2984 2981 2551 2552
f 1789 1788 2154 46
f 4327 3400 4144 4044
f 1900 4554 2220 1901
f 1289 391 457 456
f 2925 1730 1727 2558
f 1504 154 2565 2520
f 69 3012 122 70
f 1817 1816 309 3014
f 3134 3953 4565 3135
f 3135 4565 3783 3137
f 4409 142 145 4448
f 3903 4409 4448 3904
f 2480 4402 3799 3588
f 2246 2245 1760 2503
f 982 3282 4111 1939
f 1939 4111 4112 529
f 1848 2205 2207 1849
f 1562 4150 4151 1563
f 3364 1777 1778 3365
f 1576 1698 1782 1577
f 701 3407 2587 702
f 1861 1860 2358 4400
f 3847 3508 984 1872
f 2549 3650 2027 2026
f 933 932 4566 3823
f 3823 4566 3965 2327
f 932 1543 3965 4566
f 2299 4503 2236 143
f 2299 4467 3069 4503
f 3813 3777 2052 2051
f 3050 740 1561 2373
f 971 970 1109 1108
f 3999 2613 1575 2388
f 4414 166 3547 3546
f 4567 4451 4164 3368
f 4567 4506 4283 4451
f 4567 3368 3371 4506
f 4000 4190 2243 168
f 3755 3794 620 4438
f 2828 3165 38 37
f 2330 2258 1600 1599
f 1930 3829 2638 1931
f 4419 191 3557 3556
f 3693 3841 704 336
f 3875 2077 2080 3666
f 835 2788 4068 836
f 4568 1862 1864 3036
f 3830 4568 3036 476
f 3830 3553 1862 4568
f 1656 1655 1613 1529
f 1414 3904 3211 1415
f 4443 2270 2271 3467
f 3759 4443 3467 3470
f 1662 2660 2661 2841
f 94 1858 1861 480
f 4092 4203 4569 1659
f 2348 2347 4569 4203
f 1660 1659 4569 2347
f 1943 1942 2273 2272
f 1945 1943 2272 3989
f 1948 2274 2275 1949
f 4420 213 4292 4211
f 4445 3675 3674 2912
f 4445 2169 3294 3675
f 1056 1058 3191 2574
f 1964 4466 4467 2299
f 1965 1964 2299 2298
f 4278 2115 2118 4344
f 3657 4344 2118 2119
f 3776 3478 2122 2121
f 80 1097 1902 81
f 578 1899 1902 1097
f 3215 3214 4414 4413
f 2374 1564 1922 1921
f 2544 2589 1927 1824
f 2383 4226 4303 2384
f 2383 2385 4227 4226
f 2384 4303 3522 2386
f 1101 2184 301 1102
f 4554 2326 2329 2220
f 2220 2329 2330 4470
f 2830 4504 4141 408
f 1711 1710 4141 4504
f 2019 3548 4306 2020
f 1135 1134 4419 4418
f 2280 2281 4570 4571
f 3721 2280 4571 3890
f 610 613 4570 2281
f 3890 4571 4570 613
f 3893 40 3491 4352
f 2039 2037 3698 3877
f 4354 4433 4572 4355
f 4435 4064 4572 4433
f 4063 4355 4572 4064
f 2049 3558 4420 2050
f 3911 3560 2466 2465
f 1859 1963 1965 1860
f 4573 3416 2858 2856
f 2596 4573 2856 829
f 2596 2595 3416 4573
f 1165 2234 53 1166
f 1166 53 56 789
f 2424 3459 2706 1624
f 2067 2066 2364 2363
f 1180 1179 2708 2795
f 3994 4100 799 453
f 3232 89 192 3934
f 4363 2198 2201 3857
f 1773 1772 2393 2075
f 2086 2084 4026 2966
f 2799 489 4574 944
f 490 1206 4574 489
f 1208 944 4574 1206
f 3686 2038 2039 677
f 3686 3432 2040 2038
f 3443 2499 2498 377
f 3443 3442 3615 2499
f 377 2498 3760 378
f 1716 1009 1010 2730
f 3923 3623 1274 3587
f 4407 4406 2436 2435
f 4406 975 2441 2436
f 1077 1346 1347 1245
f 1245 1347 1348 1247
f 4441 400 3632 3631
f 2109 531 4205 4575
f 2110 2109 4575 3966
f 3966 4575 4205 3967
f 401 3638 2447 402
f 1815 4212 3565 1816
f 3630 4459 4321 3627
f 3153 1747 863 2744
f 2468 2467 2061 2060
f 3596 2700 3647 3646
f 2615 2746 2071 2070
f 3161 376 448 3162
f 2132 2427 2240 2133
f 2136 2428 2429 2137
f 3692 4391 428 4576
f 3953 3692 4576 4565
f 4565 4576 428 3783
f 2140 3174 678 243
f 1854 4224 2317 1855
f 2796 2763 2078 2077
f 3935 195 2089 2088
f 3858 3513 1011 3537
f 3609 2774 2777 2541
f 3076 2276 2279 4379
f 2669 4379 2279 2280
f 3612 4266 4330 3613
f 3612 3453 3452 4266
f 3192 2778 534 2334
f 4312 3373 4577 4387
f 3372 4354 4577 3373
f 4353 4387 4577 4354
f 3618 2733 4441 4440
f 2494 1743 1853 2547
f 181 2553 2636 182
